frame,0.7GPa_3.0-8.0,0.7GPa_4.0-9.0,0.7GPa_5.0-10.0,0.7GPa_6.0-11.0,0.7GPa_7.0-12.0,0.7GPa_8.0-13.0,0.7GPa_9.0-14.0,0.7GPa_10.0-15.0,0.7GPa_11.0-16.0,0.7GPa_12.0-17.0,0.7GPa_13.0-18.0,0.7GPa_14.0-19.0,0.7GPa_15.0-20.0,0.7GPa_16.0-21.0,0.7GPa_17.0-22.0,0.7GPa_18.0-23.0,1GPa_3.0-8.0,1GPa_4.0-9.0,1GPa_5.0-10.0,1GPa_6.0-11.0,1GPa_7.0-12.0,1GPa_8.0-13.0,1GPa_9.0-14.0,1GPa_10.0-15.0,1GPa_11.0-16.0,1GPa_12.0-17.0,1GPa_13.0-18.0,1GPa_14.0-19.0,1GPa_15.0-20.0,1GPa_16.0-21.0,1GPa_17.0-22.0,1GPa_18.0-23.0,1.3GPa_3.0-8.0,1.3GPa_4.0-9.0,1.3GPa_5.0-10.0,1.3GPa_6.0-11.0,1.3GPa_7.0-12.0,1.3GPa_8.0-13.0,1.3GPa_9.0-14.0,1.3GPa_10.0-15.0,1.3GPa_11.0-16.0,1.3GPa_12.0-17.0,1.3GPa_13.0-18.0,1.3GPa_14.0-19.0,1.3GPa_15.0-20.0,1.3GPa_16.0-21.0,1.3GPa_17.0-22.0,1.3GPa_18.0-23.0,1.5GPa_3.0-8.0,1.5GPa_4.0-9.0,1.5GPa_5.0-10.0,1.5GPa_6.0-11.0,1.5GPa_7.0-12.0,1.5GPa_8.0-13.0,1.5GPa_9.0-14.0,1.5GPa_10.0-15.0,1.5GPa_11.0-16.0,1.5GPa_12.0-17.0,1.5GPa_13.0-18.0,1.5GPa_14.0-19.0,1.5GPa_15.0-20.0,1.5GPa_16.0-21.0,1.5GPa_17.0-22.0,1.5GPa_18.0-23.0,2.3GPa_3.0-8.0,2.3GPa_4.0-9.0,2.3GPa_5.0-10.0,2.3GPa_6.0-11.0,2.3GPa_7.0-12.0,2.3GPa_8.0-13.0,2.3GPa_9.0-14.0,2.3GPa_10.0-15.0,2.3GPa_11.0-16.0,2.3GPa_12.0-17.0,2.3GPa_13.0-18.0,2.3GPa_14.0-19.0,2.3GPa_15.0-20.0,2.3GPa_16.0-21.0,2.3GPa_17.0-22.0,2.3GPa_18.0-23.0,2.4GPa_decomp_3.0-8.0,2.4GPa_decomp_4.0-9.0,2.4GPa_decomp_5.0-10.0,2.4GPa_decomp_6.0-11.0,2.4GPa_decomp_7.0-12.0,2.4GPa_decomp_8.0-13.0,2.4GPa_decomp_9.0-14.0,2.4GPa_decomp_10.0-15.0,2.4GPa_decomp_11.0-16.0,2.4GPa_decomp_12.0-17.0,2.4GPa_decomp_13.0-18.0,2.4GPa_decomp_14.0-19.0,2.4GPa_decomp_15.0-20.0,2.4GPa_decomp_16.0-21.0,2.4GPa_decomp_17.0-22.0,2.4GPa_decomp_18.0-23.0,3.9GPa_3.0-8.0,3.9GPa_4.0-9.0,3.9GPa_5.0-10.0,3.9GPa_6.0-11.0,3.9GPa_7.0-12.0,3.9GPa_8.0-13.0,3.9GPa_9.0-14.0,3.9GPa_10.0-15.0,3.9GPa_11.0-16.0,3.9GPa_12.0-17.0,3.9GPa_13.0-18.0,3.9GPa_14.0-19.0,3.9GPa_15.0-20.0,3.9GPa_16.0-21.0,3.9GPa_17.0-22.0,3.9GPa_18.0-23.0,5GPa_3.0-8.0,5GPa_4.0-9.0,5GPa_5.0-10.0,5GPa_6.0-11.0,5GPa_7.0-12.0,5GPa_8.0-13.0,5GPa_9.0-14.0,5GPa_10.0-15.0,5GPa_11.0-16.0,5GPa_12.0-17.0,5GPa_13.0-18.0,5GPa_14.0-19.0,5GPa_15.0-20.0,5GPa_16.0-21.0,5GPa_17.0-22.0,5GPa_18.0-23.0,6.2GPa_3.0-8.0,6.2GPa_4.0-9.0,6.2GPa_5.0-10.0,6.2GPa_6.0-11.0,6.2GPa_7.0-12.0,6.2GPa_8.0-13.0,6.2GPa_9.0-14.0,6.2GPa_10.0-15.0,6.2GPa_11.0-16.0,6.2GPa_12.0-17.0,6.2GPa_13.0-18.0,6.2GPa_14.0-19.0,6.2GPa_15.0-20.0,6.2GPa_16.0-21.0,6.2GPa_17.0-22.0,6.2GPa_18.0-23.0,6.6GPa_3.0-8.0,6.6GPa_4.0-9.0,6.6GPa_5.0-10.0,6.6GPa_6.0-11.0,6.6GPa_7.0-12.0,6.6GPa_8.0-13.0,6.6GPa_9.0-14.0,6.6GPa_10.0-15.0,6.6GPa_11.0-16.0,6.6GPa_12.0-17.0,6.6GPa_13.0-18.0,6.6GPa_14.0-19.0,6.6GPa_15.0-20.0,6.6GPa_16.0-21.0,6.6GPa_17.0-22.0,6.6GPa_18.0-23.0,7.4GPa_3.0-8.0,7.4GPa_4.0-9.0,7.4GPa_5.0-10.0,7.4GPa_6.0-11.0,7.4GPa_7.0-12.0,7.4GPa_8.0-13.0,7.4GPa_9.0-14.0,7.4GPa_10.0-15.0,7.4GPa_11.0-16.0,7.4GPa_12.0-17.0,7.4GPa_13.0-18.0,7.4GPa_14.0-19.0,7.4GPa_15.0-20.0,7.4GPa_16.0-21.0,7.4GPa_17.0-22.0,7.4GPa_18.0-23.0,8.5GPa_3.0-8.0,8.5GPa_4.0-9.0,8.5GPa_5.0-10.0,8.5GPa_6.0-11.0,8.5GPa_7.0-12.0,8.5GPa_8.0-13.0,8.5GPa_9.0-14.0,8.5GPa_10.0-15.0,8.5GPa_11.0-16.0,8.5GPa_12.0-17.0,8.5GPa_13.0-18.0,8.5GPa_14.0-19.0,8.5GPa_15.0-20.0,8.5GPa_16.0-21.0,8.5GPa_17.0-22.0,8.5GPa_18.0-23.0,9.8GPa_3.0-8.0,9.8GPa_4.0-9.0,9.8GPa_5.0-10.0,9.8GPa_6.0-11.0,9.8GPa_7.0-12.0,9.8GPa_8.0-13.0,9.8GPa_9.0-14.0,9.8GPa_10.0-15.0,9.8GPa_11.0-16.0,9.8GPa_12.0-17.0,9.8GPa_13.0-18.0,9.8GPa_14.0-19.0,9.8GPa_15.0-20.0,9.8GPa_16.0-21.0,9.8GPa_17.0-22.0,9.8GPa_18.0-23.0,10.4GPa_3.0-8.0,10.4GPa_4.0-9.0,10.4GPa_5.0-10.0,10.4GPa_6.0-11.0,10.4GPa_7.0-12.0,10.4GPa_8.0-13.0,10.4GPa_9.0-14.0,10.4GPa_10.0-15.0,10.4GPa_11.0-16.0,10.4GPa_12.0-17.0,10.4GPa_13.0-18.0,10.4GPa_14.0-19.0,10.4GPa_15.0-20.0,10.4GPa_16.0-21.0,10.4GPa_17.0-22.0,10.4GPa_18.0-23.0,12.8GPa_3.0-8.0,12.8GPa_4.0-9.0,12.8GPa_5.0-10.0,12.8GPa_6.0-11.0,12.8GPa_7.0-12.0,12.8GPa_8.0-13.0,12.8GPa_9.0-14.0,12.8GPa_10.0-15.0,12.8GPa_11.0-16.0,12.8GPa_12.0-17.0,12.8GPa_13.0-18.0,12.8GPa_14.0-19.0,12.8GPa_15.0-20.0,12.8GPa_16.0-21.0,12.8GPa_17.0-22.0,12.8GPa_18.0-23.0,13.3GPa_3.0-8.0,13.3GPa_4.0-9.0,13.3GPa_5.0-10.0,13.3GPa_6.0-11.0,13.3GPa_7.0-12.0,13.3GPa_8.0-13.0,13.3GPa_9.0-14.0,13.3GPa_10.0-15.0,13.3GPa_11.0-16.0,13.3GPa_12.0-17.0,13.3GPa_13.0-18.0,13.3GPa_14.0-19.0,13.3GPa_15.0-20.0,13.3GPa_16.0-21.0,13.3GPa_17.0-22.0,13.3GPa_18.0-23.0,15.6GPa_3.0-8.0,15.6GPa_4.0-9.0,15.6GPa_5.0-10.0,15.6GPa_6.0-11.0,15.6GPa_7.0-12.0,15.6GPa_8.0-13.0,15.6GPa_9.0-14.0,15.6GPa_10.0-15.0,15.6GPa_11.0-16.0,15.6GPa_12.0-17.0,15.6GPa_13.0-18.0,15.6GPa_14.0-19.0,15.6GPa_15.0-20.0,15.6GPa_16.0-21.0,15.6GPa_17.0-22.0,15.6GPa_18.0-23.0
0.7GPa_3.0-8.0,,,,,,,,,,,,,,,,,,,,,,,,,,,,,,,,,,,,,,,,,,,,,,,,,,,,,,,,,,,,,,,,,,,,,,,,,,,,,,,,,,,,,,,,,,,,,,,,,,,,,,,,,,,,,,,,,,,,,,,,,,,,,,,,,,,,,,,,,,,,,,,,,,,,,,,,,,,,,,,,,,,,,,,,,,,,,,,,,,,,,,,,,,,,,,,,,,,,,,,,,,,,,,,,,,,,,,,,,,,,,,,,,,,,,,,,,,,,,,,,,,,,,,,,,,,,,,,,,,,,,,,,,,,,,,,,
0.7GPa_4.0-9.0,0.949503,,,,,,,,,,,,,,,,,,,,,,,,,,,,,,,,,,,,,,,,,,,,,,,,,,,,,,,,,,,,,,,,,,,,,,,,,,,,,,,,,,,,,,,,,,,,,,,,,,,,,,,,,,,,,,,,,,,,,,,,,,,,,,,,,,,,,,,,,,,,,,,,,,,,,,,,,,,,,,,,,,,,,,,,,,,,,,,,,,,,,,,,,,,,,,,,,,,,,,,,,,,,,,,,,,,,,,,,,,,,,,,,,,,,,,,,,,,,,,,,,,,,,,,,,,,,,,,,,,,,,,,,,,,,,,,
0.7GPa_5.0-10.0,0.764782,0.781406,,,,,,,,,,,,,,,,,,,,,,,,,,,,,,,,,,,,,,,,,,,,,,,,,,,,,,,,,,,,,,,,,,,,,,,,,,,,,,,,,,,,,,,,,,,,,,,,,,,,,,,,,,,,,,,,,,,,,,,,,,,,,,,,,,,,,,,,,,,,,,,,,,,,,,,,,,,,,,,,,,,,,,,,,,,,,,,,,,,,,,,,,,,,,,,,,,,,,,,,,,,,,,,,,,,,,,,,,,,,,,,,,,,,,,,,,,,,,,,,,,,,,,,,,,,,,,,,,,,,,,,,,,,,,,
0.7GPa_6.0-11.0,0.717298,0.734857,0.664607,,,,,,,,,,,,,,,,,,,,,,,,,,,,,,,,,,,,,,,,,,,,,,,,,,,,,,,,,,,,,,,,,,,,,,,,,,,,,,,,,,,,,,,,,,,,,,,,,,,,,,,,,,,,,,,,,,,,,,,,,,,,,,,,,,,,,,,,,,,,,,,,,,,,,,,,,,,,,,,,,,,,,,,,,,,,,,,,,,,,,,,,,,,,,,,,,,,,,,,,,,,,,,,,,,,,,,,,,,,,,,,,,,,,,,,,,,,,,,,,,,,,,,,,,,,,,,,,,,,,,,,,,,,,,
0.7GPa_7.0-12.0,0.67962,0.729832,0.516357,0.821532,,,,,,,,,,,,,,,,,,,,,,,,,,,,,,,,,,,,,,,,,,,,,,,,,,,,,,,,,,,,,,,,,,,,,,,,,,,,,,,,,,,,,,,,,,,,,,,,,,,,,,,,,,,,,,,,,,,,,,,,,,,,,,,,,,,,,,,,,,,,,,,,,,,,,,,,,,,,,,,,,,,,,,,,,,,,,,,,,,,,,,,,,,,,,,,,,,,,,,,,,,,,,,,,,,,,,,,,,,,,,,,,,,,,,,,,,,,,,,,,,,,,,,,,,,,,,,,,,,,,,,,,,,,,
0.7GPa_8.0-13.0,0.740744,0.779129,0.60417,0.825291,0.9852,,,,,,,,,,,,,,,,,,,,,,,,,,,,,,,,,,,,,,,,,,,,,,,,,,,,,,,,,,,,,,,,,,,,,,,,,,,,,,,,,,,,,,,,,,,,,,,,,,,,,,,,,,,,,,,,,,,,,,,,,,,,,,,,,,,,,,,,,,,,,,,,,,,,,,,,,,,,,,,,,,,,,,,,,,,,,,,,,,,,,,,,,,,,,,,,,,,,,,,,,,,,,,,,,,,,,,,,,,,,,,,,,,,,,,,,,,,,,,,,,,,,,,,,,,,,,,,,,,,,,,,,,,,
0.7GPa_9.0-14.0,0.617938,0.655823,0.430504,0.770637,0.983777,0.958608,,,,,,,,,,,,,,,,,,,,,,,,,,,,,,,,,,,,,,,,,,,,,,,,,,,,,,,,,,,,,,,,,,,,,,,,,,,,,,,,,,,,,,,,,,,,,,,,,,,,,,,,,,,,,,,,,,,,,,,,,,,,,,,,,,,,,,,,,,,,,,,,,,,,,,,,,,,,,,,,,,,,,,,,,,,,,,,,,,,,,,,,,,,,,,,,,,,,,,,,,,,,,,,,,,,,,,,,,,,,,,,,,,,,,,,,,,,,,,,,,,,,,,,,,,,,,,,,,,,,,,,,,,
0.7GPa_10.0-15.0,0.765313,0.799823,0.599996,0.738579,0.835635,0.835996,0.80499,,,,,,,,,,,,,,,,,,,,,,,,,,,,,,,,,,,,,,,,,,,,,,,,,,,,,,,,,,,,,,,,,,,,,,,,,,,,,,,,,,,,,,,,,,,,,,,,,,,,,,,,,,,,,,,,,,,,,,,,,,,,,,,,,,,,,,,,,,,,,,,,,,,,,,,,,,,,,,,,,,,,,,,,,,,,,,,,,,,,,,,,,,,,,,,,,,,,,,,,,,,,,,,,,,,,,,,,,,,,,,,,,,,,,,,,,,,,,,,,,,,,,,,,,,,,,,,,,,,,,,,,,
0.7GPa_11.0-16.0,0.859815,0.865945,0.789135,0.889996,0.836294,0.864169,0.780247,0.876136,,,,,,,,,,,,,,,,,,,,,,,,,,,,,,,,,,,,,,,,,,,,,,,,,,,,,,,,,,,,,,,,,,,,,,,,,,,,,,,,,,,,,,,,,,,,,,,,,,,,,,,,,,,,,,,,,,,,,,,,,,,,,,,,,,,,,,,,,,,,,,,,,,,,,,,,,,,,,,,,,,,,,,,,,,,,,,,,,,,,,,,,,,,,,,,,,,,,,,,,,,,,,,,,,,,,,,,,,,,,,,,,,,,,,,,,,,,,,,,,,,,,,,,,,,,,,,,,,,,,,,,,
0.7GPa_12.0-17.0,0.850651,0.751033,0.793265,0.55425,0.43779,0.502477,0.378153,0.587249,0.701311,,,,,,,,,,,,,,,,,,,,,,,,,,,,,,,,,,,,,,,,,,,,,,,,,,,,,,,,,,,,,,,,,,,,,,,,,,,,,,,,,,,,,,,,,,,,,,,,,,,,,,,,,,,,,,,,,,,,,,,,,,,,,,,,,,,,,,,,,,,,,,,,,,,,,,,,,,,,,,,,,,,,,,,,,,,,,,,,,,,,,,,,,,,,,,,,,,,,,,,,,,,,,,,,,,,,,,,,,,,,,,,,,,,,,,,,,,,,,,,,,,,,,,,,,,,,,,,,,,,,,,,
0.7GPa_13.0-18.0,0.781363,0.629814,0.598499,0.501882,0.322211,0.377124,0.258725,0.544917,0.62655,0.902851,,,,,,,,,,,,,,,,,,,,,,,,,,,,,,,,,,,,,,,,,,,,,,,,,,,,,,,,,,,,,,,,,,,,,,,,,,,,,,,,,,,,,,,,,,,,,,,,,,,,,,,,,,,,,,,,,,,,,,,,,,,,,,,,,,,,,,,,,,,,,,,,,,,,,,,,,,,,,,,,,,,,,,,,,,,,,,,,,,,,,,,,,,,,,,,,,,,,,,,,,,,,,,,,,,,,,,,,,,,,,,,,,,,,,,,,,,,,,,,,,,,,,,,,,,,,,,,,,,,,,,
0.7GPa_14.0-19.0,0.768626,0.621477,0.583051,0.551634,0.391782,0.437738,0.348043,0.582517,0.65892,0.899979,0.95767,,,,,,,,,,,,,,,,,,,,,,,,,,,,,,,,,,,,,,,,,,,,,,,,,,,,,,,,,,,,,,,,,,,,,,,,,,,,,,,,,,,,,,,,,,,,,,,,,,,,,,,,,,,,,,,,,,,,,,,,,,,,,,,,,,,,,,,,,,,,,,,,,,,,,,,,,,,,,,,,,,,,,,,,,,,,,,,,,,,,,,,,,,,,,,,,,,,,,,,,,,,,,,,,,,,,,,,,,,,,,,,,,,,,,,,,,,,,,,,,,,,,,,,,,,,,,,,,,,,,,
0.7GPa_15.0-20.0,0.80095,0.673123,0.666517,0.646274,0.552575,0.593342,0.541013,0.649773,0.763072,0.87696,0.822522,0.918134,,,,,,,,,,,,,,,,,,,,,,,,,,,,,,,,,,,,,,,,,,,,,,,,,,,,,,,,,,,,,,,,,,,,,,,,,,,,,,,,,,,,,,,,,,,,,,,,,,,,,,,,,,,,,,,,,,,,,,,,,,,,,,,,,,,,,,,,,,,,,,,,,,,,,,,,,,,,,,,,,,,,,,,,,,,,,,,,,,,,,,,,,,,,,,,,,,,,,,,,,,,,,,,,,,,,,,,,,,,,,,,,,,,,,,,,,,,,,,,,,,,,,,,,,,,,,,,,,,,,
0.7GPa_16.0-21.0,0.575392,0.468506,0.523613,0.655265,0.596022,0.613251,0.596764,0.642857,0.736677,0.609383,0.599722,0.734165,0.859139,,,,,,,,,,,,,,,,,,,,,,,,,,,,,,,,,,,,,,,,,,,,,,,,,,,,,,,,,,,,,,,,,,,,,,,,,,,,,,,,,,,,,,,,,,,,,,,,,,,,,,,,,,,,,,,,,,,,,,,,,,,,,,,,,,,,,,,,,,,,,,,,,,,,,,,,,,,,,,,,,,,,,,,,,,,,,,,,,,,,,,,,,,,,,,,,,,,,,,,,,,,,,,,,,,,,,,,,,,,,,,,,,,,,,,,,,,,,,,,,,,,,,,,,,,,,,,,,,,,
0.7GPa_17.0-22.0,0.782323,0.737846,0.60324,0.764656,0.74918,0.752837,0.724691,0.890397,0.874343,0.683648,0.705689,0.737588,0.790929,0.775779,,,,,,,,,,,,,,,,,,,,,,,,,,,,,,,,,,,,,,,,,,,,,,,,,,,,,,,,,,,,,,,,,,,,,,,,,,,,,,,,,,,,,,,,,,,,,,,,,,,,,,,,,,,,,,,,,,,,,,,,,,,,,,,,,,,,,,,,,,,,,,,,,,,,,,,,,,,,,,,,,,,,,,,,,,,,,,,,,,,,,,,,,,,,,,,,,,,,,,,,,,,,,,,,,,,,,,,,,,,,,,,,,,,,,,,,,,,,,,,,,,,,,,,,,,,,,,,,,,
0.7GPa_18.0-23.0,0.677552,0.630586,0.677023,0.743286,0.611987,0.624455,0.579223,0.702704,0.826924,0.70011,0.656861,0.698134,0.76365,0.766426,0.865831,,,,,,,,,,,,,,,,,,,,,,,,,,,,,,,,,,,,,,,,,,,,,,,,,,,,,,,,,,,,,,,,,,,,,,,,,,,,,,,,,,,,,,,,,,,,,,,,,,,,,,,,,,,,,,,,,,,,,,,,,,,,,,,,,,,,,,,,,,,,,,,,,,,,,,,,,,,,,,,,,,,,,,,,,,,,,,,,,,,,,,,,,,,,,,,,,,,,,,,,,,,,,,,,,,,,,,,,,,,,,,,,,,,,,,,,,,,,,,,,,,,,,,,,,,,,,,,,,
1GPa_3.0-8.0,0.423826,0.423964,0.461584,0.529131,0.510896,0.519831,0.478143,0.515262,0.570614,0.346428,0.326788,0.353552,0.41937,0.421125,0.615968,0.612793,,,,,,,,,,,,,,,,,,,,,,,,,,,,,,,,,,,,,,,,,,,,,,,,,,,,,,,,,,,,,,,,,,,,,,,,,,,,,,,,,,,,,,,,,,,,,,,,,,,,,,,,,,,,,,,,,,,,,,,,,,,,,,,,,,,,,,,,,,,,,,,,,,,,,,,,,,,,,,,,,,,,,,,,,,,,,,,,,,,,,,,,,,,,,,,,,,,,,,,,,,,,,,,,,,,,,,,,,,,,,,,,,,,,,,,,,,,,,,,,,,,,,,,,,,,,,,,,
1GPa_4.0-9.0,0.717117,0.675092,0.678132,0.541788,0.435125,0.495838,0.364351,0.5508,0.635376,0.6893,0.666464,0.644407,0.624676,0.430399,0.679877,0.660165,0.836062,,,,,,,,,,,,,,,,,,,,,,,,,,,,,,,,,,,,,,,,,,,,,,,,,,,,,,,,,,,,,,,,,,,,,,,,,,,,,,,,,,,,,,,,,,,,,,,,,,,,,,,,,,,,,,,,,,,,,,,,,,,,,,,,,,,,,,,,,,,,,,,,,,,,,,,,,,,,,,,,,,,,,,,,,,,,,,,,,,,,,,,,,,,,,,,,,,,,,,,,,,,,,,,,,,,,,,,,,,,,,,,,,,,,,,,,,,,,,,,,,,,,,,,,,,,,,,,
1GPa_5.0-10.0,0.604995,0.660419,0.613963,0.773174,0.808067,0.807976,0.760272,0.782766,0.82236,0.438787,0.358153,0.412941,0.53668,0.609409,0.78317,0.732416,0.721386,0.646998,,,,,,,,,,,,,,,,,,,,,,,,,,,,,,,,,,,,,,,,,,,,,,,,,,,,,,,,,,,,,,,,,,,,,,,,,,,,,,,,,,,,,,,,,,,,,,,,,,,,,,,,,,,,,,,,,,,,,,,,,,,,,,,,,,,,,,,,,,,,,,,,,,,,,,,,,,,,,,,,,,,,,,,,,,,,,,,,,,,,,,,,,,,,,,,,,,,,,,,,,,,,,,,,,,,,,,,,,,,,,,,,,,,,,,,,,,,,,,,,,,,,,,,,,,,,,,
1GPa_6.0-11.0,0.583991,0.601374,0.584497,0.719273,0.733102,0.739559,0.703941,0.73493,0.79185,0.432796,0.370089,0.433319,0.573332,0.674499,0.781296,0.746992,0.719777,0.651714,0.965262,,,,,,,,,,,,,,,,,,,,,,,,,,,,,,,,,,,,,,,,,,,,,,,,,,,,,,,,,,,,,,,,,,,,,,,,,,,,,,,,,,,,,,,,,,,,,,,,,,,,,,,,,,,,,,,,,,,,,,,,,,,,,,,,,,,,,,,,,,,,,,,,,,,,,,,,,,,,,,,,,,,,,,,,,,,,,,,,,,,,,,,,,,,,,,,,,,,,,,,,,,,,,,,,,,,,,,,,,,,,,,,,,,,,,,,,,,,,,,,,,,,,,,,,,,,,,
1GPa_7.0-12.0,0.5756,0.634789,0.570231,0.729706,0.773357,0.767702,0.739912,0.772011,0.793952,0.40435,0.320934,0.391669,0.530366,0.629776,0.768443,0.711273,0.700199,0.621787,0.968557,0.980268,,,,,,,,,,,,,,,,,,,,,,,,,,,,,,,,,,,,,,,,,,,,,,,,,,,,,,,,,,,,,,,,,,,,,,,,,,,,,,,,,,,,,,,,,,,,,,,,,,,,,,,,,,,,,,,,,,,,,,,,,,,,,,,,,,,,,,,,,,,,,,,,,,,,,,,,,,,,,,,,,,,,,,,,,,,,,,,,,,,,,,,,,,,,,,,,,,,,,,,,,,,,,,,,,,,,,,,,,,,,,,,,,,,,,,,,,,,,,,,,,,,,,,,,,,,,
1GPa_8.0-13.0,0.628726,0.603261,0.684666,0.68808,0.59363,0.633436,0.569057,0.665848,0.798044,0.579291,0.520619,0.591608,0.720073,0.778217,0.778623,0.800943,0.665436,0.694643,0.786918,0.867553,0.849574,,,,,,,,,,,,,,,,,,,,,,,,,,,,,,,,,,,,,,,,,,,,,,,,,,,,,,,,,,,,,,,,,,,,,,,,,,,,,,,,,,,,,,,,,,,,,,,,,,,,,,,,,,,,,,,,,,,,,,,,,,,,,,,,,,,,,,,,,,,,,,,,,,,,,,,,,,,,,,,,,,,,,,,,,,,,,,,,,,,,,,,,,,,,,,,,,,,,,,,,,,,,,,,,,,,,,,,,,,,,,,,,,,,,,,,,,,,,,,,,,,,,,,,,,,,
1GPa_9.0-14.0,0.532342,0.516954,0.589933,0.719113,0.651799,0.660761,0.641861,0.690411,0.807792,0.455799,0.415036,0.500853,0.6538,0.798941,0.773329,0.802641,0.687989,0.583732,0.810337,0.878854,0.864598,0.953435,,,,,,,,,,,,,,,,,,,,,,,,,,,,,,,,,,,,,,,,,,,,,,,,,,,,,,,,,,,,,,,,,,,,,,,,,,,,,,,,,,,,,,,,,,,,,,,,,,,,,,,,,,,,,,,,,,,,,,,,,,,,,,,,,,,,,,,,,,,,,,,,,,,,,,,,,,,,,,,,,,,,,,,,,,,,,,,,,,,,,,,,,,,,,,,,,,,,,,,,,,,,,,,,,,,,,,,,,,,,,,,,,,,,,,,,,,,,,,,,,,,,,,,,,,
1GPa_10.0-15.0,0.476796,0.460686,0.54719,0.534343,0.484971,0.51379,0.42507,0.534789,0.589725,0.509346,0.515885,0.538543,0.543723,0.588195,0.684058,0.663279,0.526231,0.609147,0.692706,0.695251,0.686217,0.753895,0.643822,,,,,,,,,,,,,,,,,,,,,,,,,,,,,,,,,,,,,,,,,,,,,,,,,,,,,,,,,,,,,,,,,,,,,,,,,,,,,,,,,,,,,,,,,,,,,,,,,,,,,,,,,,,,,,,,,,,,,,,,,,,,,,,,,,,,,,,,,,,,,,,,,,,,,,,,,,,,,,,,,,,,,,,,,,,,,,,,,,,,,,,,,,,,,,,,,,,,,,,,,,,,,,,,,,,,,,,,,,,,,,,,,,,,,,,,,,,,,,,,,,,,,,,,,
1GPa_11.0-16.0,0.639137,0.590707,0.6322,0.63983,0.645863,0.677864,0.600463,0.669899,0.738184,0.607933,0.571759,0.576819,0.649046,0.634263,0.740367,0.696114,0.6691,0.706279,0.781461,0.783857,0.748293,0.778369,0.736039,0.777932,,,,,,,,,,,,,,,,,,,,,,,,,,,,,,,,,,,,,,,,,,,,,,,,,,,,,,,,,,,,,,,,,,,,,,,,,,,,,,,,,,,,,,,,,,,,,,,,,,,,,,,,,,,,,,,,,,,,,,,,,,,,,,,,,,,,,,,,,,,,,,,,,,,,,,,,,,,,,,,,,,,,,,,,,,,,,,,,,,,,,,,,,,,,,,,,,,,,,,,,,,,,,,,,,,,,,,,,,,,,,,,,,,,,,,,,,,,,,,,,,,,,,,,,
1GPa_12.0-17.0,0.386802,0.349693,0.402946,0.587839,0.659831,0.661705,0.672816,0.597479,0.64845,0.329384,0.303686,0.40765,0.557889,0.697473,0.674437,0.640503,0.567331,0.416749,0.719815,0.7321,0.70442,0.704713,0.776809,0.551271,0.667747,,,,,,,,,,,,,,,,,,,,,,,,,,,,,,,,,,,,,,,,,,,,,,,,,,,,,,,,,,,,,,,,,,,,,,,,,,,,,,,,,,,,,,,,,,,,,,,,,,,,,,,,,,,,,,,,,,,,,,,,,,,,,,,,,,,,,,,,,,,,,,,,,,,,,,,,,,,,,,,,,,,,,,,,,,,,,,,,,,,,,,,,,,,,,,,,,,,,,,,,,,,,,,,,,,,,,,,,,,,,,,,,,,,,,,,,,,,,,,,,,,,,,,,
1GPa_13.0-18.0,0.362062,0.328909,0.37323,0.550161,0.664332,0.654049,0.701124,0.636304,0.626299,0.310086,0.263948,0.393246,0.581843,0.778743,0.66907,0.625897,0.535879,0.358018,0.677129,0.724386,0.701715,0.71972,0.810247,0.54201,0.685752,0.870742,,,,,,,,,,,,,,,,,,,,,,,,,,,,,,,,,,,,,,,,,,,,,,,,,,,,,,,,,,,,,,,,,,,,,,,,,,,,,,,,,,,,,,,,,,,,,,,,,,,,,,,,,,,,,,,,,,,,,,,,,,,,,,,,,,,,,,,,,,,,,,,,,,,,,,,,,,,,,,,,,,,,,,,,,,,,,,,,,,,,,,,,,,,,,,,,,,,,,,,,,,,,,,,,,,,,,,,,,,,,,,,,,,,,,,,,,,,,,,,,,,,,,,
1GPa_14.0-19.0,0.407278,0.38163,0.411917,0.545067,0.628896,0.619585,0.646757,0.6981,0.660713,0.385691,0.349714,0.478464,0.632366,0.797143,0.70331,0.652741,0.534511,0.393981,0.683224,0.727092,0.720836,0.730972,0.821893,0.496231,0.661663,0.816811,0.944143,,,,,,,,,,,,,,,,,,,,,,,,,,,,,,,,,,,,,,,,,,,,,,,,,,,,,,,,,,,,,,,,,,,,,,,,,,,,,,,,,,,,,,,,,,,,,,,,,,,,,,,,,,,,,,,,,,,,,,,,,,,,,,,,,,,,,,,,,,,,,,,,,,,,,,,,,,,,,,,,,,,,,,,,,,,,,,,,,,,,,,,,,,,,,,,,,,,,,,,,,,,,,,,,,,,,,,,,,,,,,,,,,,,,,,,,,,,,,,,,,,,,,
1GPa_15.0-20.0,0.28954,0.263323,0.418947,0.458886,0.415091,0.416472,0.424115,0.541141,0.604963,0.257121,0.248267,0.33672,0.483039,0.724717,0.59392,0.67233,0.516262,0.333482,0.566973,0.646705,0.601687,0.704302,0.813531,0.428088,0.501967,0.623319,0.763482,0.778542,,,,,,,,,,,,,,,,,,,,,,,,,,,,,,,,,,,,,,,,,,,,,,,,,,,,,,,,,,,,,,,,,,,,,,,,,,,,,,,,,,,,,,,,,,,,,,,,,,,,,,,,,,,,,,,,,,,,,,,,,,,,,,,,,,,,,,,,,,,,,,,,,,,,,,,,,,,,,,,,,,,,,,,,,,,,,,,,,,,,,,,,,,,,,,,,,,,,,,,,,,,,,,,,,,,,,,,,,,,,,,,,,,,,,,,,,,,,,,,,,,,,
1GPa_16.0-21.0,0.646373,0.650599,0.60738,0.687279,0.744224,0.759242,0.703817,0.813702,0.838449,0.544864,0.528364,0.570022,0.665063,0.740874,0.828315,0.738879,0.647565,0.621939,0.851523,0.852454,0.846031,0.839411,0.850455,0.716422,0.833157,0.705051,0.748846,0.785037,0.659767,,,,,,,,,,,,,,,,,,,,,,,,,,,,,,,,,,,,,,,,,,,,,,,,,,,,,,,,,,,,,,,,,,,,,,,,,,,,,,,,,,,,,,,,,,,,,,,,,,,,,,,,,,,,,,,,,,,,,,,,,,,,,,,,,,,,,,,,,,,,,,,,,,,,,,,,,,,,,,,,,,,,,,,,,,,,,,,,,,,,,,,,,,,,,,,,,,,,,,,,,,,,,,,,,,,,,,,,,,,,,,,,,,,,,,,,,,,,,,,,,,,
1GPa_17.0-22.0,0.748242,0.720233,0.697674,0.768846,0.740969,0.762612,0.699993,0.800225,0.887187,0.707797,0.680581,0.731959,0.811281,0.830656,0.894302,0.859028,0.650949,0.705378,0.833756,0.846749,0.835548,0.891631,0.877681,0.762074,0.844188,0.699844,0.751913,0.793355,0.661029,0.925667,,,,,,,,,,,,,,,,,,,,,,,,,,,,,,,,,,,,,,,,,,,,,,,,,,,,,,,,,,,,,,,,,,,,,,,,,,,,,,,,,,,,,,,,,,,,,,,,,,,,,,,,,,,,,,,,,,,,,,,,,,,,,,,,,,,,,,,,,,,,,,,,,,,,,,,,,,,,,,,,,,,,,,,,,,,,,,,,,,,,,,,,,,,,,,,,,,,,,,,,,,,,,,,,,,,,,,,,,,,,,,,,,,,,,,,,,,,,,,,,,,
1GPa_18.0-23.0,0.716314,0.724622,0.692865,0.816048,0.803717,0.816073,0.758601,0.877998,0.918981,0.604665,0.572048,0.619665,0.710028,0.773516,0.9141,0.848976,0.685537,0.677078,0.915221,0.901355,0.901995,0.882233,0.896393,0.75944,0.83443,0.761666,0.758337,0.770591,0.691111,0.930214,0.942851,,,,,,,,,,,,,,,,,,,,,,,,,,,,,,,,,,,,,,,,,,,,,,,,,,,,,,,,,,,,,,,,,,,,,,,,,,,,,,,,,,,,,,,,,,,,,,,,,,,,,,,,,,,,,,,,,,,,,,,,,,,,,,,,,,,,,,,,,,,,,,,,,,,,,,,,,,,,,,,,,,,,,,,,,,,,,,,,,,,,,,,,,,,,,,,,,,,,,,,,,,,,,,,,,,,,,,,,,,,,,,,,,,,,,,,,,,,,,,,,,
1.3GPa_3.0-8.0,0.998799,0.953466,0.77265,0.727397,0.698226,0.760581,0.636308,0.778319,0.873104,0.837456,0.762583,0.753949,0.794926,0.583437,0.785356,0.681705,0.431485,0.712363,0.625125,0.603124,0.595486,0.641608,0.55069,0.482046,0.647563,0.407563,0.383804,0.425883,0.311601,0.661754,0.756442,0.732368,,,,,,,,,,,,,,,,,,,,,,,,,,,,,,,,,,,,,,,,,,,,,,,,,,,,,,,,,,,,,,,,,,,,,,,,,,,,,,,,,,,,,,,,,,,,,,,,,,,,,,,,,,,,,,,,,,,,,,,,,,,,,,,,,,,,,,,,,,,,,,,,,,,,,,,,,,,,,,,,,,,,,,,,,,,,,,,,,,,,,,,,,,,,,,,,,,,,,,,,,,,,,,,,,,,,,,,,,,,,,,,,,,,,,,,,,,,,,,,,
1.3GPa_4.0-9.0,0.939456,0.997847,0.78364,0.739424,0.738414,0.789667,0.660327,0.808981,0.870621,0.728761,0.605996,0.600056,0.654112,0.466355,0.731578,0.622296,0.425713,0.66496,0.672549,0.608785,0.643913,0.602009,0.520949,0.458214,0.589355,0.359528,0.334955,0.390267,0.275775,0.655929,0.714242,0.730471,0.945605,,,,,,,,,,,,,,,,,,,,,,,,,,,,,,,,,,,,,,,,,,,,,,,,,,,,,,,,,,,,,,,,,,,,,,,,,,,,,,,,,,,,,,,,,,,,,,,,,,,,,,,,,,,,,,,,,,,,,,,,,,,,,,,,,,,,,,,,,,,,,,,,,,,,,,,,,,,,,,,,,,,,,,,,,,,,,,,,,,,,,,,,,,,,,,,,,,,,,,,,,,,,,,,,,,,,,,,,,,,,,,,,,,,,,,,,,,,,,,,
1.3GPa_5.0-10.0,0.780081,0.794354,0.998417,0.665295,0.525874,0.616112,0.438872,0.611925,0.79422,0.795938,0.60565,0.587309,0.667901,0.524455,0.607238,0.668497,0.446282,0.672419,0.612131,0.5815,0.567252,0.678681,0.580957,0.545635,0.632929,0.398106,0.366777,0.404583,0.409413,0.610189,0.695568,0.69395,0.788287,0.797377,,,,,,,,,,,,,,,,,,,,,,,,,,,,,,,,,,,,,,,,,,,,,,,,,,,,,,,,,,,,,,,,,,,,,,,,,,,,,,,,,,,,,,,,,,,,,,,,,,,,,,,,,,,,,,,,,,,,,,,,,,,,,,,,,,,,,,,,,,,,,,,,,,,,,,,,,,,,,,,,,,,,,,,,,,,,,,,,,,,,,,,,,,,,,,,,,,,,,,,,,,,,,,,,,,,,,,,,,,,,,,,,,,,,,,,,,,,,,,
1.3GPa_6.0-11.0,0.762339,0.7809,0.723017,0.991827,0.815548,0.827578,0.755151,0.775221,0.912966,0.618753,0.556894,0.595566,0.671563,0.657094,0.78566,0.768645,0.523655,0.575986,0.774305,0.71639,0.728837,0.695467,0.712727,0.553145,0.656082,0.572328,0.539428,0.546754,0.464578,0.69296,0.78676,0.832397,0.771915,0.785842,0.724828,,,,,,,,,,,,,,,,,,,,,,,,,,,,,,,,,,,,,,,,,,,,,,,,,,,,,,,,,,,,,,,,,,,,,,,,,,,,,,,,,,,,,,,,,,,,,,,,,,,,,,,,,,,,,,,,,,,,,,,,,,,,,,,,,,,,,,,,,,,,,,,,,,,,,,,,,,,,,,,,,,,,,,,,,,,,,,,,,,,,,,,,,,,,,,,,,,,,,,,,,,,,,,,,,,,,,,,,,,,,,,,,,,,,,,,,,,,,,
1.3GPa_7.0-12.0,0.701184,0.746445,0.54054,0.814877,0.996592,0.984976,0.980799,0.831661,0.84417,0.473262,0.346826,0.419383,0.581994,0.612197,0.7524,0.627122,0.503979,0.446881,0.800482,0.729857,0.769897,0.604037,0.655492,0.490225,0.644081,0.656822,0.669168,0.635434,0.423922,0.739451,0.755729,0.803351,0.719064,0.752553,0.549151,0.813181,,,,,,,,,,,,,,,,,,,,,,,,,,,,,,,,,,,,,,,,,,,,,,,,,,,,,,,,,,,,,,,,,,,,,,,,,,,,,,,,,,,,,,,,,,,,,,,,,,,,,,,,,,,,,,,,,,,,,,,,,,,,,,,,,,,,,,,,,,,,,,,,,,,,,,,,,,,,,,,,,,,,,,,,,,,,,,,,,,,,,,,,,,,,,,,,,,,,,,,,,,,,,,,,,,,,,,,,,,,,,,,,,,,,,,,,,,,,
1.3GPa_8.0-13.0,0.763671,0.794511,0.637616,0.812078,0.971816,0.995697,0.944226,0.822299,0.87019,0.539612,0.403798,0.464959,0.621886,0.629447,0.749768,0.637326,0.513422,0.51358,0.798909,0.738178,0.761779,0.651202,0.666516,0.524578,0.680978,0.658766,0.655424,0.62031,0.427324,0.757386,0.778312,0.814678,0.783378,0.803014,0.649262,0.818995,0.978354,,,,,,,,,,,,,,,,,,,,,,,,,,,,,,,,,,,,,,,,,,,,,,,,,,,,,,,,,,,,,,,,,,,,,,,,,,,,,,,,,,,,,,,,,,,,,,,,,,,,,,,,,,,,,,,,,,,,,,,,,,,,,,,,,,,,,,,,,,,,,,,,,,,,,,,,,,,,,,,,,,,,,,,,,,,,,,,,,,,,,,,,,,,,,,,,,,,,,,,,,,,,,,,,,,,,,,,,,,,,,,,,,,,,,,,,,,,
1.3GPa_9.0-14.0,0.637405,0.679152,0.460863,0.770207,0.986349,0.965799,0.997991,0.813178,0.794955,0.399391,0.271469,0.359214,0.549703,0.598891,0.726034,0.589769,0.478687,0.378652,0.768846,0.711685,0.749505,0.581319,0.648317,0.437387,0.606304,0.671064,0.700581,0.649103,0.434859,0.710686,0.712694,0.768638,0.656554,0.683822,0.469258,0.759812,0.987046,0.955714,,,,,,,,,,,,,,,,,,,,,,,,,,,,,,,,,,,,,,,,,,,,,,,,,,,,,,,,,,,,,,,,,,,,,,,,,,,,,,,,,,,,,,,,,,,,,,,,,,,,,,,,,,,,,,,,,,,,,,,,,,,,,,,,,,,,,,,,,,,,,,,,,,,,,,,,,,,,,,,,,,,,,,,,,,,,,,,,,,,,,,,,,,,,,,,,,,,,,,,,,,,,,,,,,,,,,,,,,,,,,,,,,,,,,,,,,,
1.3GPa_10.0-15.0,0.753248,0.789819,0.583324,0.755396,0.879016,0.876486,0.856796,0.989749,0.88124,0.546562,0.489518,0.53831,0.636295,0.651018,0.879111,0.698285,0.519859,0.521648,0.786052,0.735772,0.770655,0.655687,0.695117,0.520822,0.65997,0.610011,0.665393,0.703593,0.569857,0.805434,0.793907,0.872808,0.768839,0.79977,0.59523,0.784606,0.876765,0.864248,0.864927,,,,,,,,,,,,,,,,,,,,,,,,,,,,,,,,,,,,,,,,,,,,,,,,,,,,,,,,,,,,,,,,,,,,,,,,,,,,,,,,,,,,,,,,,,,,,,,,,,,,,,,,,,,,,,,,,,,,,,,,,,,,,,,,,,,,,,,,,,,,,,,,,,,,,,,,,,,,,,,,,,,,,,,,,,,,,,,,,,,,,,,,,,,,,,,,,,,,,,,,,,,,,,,,,,,,,,,,,,,,,,,,,,,,,,,,,
1.3GPa_11.0-16.0,0.872621,0.87465,0.793676,0.883358,0.832458,0.864333,0.772773,0.871066,0.998138,0.71381,0.643705,0.67169,0.769844,0.733612,0.877193,0.821343,0.571786,0.653721,0.823704,0.793525,0.793171,0.803263,0.800968,0.613704,0.75224,0.645485,0.614471,0.646049,0.587986,0.844829,0.891561,0.920567,0.88517,0.87883,0.79996,0.906507,0.840355,0.871454,0.787718,0.875332,,,,,,,,,,,,,,,,,,,,,,,,,,,,,,,,,,,,,,,,,,,,,,,,,,,,,,,,,,,,,,,,,,,,,,,,,,,,,,,,,,,,,,,,,,,,,,,,,,,,,,,,,,,,,,,,,,,,,,,,,,,,,,,,,,,,,,,,,,,,,,,,,,,,,,,,,,,,,,,,,,,,,,,,,,,,,,,,,,,,,,,,,,,,,,,,,,,,,,,,,,,,,,,,,,,,,,,,,,,,,,,,,,,,,,,,
1.3GPa_12.0-17.0,0.865033,0.749669,0.790313,0.646823,0.55284,0.613275,0.508761,0.67764,0.774465,0.967588,0.87081,0.88948,0.908312,0.712178,0.750784,0.743801,0.3924,0.661979,0.510625,0.514384,0.475499,0.632623,0.549577,0.503637,0.663479,0.438338,0.444247,0.50003,0.367,0.617046,0.755868,0.681309,0.858367,0.733665,0.79625,0.702464,0.579146,0.641235,0.523206,0.649904,0.780812,,,,,,,,,,,,,,,,,,,,,,,,,,,,,,,,,,,,,,,,,,,,,,,,,,,,,,,,,,,,,,,,,,,,,,,,,,,,,,,,,,,,,,,,,,,,,,,,,,,,,,,,,,,,,,,,,,,,,,,,,,,,,,,,,,,,,,,,,,,,,,,,,,,,,,,,,,,,,,,,,,,,,,,,,,,,,,,,,,,,,,,,,,,,,,,,,,,,,,,,,,,,,,,,,,,,,,,,,,,,,,,,,,,,,,,
1.3GPa_13.0-18.0,0.810487,0.647382,0.578141,0.564701,0.432171,0.477638,0.381812,0.626783,0.692954,0.88297,0.981988,0.959027,0.859529,0.688957,0.775838,0.695487,0.366915,0.650748,0.430514,0.44996,0.399084,0.571147,0.497338,0.52131,0.616678,0.396624,0.369218,0.445012,0.32763,0.602552,0.737339,0.643234,0.795985,0.626173,0.588207,0.610188,0.452837,0.499119,0.390429,0.582675,0.707154,0.890849,,,,,,,,,,,,,,,,,,,,,,,,,,,,,,,,,,,,,,,,,,,,,,,,,,,,,,,,,,,,,,,,,,,,,,,,,,,,,,,,,,,,,,,,,,,,,,,,,,,,,,,,,,,,,,,,,,,,,,,,,,,,,,,,,,,,,,,,,,,,,,,,,,,,,,,,,,,,,,,,,,,,,,,,,,,,,,,,,,,,,,,,,,,,,,,,,,,,,,,,,,,,,,,,,,,,,,,,,,,,,,,,,,,,,,
1.3GPa_14.0-19.0,0.858715,0.739508,0.681859,0.661552,0.551697,0.602923,0.500173,0.727712,0.797746,0.906837,0.938172,0.963016,0.920078,0.774313,0.826187,0.746402,0.419171,0.672071,0.543306,0.54898,0.514412,0.667698,0.599094,0.563628,0.663021,0.494945,0.469127,0.549145,0.408865,0.694919,0.81119,0.740521,0.851295,0.726432,0.691594,0.705509,0.571153,0.623505,0.511303,0.69033,0.808907,0.931986,0.967316,,,,,,,,,,,,,,,,,,,,,,,,,,,,,,,,,,,,,,,,,,,,,,,,,,,,,,,,,,,,,,,,,,,,,,,,,,,,,,,,,,,,,,,,,,,,,,,,,,,,,,,,,,,,,,,,,,,,,,,,,,,,,,,,,,,,,,,,,,,,,,,,,,,,,,,,,,,,,,,,,,,,,,,,,,,,,,,,,,,,,,,,,,,,,,,,,,,,,,,,,,,,,,,,,,,,,,,,,,,,,,,,,,,,,
1.3GPa_15.0-20.0,0.917512,0.851322,0.788575,0.785128,0.703822,0.758511,0.659454,0.812266,0.920243,0.862699,0.80516,0.854233,0.923098,0.795769,0.86695,0.799367,0.485734,0.686293,0.69752,0.693576,0.668606,0.779219,0.720093,0.589993,0.732394,0.59844,0.568357,0.620019,0.501932,0.782655,0.869877,0.844271,0.920856,0.845869,0.797831,0.817678,0.719397,0.776756,0.672658,0.796011,0.928084,0.911304,0.851293,0.938514,,,,,,,,,,,,,,,,,,,,,,,,,,,,,,,,,,,,,,,,,,,,,,,,,,,,,,,,,,,,,,,,,,,,,,,,,,,,,,,,,,,,,,,,,,,,,,,,,,,,,,,,,,,,,,,,,,,,,,,,,,,,,,,,,,,,,,,,,,,,,,,,,,,,,,,,,,,,,,,,,,,,,,,,,,,,,,,,,,,,,,,,,,,,,,,,,,,,,,,,,,,,,,,,,,,,,,,,,,,,,,,,,,,,
1.3GPa_16.0-21.0,0.58207,0.543626,0.594525,0.752005,0.693698,0.711814,0.67707,0.714114,0.851071,0.513972,0.488812,0.591207,0.730813,0.897525,0.765622,0.772303,0.417431,0.373219,0.729318,0.761461,0.73315,0.825603,0.887508,0.579044,0.661385,0.759131,0.782217,0.7958,0.787839,0.819038,0.849945,0.864043,0.602475,0.553327,0.596955,0.750723,0.700219,0.721441,0.685374,0.729442,0.845128,0.62644,0.583408,0.698343,0.802299,,,,,,,,,,,,,,,,,,,,,,,,,,,,,,,,,,,,,,,,,,,,,,,,,,,,,,,,,,,,,,,,,,,,,,,,,,,,,,,,,,,,,,,,,,,,,,,,,,,,,,,,,,,,,,,,,,,,,,,,,,,,,,,,,,,,,,,,,,,,,,,,,,,,,,,,,,,,,,,,,,,,,,,,,,,,,,,,,,,,,,,,,,,,,,,,,,,,,,,,,,,,,,,,,,,,,,,,,,,,,,,,,,,
1.3GPa_17.0-22.0,0.627322,0.602004,0.492442,0.756536,0.767864,0.771783,0.782311,0.753772,0.791164,0.483038,0.424091,0.559305,0.722546,0.761398,0.784412,0.720283,0.635229,0.549987,0.763078,0.76929,0.759586,0.756757,0.789338,0.537561,0.689824,0.676936,0.742039,0.753301,0.621958,0.771407,0.80396,0.806768,0.641375,0.604849,0.490638,0.739692,0.765804,0.766,0.779695,0.783602,0.783505,0.603507,0.525733,0.647129,0.774175,0.775164,,,,,,,,,,,,,,,,,,,,,,,,,,,,,,,,,,,,,,,,,,,,,,,,,,,,,,,,,,,,,,,,,,,,,,,,,,,,,,,,,,,,,,,,,,,,,,,,,,,,,,,,,,,,,,,,,,,,,,,,,,,,,,,,,,,,,,,,,,,,,,,,,,,,,,,,,,,,,,,,,,,,,,,,,,,,,,,,,,,,,,,,,,,,,,,,,,,,,,,,,,,,,,,,,,,,,,,,,,,,,,,,,,
1.3GPa_18.0-23.0,0.301241,0.285895,0.354087,0.51829,0.49233,0.48447,0.49017,0.435174,0.58612,0.202265,0.230457,0.286158,0.434832,0.586843,0.53703,0.558285,0.501296,0.33798,0.613646,0.629574,0.605109,0.6464,0.720476,0.493277,0.560098,0.590014,0.603394,0.587424,0.602427,0.604147,0.635316,0.640705,0.318354,0.291682,0.343906,0.496696,0.492237,0.485197,0.491987,0.468998,0.580187,0.277584,0.302072,0.368779,0.481723,0.692335,0.667821,,,,,,,,,,,,,,,,,,,,,,,,,,,,,,,,,,,,,,,,,,,,,,,,,,,,,,,,,,,,,,,,,,,,,,,,,,,,,,,,,,,,,,,,,,,,,,,,,,,,,,,,,,,,,,,,,,,,,,,,,,,,,,,,,,,,,,,,,,,,,,,,,,,,,,,,,,,,,,,,,,,,,,,,,,,,,,,,,,,,,,,,,,,,,,,,,,,,,,,,,,,,,,,,,,,,,,,,,,,,,,,,,
1.5GPa_3.0-8.0,0.236595,0.244676,0.347851,0.399217,0.371505,0.375683,0.346084,0.385274,0.412927,0.214299,0.225496,0.248497,0.288049,0.33773,0.509719,0.53058,0.961405,0.764795,0.65325,0.662353,0.641248,0.616487,0.632631,0.555268,0.615322,0.517992,0.491287,0.477918,0.482466,0.57535,0.567775,0.601705,0.243941,0.24713,0.329525,0.388972,0.360551,0.367577,0.344878,0.385205,0.416414,0.243934,0.248334,0.28523,0.331897,0.330398,0.529415,0.47234,,,,,,,,,,,,,,,,,,,,,,,,,,,,,,,,,,,,,,,,,,,,,,,,,,,,,,,,,,,,,,,,,,,,,,,,,,,,,,,,,,,,,,,,,,,,,,,,,,,,,,,,,,,,,,,,,,,,,,,,,,,,,,,,,,,,,,,,,,,,,,,,,,,,,,,,,,,,,,,,,,,,,,,,,,,,,,,,,,,,,,,,,,,,,,,,,,,,,,,,,,,,,,,,,,,,,,,,,,,,,,,,
1.5GPa_4.0-9.0,0.753346,0.719288,0.70768,0.611471,0.510244,0.569137,0.424898,0.633432,0.707994,0.706862,0.710246,0.669993,0.624908,0.459165,0.7405,0.698905,0.82203,0.979982,0.703025,0.686367,0.660722,0.70548,0.610587,0.664205,0.755947,0.458085,0.383349,0.422838,0.355691,0.690106,0.757976,0.74827,0.751226,0.713512,0.705929,0.649984,0.51661,0.581547,0.439636,0.601897,0.726579,0.691489,0.702089,0.721877,0.729731,0.444271,0.565994,0.368438,0.750076,,,,,,,,,,,,,,,,,,,,,,,,,,,,,,,,,,,,,,,,,,,,,,,,,,,,,,,,,,,,,,,,,,,,,,,,,,,,,,,,,,,,,,,,,,,,,,,,,,,,,,,,,,,,,,,,,,,,,,,,,,,,,,,,,,,,,,,,,,,,,,,,,,,,,,,,,,,,,,,,,,,,,,,,,,,,,,,,,,,,,,,,,,,,,,,,,,,,,,,,,,,,,,,,,,,,,,,,,,,,,,,
1.5GPa_5.0-10.0,0.625161,0.669149,0.63077,0.795649,0.861653,0.864521,0.825993,0.783321,0.842996,0.472615,0.374997,0.44383,0.585189,0.65428,0.787823,0.748625,0.710405,0.634559,0.976838,0.948181,0.956497,0.816148,0.838371,0.702427,0.793426,0.784813,0.745208,0.72981,0.574463,0.858007,0.862424,0.921765,0.645965,0.678096,0.628296,0.795918,0.860972,0.862094,0.836648,0.795933,0.84332,0.550628,0.451792,0.569001,0.723971,0.764895,0.788735,0.627785,0.637061,0.688076,,,,,,,,,,,,,,,,,,,,,,,,,,,,,,,,,,,,,,,,,,,,,,,,,,,,,,,,,,,,,,,,,,,,,,,,,,,,,,,,,,,,,,,,,,,,,,,,,,,,,,,,,,,,,,,,,,,,,,,,,,,,,,,,,,,,,,,,,,,,,,,,,,,,,,,,,,,,,,,,,,,,,,,,,,,,,,,,,,,,,,,,,,,,,,,,,,,,,,,,,,,,,,,,,,,,,,,,,,,,,,
1.5GPa_6.0-11.0,0.583273,0.603455,0.587983,0.723576,0.800455,0.80974,0.780984,0.721656,0.794273,0.437949,0.346247,0.42637,0.584108,0.676669,0.750564,0.723665,0.697449,0.616075,0.943561,0.964882,0.956973,0.854476,0.86934,0.685916,0.780328,0.807878,0.785725,0.76224,0.614648,0.84009,0.848236,0.887776,0.605082,0.610139,0.58457,0.719807,0.804163,0.814916,0.792488,0.734348,0.795113,0.52169,0.428834,0.539688,0.692945,0.770253,0.775607,0.629721,0.635153,0.651417,0.977931,,,,,,,,,,,,,,,,,,,,,,,,,,,,,,,,,,,,,,,,,,,,,,,,,,,,,,,,,,,,,,,,,,,,,,,,,,,,,,,,,,,,,,,,,,,,,,,,,,,,,,,,,,,,,,,,,,,,,,,,,,,,,,,,,,,,,,,,,,,,,,,,,,,,,,,,,,,,,,,,,,,,,,,,,,,,,,,,,,,,,,,,,,,,,,,,,,,,,,,,,,,,,,,,,,,,,,,,,,,,,
1.5GPa_7.0-12.0,0.507614,0.575827,0.47489,0.67035,0.804708,0.790267,0.786085,0.685528,0.710456,0.340102,0.223905,0.313032,0.466597,0.552525,0.650846,0.588174,0.604987,0.501008,0.858387,0.852288,0.909629,0.758773,0.778875,0.604572,0.659643,0.735188,0.700605,0.699503,0.461344,0.749086,0.752997,0.795918,0.52863,0.58254,0.471962,0.662302,0.80754,0.787856,0.797152,0.694836,0.708569,0.404892,0.30585,0.424578,0.579697,0.651521,0.690975,0.535479,0.544563,0.536217,0.917239,0.924572,,,,,,,,,,,,,,,,,,,,,,,,,,,,,,,,,,,,,,,,,,,,,,,,,,,,,,,,,,,,,,,,,,,,,,,,,,,,,,,,,,,,,,,,,,,,,,,,,,,,,,,,,,,,,,,,,,,,,,,,,,,,,,,,,,,,,,,,,,,,,,,,,,,,,,,,,,,,,,,,,,,,,,,,,,,,,,,,,,,,,,,,,,,,,,,,,,,,,,,,,,,,,,,,,,,,,,,,,,,,
1.5GPa_8.0-13.0,0.584248,0.592232,0.623915,0.669729,0.68289,0.719778,0.658729,0.642516,0.754341,0.483629,0.375873,0.460968,0.617737,0.684282,0.681877,0.671964,0.630519,0.613441,0.792407,0.84236,0.860104,0.92546,0.887901,0.701453,0.743609,0.749816,0.727913,0.724023,0.576762,0.804497,0.82817,0.832127,0.60368,0.596616,0.621697,0.668998,0.690286,0.734246,0.67196,0.641945,0.759946,0.546937,0.440497,0.559882,0.704977,0.756895,0.723338,0.579509,0.574706,0.630858,0.8571,0.893257,0.901352,,,,,,,,,,,,,,,,,,,,,,,,,,,,,,,,,,,,,,,,,,,,,,,,,,,,,,,,,,,,,,,,,,,,,,,,,,,,,,,,,,,,,,,,,,,,,,,,,,,,,,,,,,,,,,,,,,,,,,,,,,,,,,,,,,,,,,,,,,,,,,,,,,,,,,,,,,,,,,,,,,,,,,,,,,,,,,,,,,,,,,,,,,,,,,,,,,,,,,,,,,,,,,,,,,,,,,,,,,,
1.5GPa_9.0-14.0,0.531459,0.543904,0.554588,0.716255,0.746735,0.748964,0.735809,0.674034,0.779695,0.427035,0.328212,0.431242,0.60501,0.716639,0.703793,0.706729,0.66032,0.53832,0.80948,0.842965,0.869461,0.880893,0.921065,0.612606,0.702684,0.802902,0.796681,0.803056,0.650542,0.803758,0.832624,0.845353,0.551956,0.54844,0.547098,0.705215,0.753199,0.754287,0.744417,0.685107,0.773397,0.513627,0.416376,0.536278,0.67698,0.801463,0.769203,0.650223,0.586884,0.564312,0.878627,0.901725,0.925737,0.958422,,,,,,,,,,,,,,,,,,,,,,,,,,,,,,,,,,,,,,,,,,,,,,,,,,,,,,,,,,,,,,,,,,,,,,,,,,,,,,,,,,,,,,,,,,,,,,,,,,,,,,,,,,,,,,,,,,,,,,,,,,,,,,,,,,,,,,,,,,,,,,,,,,,,,,,,,,,,,,,,,,,,,,,,,,,,,,,,,,,,,,,,,,,,,,,,,,,,,,,,,,,,,,,,,,,,,,,,,,
1.5GPa_10.0-15.0,0.635103,0.632714,0.657681,0.691065,0.664712,0.687887,0.607543,0.734027,0.773877,0.599115,0.583854,0.605067,0.637333,0.654125,0.831691,0.787242,0.712666,0.746137,0.835117,0.82556,0.827884,0.847173,0.785812,0.927701,0.859029,0.64771,0.64027,0.624995,0.541373,0.849047,0.880092,0.907524,0.643096,0.631402,0.655606,0.712447,0.668266,0.692603,0.620154,0.721015,0.787235,0.622494,0.614051,0.676018,0.733006,0.683449,0.694377,0.553344,0.691115,0.80545,0.844095,0.813686,0.733319,0.795756,0.75365,,,,,,,,,,,,,,,,,,,,,,,,,,,,,,,,,,,,,,,,,,,,,,,,,,,,,,,,,,,,,,,,,,,,,,,,,,,,,,,,,,,,,,,,,,,,,,,,,,,,,,,,,,,,,,,,,,,,,,,,,,,,,,,,,,,,,,,,,,,,,,,,,,,,,,,,,,,,,,,,,,,,,,,,,,,,,,,,,,,,,,,,,,,,,,,,,,,,,,,,,,,,,,,,,,,,,,,,,
1.5GPa_11.0-16.0,0.707589,0.687631,0.711604,0.745049,0.708943,0.736671,0.668299,0.757132,0.855265,0.626922,0.583722,0.617093,0.710582,0.715023,0.852409,0.83437,0.720836,0.756859,0.875254,0.886779,0.871313,0.921401,0.891943,0.812475,0.880034,0.721616,0.719136,0.716534,0.654369,0.89014,0.93495,0.946349,0.71978,0.684949,0.707414,0.758943,0.717957,0.748466,0.682263,0.755404,0.863523,0.66963,0.632852,0.705882,0.809386,0.793636,0.776385,0.65434,0.656336,0.796544,0.892569,0.880866,0.772063,0.857037,0.836595,0.927092,,,,,,,,,,,,,,,,,,,,,,,,,,,,,,,,,,,,,,,,,,,,,,,,,,,,,,,,,,,,,,,,,,,,,,,,,,,,,,,,,,,,,,,,,,,,,,,,,,,,,,,,,,,,,,,,,,,,,,,,,,,,,,,,,,,,,,,,,,,,,,,,,,,,,,,,,,,,,,,,,,,,,,,,,,,,,,,,,,,,,,,,,,,,,,,,,,,,,,,,,,,,,,,,,,,,,,,,
1.5GPa_12.0-17.0,0.36088,0.293264,0.415634,0.613253,0.569298,0.578372,0.575011,0.485316,0.632624,0.309741,0.284697,0.384724,0.563406,0.72398,0.620319,0.648746,0.507574,0.369287,0.647788,0.662508,0.610638,0.690248,0.766137,0.504251,0.598346,0.865747,0.767802,0.686707,0.664801,0.628444,0.642191,0.710497,0.380884,0.305097,0.409513,0.589237,0.566588,0.578786,0.570761,0.514063,0.630307,0.416906,0.367784,0.450252,0.576482,0.785159,0.619128,0.637691,0.462745,0.40331,0.6927,0.700784,0.58566,0.671707,0.719926,0.575132,0.678072,,,,,,,,,,,,,,,,,,,,,,,,,,,,,,,,,,,,,,,,,,,,,,,,,,,,,,,,,,,,,,,,,,,,,,,,,,,,,,,,,,,,,,,,,,,,,,,,,,,,,,,,,,,,,,,,,,,,,,,,,,,,,,,,,,,,,,,,,,,,,,,,,,,,,,,,,,,,,,,,,,,,,,,,,,,,,,,,,,,,,,,,,,,,,,,,,,,,,,,,,,,,,,,,,,,,,,,
1.5GPa_13.0-18.0,0.325576,0.273942,0.350409,0.58895,0.577479,0.567083,0.596652,0.508859,0.588476,0.26411,0.24287,0.361272,0.562668,0.758424,0.60572,0.568146,0.443871,0.300778,0.634391,0.660425,0.621731,0.670152,0.749897,0.506142,0.601469,0.788997,0.822664,0.733257,0.679642,0.628139,0.647614,0.700538,0.344072,0.284036,0.347918,0.56548,0.573607,0.562229,0.588429,0.541029,0.585503,0.383656,0.3347,0.42168,0.546454,0.775672,0.635301,0.664725,0.408491,0.326584,0.668135,0.679494,0.577086,0.641144,0.690508,0.554369,0.646903,0.919633,,,,,,,,,,,,,,,,,,,,,,,,,,,,,,,,,,,,,,,,,,,,,,,,,,,,,,,,,,,,,,,,,,,,,,,,,,,,,,,,,,,,,,,,,,,,,,,,,,,,,,,,,,,,,,,,,,,,,,,,,,,,,,,,,,,,,,,,,,,,,,,,,,,,,,,,,,,,,,,,,,,,,,,,,,,,,,,,,,,,,,,,,,,,,,,,,,,,,,,,,,,,,,,,,,,,,,
1.5GPa_14.0-19.0,0.313201,0.314654,0.36039,0.466352,0.430316,0.429922,0.412835,0.524906,0.54397,0.335691,0.339513,0.479988,0.570056,0.714654,0.55726,0.52107,0.356415,0.302304,0.568774,0.590844,0.581071,0.628638,0.686338,0.436598,0.518239,0.651129,0.73897,0.835628,0.63687,0.671647,0.690607,0.648439,0.328138,0.331156,0.353763,0.469229,0.432798,0.430937,0.414763,0.507533,0.536707,0.403607,0.392545,0.50614,0.552837,0.735521,0.606925,0.513773,0.331876,0.334592,0.58147,0.596868,0.521126,0.577423,0.62255,0.491411,0.583928,0.604026,0.683852,,,,,,,,,,,,,,,,,,,,,,,,,,,,,,,,,,,,,,,,,,,,,,,,,,,,,,,,,,,,,,,,,,,,,,,,,,,,,,,,,,,,,,,,,,,,,,,,,,,,,,,,,,,,,,,,,,,,,,,,,,,,,,,,,,,,,,,,,,,,,,,,,,,,,,,,,,,,,,,,,,,,,,,,,,,,,,,,,,,,,,,,,,,,,,,,,,,,,,,,,,,,,,,,,,,,,
1.5GPa_15.0-20.0,0.250462,0.250403,0.405822,0.450103,0.386665,0.388428,0.374018,0.497413,0.579584,0.253949,0.255346,0.357012,0.483865,0.73929,0.572317,0.631215,0.411759,0.268549,0.582193,0.627253,0.593959,0.681705,0.782087,0.436385,0.482646,0.629072,0.724367,0.781225,0.875136,0.676801,0.681189,0.688596,0.271956,0.269268,0.396167,0.450239,0.391601,0.396765,0.381322,0.504542,0.566862,0.336615,0.322151,0.422947,0.505665,0.819177,0.575001,0.634428,0.401539,0.307333,0.57287,0.592594,0.458929,0.559234,0.626689,0.50724,0.624016,0.699944,0.732035,0.846295,,,,,,,,,,,,,,,,,,,,,,,,,,,,,,,,,,,,,,,,,,,,,,,,,,,,,,,,,,,,,,,,,,,,,,,,,,,,,,,,,,,,,,,,,,,,,,,,,,,,,,,,,,,,,,,,,,,,,,,,,,,,,,,,,,,,,,,,,,,,,,,,,,,,,,,,,,,,,,,,,,,,,,,,,,,,,,,,,,,,,,,,,,,,,,,,,,,,,,,,,,,,,,,,,,,,
1.5GPa_16.0-21.0,0.674926,0.693728,0.653983,0.778951,0.769243,0.779454,0.719293,0.835968,0.89307,0.555025,0.533684,0.588624,0.687956,0.757657,0.86343,0.804192,0.674324,0.652643,0.899791,0.888574,0.887561,0.877088,0.892232,0.745043,0.828273,0.738598,0.746513,0.777628,0.697203,0.96411,0.933002,0.971217,0.691161,0.702875,0.654424,0.785232,0.765112,0.775301,0.727782,0.830218,0.897883,0.619955,0.599655,0.703806,0.816318,0.861105,0.797794,0.65362,0.598569,0.719545,0.901619,0.872187,0.780331,0.826486,0.83633,0.880008,0.927672,0.705338,0.699395,0.708333,0.725541,,,,,,,,,,,,,,,,,,,,,,,,,,,,,,,,,,,,,,,,,,,,,,,,,,,,,,,,,,,,,,,,,,,,,,,,,,,,,,,,,,,,,,,,,,,,,,,,,,,,,,,,,,,,,,,,,,,,,,,,,,,,,,,,,,,,,,,,,,,,,,,,,,,,,,,,,,,,,,,,,,,,,,,,,,,,,,,,,,,,,,,,,,,,,,,,,,,,,,,,,,,,,,,,,,,
1.5GPa_17.0-22.0,0.748279,0.734145,0.742965,0.79257,0.727605,0.758596,0.669895,0.813931,0.912164,0.686596,0.673401,0.708682,0.773192,0.800558,0.889697,0.861084,0.672889,0.729293,0.85263,0.855477,0.842458,0.908146,0.891381,0.783166,0.849649,0.715362,0.72751,0.759042,0.694745,0.926404,0.972503,0.967643,0.759397,0.736241,0.742212,0.814771,0.735871,0.769293,0.684454,0.803508,0.918466,0.73358,0.720093,0.801039,0.87545,0.864881,0.778043,0.645108,0.593354,0.790866,0.871608,0.849028,0.739094,0.831614,0.822466,0.90511,0.951148,0.686875,0.674769,0.682381,0.705621,0.965868,,,,,,,,,,,,,,,,,,,,,,,,,,,,,,,,,,,,,,,,,,,,,,,,,,,,,,,,,,,,,,,,,,,,,,,,,,,,,,,,,,,,,,,,,,,,,,,,,,,,,,,,,,,,,,,,,,,,,,,,,,,,,,,,,,,,,,,,,,,,,,,,,,,,,,,,,,,,,,,,,,,,,,,,,,,,,,,,,,,,,,,,,,,,,,,,,,,,,,,,,,,,,,,,,,
1.5GPa_18.0-23.0,0.710931,0.722616,0.704895,0.811605,0.773575,0.787393,0.717978,0.860303,0.915355,0.598869,0.577063,0.610879,0.684591,0.744509,0.888886,0.841645,0.686303,0.687128,0.911541,0.896244,0.896238,0.877659,0.889347,0.764272,0.835643,0.733477,0.724669,0.738827,0.697149,0.921215,0.928177,0.993014,0.726992,0.7296,0.705801,0.830637,0.772971,0.786296,0.730704,0.852096,0.917747,0.665233,0.639077,0.729513,0.831188,0.851969,0.774948,0.642161,0.605966,0.760387,0.910675,0.874643,0.77809,0.818215,0.827134,0.909174,0.945698,0.696209,0.683685,0.623023,0.68272,0.971627,0.970174,,,,,,,,,,,,,,,,,,,,,,,,,,,,,,,,,,,,,,,,,,,,,,,,,,,,,,,,,,,,,,,,,,,,,,,,,,,,,,,,,,,,,,,,,,,,,,,,,,,,,,,,,,,,,,,,,,,,,,,,,,,,,,,,,,,,,,,,,,,,,,,,,,,,,,,,,,,,,,,,,,,,,,,,,,,,,,,,,,,,,,,,,,,,,,,,,,,,,,,,,,,,,,,,,
2.3GPa_3.0-8.0,0.495655,0.509454,0.597544,0.698553,0.654029,0.659581,0.617514,0.707678,0.790262,0.403677,0.385669,0.429543,0.547352,0.688261,0.75705,0.758773,0.755402,0.624269,0.899212,0.907739,0.880327,0.846903,0.912967,0.649056,0.779151,0.748428,0.746009,0.753096,0.780819,0.876579,0.843722,0.916877,0.516147,0.521166,0.589743,0.695832,0.645981,0.654619,0.623734,0.709467,0.787963,0.486834,0.456636,0.550806,0.674327,0.822405,0.735073,0.720324,0.714076,0.675583,0.875439,0.863523,0.724446,0.770643,0.808419,0.800731,0.888221,0.749356,0.738503,0.656517,0.784334,0.92009,0.887849,0.926092,,,,,,,,,,,,,,,,,,,,,,,,,,,,,,,,,,,,,,,,,,,,,,,,,,,,,,,,,,,,,,,,,,,,,,,,,,,,,,,,,,,,,,,,,,,,,,,,,,,,,,,,,,,,,,,,,,,,,,,,,,,,,,,,,,,,,,,,,,,,,,,,,,,,,,,,,,,,,,,,,,,,,,,,,,,,,,,,,,,,,,,,,,,,,,,,,,,,,,,,,,,,,,,,
2.3GPa_4.0-9.0,0.670884,0.65817,0.733407,0.722707,0.600715,0.63988,0.535047,0.723248,0.824,0.619611,0.612118,0.62803,0.67225,0.681773,0.819272,0.819223,0.759283,0.805954,0.883892,0.891673,0.854807,0.885397,0.850465,0.777729,0.844406,0.657561,0.623492,0.649541,0.648661,0.871624,0.890882,0.92629,0.68191,0.662206,0.729103,0.742882,0.600194,0.646443,0.547799,0.699823,0.833376,0.654154,0.641147,0.713474,0.795366,0.757145,0.722046,0.622279,0.709255,0.850263,0.855805,0.83572,0.67886,0.781285,0.746693,0.894414,0.935521,0.645302,0.615977,0.59849,0.656849,0.919466,0.937904,0.941246,0.926383,,,,,,,,,,,,,,,,,,,,,,,,,,,,,,,,,,,,,,,,,,,,,,,,,,,,,,,,,,,,,,,,,,,,,,,,,,,,,,,,,,,,,,,,,,,,,,,,,,,,,,,,,,,,,,,,,,,,,,,,,,,,,,,,,,,,,,,,,,,,,,,,,,,,,,,,,,,,,,,,,,,,,,,,,,,,,,,,,,,,,,,,,,,,,,,,,,,,,,,,,,,,,,,
2.3GPa_5.0-10.0,0.601164,0.657692,0.627107,0.768228,0.706196,0.707079,0.643592,0.782857,0.815109,0.437335,0.39047,0.416311,0.50845,0.580882,0.782125,0.73641,0.649641,0.614145,0.94824,0.912047,0.90431,0.74144,0.761622,0.668712,0.739561,0.599325,0.569053,0.593593,0.590711,0.818111,0.784692,0.893425,0.61837,0.672257,0.628226,0.77678,0.691421,0.691461,0.649875,0.776135,0.816448,0.505147,0.450029,0.550609,0.693697,0.713015,0.706505,0.575085,0.582591,0.682052,0.877835,0.823572,0.702927,0.6754,0.683701,0.802676,0.82968,0.587756,0.59184,0.529087,0.602505,0.880726,0.828382,0.904531,0.892167,0.895905,,,,,,,,,,,,,,,,,,,,,,,,,,,,,,,,,,,,,,,,,,,,,,,,,,,,,,,,,,,,,,,,,,,,,,,,,,,,,,,,,,,,,,,,,,,,,,,,,,,,,,,,,,,,,,,,,,,,,,,,,,,,,,,,,,,,,,,,,,,,,,,,,,,,,,,,,,,,,,,,,,,,,,,,,,,,,,,,,,,,,,,,,,,,,,,,,,,,,,,,,,,,,,
2.3GPa_6.0-11.0,0.613469,0.629199,0.618446,0.713823,0.641912,0.652529,0.587122,0.738211,0.802059,0.481301,0.460819,0.489522,0.578385,0.644309,0.801679,0.77241,0.6619,0.653154,0.931349,0.931952,0.900581,0.802635,0.80714,0.710126,0.776934,0.623056,0.608183,0.634917,0.64771,0.845058,0.834503,0.900925,0.629043,0.637222,0.617916,0.720834,0.635162,0.649026,0.595858,0.728861,0.807236,0.536284,0.517985,0.597828,0.723541,0.752649,0.725384,0.624535,0.605193,0.707738,0.863841,0.838961,0.685854,0.706697,0.700767,0.822966,0.872621,0.618945,0.622791,0.579016,0.665207,0.895643,0.864481,0.912199,0.915985,0.933859,0.973664,,,,,,,,,,,,,,,,,,,,,,,,,,,,,,,,,,,,,,,,,,,,,,,,,,,,,,,,,,,,,,,,,,,,,,,,,,,,,,,,,,,,,,,,,,,,,,,,,,,,,,,,,,,,,,,,,,,,,,,,,,,,,,,,,,,,,,,,,,,,,,,,,,,,,,,,,,,,,,,,,,,,,,,,,,,,,,,,,,,,,,,,,,,,,,,,,,,,,,,,,,,,,
2.3GPa_7.0-12.0,0.605778,0.654989,0.624998,0.737423,0.67646,0.680844,0.612541,0.787301,0.815564,0.460999,0.436945,0.45849,0.530034,0.596984,0.797336,0.744074,0.664755,0.641554,0.945104,0.92039,0.914447,0.780535,0.793588,0.705081,0.769101,0.613783,0.589209,0.624609,0.613379,0.847819,0.818588,0.913988,0.62235,0.667208,0.625327,0.749522,0.664224,0.669039,0.621444,0.771395,0.818686,0.516184,0.490752,0.582408,0.709118,0.732796,0.706125,0.594698,0.608141,0.711218,0.876452,0.832696,0.714292,0.705956,0.705651,0.835698,0.861657,0.58913,0.594424,0.562534,0.630442,0.904127,0.863049,0.928415,0.914449,0.923987,0.987729,0.983947,,,,,,,,,,,,,,,,,,,,,,,,,,,,,,,,,,,,,,,,,,,,,,,,,,,,,,,,,,,,,,,,,,,,,,,,,,,,,,,,,,,,,,,,,,,,,,,,,,,,,,,,,,,,,,,,,,,,,,,,,,,,,,,,,,,,,,,,,,,,,,,,,,,,,,,,,,,,,,,,,,,,,,,,,,,,,,,,,,,,,,,,,,,,,,,,,,,,,,,,,,,,
2.3GPa_8.0-13.0,0.705626,0.668979,0.746126,0.736314,0.630474,0.675199,0.5963,0.706971,0.858,0.663451,0.621205,0.671002,0.775919,0.786193,0.838418,0.865983,0.678034,0.739166,0.802374,0.849403,0.818972,0.967897,0.926744,0.776734,0.817806,0.721054,0.716502,0.721616,0.713827,0.858504,0.931259,0.917327,0.716974,0.66507,0.740818,0.751233,0.644352,0.696256,0.611718,0.702614,0.864743,0.705352,0.661566,0.743039,0.84583,0.849649,0.777185,0.668719,0.618004,0.767169,0.832156,0.844501,0.716667,0.874622,0.839849,0.881312,0.958942,0.715806,0.671549,0.617288,0.681701,0.905029,0.954576,0.916202,0.864504,0.920584,0.767004,0.832314,0.807911,,,,,,,,,,,,,,,,,,,,,,,,,,,,,,,,,,,,,,,,,,,,,,,,,,,,,,,,,,,,,,,,,,,,,,,,,,,,,,,,,,,,,,,,,,,,,,,,,,,,,,,,,,,,,,,,,,,,,,,,,,,,,,,,,,,,,,,,,,,,,,,,,,,,,,,,,,,,,,,,,,,,,,,,,,,,,,,,,,,,,,,,,,,,,,,,,,,,,,,,,,,
2.3GPa_9.0-14.0,0.688482,0.671146,0.701336,0.812415,0.744415,0.766383,0.707885,0.774662,0.913454,0.594274,0.562751,0.61452,0.727189,0.777214,0.865522,0.869797,0.73443,0.694823,0.863414,0.875133,0.856692,0.921335,0.939109,0.729295,0.81806,0.779216,0.750994,0.757016,0.73749,0.896812,0.932458,0.955555,0.70382,0.673062,0.696007,0.817106,0.748348,0.772719,0.718146,0.780269,0.913873,0.668153,0.628968,0.719433,0.834309,0.88022,0.827671,0.713096,0.64795,0.747943,0.891089,0.878956,0.771291,0.861432,0.881598,0.875058,0.950548,0.75585,0.695111,0.618462,0.692161,0.943787,0.959421,0.952758,0.911663,0.913017,0.820393,0.853325,0.848737,0.9621,,,,,,,,,,,,,,,,,,,,,,,,,,,,,,,,,,,,,,,,,,,,,,,,,,,,,,,,,,,,,,,,,,,,,,,,,,,,,,,,,,,,,,,,,,,,,,,,,,,,,,,,,,,,,,,,,,,,,,,,,,,,,,,,,,,,,,,,,,,,,,,,,,,,,,,,,,,,,,,,,,,,,,,,,,,,,,,,,,,,,,,,,,,,,,,,,,,,,,,,,,
2.3GPa_10.0-15.0,0.584344,0.538087,0.584352,0.671563,0.533198,0.564797,0.517796,0.583481,0.713871,0.568908,0.566888,0.623606,0.700048,0.691687,0.767844,0.776556,0.545349,0.599961,0.688356,0.70447,0.671821,0.796505,0.75424,0.678907,0.705297,0.732363,0.643063,0.641066,0.512232,0.720793,0.794502,0.78648,0.589103,0.531844,0.576256,0.672195,0.538397,0.573237,0.52061,0.561665,0.716085,0.601414,0.593838,0.653733,0.738729,0.718918,0.688875,0.499453,0.506279,0.628706,0.72527,0.722042,0.615526,0.725412,0.701327,0.767622,0.817661,0.697737,0.609732,0.613766,0.572221,0.768386,0.80502,0.763601,0.698516,0.77818,0.636641,0.690305,0.668085,0.846054,0.81934,,,,,,,,,,,,,,,,,,,,,,,,,,,,,,,,,,,,,,,,,,,,,,,,,,,,,,,,,,,,,,,,,,,,,,,,,,,,,,,,,,,,,,,,,,,,,,,,,,,,,,,,,,,,,,,,,,,,,,,,,,,,,,,,,,,,,,,,,,,,,,,,,,,,,,,,,,,,,,,,,,,,,,,,,,,,,,,,,,,,,,,,,,,,,,,,,,,,,,,,,
2.3GPa_11.0-16.0,0.346413,0.350047,0.49619,0.63547,0.592159,0.589686,0.580888,0.605494,0.691988,0.340502,0.320774,0.407065,0.529484,0.739273,0.702491,0.740786,0.576639,0.431249,0.790037,0.819066,0.802445,0.855203,0.907267,0.750648,0.724793,0.788949,0.793762,0.772281,0.782461,0.826149,0.817659,0.861206,0.367234,0.358199,0.485105,0.623247,0.589793,0.590152,0.586092,0.614197,0.689638,0.42029,0.38907,0.485206,0.593911,0.860073,0.701131,0.689845,0.588919,0.490286,0.811861,0.820065,0.717532,0.792823,0.820512,0.806948,0.858239,0.779725,0.751959,0.684634,0.798129,0.86518,0.842691,0.855338,0.891885,0.813151,0.748303,0.790447,0.782329,0.860391,0.879029,0.76415,,,,,,,,,,,,,,,,,,,,,,,,,,,,,,,,,,,,,,,,,,,,,,,,,,,,,,,,,,,,,,,,,,,,,,,,,,,,,,,,,,,,,,,,,,,,,,,,,,,,,,,,,,,,,,,,,,,,,,,,,,,,,,,,,,,,,,,,,,,,,,,,,,,,,,,,,,,,,,,,,,,,,,,,,,,,,,,,,,,,,,,,,,,,,,,,,,,,,,,,
2.3GPa_12.0-17.0,0.719658,0.698508,0.751271,0.787177,0.696036,0.730172,0.640829,0.768492,0.890053,0.678093,0.653944,0.689195,0.755012,0.757342,0.873833,0.873159,0.715236,0.760903,0.868452,0.86369,0.843428,0.911353,0.89033,0.800365,0.852296,0.749259,0.698893,0.716457,0.665396,0.892814,0.94744,0.961728,0.731141,0.698677,0.746927,0.805667,0.703243,0.74145,0.654785,0.757708,0.897591,0.71797,0.69401,0.773038,0.85843,0.839634,0.77495,0.663244,0.647844,0.81576,0.88274,0.857099,0.738701,0.838103,0.825103,0.917698,0.969057,0.721049,0.667735,0.629895,0.668045,0.943516,0.978178,0.963367,0.901789,0.956942,0.838836,0.87833,0.873124,0.967892,0.971607,0.84233,0.863713,,,,,,,,,,,,,,,,,,,,,,,,,,,,,,,,,,,,,,,,,,,,,,,,,,,,,,,,,,,,,,,,,,,,,,,,,,,,,,,,,,,,,,,,,,,,,,,,,,,,,,,,,,,,,,,,,,,,,,,,,,,,,,,,,,,,,,,,,,,,,,,,,,,,,,,,,,,,,,,,,,,,,,,,,,,,,,,,,,,,,,,,,,,,,,,,,,,,,,,
2.3GPa_13.0-18.0,0.677882,0.681369,0.67715,0.799116,0.781317,0.793389,0.739242,0.846628,0.895062,0.5785,0.551006,0.598461,0.688015,0.760789,0.893408,0.848014,0.728442,0.696275,0.913393,0.90671,0.906323,0.900376,0.917524,0.777393,0.840769,0.758726,0.760179,0.770217,0.711068,0.923927,0.941775,0.991253,0.693914,0.686547,0.675395,0.812531,0.781485,0.793038,0.749391,0.845325,0.896502,0.653781,0.621126,0.712637,0.812648,0.852819,0.812753,0.672491,0.660278,0.761195,0.921653,0.893213,0.798815,0.844189,0.858666,0.922207,0.961879,0.712426,0.695623,0.632386,0.688307,0.965133,0.966579,0.987047,0.930805,0.931753,0.881089,0.895145,0.907358,0.932882,0.967335,0.781583,0.886884,0.969472,,,,,,,,,,,,,,,,,,,,,,,,,,,,,,,,,,,,,,,,,,,,,,,,,,,,,,,,,,,,,,,,,,,,,,,,,,,,,,,,,,,,,,,,,,,,,,,,,,,,,,,,,,,,,,,,,,,,,,,,,,,,,,,,,,,,,,,,,,,,,,,,,,,,,,,,,,,,,,,,,,,,,,,,,,,,,,,,,,,,,,,,,,,,,,,,,,,,,,
2.3GPa_14.0-19.0,0.675198,0.672304,0.692884,0.805551,0.765418,0.785156,0.724875,0.811678,0.894989,0.581254,0.546222,0.60266,0.709398,0.783592,0.886009,0.858837,0.733386,0.704118,0.909014,0.910765,0.898796,0.922403,0.93252,0.780039,0.844149,0.778365,0.770496,0.775785,0.72315,0.921544,0.94711,0.98452,0.691473,0.677662,0.689661,0.813873,0.766131,0.787719,0.733937,0.813904,0.897779,0.656546,0.614069,0.711465,0.823103,0.871689,0.827137,0.695337,0.666232,0.761033,0.920571,0.899503,0.790012,0.860993,0.867663,0.912919,0.966594,0.748659,0.723248,0.659897,0.71514,0.96659,0.971499,0.97741,0.935887,0.940545,0.873642,0.897561,0.897489,0.954461,0.979229,0.814308,0.900552,0.979347,0.993465,,,,,,,,,,,,,,,,,,,,,,,,,,,,,,,,,,,,,,,,,,,,,,,,,,,,,,,,,,,,,,,,,,,,,,,,,,,,,,,,,,,,,,,,,,,,,,,,,,,,,,,,,,,,,,,,,,,,,,,,,,,,,,,,,,,,,,,,,,,,,,,,,,,,,,,,,,,,,,,,,,,,,,,,,,,,,,,,,,,,,,,,,,,,,,,,,,,,,
2.3GPa_15.0-20.0,0.671605,0.666812,0.671359,0.804023,0.761555,0.778489,0.719823,0.80229,0.891381,0.562889,0.540468,0.597108,0.698982,0.777688,0.880598,0.853261,0.730879,0.699288,0.909341,0.913074,0.902447,0.922553,0.934631,0.781429,0.83669,0.771576,0.761108,0.767699,0.722923,0.917964,0.944133,0.980722,0.688132,0.672032,0.668609,0.80971,0.762564,0.781189,0.729391,0.806038,0.894753,0.635381,0.609912,0.702853,0.813717,0.871812,0.825094,0.708242,0.665094,0.756449,0.919652,0.900599,0.795302,0.861582,0.870232,0.911167,0.968289,0.74727,0.720704,0.655906,0.714545,0.966883,0.969414,0.976809,0.935111,0.937918,0.873189,0.901229,0.899136,0.95372,0.979504,0.807249,0.900427,0.977094,0.991877,0.997721,,,,,,,,,,,,,,,,,,,,,,,,,,,,,,,,,,,,,,,,,,,,,,,,,,,,,,,,,,,,,,,,,,,,,,,,,,,,,,,,,,,,,,,,,,,,,,,,,,,,,,,,,,,,,,,,,,,,,,,,,,,,,,,,,,,,,,,,,,,,,,,,,,,,,,,,,,,,,,,,,,,,,,,,,,,,,,,,,,,,,,,,,,,,,,,,,,,,
2.3GPa_16.0-21.0,0.582214,0.569309,0.553952,0.282882,0.335027,0.448941,0.312093,0.283417,0.428064,0.426292,0.257861,0.297204,0.442153,0.324468,0.314735,0.328427,0.233361,0.474773,0.394594,0.447142,0.421213,0.541283,0.361511,0.429476,0.413881,0.252372,0.25049,0.20614,0.191446,0.377015,0.436727,0.386027,0.597317,0.568835,0.566212,0.303686,0.365945,0.50283,0.343306,0.305697,0.449974,0.413045,0.262344,0.347596,0.516719,0.339153,0.403408,0.211393,0.166361,0.432826,0.43282,0.483957,0.417412,0.588363,0.412471,0.425363,0.496415,0.244831,0.20569,0.144267,0.150474,0.375519,0.431693,0.378144,0.275031,0.434989,0.326906,0.399841,0.333544,0.53787,0.409955,0.404743,0.264651,0.44401,0.378051,0.417475,0.419237,,,,,,,,,,,,,,,,,,,,,,,,,,,,,,,,,,,,,,,,,,,,,,,,,,,,,,,,,,,,,,,,,,,,,,,,,,,,,,,,,,,,,,,,,,,,,,,,,,,,,,,,,,,,,,,,,,,,,,,,,,,,,,,,,,,,,,,,,,,,,,,,,,,,,,,,,,,,,,,,,,,,,,,,,,,,,,,,,,,,,,,,,,,,,,,,,,,
2.3GPa_17.0-22.0,0.762522,0.786123,0.697252,0.580013,0.633541,0.695125,0.59554,0.572961,0.682182,0.609956,0.397156,0.458364,0.611719,0.454774,0.589041,0.582074,0.416862,0.620151,0.645096,0.634355,0.655208,0.660765,0.518788,0.601438,0.574057,0.411894,0.392899,0.375575,0.258644,0.547587,0.647229,0.627296,0.773912,0.781829,0.702115,0.608145,0.664323,0.730856,0.624483,0.591769,0.69533,0.60134,0.415273,0.519655,0.694726,0.470103,0.602745,0.31903,0.308304,0.6057,0.68866,0.680114,0.669331,0.716802,0.618499,0.659033,0.693985,0.369143,0.326241,0.258916,0.213471,0.593439,0.6322,0.613901,0.437149,0.592548,0.562892,0.579062,0.55189,0.679253,0.618855,0.564065,0.42069,0.646382,0.614349,0.629877,0.630809,0.852518,,,,,,,,,,,,,,,,,,,,,,,,,,,,,,,,,,,,,,,,,,,,,,,,,,,,,,,,,,,,,,,,,,,,,,,,,,,,,,,,,,,,,,,,,,,,,,,,,,,,,,,,,,,,,,,,,,,,,,,,,,,,,,,,,,,,,,,,,,,,,,,,,,,,,,,,,,,,,,,,,,,,,,,,,,,,,,,,,,,,,,,,,,,,,,,,,,
2.3GPa_18.0-23.0,0.797222,0.682335,0.643763,0.426864,0.308998,0.409979,0.247071,0.385164,0.586233,0.690117,0.659918,0.622696,0.630306,0.394809,0.507006,0.51906,0.318413,0.660908,0.419377,0.458382,0.389949,0.553989,0.398641,0.435095,0.540184,0.266334,0.188017,0.216283,0.211294,0.453512,0.556319,0.484191,0.798666,0.670376,0.65751,0.463582,0.333945,0.453511,0.272193,0.368129,0.610433,0.668401,0.654756,0.651897,0.71049,0.412864,0.427541,0.255292,0.195489,0.657384,0.427185,0.447033,0.315363,0.502266,0.372776,0.474885,0.596826,0.275001,0.186694,0.204578,0.177578,0.469334,0.563923,0.497299,0.362123,0.58731,0.41715,0.51455,0.442359,0.624694,0.534699,0.526015,0.253118,0.5879,0.466331,0.497229,0.507642,0.754197,0.717165,,,,,,,,,,,,,,,,,,,,,,,,,,,,,,,,,,,,,,,,,,,,,,,,,,,,,,,,,,,,,,,,,,,,,,,,,,,,,,,,,,,,,,,,,,,,,,,,,,,,,,,,,,,,,,,,,,,,,,,,,,,,,,,,,,,,,,,,,,,,,,,,,,,,,,,,,,,,,,,,,,,,,,,,,,,,,,,,,,,,,,,,,,,,,,,,,
2.4GPa_decomp_3.0-8.0,0.731143,0.676527,0.665033,0.533397,0.41791,0.522641,0.321352,0.566845,0.65072,0.591568,0.648566,0.559305,0.493862,0.393802,0.580599,0.458992,0.362226,0.617407,0.526369,0.503688,0.459934,0.528525,0.421561,0.51798,0.606568,0.355095,0.224159,0.244908,0.228637,0.587773,0.5777,0.623741,0.740164,0.684727,0.688935,0.572943,0.410364,0.53582,0.337317,0.528138,0.676195,0.616178,0.657731,0.677433,0.709364,0.48738,0.3734,0.228872,0.269433,0.701425,0.498753,0.463941,0.338233,0.500569,0.37111,0.588769,0.604943,0.323991,0.253839,0.218863,0.229676,0.584964,0.645086,0.642029,0.509917,0.681108,0.578754,0.600712,0.60629,0.601114,0.581572,0.499062,0.364379,0.655773,0.591325,0.592407,0.588144,0.532868,0.493808,0.747649,,,,,,,,,,,,,,,,,,,,,,,,,,,,,,,,,,,,,,,,,,,,,,,,,,,,,,,,,,,,,,,,,,,,,,,,,,,,,,,,,,,,,,,,,,,,,,,,,,,,,,,,,,,,,,,,,,,,,,,,,,,,,,,,,,,,,,,,,,,,,,,,,,,,,,,,,,,,,,,,,,,,,,,,,,,,,,,,,,,,,,,,,,,,,,,,
2.4GPa_decomp_4.0-9.0,0.686681,0.70753,0.673303,0.555043,0.567918,0.62828,0.473984,0.739576,0.701428,0.572181,0.525685,0.448823,0.428253,0.354025,0.605199,0.468515,0.380553,0.526198,0.59302,0.515585,0.518315,0.453668,0.416109,0.423116,0.625113,0.366671,0.274912,0.321658,0.241887,0.621488,0.547983,0.665037,0.698983,0.726964,0.695648,0.612877,0.547198,0.614967,0.483918,0.697039,0.711691,0.638855,0.558434,0.626745,0.681007,0.474575,0.399504,0.241469,0.258813,0.63155,0.554207,0.473692,0.403173,0.455108,0.396308,0.565096,0.556343,0.296056,0.265479,0.244036,0.241051,0.615229,0.61917,0.673674,0.540807,0.629837,0.654405,0.59068,0.654466,0.505593,0.560096,0.362839,0.348426,0.606607,0.621974,0.593535,0.572627,0.281466,0.407624,0.472129,0.819508,,,,,,,,,,,,,,,,,,,,,,,,,,,,,,,,,,,,,,,,,,,,,,,,,,,,,,,,,,,,,,,,,,,,,,,,,,,,,,,,,,,,,,,,,,,,,,,,,,,,,,,,,,,,,,,,,,,,,,,,,,,,,,,,,,,,,,,,,,,,,,,,,,,,,,,,,,,,,,,,,,,,,,,,,,,,,,,,,,,,,,,,,,,,,,,
2.4GPa_decomp_5.0-10.0,0.839774,0.881074,0.623777,0.820238,0.917482,0.923255,0.896141,0.834037,0.869477,0.574734,0.415768,0.469285,0.636288,0.535958,0.745672,0.612004,0.446361,0.509324,0.727888,0.664098,0.705909,0.579744,0.585651,0.374271,0.580158,0.515076,0.514459,0.514358,0.321883,0.657384,0.697203,0.743165,0.851777,0.881847,0.634742,0.829567,0.923601,0.919647,0.903713,0.862307,0.865705,0.657509,0.501106,0.616631,0.787565,0.616114,0.739973,0.390812,0.254479,0.55232,0.764063,0.701702,0.709405,0.637325,0.669906,0.583427,0.67167,0.460546,0.457887,0.340128,0.278495,0.698778,0.68001,0.714969,0.550098,0.570307,0.669826,0.61039,0.635767,0.620105,0.694253,0.531865,0.427283,0.654207,0.705045,0.694359,0.688937,0.458844,0.748578,0.491936,0.481195,0.603966,,,,,,,,,,,,,,,,,,,,,,,,,,,,,,,,,,,,,,,,,,,,,,,,,,,,,,,,,,,,,,,,,,,,,,,,,,,,,,,,,,,,,,,,,,,,,,,,,,,,,,,,,,,,,,,,,,,,,,,,,,,,,,,,,,,,,,,,,,,,,,,,,,,,,,,,,,,,,,,,,,,,,,,,,,,,,,,,,,,,,,,,,,,,,,
2.4GPa_decomp_6.0-11.0,0.770002,0.702013,0.574215,0.606316,0.66851,0.730678,0.684885,0.554898,0.709081,0.545324,0.395807,0.472171,0.690789,0.591823,0.594592,0.53274,0.360619,0.485073,0.556411,0.606109,0.572698,0.659069,0.588639,0.36301,0.55133,0.498751,0.501459,0.460169,0.361159,0.562553,0.626532,0.593052,0.783087,0.694961,0.588197,0.600142,0.686695,0.758384,0.695014,0.594141,0.717886,0.629872,0.479541,0.574413,0.757121,0.615307,0.714692,0.410086,0.203459,0.46766,0.622634,0.657456,0.586306,0.695532,0.638016,0.478171,0.637458,0.489477,0.464634,0.302132,0.285807,0.569274,0.593543,0.560574,0.457514,0.521475,0.470349,0.515413,0.456099,0.668842,0.641369,0.56661,0.406965,0.590942,0.571405,0.606304,0.607496,0.776042,0.804129,0.744354,0.521132,0.393,0.783812,,,,,,,,,,,,,,,,,,,,,,,,,,,,,,,,,,,,,,,,,,,,,,,,,,,,,,,,,,,,,,,,,,,,,,,,,,,,,,,,,,,,,,,,,,,,,,,,,,,,,,,,,,,,,,,,,,,,,,,,,,,,,,,,,,,,,,,,,,,,,,,,,,,,,,,,,,,,,,,,,,,,,,,,,,,,,,,,,,,,,,,,,,,,,
2.4GPa_decomp_7.0-12.0,0.824176,0.883145,0.605742,0.646295,0.698758,0.720258,0.662806,0.699463,0.765109,0.558266,0.407996,0.441898,0.589005,0.431221,0.64793,0.532127,0.363326,0.535316,0.674889,0.649064,0.698521,0.609117,0.539256,0.389685,0.505025,0.358584,0.338532,0.388587,0.251108,0.600728,0.655408,0.661397,0.832513,0.877374,0.616807,0.66181,0.716595,0.735092,0.682571,0.700007,0.770837,0.558103,0.453816,0.552061,0.735578,0.518083,0.610229,0.340952,0.199016,0.542603,0.6755,0.644785,0.67518,0.647802,0.612322,0.546543,0.650267,0.310716,0.326115,0.30794,0.259153,0.645831,0.637779,0.653222,0.493282,0.579252,0.641463,0.641227,0.639986,0.621716,0.6175,0.514646,0.362925,0.617793,0.623456,0.61986,0.628073,0.65442,0.839064,0.651804,0.521232,0.498629,0.863049,0.781835,,,,,,,,,,,,,,,,,,,,,,,,,,,,,,,,,,,,,,,,,,,,,,,,,,,,,,,,,,,,,,,,,,,,,,,,,,,,,,,,,,,,,,,,,,,,,,,,,,,,,,,,,,,,,,,,,,,,,,,,,,,,,,,,,,,,,,,,,,,,,,,,,,,,,,,,,,,,,,,,,,,,,,,,,,,,,,,,,,,,,,,,,,,,
2.4GPa_decomp_8.0-13.0,0.77418,0.797738,0.695619,0.484305,0.479456,0.566194,0.437737,0.487396,0.654177,0.5901,0.399299,0.424198,0.57658,0.392003,0.471389,0.455453,0.29796,0.549185,0.530784,0.552703,0.554052,0.616462,0.479992,0.365692,0.479366,0.274461,0.257671,0.286286,0.246519,0.511389,0.57242,0.535237,0.784856,0.792792,0.706117,0.509545,0.507499,0.608382,0.467304,0.488018,0.668178,0.570274,0.410415,0.512846,0.701382,0.469071,0.501228,0.272101,0.155307,0.526198,0.538456,0.552023,0.508635,0.634554,0.51577,0.464256,0.588629,0.269752,0.248434,0.24159,0.237217,0.529607,0.568385,0.535159,0.417223,0.554443,0.504558,0.552961,0.515466,0.624265,0.546972,0.475861,0.303722,0.565554,0.505572,0.531615,0.532416,0.874794,0.856641,0.793244,0.609544,0.462884,0.678139,0.825725,0.884379,,,,,,,,,,,,,,,,,,,,,,,,,,,,,,,,,,,,,,,,,,,,,,,,,,,,,,,,,,,,,,,,,,,,,,,,,,,,,,,,,,,,,,,,,,,,,,,,,,,,,,,,,,,,,,,,,,,,,,,,,,,,,,,,,,,,,,,,,,,,,,,,,,,,,,,,,,,,,,,,,,,,,,,,,,,,,,,,,,,,,,,,,,,
2.4GPa_decomp_9.0-14.0,0.826541,0.811001,0.754505,0.555291,0.516868,0.569447,0.476369,0.566642,0.734288,0.774573,0.574871,0.619522,0.759474,0.55455,0.590954,0.604987,0.322099,0.575606,0.553271,0.570499,0.580307,0.655282,0.556726,0.388748,0.512176,0.32774,0.331847,0.408503,0.32589,0.553385,0.678313,0.605125,0.827976,0.795588,0.756431,0.591015,0.558342,0.613067,0.505351,0.554799,0.73992,0.743243,0.588903,0.674979,0.796059,0.561334,0.540524,0.328588,0.158235,0.553083,0.567596,0.565073,0.533379,0.626952,0.580258,0.513893,0.639956,0.346185,0.333449,0.348797,0.338511,0.586807,0.647189,0.602531,0.469833,0.590697,0.529341,0.579642,0.543087,0.673533,0.609452,0.519277,0.367064,0.635738,0.57659,0.589226,0.58804,0.676917,0.809402,0.72208,0.491003,0.436547,0.718105,0.752166,0.875153,0.897795,,,,,,,,,,,,,,,,,,,,,,,,,,,,,,,,,,,,,,,,,,,,,,,,,,,,,,,,,,,,,,,,,,,,,,,,,,,,,,,,,,,,,,,,,,,,,,,,,,,,,,,,,,,,,,,,,,,,,,,,,,,,,,,,,,,,,,,,,,,,,,,,,,,,,,,,,,,,,,,,,,,,,,,,,,,,,,,,,,,,,,,,,,
2.4GPa_decomp_10.0-15.0,0.885954,0.798324,0.721447,0.544684,0.426878,0.491379,0.341269,0.616788,0.725026,0.903858,0.920569,0.870088,0.769956,0.530813,0.691207,0.659599,0.33501,0.695043,0.445626,0.434715,0.41737,0.549257,0.445327,0.491347,0.561659,0.280023,0.252999,0.341797,0.266327,0.551554,0.706719,0.618488,0.87657,0.780359,0.730146,0.614118,0.4637,0.530541,0.371135,0.574645,0.738991,0.853741,0.901504,0.888221,0.823811,0.505167,0.413875,0.241324,0.197396,0.742689,0.462954,0.427808,0.339812,0.44874,0.400449,0.598067,0.635273,0.259018,0.203826,0.312919,0.261621,0.57576,0.706816,0.633214,0.418697,0.631914,0.45872,0.513486,0.502294,0.651692,0.599281,0.523858,0.310245,0.681082,0.593633,0.580569,0.581323,0.420235,0.577819,0.753103,0.69207,0.586403,0.564535,0.490664,0.606615,0.595277,0.738894,,,,,,,,,,,,,,,,,,,,,,,,,,,,,,,,,,,,,,,,,,,,,,,,,,,,,,,,,,,,,,,,,,,,,,,,,,,,,,,,,,,,,,,,,,,,,,,,,,,,,,,,,,,,,,,,,,,,,,,,,,,,,,,,,,,,,,,,,,,,,,,,,,,,,,,,,,,,,,,,,,,,,,,,,,,,,,,,,,,,,,,,,
2.4GPa_decomp_11.0-16.0,0.937742,0.819056,0.715221,0.615937,0.541735,0.605618,0.491303,0.665183,0.776473,0.922978,0.910814,0.901158,0.877502,0.646571,0.763317,0.695271,0.376577,0.701456,0.487324,0.498735,0.467922,0.619788,0.519137,0.500945,0.619648,0.379449,0.374818,0.431295,0.302299,0.608754,0.761748,0.661831,0.929326,0.797155,0.726361,0.665494,0.575889,0.642355,0.511682,0.642278,0.790648,0.917002,0.926613,0.934247,0.901345,0.583003,0.565813,0.303123,0.21908,0.731809,0.527227,0.508351,0.409635,0.535449,0.491032,0.61912,0.684406,0.352202,0.311767,0.345073,0.274681,0.615207,0.733315,0.653326,0.446006,0.638657,0.470714,0.529702,0.499259,0.706708,0.657948,0.59015,0.355259,0.708351,0.635531,0.634435,0.631949,0.498558,0.650237,0.784499,0.678856,0.566365,0.678744,0.678189,0.664836,0.6515,0.782158,0.952663,,,,,,,,,,,,,,,,,,,,,,,,,,,,,,,,,,,,,,,,,,,,,,,,,,,,,,,,,,,,,,,,,,,,,,,,,,,,,,,,,,,,,,,,,,,,,,,,,,,,,,,,,,,,,,,,,,,,,,,,,,,,,,,,,,,,,,,,,,,,,,,,,,,,,,,,,,,,,,,,,,,,,,,,,,,,,,,,,,,,,,,,
2.4GPa_decomp_12.0-17.0,0.871532,0.790154,0.678463,0.476565,0.358381,0.452234,0.261278,0.567386,0.64118,0.809608,0.862903,0.770503,0.648829,0.386409,0.623695,0.517338,0.335301,0.732603,0.412415,0.396853,0.36187,0.481721,0.325423,0.491975,0.574658,0.198571,0.129777,0.190728,0.127786,0.52386,0.599714,0.55488,0.863036,0.779394,0.697444,0.539353,0.374566,0.479879,0.283875,0.517446,0.668469,0.76555,0.834699,0.815315,0.770836,0.371555,0.34817,0.126606,0.210934,0.781981,0.398231,0.359643,0.245361,0.394933,0.270121,0.5731,0.576466,0.16736,0.113341,0.182489,0.112556,0.524208,0.63321,0.574518,0.362354,0.624645,0.461057,0.504446,0.498248,0.578299,0.51546,0.477892,0.201889,0.614756,0.520748,0.513771,0.511178,0.513026,0.558557,0.818256,0.866345,0.70441,0.510111,0.503239,0.58109,0.634361,0.629138,0.909847,0.875952,,,,,,,,,,,,,,,,,,,,,,,,,,,,,,,,,,,,,,,,,,,,,,,,,,,,,,,,,,,,,,,,,,,,,,,,,,,,,,,,,,,,,,,,,,,,,,,,,,,,,,,,,,,,,,,,,,,,,,,,,,,,,,,,,,,,,,,,,,,,,,,,,,,,,,,,,,,,,,,,,,,,,,,,,,,,,,,,,,,,,,,
2.4GPa_decomp_13.0-18.0,0.861207,0.804217,0.619506,0.761929,0.675274,0.717118,0.602604,0.81,0.845288,0.676497,0.738326,0.71562,0.698937,0.610017,0.832378,0.685175,0.525464,0.697847,0.714538,0.688753,0.664139,0.660551,0.611884,0.585954,0.745434,0.508144,0.444699,0.48194,0.391634,0.758422,0.768071,0.815768,0.865892,0.80788,0.639273,0.788363,0.663996,0.708739,0.606798,0.782662,0.860187,0.741243,0.79083,0.824419,0.869227,0.654726,0.669688,0.397274,0.385637,0.77574,0.691895,0.63996,0.533122,0.603136,0.559854,0.72674,0.752927,0.474941,0.459031,0.411614,0.364563,0.789781,0.811625,0.822944,0.659497,0.791823,0.756477,0.759155,0.769295,0.726397,0.760989,0.639501,0.501234,0.791157,0.779901,0.770057,0.770099,0.404044,0.567769,0.691888,0.838894,0.803326,0.729422,0.623785,0.679136,0.583912,0.58203,0.745386,0.780224,0.824536,,,,,,,,,,,,,,,,,,,,,,,,,,,,,,,,,,,,,,,,,,,,,,,,,,,,,,,,,,,,,,,,,,,,,,,,,,,,,,,,,,,,,,,,,,,,,,,,,,,,,,,,,,,,,,,,,,,,,,,,,,,,,,,,,,,,,,,,,,,,,,,,,,,,,,,,,,,,,,,,,,,,,,,,,,,,,,,,,,,,,,
2.4GPa_decomp_14.0-19.0,0.83196,0.700951,0.549688,0.549321,0.518167,0.543956,0.461864,0.613797,0.711666,0.820566,0.874939,0.856121,0.80296,0.609514,0.747614,0.659078,0.408052,0.661854,0.513653,0.506562,0.477391,0.559261,0.487263,0.555903,0.621139,0.406976,0.329597,0.381572,0.285417,0.609839,0.723873,0.648712,0.819697,0.678339,0.561132,0.581964,0.545392,0.568626,0.476837,0.591799,0.734626,0.792645,0.900372,0.876786,0.812689,0.54822,0.507006,0.349285,0.272953,0.704169,0.529338,0.497788,0.415034,0.475637,0.463531,0.637917,0.671493,0.392058,0.344074,0.295118,0.263467,0.630107,0.707622,0.656316,0.479955,0.636391,0.504698,0.567915,0.53825,0.650784,0.641174,0.525023,0.38578,0.695641,0.631339,0.619116,0.6296,0.332182,0.535641,0.685963,0.607179,0.501695,0.586896,0.5428,0.598708,0.505,0.682699,0.881178,0.904261,0.798037,0.764031,,,,,,,,,,,,,,,,,,,,,,,,,,,,,,,,,,,,,,,,,,,,,,,,,,,,,,,,,,,,,,,,,,,,,,,,,,,,,,,,,,,,,,,,,,,,,,,,,,,,,,,,,,,,,,,,,,,,,,,,,,,,,,,,,,,,,,,,,,,,,,,,,,,,,,,,,,,,,,,,,,,,,,,,,,,,,,,,,,,,,
2.4GPa_decomp_15.0-20.0,0.724017,0.630908,0.705919,0.436224,0.308949,0.362521,0.280748,0.360369,0.558406,0.857665,0.715255,0.749152,0.81042,0.520033,0.522392,0.584694,0.256984,0.587528,0.311287,0.331873,0.302695,0.523754,0.383432,0.433866,0.431839,0.231886,0.23214,0.262207,0.198729,0.352452,0.56573,0.429578,0.708062,0.60076,0.699833,0.479072,0.360597,0.413544,0.304,0.351818,0.572081,0.784207,0.679081,0.707571,0.712176,0.405779,0.409345,0.280168,0.14764,0.546886,0.359329,0.352179,0.263524,0.407429,0.354816,0.465538,0.527607,0.301268,0.276215,0.251291,0.204288,0.406747,0.534975,0.425153,0.277348,0.471485,0.289996,0.356481,0.301152,0.592995,0.4778,0.486071,0.254166,0.54165,0.421457,0.447711,0.440762,0.485268,0.649897,0.639869,0.319566,0.223183,0.490185,0.565554,0.544237,0.594918,0.792005,0.757488,0.806044,0.605155,0.41364,0.726891,,,,,,,,,,,,,,,,,,,,,,,,,,,,,,,,,,,,,,,,,,,,,,,,,,,,,,,,,,,,,,,,,,,,,,,,,,,,,,,,,,,,,,,,,,,,,,,,,,,,,,,,,,,,,,,,,,,,,,,,,,,,,,,,,,,,,,,,,,,,,,,,,,,,,,,,,,,,,,,,,,,,,,,,,,,,,,,,,,,,
2.4GPa_decomp_16.0-21.0,0.773374,0.811095,0.80763,0.626862,0.575617,0.647553,0.467385,0.640352,0.774072,0.619203,0.49424,0.442922,0.495637,0.356793,0.566233,0.528271,0.424254,0.61226,0.641195,0.571177,0.56535,0.54698,0.472205,0.465384,0.606006,0.345262,0.231552,0.261759,0.273057,0.636792,0.578786,0.662985,0.786307,0.826589,0.822084,0.666937,0.568824,0.650846,0.486525,0.621197,0.791336,0.636434,0.502772,0.595298,0.730048,0.509802,0.442778,0.304309,0.280113,0.678093,0.611304,0.542234,0.458843,0.539014,0.461841,0.583276,0.623532,0.369251,0.290088,0.24243,0.275034,0.673873,0.667403,0.689074,0.570409,0.684532,0.689289,0.649668,0.678748,0.608303,0.635145,0.440701,0.378297,0.664931,0.625762,0.628967,0.619522,0.487837,0.618869,0.658697,0.781288,0.845267,0.679312,0.564278,0.663553,0.682627,0.641243,0.632444,0.621123,0.725369,0.772035,0.573726,0.46234,,,,,,,,,,,,,,,,,,,,,,,,,,,,,,,,,,,,,,,,,,,,,,,,,,,,,,,,,,,,,,,,,,,,,,,,,,,,,,,,,,,,,,,,,,,,,,,,,,,,,,,,,,,,,,,,,,,,,,,,,,,,,,,,,,,,,,,,,,,,,,,,,,,,,,,,,,,,,,,,,,,,,,,,,,,,,,,,,,,
2.4GPa_decomp_17.0-22.0,0.737002,0.793947,0.549734,0.715253,0.723152,0.741673,0.669616,0.657713,0.763154,0.39985,0.308878,0.309689,0.452506,0.380992,0.62285,0.534333,0.449687,0.532313,0.748269,0.715779,0.728454,0.612099,0.574933,0.440761,0.605045,0.424295,0.373573,0.374793,0.30604,0.661556,0.632594,0.692511,0.753051,0.802196,0.563047,0.709323,0.711896,0.733085,0.677265,0.667669,0.772563,0.448415,0.368162,0.451412,0.66831,0.544047,0.625739,0.414976,0.311531,0.571186,0.733851,0.698537,0.674904,0.653684,0.614106,0.574334,0.680095,0.415579,0.407281,0.32394,0.303482,0.715458,0.664856,0.700365,0.594447,0.648854,0.734612,0.721635,0.719758,0.635981,0.673758,0.533859,0.449339,0.650511,0.661794,0.671411,0.683765,0.581869,0.736958,0.657156,0.599179,0.577918,0.806563,0.746881,0.870094,0.762107,0.656982,0.465463,0.523907,0.536572,0.759711,0.494886,0.329706,0.760906,,,,,,,,,,,,,,,,,,,,,,,,,,,,,,,,,,,,,,,,,,,,,,,,,,,,,,,,,,,,,,,,,,,,,,,,,,,,,,,,,,,,,,,,,,,,,,,,,,,,,,,,,,,,,,,,,,,,,,,,,,,,,,,,,,,,,,,,,,,,,,,,,,,,,,,,,,,,,,,,,,,,,,,,,,,,,,,,,,
2.4GPa_decomp_18.0-23.0,0.697567,0.763849,0.45738,0.682091,0.787589,0.769371,0.777281,0.69871,0.714197,0.410466,0.305595,0.361536,0.52038,0.422146,0.656005,0.48345,0.479864,0.515095,0.720959,0.675641,0.742013,0.578021,0.566529,0.382949,0.486172,0.434191,0.427845,0.449652,0.238942,0.619604,0.649754,0.671348,0.705725,0.75521,0.461632,0.668791,0.796762,0.767061,0.785343,0.715191,0.715307,0.432254,0.373823,0.465173,0.635778,0.491523,0.654186,0.412123,0.340126,0.51933,0.741844,0.701042,0.764424,0.648838,0.671087,0.56408,0.657345,0.362705,0.394725,0.307624,0.233655,0.658476,0.620107,0.653675,0.538243,0.552282,0.627275,0.605918,0.622268,0.586196,0.630745,0.51645,0.421158,0.607508,0.653134,0.640124,0.652557,0.470279,0.726261,0.449581,0.376471,0.371736,0.858565,0.697663,0.906412,0.684589,0.707953,0.463418,0.552715,0.410924,0.603722,0.539743,0.424206,0.509282,0.800909,,,,,,,,,,,,,,,,,,,,,,,,,,,,,,,,,,,,,,,,,,,,,,,,,,,,,,,,,,,,,,,,,,,,,,,,,,,,,,,,,,,,,,,,,,,,,,,,,,,,,,,,,,,,,,,,,,,,,,,,,,,,,,,,,,,,,,,,,,,,,,,,,,,,,,,,,,,,,,,,,,,,,,,,,,,,,,,,,
3.9GPa_3.0-8.0,0.232156,0.225619,0.291506,0.269365,0.236561,0.24475,0.211375,0.27114,0.275949,0.238034,0.241935,0.261449,0.263643,0.209831,0.396097,0.416485,0.863924,0.792481,0.52503,0.538478,0.51977,0.513485,0.48694,0.435543,0.49189,0.366263,0.337756,0.345222,0.327476,0.423508,0.455391,0.457905,0.231664,0.221116,0.271032,0.269387,0.235119,0.244513,0.212401,0.26275,0.285327,0.225263,0.23688,0.250268,0.259352,0.154508,0.40447,0.338023,0.885747,0.734112,0.506451,0.510037,0.433309,0.460487,0.444741,0.535745,0.569968,0.323894,0.287066,0.268724,0.266292,0.455947,0.469859,0.463255,0.567689,0.610391,0.445065,0.475643,0.468418,0.506598,0.492921,0.386841,0.414211,0.532717,0.521104,0.527559,0.528464,0.174881,0.293041,0.248702,0.19741,0.162274,0.185465,0.159814,0.179766,0.151425,0.170519,0.228283,0.234583,0.23912,0.301601,0.281855,0.2253,0.210473,0.241853,0.320437,,,,,,,,,,,,,,,,,,,,,,,,,,,,,,,,,,,,,,,,,,,,,,,,,,,,,,,,,,,,,,,,,,,,,,,,,,,,,,,,,,,,,,,,,,,,,,,,,,,,,,,,,,,,,,,,,,,,,,,,,,,,,,,,,,,,,,,,,,,,,,,,,,,,,,,,,,,,,,,,,,,,,,,,,,,,,,,,
3.9GPa_4.0-9.0,0.745272,0.7244,0.666203,0.654178,0.588844,0.626717,0.510242,0.695266,0.74689,0.675271,0.685586,0.671638,0.635377,0.51055,0.785184,0.7294,0.846082,0.952574,0.761377,0.73702,0.728013,0.737605,0.671897,0.695888,0.768642,0.506117,0.457244,0.490366,0.418591,0.740367,0.804752,0.809029,0.745717,0.719675,0.663607,0.68804,0.595677,0.635123,0.524533,0.670804,0.762093,0.670962,0.694688,0.725257,0.738823,0.508783,0.626998,0.429153,0.77191,0.978224,0.752801,0.71179,0.619452,0.673854,0.636993,0.848976,0.840496,0.450742,0.395699,0.396278,0.371071,0.782308,0.833373,0.818936,0.731395,0.87133,0.725863,0.745111,0.756342,0.794106,0.795805,0.648827,0.565161,0.852646,0.824677,0.816129,0.81603,0.392209,0.61135,0.597585,0.64559,0.60556,0.599784,0.466111,0.57278,0.499143,0.552044,0.730601,0.721535,0.728162,0.781916,0.721987,0.522524,0.644249,0.589828,0.588933,0.753502,,,,,,,,,,,,,,,,,,,,,,,,,,,,,,,,,,,,,,,,,,,,,,,,,,,,,,,,,,,,,,,,,,,,,,,,,,,,,,,,,,,,,,,,,,,,,,,,,,,,,,,,,,,,,,,,,,,,,,,,,,,,,,,,,,,,,,,,,,,,,,,,,,,,,,,,,,,,,,,,,,,,,,,,,,,,,,,
3.9GPa_5.0-10.0,0.567379,0.63368,0.548728,0.736292,0.838931,0.831298,0.803441,0.722761,0.765407,0.384642,0.262265,0.333262,0.480806,0.531427,0.673833,0.616897,0.672716,0.570639,0.907112,0.869663,0.907753,0.72162,0.749654,0.59015,0.706104,0.747618,0.688254,0.676904,0.467848,0.765493,0.749396,0.823199,0.588799,0.644645,0.546883,0.732295,0.835814,0.823476,0.81333,0.733506,0.764068,0.458978,0.339845,0.462011,0.627095,0.643628,0.707755,0.521357,0.584136,0.612786,0.946647,0.927744,0.960039,0.858234,0.889291,0.740868,0.782287,0.61713,0.593631,0.501079,0.446716,0.808152,0.757823,0.814555,0.770559,0.737957,0.784737,0.745906,0.776024,0.707994,0.790829,0.610214,0.684611,0.765043,0.814119,0.806188,0.806632,0.400748,0.670965,0.364969,0.425109,0.516586,0.758685,0.593346,0.67992,0.520703,0.536152,0.375311,0.438382,0.320086,0.622566,0.452875,0.269205,0.577236,0.728614,0.754113,0.469204,0.681684,,,,,,,,,,,,,,,,,,,,,,,,,,,,,,,,,,,,,,,,,,,,,,,,,,,,,,,,,,,,,,,,,,,,,,,,,,,,,,,,,,,,,,,,,,,,,,,,,,,,,,,,,,,,,,,,,,,,,,,,,,,,,,,,,,,,,,,,,,,,,,,,,,,,,,,,,,,,,,,,,,,,,,,,,,,,,,
3.9GPa_6.0-11.0,0.570246,0.579743,0.535288,0.645241,0.725575,0.746166,0.706022,0.666452,0.719181,0.39472,0.315562,0.373907,0.522739,0.609992,0.66997,0.617555,0.665037,0.613607,0.847111,0.90135,0.901023,0.829979,0.822181,0.628301,0.76338,0.738011,0.755975,0.732641,0.555731,0.801778,0.790196,0.806507,0.590874,0.585716,0.536516,0.641623,0.72648,0.751894,0.716028,0.672181,0.722479,0.481998,0.398175,0.491827,0.632397,0.672214,0.708055,0.528671,0.599651,0.634063,0.890539,0.937297,0.914644,0.918605,0.896173,0.748591,0.811604,0.609542,0.610153,0.53067,0.497279,0.802237,0.783048,0.79752,0.775158,0.7631,0.731575,0.74979,0.744319,0.783431,0.79836,0.629555,0.710006,0.767862,0.809748,0.81362,0.815289,0.53079,0.664767,0.471553,0.482363,0.468657,0.658405,0.666884,0.633667,0.574439,0.543548,0.400329,0.489206,0.380608,0.624497,0.449681,0.289176,0.523362,0.696878,0.660202,0.493507,0.67654,0.909599,,,,,,,,,,,,,,,,,,,,,,,,,,,,,,,,,,,,,,,,,,,,,,,,,,,,,,,,,,,,,,,,,,,,,,,,,,,,,,,,,,,,,,,,,,,,,,,,,,,,,,,,,,,,,,,,,,,,,,,,,,,,,,,,,,,,,,,,,,,,,,,,,,,,,,,,,,,,,,,,,,,,,,,,,,,,,
3.9GPa_7.0-12.0,0.479161,0.541232,0.404473,0.617557,0.732637,0.713943,0.717006,0.642025,0.648344,0.286545,0.18962,0.263314,0.413292,0.502244,0.614475,0.529822,0.578584,0.489965,0.794293,0.810075,0.87485,0.745079,0.750534,0.593632,0.633298,0.666189,0.661089,0.654339,0.413108,0.718471,0.708747,0.74055,0.497559,0.545001,0.402885,0.604324,0.731829,0.708011,0.723961,0.645384,0.648111,0.348327,0.27283,0.372615,0.519336,0.574761,0.64744,0.495083,0.522762,0.511493,0.841436,0.858415,0.961398,0.888736,0.897454,0.699776,0.728059,0.527655,0.539488,0.463007,0.40019,0.733543,0.685663,0.725763,0.666056,0.628772,0.66219,0.649932,0.674572,0.673323,0.712605,0.554444,0.653391,0.675158,0.745526,0.733982,0.743234,0.418315,0.653428,0.310377,0.313504,0.364568,0.669587,0.563474,0.676785,0.504833,0.51817,0.302988,0.377745,0.23363,0.511962,0.386415,0.228375,0.42387,0.676984,0.752955,0.419806,0.585735,0.910709,0.916433,,,,,,,,,,,,,,,,,,,,,,,,,,,,,,,,,,,,,,,,,,,,,,,,,,,,,,,,,,,,,,,,,,,,,,,,,,,,,,,,,,,,,,,,,,,,,,,,,,,,,,,,,,,,,,,,,,,,,,,,,,,,,,,,,,,,,,,,,,,,,,,,,,,,,,,,,,,,,,,,,,,,,,,,,,,,
3.9GPa_8.0-13.0,0.535346,0.535149,0.579985,0.624791,0.604702,0.636095,0.595983,0.613227,0.705109,0.432246,0.318797,0.411924,0.599099,0.711492,0.676634,0.677554,0.56414,0.549201,0.709938,0.798326,0.814135,0.930556,0.89146,0.683863,0.675537,0.646436,0.704983,0.703134,0.638402,0.752365,0.7888,0.788824,0.553278,0.537536,0.576928,0.62179,0.613653,0.650463,0.605798,0.621274,0.706931,0.50589,0.390236,0.502773,0.651716,0.745333,0.705364,0.564402,0.519617,0.550972,0.753407,0.801137,0.788663,0.934126,0.88921,0.762872,0.819424,0.622963,0.622726,0.536335,0.586611,0.772716,0.779701,0.769521,0.722172,0.720299,0.643696,0.683401,0.66849,0.857044,0.813743,0.672401,0.779892,0.775913,0.807959,0.825805,0.827166,0.584573,0.694329,0.4485,0.41382,0.371858,0.592266,0.674592,0.616266,0.610182,0.615023,0.388433,0.489982,0.324586,0.53568,0.40172,0.404665,0.452275,0.595617,0.593452,0.403145,0.590537,0.711967,0.832033,0.816548,,,,,,,,,,,,,,,,,,,,,,,,,,,,,,,,,,,,,,,,,,,,,,,,,,,,,,,,,,,,,,,,,,,,,,,,,,,,,,,,,,,,,,,,,,,,,,,,,,,,,,,,,,,,,,,,,,,,,,,,,,,,,,,,,,,,,,,,,,,,,,,,,,,,,,,,,,,,,,,,,,,,,,,,,,,
3.9GPa_9.0-14.0,0.601574,0.608199,0.593005,0.702392,0.688607,0.705302,0.674292,0.678367,0.762923,0.479048,0.367247,0.454213,0.632898,0.707155,0.732486,0.703708,0.589088,0.581526,0.749262,0.813179,0.843163,0.918031,0.882475,0.701131,0.69508,0.648398,0.688936,0.691736,0.589837,0.768915,0.81586,0.818601,0.615983,0.607862,0.590419,0.699563,0.696389,0.713007,0.681959,0.686708,0.765477,0.549168,0.440686,0.548707,0.692911,0.737912,0.734754,0.568475,0.523359,0.592122,0.796063,0.822416,0.833481,0.93319,0.90633,0.793696,0.836998,0.614509,0.618159,0.512754,0.53115,0.800118,0.803744,0.798597,0.718349,0.726038,0.677228,0.694819,0.693442,0.855278,0.837656,0.67854,0.759799,0.796289,0.834355,0.844295,0.846618,0.531846,0.723328,0.443746,0.41198,0.40945,0.684169,0.687843,0.675718,0.603738,0.641834,0.437772,0.542617,0.359846,0.593651,0.480778,0.451016,0.498177,0.648798,0.678764,0.411476,0.641128,0.767711,0.842395,0.860432,0.980237,,,,,,,,,,,,,,,,,,,,,,,,,,,,,,,,,,,,,,,,,,,,,,,,,,,,,,,,,,,,,,,,,,,,,,,,,,,,,,,,,,,,,,,,,,,,,,,,,,,,,,,,,,,,,,,,,,,,,,,,,,,,,,,,,,,,,,,,,,,,,,,,,,,,,,,,,,,,,,,,,,,,,,,,,,
3.9GPa_10.0-15.0,0.515142,0.510531,0.579046,0.527759,0.479942,0.51634,0.41632,0.562742,0.589405,0.549083,0.544917,0.551078,0.54606,0.52907,0.690218,0.638476,0.48989,0.6228,0.670956,0.656441,0.654522,0.714072,0.584767,0.971346,0.762029,0.52697,0.485435,0.459544,0.34654,0.697923,0.736999,0.742,0.517352,0.50701,0.578204,0.554044,0.484791,0.525596,0.428651,0.539834,0.614846,0.525264,0.535243,0.576922,0.604965,0.527227,0.500209,0.413041,0.512388,0.683042,0.675868,0.644383,0.571897,0.665285,0.562338,0.918466,0.794003,0.45911,0.443232,0.402998,0.359557,0.72366,0.761489,0.742745,0.602845,0.759315,0.658088,0.685548,0.691495,0.750977,0.69734,0.699848,0.697501,0.786778,0.752145,0.753061,0.749071,0.436648,0.619571,0.443885,0.553619,0.466999,0.402222,0.350896,0.419234,0.392872,0.409505,0.525001,0.525293,0.547952,0.600018,0.558254,0.455706,0.491465,0.439444,0.401222,0.408498,0.69919,0.565716,0.58263,0.551256,0.648704,0.672333,,,,,,,,,,,,,,,,,,,,,,,,,,,,,,,,,,,,,,,,,,,,,,,,,,,,,,,,,,,,,,,,,,,,,,,,,,,,,,,,,,,,,,,,,,,,,,,,,,,,,,,,,,,,,,,,,,,,,,,,,,,,,,,,,,,,,,,,,,,,,,,,,,,,,,,,,,,,,,,,,,,,,,,,,
3.9GPa_11.0-16.0,0.331757,0.324689,0.482563,0.57252,0.54963,0.554085,0.536584,0.549167,0.627858,0.336482,0.315559,0.375317,0.489814,0.652249,0.663937,0.691356,0.643137,0.506231,0.7675,0.796548,0.776293,0.833457,0.848941,0.822263,0.791524,0.746894,0.762088,0.712089,0.68333,0.792125,0.78541,0.821436,0.348395,0.328305,0.472089,0.562568,0.547242,0.555461,0.541147,0.556908,0.632361,0.397219,0.36962,0.445047,0.545718,0.746154,0.652069,0.651979,0.680483,0.554588,0.785561,0.794086,0.690126,0.781122,0.779618,0.86809,0.86293,0.712579,0.696635,0.585405,0.66969,0.817563,0.808193,0.819469,0.849798,0.806366,0.72066,0.767257,0.759727,0.840552,0.839823,0.747325,0.936473,0.840565,0.856567,0.866849,0.866987,0.30731,0.453785,0.269976,0.372503,0.339148,0.384917,0.389688,0.338172,0.304209,0.339503,0.293054,0.341021,0.231833,0.486185,0.384359,0.262112,0.349942,0.422904,0.401076,0.470099,0.610653,0.669586,0.70742,0.648625,0.774511,0.754844,0.787594,,,,,,,,,,,,,,,,,,,,,,,,,,,,,,,,,,,,,,,,,,,,,,,,,,,,,,,,,,,,,,,,,,,,,,,,,,,,,,,,,,,,,,,,,,,,,,,,,,,,,,,,,,,,,,,,,,,,,,,,,,,,,,,,,,,,,,,,,,,,,,,,,,,,,,,,,,,,,,,,,,,,,,,,
3.9GPa_12.0-17.0,0.305253,0.266337,0.36968,0.571076,0.569907,0.565626,0.594478,0.474637,0.536594,0.292556,0.259688,0.352213,0.523346,0.7115,0.618729,0.627781,0.413699,0.323512,0.59258,0.629286,0.60074,0.688297,0.721392,0.642502,0.623479,0.725961,0.787487,0.659751,0.614954,0.634818,0.654284,0.698131,0.32052,0.265184,0.364474,0.544446,0.567776,0.563915,0.587737,0.510675,0.538195,0.384625,0.327259,0.393918,0.499918,0.710639,0.582499,0.55657,0.428878,0.353921,0.653492,0.666701,0.580665,0.658392,0.665519,0.663249,0.690235,0.803987,0.82897,0.503873,0.593092,0.674289,0.671158,0.677461,0.671703,0.594899,0.533843,0.567394,0.54474,0.708006,0.68699,0.657609,0.795449,0.677887,0.70598,0.727153,0.720966,0.274357,0.387513,0.172785,0.257144,0.221257,0.419476,0.436225,0.264529,0.21465,0.263911,0.206308,0.319568,0.138398,0.402183,0.306164,0.287041,0.253268,0.360032,0.364296,0.296095,0.411044,0.547249,0.6066,0.54158,0.693559,0.672518,0.602176,0.769596,,,,,,,,,,,,,,,,,,,,,,,,,,,,,,,,,,,,,,,,,,,,,,,,,,,,,,,,,,,,,,,,,,,,,,,,,,,,,,,,,,,,,,,,,,,,,,,,,,,,,,,,,,,,,,,,,,,,,,,,,,,,,,,,,,,,,,,,,,,,,,,,,,,,,,,,,,,,,,,,,,,,,,,
3.9GPa_13.0-18.0,0.313984,0.260166,0.37107,0.538725,0.538288,0.535706,0.569806,0.471015,0.522192,0.31094,0.273234,0.362759,0.541072,0.712208,0.605473,0.599723,0.388059,0.314533,0.559317,0.609772,0.57566,0.684315,0.712442,0.618566,0.632323,0.687905,0.796378,0.671876,0.627444,0.615823,0.643611,0.677814,0.327668,0.257186,0.366122,0.517697,0.539876,0.537132,0.563839,0.506781,0.523026,0.404604,0.339678,0.399127,0.501172,0.701351,0.575982,0.550445,0.398876,0.33669,0.616429,0.637728,0.536908,0.632544,0.63527,0.64232,0.68128,0.785401,0.842027,0.51277,0.595672,0.651489,0.657401,0.659285,0.656738,0.581359,0.510983,0.554168,0.527708,0.699523,0.66327,0.63473,0.767334,0.654878,0.686012,0.705227,0.698715,0.275535,0.374499,0.181645,0.236745,0.206521,0.407712,0.444231,0.261215,0.225202,0.286896,0.219134,0.335131,0.145938,0.390855,0.30755,0.319292,0.225784,0.334922,0.347972,0.277232,0.3919,0.505128,0.58299,0.503134,0.685282,0.658229,0.581265,0.762972,0.983176,,,,,,,,,,,,,,,,,,,,,,,,,,,,,,,,,,,,,,,,,,,,,,,,,,,,,,,,,,,,,,,,,,,,,,,,,,,,,,,,,,,,,,,,,,,,,,,,,,,,,,,,,,,,,,,,,,,,,,,,,,,,,,,,,,,,,,,,,,,,,,,,,,,,,,,,,,,,,,,,,,,,,,
3.9GPa_14.0-19.0,0.474553,0.463959,0.463108,0.700733,0.628841,0.631243,0.624929,0.658641,0.686071,0.438749,0.430164,0.562521,0.662198,0.743947,0.702903,0.667938,0.49901,0.442542,0.654603,0.647079,0.651675,0.690139,0.739159,0.510898,0.613015,0.721503,0.773319,0.827348,0.575004,0.695984,0.753307,0.742798,0.485958,0.4735,0.453333,0.690942,0.629057,0.623478,0.622165,0.661018,0.674191,0.525775,0.494294,0.610714,0.676957,0.757258,0.801979,0.554468,0.447192,0.476078,0.697404,0.680013,0.625481,0.660999,0.721972,0.638845,0.702561,0.640717,0.641953,0.803953,0.67866,0.747679,0.745981,0.710608,0.681475,0.655574,0.591169,0.601288,0.605862,0.711859,0.73529,0.757169,0.70896,0.72858,0.739866,0.758807,0.752673,0.205775,0.415425,0.251212,0.285196,0.298203,0.559197,0.456796,0.40878,0.287228,0.391762,0.389473,0.476363,0.26909,0.529026,0.383791,0.348735,0.284475,0.404118,0.48911,0.338519,0.533914,0.624667,0.602024,0.562187,0.625067,0.634684,0.511454,0.668519,0.623666,0.62184,,,,,,,,,,,,,,,,,,,,,,,,,,,,,,,,,,,,,,,,,,,,,,,,,,,,,,,,,,,,,,,,,,,,,,,,,,,,,,,,,,,,,,,,,,,,,,,,,,,,,,,,,,,,,,,,,,,,,,,,,,,,,,,,,,,,,,,,,,,,,,,,,,,,,,,,,,,,,,,,,,,,,
3.9GPa_15.0-20.0,0.539828,0.525796,0.64242,0.58068,0.477511,0.517309,0.44666,0.64481,0.725363,0.542749,0.510484,0.583135,0.67096,0.720985,0.68418,0.701345,0.482004,0.512202,0.595165,0.626502,0.599841,0.749484,0.764499,0.517865,0.598003,0.561847,0.658766,0.745252,0.744592,0.692295,0.756933,0.732724,0.550061,0.538994,0.635993,0.609346,0.491607,0.531693,0.459908,0.644364,0.72143,0.593277,0.542503,0.649199,0.715949,0.78033,0.701791,0.600455,0.426286,0.540355,0.606421,0.606198,0.462005,0.607217,0.627846,0.63105,0.719649,0.573102,0.599027,0.771613,0.79229,0.760562,0.793527,0.72647,0.724799,0.728897,0.613974,0.651387,0.635856,0.781103,0.751823,0.644307,0.699595,0.756183,0.738765,0.763131,0.753311,0.293329,0.416939,0.374823,0.369096,0.391499,0.469099,0.444784,0.401435,0.397016,0.500947,0.52223,0.551955,0.400291,0.532716,0.460629,0.506299,0.451819,0.382298,0.337261,0.340393,0.57275,0.475096,0.524507,0.392056,0.623342,0.613435,0.510022,0.638556,0.503007,0.529618,0.784948,,,,,,,,,,,,,,,,,,,,,,,,,,,,,,,,,,,,,,,,,,,,,,,,,,,,,,,,,,,,,,,,,,,,,,,,,,,,,,,,,,,,,,,,,,,,,,,,,,,,,,,,,,,,,,,,,,,,,,,,,,,,,,,,,,,,,,,,,,,,,,,,,,,,,,,,,,,,,,,,,,,,
3.9GPa_16.0-21.0,0.684004,0.691628,0.674258,0.762075,0.72533,0.749308,0.663854,0.80704,0.877173,0.542017,0.553656,0.561599,0.629455,0.691282,0.84091,0.78489,0.672843,0.675685,0.8611,0.845242,0.828072,0.836613,0.838852,0.74618,0.836394,0.702436,0.677463,0.682367,0.667066,0.919129,0.877714,0.947152,0.699516,0.702863,0.67882,0.772776,0.71548,0.74238,0.672527,0.799454,0.886518,0.605812,0.610186,0.692914,0.798701,0.812769,0.735274,0.633264,0.596588,0.751565,0.856584,0.820705,0.699876,0.769338,0.760788,0.874374,0.912006,0.667073,0.645649,0.590972,0.655957,0.963856,0.942984,0.960177,0.90098,0.924546,0.86863,0.87732,0.888781,0.882567,0.92142,0.7412,0.816797,0.928205,0.938468,0.938261,0.937325,0.374854,0.553569,0.515312,0.687447,0.6921,0.658912,0.550072,0.596051,0.508356,0.520538,0.585617,0.611247,0.595115,0.838314,0.63774,0.366686,0.734763,0.720396,0.590837,0.447644,0.793613,0.758442,0.757944,0.65028,0.708881,0.733489,0.726906,0.788805,0.647415,0.621199,0.666915,0.728842,,,,,,,,,,,,,,,,,,,,,,,,,,,,,,,,,,,,,,,,,,,,,,,,,,,,,,,,,,,,,,,,,,,,,,,,,,,,,,,,,,,,,,,,,,,,,,,,,,,,,,,,,,,,,,,,,,,,,,,,,,,,,,,,,,,,,,,,,,,,,,,,,,,,,,,,,,,,,,,,,,,
3.9GPa_17.0-22.0,0.682538,0.687971,0.681197,0.787796,0.727927,0.746698,0.674103,0.800343,0.885783,0.551297,0.552035,0.576692,0.656799,0.719245,0.852276,0.821066,0.680625,0.679344,0.874897,0.869058,0.850307,0.869318,0.873805,0.761392,0.843347,0.729221,0.725626,0.721614,0.715787,0.906368,0.900715,0.960446,0.698438,0.696603,0.681799,0.800517,0.723951,0.744314,0.685044,0.797578,0.890984,0.616254,0.606508,0.688658,0.804623,0.837988,0.766533,0.654002,0.607872,0.745686,0.879519,0.852316,0.727577,0.794229,0.791654,0.887305,0.938975,0.700897,0.691878,0.636164,0.693024,0.964477,0.961227,0.973594,0.914096,0.936371,0.872473,0.891911,0.895662,0.91757,0.945654,0.79118,0.850577,0.949768,0.955541,0.958614,0.959801,0.39763,0.591673,0.532128,0.638896,0.625851,0.664654,0.573018,0.613555,0.525149,0.547673,0.590213,0.614278,0.566688,0.818255,0.619174,0.40025,0.681553,0.726436,0.609196,0.464548,0.794902,0.776943,0.778626,0.672572,0.739807,0.760903,0.736401,0.826923,0.683047,0.668753,0.712665,0.753534,0.980607,,,,,,,,,,,,,,,,,,,,,,,,,,,,,,,,,,,,,,,,,,,,,,,,,,,,,,,,,,,,,,,,,,,,,,,,,,,,,,,,,,,,,,,,,,,,,,,,,,,,,,,,,,,,,,,,,,,,,,,,,,,,,,,,,,,,,,,,,,,,,,,,,,,,,,,,,,,,,,,,,,
3.9GPa_18.0-23.0,0.67676,0.701253,0.678721,0.785723,0.736043,0.74983,0.675443,0.842667,0.885704,0.540327,0.54489,0.559402,0.612982,0.67674,0.854744,0.800387,0.673926,0.669123,0.876174,0.851455,0.848376,0.831672,0.843094,0.747247,0.817812,0.703838,0.6854,0.682139,0.685223,0.893417,0.869996,0.965284,0.693387,0.712263,0.681217,0.806164,0.727981,0.741669,0.687025,0.832698,0.889175,0.607073,0.598397,0.683449,0.788263,0.808065,0.731773,0.614161,0.600837,0.749001,0.87042,0.827171,0.719285,0.76029,0.761256,0.88784,0.913557,0.668521,0.654996,0.583121,0.654192,0.952775,0.942564,0.981829,0.906193,0.925213,0.888758,0.884501,0.911516,0.880403,0.923891,0.744064,0.825958,0.9329,0.956838,0.945469,0.944807,0.33395,0.55555,0.47366,0.657474,0.696018,0.671863,0.506763,0.59869,0.481703,0.512434,0.592913,0.59706,0.575551,0.829657,0.607486,0.353907,0.70859,0.700608,0.599337,0.453882,0.804,0.774081,0.751674,0.665186,0.703422,0.732932,0.727592,0.793776,0.654675,0.634775,0.67175,0.706444,0.97502,0.98367,,,,,,,,,,,,,,,,,,,,,,,,,,,,,,,,,,,,,,,,,,,,,,,,,,,,,,,,,,,,,,,,,,,,,,,,,,,,,,,,,,,,,,,,,,,,,,,,,,,,,,,,,,,,,,,,,,,,,,,,,,,,,,,,,,,,,,,,,,,,,,,,,,,,,,,,,,,,,,,,,
5GPa_3.0-8.0,0.748222,0.65938,0.650048,0.678018,0.570402,0.620213,0.517501,0.676919,0.789583,0.727177,0.776465,0.79437,0.762912,0.706394,0.828438,0.824269,0.632084,0.774019,0.701911,0.727946,0.689042,0.820289,0.766124,0.738634,0.767456,0.5949,0.573048,0.613054,0.546554,0.76675,0.890053,0.829516,0.751889,0.650758,0.651712,0.708915,0.588036,0.645275,0.533789,0.662043,0.801519,0.752913,0.807774,0.831991,0.823126,0.725632,0.710471,0.559138,0.574344,0.826425,0.729273,0.725724,0.59739,0.72627,0.695295,0.830533,0.872384,0.560156,0.496316,0.554505,0.544559,0.796366,0.881274,0.824323,0.720922,0.847619,0.665083,0.737834,0.707956,0.883912,0.852209,0.75055,0.695353,0.894153,0.844616,0.852831,0.860007,0.449384,0.605766,0.688215,0.645603,0.507933,0.559101,0.579451,0.528116,0.503863,0.57911,0.786256,0.816052,0.70592,0.759318,0.769684,0.596492,0.532855,0.53001,0.48478,0.51631,0.849762,0.59953,0.671053,0.552936,0.677111,0.695755,0.71725,0.687168,0.521675,0.511837,0.655503,0.709277,0.778676,0.805072,0.778692,,,,,,,,,,,,,,,,,,,,,,,,,,,,,,,,,,,,,,,,,,,,,,,,,,,,,,,,,,,,,,,,,,,,,,,,,,,,,,,,,,,,,,,,,,,,,,,,,,,,,,,,,,,,,,,,,,,,,,,,,,,,,,,,,,,,,,,,,,,,,,,,,,,,,,,,,,,,,,,,
5GPa_4.0-9.0,0.754834,0.717305,0.689679,0.738271,0.683958,0.724967,0.611594,0.803499,0.862713,0.676093,0.723075,0.710015,0.682131,0.673675,0.868262,0.799195,0.698151,0.774261,0.798169,0.78629,0.767693,0.812331,0.789723,0.757989,0.820084,0.627159,0.595998,0.627512,0.571486,0.864867,0.902452,0.9157,0.763826,0.720102,0.695192,0.770905,0.685572,0.731856,0.625379,0.784948,0.873971,0.72527,0.768252,0.812829,0.828601,0.75198,0.707661,0.558729,0.6284,0.86166,0.805545,0.771075,0.656293,0.741411,0.72287,0.892357,0.895087,0.57194,0.515895,0.531138,0.556068,0.885833,0.930445,0.918356,0.817548,0.901497,0.782297,0.807134,0.819931,0.87488,0.896512,0.709393,0.737354,0.928093,0.922012,0.911503,0.911348,0.362242,0.554783,0.578598,0.733518,0.706932,0.63073,0.514923,0.543424,0.469168,0.523043,0.74902,0.755453,0.71784,0.845818,0.739924,0.4563,0.673699,0.598771,0.525426,0.508264,0.894321,0.691693,0.715872,0.606013,0.672952,0.706261,0.744486,0.730335,0.536987,0.516899,0.644115,0.705303,0.897837,0.890365,0.900862,0.932863,,,,,,,,,,,,,,,,,,,,,,,,,,,,,,,,,,,,,,,,,,,,,,,,,,,,,,,,,,,,,,,,,,,,,,,,,,,,,,,,,,,,,,,,,,,,,,,,,,,,,,,,,,,,,,,,,,,,,,,,,,,,,,,,,,,,,,,,,,,,,,,,,,,,,,,,,,,,,,,
5GPa_5.0-10.0,0.607643,0.638639,0.606218,0.793431,0.856232,0.858201,0.830909,0.746956,0.839787,0.465412,0.342574,0.434231,0.602231,0.682797,0.729355,0.706897,0.647045,0.53876,0.857748,0.844603,0.876912,0.810048,0.854229,0.596724,0.71875,0.799015,0.768401,0.770138,0.588928,0.806721,0.830087,0.865248,0.629878,0.647203,0.603794,0.789933,0.860094,0.859144,0.841124,0.764685,0.833277,0.562809,0.434438,0.562765,0.717133,0.788543,0.784892,0.604799,0.543814,0.586797,0.9262,0.918241,0.942922,0.918756,0.966391,0.753947,0.824212,0.69727,0.661656,0.58541,0.561162,0.843435,0.823869,0.845797,0.787967,0.738398,0.730021,0.713945,0.73278,0.799121,0.876091,0.676224,0.768841,0.824153,0.864128,0.865798,0.865277,0.414894,0.669466,0.397458,0.4341,0.505314,0.777434,0.668343,0.667657,0.538596,0.591441,0.439237,0.525664,0.325854,0.631377,0.493181,0.346716,0.553686,0.689384,0.721436,0.395679,0.65899,0.946497,0.890713,0.887613,0.813442,0.854884,0.559921,0.723249,0.619516,0.582314,0.709986,0.588236,0.778269,0.805432,0.788349,0.687019,0.745663,,,,,,,,,,,,,,,,,,,,,,,,,,,,,,,,,,,,,,,,,,,,,,,,,,,,,,,,,,,,,,,,,,,,,,,,,,,,,,,,,,,,,,,,,,,,,,,,,,,,,,,,,,,,,,,,,,,,,,,,,,,,,,,,,,,,,,,,,,,,,,,,,,,,,,,,,,,,,,
5GPa_6.0-11.0,0.618881,0.613699,0.598469,0.674823,0.739965,0.774894,0.725758,0.679035,0.773183,0.457539,0.353728,0.434081,0.613133,0.709364,0.696045,0.669982,0.599053,0.574705,0.790661,0.852939,0.857163,0.89053,0.877787,0.650495,0.751318,0.745979,0.797612,0.776482,0.630875,0.814684,0.836995,0.827011,0.64127,0.618878,0.600706,0.674443,0.750498,0.791775,0.739825,0.697242,0.775479,0.54818,0.439806,0.549083,0.701123,0.774116,0.747236,0.573387,0.523317,0.596192,0.858562,0.905856,0.885125,0.961375,0.935829,0.760104,0.845533,0.662213,0.656348,0.578139,0.571308,0.819568,0.822451,0.809283,0.757267,0.741981,0.673588,0.707488,0.693399,0.85203,0.845299,0.67394,0.760097,0.802515,0.834378,0.847621,0.849994,0.612381,0.725708,0.52107,0.488956,0.44509,0.692069,0.752878,0.662021,0.639275,0.620001,0.456088,0.56171,0.395628,0.613758,0.477257,0.38519,0.522502,0.684941,0.658771,0.403099,0.641509,0.848808,0.951312,0.882188,0.925456,0.921345,0.606004,0.747829,0.678996,0.664904,0.66085,0.619773,0.76522,0.793389,0.75072,0.723943,0.735338,0.91233,,,,,,,,,,,,,,,,,,,,,,,,,,,,,,,,,,,,,,,,,,,,,,,,,,,,,,,,,,,,,,,,,,,,,,,,,,,,,,,,,,,,,,,,,,,,,,,,,,,,,,,,,,,,,,,,,,,,,,,,,,,,,,,,,,,,,,,,,,,,,,,,,,,,,,,,,,,,,
5GPa_7.0-12.0,0.691941,0.724611,0.535947,0.763101,0.872605,0.868408,0.844199,0.767477,0.819824,0.478931,0.375061,0.441036,0.586866,0.61161,0.741922,0.636846,0.519777,0.5041,0.793854,0.767255,0.82863,0.742664,0.750132,0.578603,0.65766,0.685884,0.639108,0.648104,0.41453,0.760998,0.791293,0.815288,0.708679,0.727174,0.54244,0.760612,0.878155,0.868131,0.853905,0.780367,0.82073,0.549892,0.468623,0.571636,0.716722,0.70165,0.724641,0.511456,0.399473,0.556254,0.858403,0.835318,0.922595,0.870338,0.893704,0.720551,0.776133,0.582266,0.559822,0.474797,0.415769,0.789347,0.769519,0.791656,0.655163,0.645462,0.672507,0.654064,0.677732,0.730716,0.792934,0.633055,0.644116,0.754932,0.802728,0.793296,0.800991,0.469216,0.740132,0.457274,0.462341,0.508465,0.84667,0.712916,0.80092,0.613768,0.657425,0.500676,0.588182,0.40902,0.671239,0.575264,0.37902,0.5669,0.772086,0.837964,0.283491,0.629202,0.892376,0.835229,0.913391,0.790238,0.857011,0.560085,0.610448,0.542146,0.50338,0.618768,0.466217,0.720457,0.737118,0.727982,0.653656,0.705038,0.934169,0.87058,,,,,,,,,,,,,,,,,,,,,,,,,,,,,,,,,,,,,,,,,,,,,,,,,,,,,,,,,,,,,,,,,,,,,,,,,,,,,,,,,,,,,,,,,,,,,,,,,,,,,,,,,,,,,,,,,,,,,,,,,,,,,,,,,,,,,,,,,,,,,,,,,,,,,,,,,,,,
5GPa_8.0-13.0,0.785358,0.794634,0.688563,0.798613,0.864842,0.897027,0.82512,0.803931,0.887265,0.615418,0.49751,0.558934,0.695945,0.690141,0.781133,0.702282,0.555241,0.603671,0.805826,0.793122,0.82864,0.817321,0.792981,0.637603,0.743275,0.698795,0.674976,0.685816,0.478309,0.818158,0.858967,0.869049,0.802703,0.797977,0.695434,0.810857,0.875168,0.907717,0.840318,0.812572,0.890978,0.688626,0.576316,0.68883,0.827056,0.767987,0.765322,0.516041,0.426001,0.656754,0.873675,0.857208,0.882566,0.910417,0.899031,0.784313,0.841291,0.604058,0.570916,0.508711,0.454667,0.836816,0.848478,0.847921,0.703267,0.737463,0.700251,0.694977,0.710708,0.820922,0.855428,0.694151,0.679469,0.834257,0.854676,0.853517,0.852043,0.578618,0.794449,0.571281,0.601216,0.613832,0.858377,0.778725,0.793997,0.699903,0.72288,0.613523,0.70086,0.54881,0.752332,0.624189,0.474265,0.665041,0.762591,0.782902,0.309454,0.704875,0.874992,0.856376,0.849175,0.835367,0.880517,0.635472,0.655341,0.582413,0.554726,0.667198,0.576426,0.790108,0.802334,0.787911,0.742535,0.792299,0.939003,0.913587,0.959481,,,,,,,,,,,,,,,,,,,,,,,,,,,,,,,,,,,,,,,,,,,,,,,,,,,,,,,,,,,,,,,,,,,,,,,,,,,,,,,,,,,,,,,,,,,,,,,,,,,,,,,,,,,,,,,,,,,,,,,,,,,,,,,,,,,,,,,,,,,,,,,,,,,,,,,,,,,
5GPa_9.0-14.0,0.741052,0.792509,0.632784,0.779643,0.88172,0.888041,0.849699,0.808086,0.856074,0.539747,0.40027,0.459953,0.610917,0.5965,0.748044,0.653272,0.5307,0.547792,0.809185,0.778042,0.842491,0.761176,0.753519,0.597274,0.682355,0.638987,0.629135,0.635496,0.425992,0.77414,0.810377,0.839508,0.758064,0.793066,0.637946,0.789317,0.891949,0.892735,0.865134,0.820273,0.855958,0.600001,0.479084,0.594381,0.752796,0.699239,0.727984,0.501365,0.404425,0.59881,0.868252,0.838146,0.905825,0.86845,0.879966,0.755674,0.807004,0.531052,0.525331,0.441378,0.392777,0.802395,0.792379,0.819863,0.672934,0.680926,0.703585,0.677894,0.709771,0.759506,0.808915,0.623486,0.642225,0.780114,0.827177,0.812296,0.81425,0.516143,0.788382,0.479653,0.502431,0.566557,0.88396,0.725985,0.837034,0.676953,0.715553,0.554515,0.631544,0.465315,0.686449,0.578643,0.438725,0.624573,0.77397,0.855956,0.294867,0.666086,0.886367,0.827449,0.883757,0.80446,0.869377,0.599213,0.623737,0.538207,0.508992,0.607152,0.503956,0.742157,0.758189,0.75838,0.663482,0.729149,0.924997,0.87212,0.974217,0.972861,,,,,,,,,,,,,,,,,,,,,,,,,,,,,,,,,,,,,,,,,,,,,,,,,,,,,,,,,,,,,,,,,,,,,,,,,,,,,,,,,,,,,,,,,,,,,,,,,,,,,,,,,,,,,,,,,,,,,,,,,,,,,,,,,,,,,,,,,,,,,,,,,,,,,,,,,,
5GPa_10.0-15.0,0.896559,0.887712,0.83749,0.809452,0.719902,0.765064,0.645246,0.813077,0.933762,0.819741,0.763046,0.753845,0.779816,0.651523,0.861513,0.829647,0.552338,0.745808,0.768683,0.733015,0.73305,0.780145,0.720624,0.70071,0.771676,0.571276,0.520946,0.552474,0.472373,0.795648,0.887498,0.885786,0.901417,0.880466,0.840764,0.851499,0.738164,0.784176,0.667798,0.796866,0.942358,0.826496,0.781916,0.845113,0.914583,0.732455,0.676313,0.485551,0.424572,0.81461,0.785846,0.731844,0.645455,0.718038,0.691465,0.840643,0.878028,0.525876,0.466086,0.452938,0.449969,0.843428,0.908476,0.890709,0.718769,0.846418,0.766065,0.778929,0.78856,0.868699,0.868635,0.740293,0.641294,0.909663,0.867235,0.862078,0.857928,0.492131,0.734605,0.689095,0.730671,0.700727,0.781103,0.635392,0.750243,0.681664,0.765229,0.859489,0.863335,0.791829,0.845923,0.798899,0.671015,0.772051,0.701817,0.669576,0.338677,0.828993,0.690909,0.663657,0.593267,0.660817,0.715467,0.732756,0.628652,0.503391,0.487954,0.607176,0.658619,0.843427,0.855433,0.85906,0.854602,0.891406,0.741873,0.71188,0.754255,0.846224,0.815702,,,,,,,,,,,,,,,,,,,,,,,,,,,,,,,,,,,,,,,,,,,,,,,,,,,,,,,,,,,,,,,,,,,,,,,,,,,,,,,,,,,,,,,,,,,,,,,,,,,,,,,,,,,,,,,,,,,,,,,,,,,,,,,,,,,,,,,,,,,,,,,,,,,,,,,,,
5GPa_11.0-16.0,0.440954,0.452706,0.559597,0.669166,0.637657,0.638872,0.628543,0.651717,0.75221,0.403473,0.361464,0.429657,0.561717,0.723462,0.731304,0.769933,0.516861,0.420197,0.784261,0.807924,0.800024,0.853507,0.890375,0.756317,0.725159,0.754627,0.765729,0.726173,0.736513,0.82057,0.830604,0.87476,0.461086,0.454141,0.551746,0.665522,0.642568,0.64601,0.639526,0.664334,0.749003,0.472346,0.427173,0.521644,0.647292,0.867355,0.701966,0.698869,0.511341,0.488559,0.812845,0.814327,0.72135,0.793016,0.815028,0.8321,0.872115,0.728663,0.702193,0.599126,0.723164,0.857611,0.848281,0.869653,0.856828,0.798309,0.754625,0.793333,0.787712,0.878028,0.888356,0.768215,0.956513,0.870256,0.89142,0.897832,0.899135,0.34025,0.511732,0.321336,0.409432,0.388932,0.518132,0.483517,0.469624,0.406101,0.464964,0.394623,0.441148,0.275841,0.532184,0.441035,0.337945,0.429552,0.503723,0.49519,0.300343,0.558883,0.683706,0.705606,0.665175,0.796371,0.785011,0.724657,0.929235,0.782507,0.760481,0.682767,0.676745,0.816037,0.853868,0.836447,0.713722,0.750446,0.77525,0.777051,0.690998,0.731286,0.717828,0.729567,,,,,,,,,,,,,,,,,,,,,,,,,,,,,,,,,,,,,,,,,,,,,,,,,,,,,,,,,,,,,,,,,,,,,,,,,,,,,,,,,,,,,,,,,,,,,,,,,,,,,,,,,,,,,,,,,,,,,,,,,,,,,,,,,,,,,,,,,,,,,,,,,,,,,,,,
5GPa_12.0-17.0,0.578678,0.534633,0.675539,0.638741,0.563285,0.60676,0.537279,0.599845,0.752203,0.561756,0.509326,0.548403,0.669015,0.723941,0.740841,0.807453,0.583777,0.608143,0.697546,0.732977,0.691536,0.829817,0.834301,0.679566,0.723314,0.70852,0.737834,0.699007,0.744666,0.75022,0.824971,0.830685,0.594875,0.531438,0.667759,0.652118,0.583844,0.63494,0.55506,0.619531,0.754644,0.605853,0.546824,0.606472,0.709262,0.793618,0.639253,0.618572,0.53843,0.642306,0.727845,0.737102,0.591687,0.739457,0.731845,0.773815,0.856571,0.770994,0.721587,0.559862,0.701357,0.797108,0.850744,0.829822,0.809163,0.803325,0.670591,0.7438,0.70819,0.894406,0.859713,0.730382,0.818645,0.87114,0.844278,0.864186,0.860893,0.472814,0.575521,0.507803,0.516418,0.413101,0.525991,0.546699,0.47736,0.510236,0.574901,0.572473,0.607932,0.468011,0.577984,0.541061,0.521982,0.510738,0.4889,0.445753,0.424207,0.665905,0.592645,0.665426,0.541128,0.75841,0.730133,0.659177,0.788435,0.805509,0.802282,0.628419,0.702462,0.774544,0.814904,0.785663,0.774293,0.764191,0.693869,0.760181,0.602967,0.703045,0.643858,0.778119,0.842046,,,,,,,,,,,,,,,,,,,,,,,,,,,,,,,,,,,,,,,,,,,,,,,,,,,,,,,,,,,,,,,,,,,,,,,,,,,,,,,,,,,,,,,,,,,,,,,,,,,,,,,,,,,,,,,,,,,,,,,,,,,,,,,,,,,,,,,,,,,,,,,,,,,,,,,
5GPa_13.0-18.0,0.503757,0.471607,0.665505,0.577134,0.526579,0.560286,0.506138,0.577521,0.666048,0.549003,0.429701,0.462606,0.614424,0.662473,0.656718,0.675289,0.514546,0.511492,0.630738,0.655432,0.618308,0.725899,0.733383,0.579096,0.722249,0.62234,0.702006,0.680697,0.669078,0.647911,0.727312,0.740834,0.517253,0.47347,0.660866,0.60179,0.536782,0.576449,0.51532,0.586717,0.665135,0.623298,0.470404,0.541009,0.648282,0.70731,0.578522,0.514556,0.464886,0.54274,0.646157,0.647045,0.514186,0.65098,0.63882,0.660691,0.734476,0.682475,0.734642,0.577601,0.659282,0.693892,0.752245,0.735005,0.73107,0.708524,0.616838,0.666057,0.651636,0.765524,0.739144,0.599966,0.70515,0.752796,0.744603,0.761344,0.744853,0.348688,0.459617,0.394316,0.454921,0.487422,0.483,0.482528,0.40856,0.440416,0.518933,0.446967,0.493635,0.373781,0.526225,0.409389,0.445094,0.475669,0.439386,0.351577,0.345608,0.55004,0.538425,0.587723,0.458484,0.660158,0.633865,0.553269,0.706494,0.697751,0.747201,0.563372,0.650353,0.669212,0.723388,0.697235,0.61835,0.644571,0.636429,0.659434,0.523905,0.616089,0.556047,0.649461,0.697649,0.826486,,,,,,,,,,,,,,,,,,,,,,,,,,,,,,,,,,,,,,,,,,,,,,,,,,,,,,,,,,,,,,,,,,,,,,,,,,,,,,,,,,,,,,,,,,,,,,,,,,,,,,,,,,,,,,,,,,,,,,,,,,,,,,,,,,,,,,,,,,,,,,,,,,,,,,
5GPa_14.0-19.0,0.455878,0.461311,0.556738,0.513802,0.509226,0.5217,0.504933,0.636815,0.668948,0.451581,0.38095,0.459716,0.627187,0.733029,0.690067,0.698961,0.490696,0.448677,0.661605,0.706657,0.698582,0.784645,0.812535,0.567197,0.634386,0.593031,0.757149,0.818039,0.799808,0.756864,0.792879,0.764106,0.469859,0.467266,0.548195,0.528317,0.525446,0.537396,0.517374,0.639886,0.660925,0.496556,0.426078,0.519582,0.635201,0.770047,0.658788,0.601438,0.461437,0.461476,0.669875,0.684592,0.582863,0.682044,0.704043,0.670416,0.75661,0.647111,0.715577,0.755715,0.841424,0.795881,0.801373,0.758902,0.77675,0.724068,0.648445,0.71218,0.687707,0.79301,0.754406,0.65829,0.781222,0.752039,0.772143,0.785252,0.780079,0.356046,0.474099,0.307832,0.284235,0.299554,0.46575,0.45327,0.493225,0.456195,0.566375,0.41964,0.456862,0.281576,0.45894,0.401626,0.436003,0.368546,0.449732,0.470828,0.338671,0.515506,0.552693,0.621026,0.543776,0.720795,0.69143,0.535088,0.732547,0.670409,0.706047,0.703726,0.826275,0.714957,0.76075,0.711267,0.611482,0.619256,0.641745,0.702659,0.556402,0.610724,0.578751,0.606062,0.75414,0.793765,0.779942,,,,,,,,,,,,,,,,,,,,,,,,,,,,,,,,,,,,,,,,,,,,,,,,,,,,,,,,,,,,,,,,,,,,,,,,,,,,,,,,,,,,,,,,,,,,,,,,,,,,,,,,,,,,,,,,,,,,,,,,,,,,,,,,,,,,,,,,,,,,,,,,,,,,,
5GPa_15.0-20.0,0.47007,0.440747,0.524291,0.492097,0.507453,0.517274,0.524796,0.682283,0.677591,0.4401,0.39461,0.458829,0.610217,0.727278,0.709907,0.714085,0.503279,0.438495,0.642227,0.703973,0.683944,0.766181,0.824067,0.489736,0.612283,0.621774,0.768406,0.790365,0.853872,0.717649,0.750294,0.773715,0.486649,0.442806,0.518542,0.51431,0.525527,0.534656,0.539702,0.68854,0.663174,0.513733,0.46144,0.532178,0.634021,0.777334,0.659357,0.597268,0.460174,0.456012,0.650673,0.676294,0.552329,0.645104,0.685548,0.64334,0.750052,0.675847,0.716588,0.614769,0.790586,0.753061,0.767129,0.773666,0.794578,0.715126,0.642685,0.706655,0.685682,0.783725,0.760192,0.619732,0.769084,0.740723,0.78486,0.779284,0.775043,0.319749,0.423704,0.308233,0.321723,0.346481,0.477643,0.464013,0.465842,0.422414,0.541258,0.44578,0.48374,0.297295,0.484838,0.431569,0.391565,0.341666,0.396196,0.4477,0.335008,0.521352,0.529218,0.614044,0.511541,0.694683,0.657871,0.455001,0.708017,0.676251,0.719227,0.624996,0.754827,0.701138,0.74792,0.733495,0.61933,0.640385,0.623649,0.684247,0.530911,0.593095,0.569446,0.613403,0.774363,0.823742,0.768983,0.919952,,,,,,,,,,,,,,,,,,,,,,,,,,,,,,,,,,,,,,,,,,,,,,,,,,,,,,,,,,,,,,,,,,,,,,,,,,,,,,,,,,,,,,,,,,,,,,,,,,,,,,,,,,,,,,,,,,,,,,,,,,,,,,,,,,,,,,,,,,,,,,,,,,,,
5GPa_16.0-21.0,0.556414,0.507455,0.48579,0.536264,0.555681,0.580617,0.522574,0.648462,0.696135,0.470781,0.523237,0.535153,0.589685,0.697021,0.71169,0.658843,0.517228,0.514329,0.673845,0.72231,0.693571,0.737922,0.754019,0.567595,0.678862,0.585889,0.607482,0.689663,0.657594,0.780581,0.793852,0.770228,0.565961,0.511619,0.491477,0.545396,0.560383,0.589357,0.532411,0.638564,0.70218,0.523264,0.592368,0.634074,0.678362,0.753449,0.625368,0.532364,0.459324,0.572647,0.680256,0.696352,0.591746,0.67837,0.686764,0.692296,0.769081,0.498154,0.50673,0.572594,0.632592,0.779452,0.797533,0.770351,0.75161,0.752267,0.648983,0.716676,0.694323,0.759199,0.767885,0.646023,0.708877,0.766475,0.774161,0.776127,0.780895,0.353818,0.415245,0.476841,0.563658,0.472313,0.474125,0.511636,0.506315,0.462002,0.494674,0.527634,0.558345,0.490132,0.669278,0.591919,0.279676,0.42811,0.525189,0.493513,0.331856,0.609266,0.585743,0.64645,0.5232,0.653008,0.639287,0.562466,0.698505,0.491914,0.493821,0.605433,0.68576,0.795471,0.793218,0.739778,0.700648,0.744077,0.659638,0.694624,0.611397,0.684786,0.619513,0.663338,0.698945,0.633898,0.577143,0.701642,0.682123,,,,,,,,,,,,,,,,,,,,,,,,,,,,,,,,,,,,,,,,,,,,,,,,,,,,,,,,,,,,,,,,,,,,,,,,,,,,,,,,,,,,,,,,,,,,,,,,,,,,,,,,,,,,,,,,,,,,,,,,,,,,,,,,,,,,,,,,,,,,,,,,,,,
5GPa_17.0-22.0,0.462999,0.419195,0.504372,0.534071,0.499033,0.527315,0.465478,0.553951,0.661933,0.41369,0.442211,0.458505,0.53202,0.682727,0.621229,0.654733,0.492938,0.445664,0.634862,0.685988,0.647425,0.713644,0.761563,0.494429,0.636771,0.586848,0.621538,0.697367,0.717502,0.717284,0.749836,0.724722,0.476553,0.427237,0.503499,0.542675,0.506695,0.540381,0.477811,0.553867,0.658688,0.477887,0.505346,0.552742,0.61252,0.767713,0.588669,0.567272,0.446228,0.500441,0.649046,0.669815,0.547801,0.648467,0.678883,0.624668,0.731683,0.532783,0.528161,0.599066,0.695249,0.726762,0.760628,0.72972,0.756309,0.71955,0.610471,0.677453,0.649877,0.740101,0.750614,0.637435,0.725628,0.738181,0.736649,0.747829,0.750808,0.314645,0.353308,0.4237,0.487265,0.403344,0.403722,0.457915,0.411165,0.40836,0.447419,0.458317,0.472768,0.382886,0.566878,0.463968,0.238448,0.367968,0.45375,0.394354,0.306215,0.530485,0.547776,0.606158,0.460987,0.631341,0.595711,0.480624,0.705664,0.506431,0.513269,0.626732,0.707826,0.738204,0.762323,0.698703,0.65723,0.682821,0.647142,0.671041,0.543821,0.631071,0.556041,0.610343,0.710142,0.662254,0.616641,0.714697,0.694773,0.96217,,,,,,,,,,,,,,,,,,,,,,,,,,,,,,,,,,,,,,,,,,,,,,,,,,,,,,,,,,,,,,,,,,,,,,,,,,,,,,,,,,,,,,,,,,,,,,,,,,,,,,,,,,,,,,,,,,,,,,,,,,,,,,,,,,,,,,,,,,,,,,,,,,
5GPa_18.0-23.0,0.804917,0.795119,0.744243,0.831844,0.790245,0.820989,0.721697,0.885509,0.951814,0.682481,0.674907,0.691761,0.732929,0.74826,0.900441,0.829987,0.629435,0.694674,0.857456,0.832066,0.830958,0.839629,0.835068,0.730268,0.819495,0.688952,0.662814,0.695416,0.62667,0.902119,0.925123,0.969305,0.818894,0.802558,0.751245,0.861215,0.791739,0.823428,0.736545,0.87343,0.956784,0.749293,0.734982,0.815844,0.892649,0.848522,0.760862,0.590205,0.522724,0.783207,0.869108,0.825053,0.734215,0.790807,0.788821,0.881333,0.913427,0.649111,0.613989,0.588485,0.61311,0.944402,0.966016,0.973513,0.849966,0.901643,0.84665,0.850759,0.872096,0.897372,0.936558,0.749452,0.775536,0.9478,0.957038,0.946745,0.945677,0.402305,0.632193,0.576856,0.726038,0.746658,0.758072,0.605644,0.673615,0.565647,0.631113,0.735648,0.754214,0.685038,0.886529,0.729047,0.474338,0.750336,0.714838,0.645941,0.381177,0.82817,0.773332,0.757229,0.675521,0.727973,0.769472,0.720362,0.734158,0.603863,0.584304,0.696482,0.722326,0.943051,0.945567,0.956262,0.858974,0.950626,0.830095,0.791058,0.804259,0.877456,0.830321,0.932364,0.804667,0.791504,0.69727,0.696432,0.709261,0.767327,0.715854,,,,,,,,,,,,,,,,,,,,,,,,,,,,,,,,,,,,,,,,,,,,,,,,,,,,,,,,,,,,,,,,,,,,,,,,,,,,,,,,,,,,,,,,,,,,,,,,,,,,,,,,,,,,,,,,,,,,,,,,,,,,,,,,,,,,,,,,,,,,,,,,,
6.2GPa_3.0-8.0,0.671149,0.585723,0.597574,0.643241,0.533167,0.573718,0.484492,0.635148,0.735882,0.682203,0.738776,0.764899,0.725608,0.690178,0.798898,0.813481,0.642853,0.755525,0.689637,0.717713,0.681459,0.810316,0.765602,0.743489,0.74968,0.597218,0.579258,0.620619,0.553866,0.746013,0.872113,0.809547,0.674112,0.576751,0.594244,0.670536,0.55048,0.597014,0.49907,0.62072,0.746309,0.704925,0.767523,0.788546,0.765271,0.699573,0.699488,0.574993,0.599748,0.801064,0.715916,0.714356,0.591292,0.711987,0.691913,0.820851,0.864276,0.557513,0.495534,0.568476,0.560388,0.775594,0.858428,0.802846,0.721797,0.835359,0.645541,0.719488,0.68908,0.862294,0.83202,0.72809,0.714564,0.878952,0.833925,0.841386,0.848416,0.394505,0.557021,0.615712,0.572187,0.447736,0.495856,0.505947,0.460089,0.430099,0.520693,0.731723,0.753861,0.634491,0.6971,0.724129,0.55685,0.454385,0.460146,0.440572,0.572436,0.833877,0.584703,0.651781,0.546246,0.665988,0.680283,0.71561,0.697284,0.52627,0.514476,0.662441,0.700997,0.749234,0.780137,0.754114,0.98217,0.908129,0.670795,0.697077,0.619808,0.70083,0.624049,0.806134,0.710333,0.762023,0.604891,0.605401,0.609264,0.676769,0.643066,0.818316,,,,,,,,,,,,,,,,,,,,,,,,,,,,,,,,,,,,,,,,,,,,,,,,,,,,,,,,,,,,,,,,,,,,,,,,,,,,,,,,,,,,,,,,,,,,,,,,,,,,,,,,,,,,,,,,,,,,,,,,,,,,,,,,,,,,,,,,,,,,,,,,
6.2GPa_4.0-9.0,0.726297,0.684669,0.661948,0.73914,0.690949,0.72566,0.626905,0.803275,0.8588,0.657058,0.707636,0.711003,0.692692,0.708633,0.876429,0.811789,0.689746,0.743825,0.804377,0.798906,0.779932,0.828065,0.815826,0.769272,0.817733,0.663293,0.635636,0.667697,0.604597,0.87577,0.913997,0.925326,0.736129,0.687512,0.666381,0.76657,0.692779,0.731847,0.639248,0.788299,0.868842,0.713866,0.760822,0.811103,0.82582,0.784457,0.736555,0.594777,0.624781,0.82972,0.815374,0.786239,0.67215,0.755419,0.747718,0.894876,0.902342,0.599093,0.547483,0.569364,0.596289,0.896285,0.935669,0.924248,0.831554,0.900033,0.783755,0.813309,0.820916,0.883719,0.907509,0.716684,0.774304,0.934136,0.933423,0.924335,0.925214,0.348272,0.543701,0.551394,0.697504,0.671885,0.620138,0.515681,0.527363,0.445718,0.510009,0.720399,0.737941,0.673371,0.826174,0.731729,0.44638,0.632692,0.577787,0.518856,0.501648,0.869909,0.697679,0.7235,0.620144,0.693373,0.723182,0.747999,0.757926,0.566017,0.544458,0.677149,0.726336,0.899737,0.895189,0.901099,0.9379,0.994479,0.762047,0.748734,0.713621,0.794305,0.730503,0.876029,0.780745,0.775494,0.649521,0.641144,0.659466,0.758011,0.699634,0.947224,0.922807,,,,,,,,,,,,,,,,,,,,,,,,,,,,,,,,,,,,,,,,,,,,,,,,,,,,,,,,,,,,,,,,,,,,,,,,,,,,,,,,,,,,,,,,,,,,,,,,,,,,,,,,,,,,,,,,,,,,,,,,,,,,,,,,,,,,,,,,,,,,,,,
6.2GPa_5.0-10.0,0.572667,0.597807,0.591297,0.769906,0.82497,0.827165,0.80379,0.719174,0.823082,0.452802,0.334533,0.43156,0.59952,0.699201,0.706105,0.70138,0.62429,0.503256,0.831723,0.827531,0.857014,0.813491,0.871793,0.566829,0.698467,0.807959,0.783948,0.793497,0.619109,0.797351,0.82846,0.851986,0.595737,0.606412,0.5876,0.765807,0.830919,0.831172,0.814612,0.736463,0.814439,0.551925,0.42784,0.556015,0.703567,0.813507,0.773331,0.624225,0.52873,0.551559,0.904712,0.904924,0.927825,0.917156,0.974232,0.72448,0.811775,0.711725,0.677618,0.622585,0.607335,0.832268,0.818089,0.831702,0.792716,0.724791,0.699831,0.695025,0.709803,0.800347,0.872405,0.672264,0.787027,0.818184,0.85434,0.858829,0.858849,0.391556,0.62547,0.377471,0.40902,0.472764,0.737289,0.648514,0.633047,0.51731,0.581667,0.428453,0.51095,0.292074,0.593637,0.472318,0.336663,0.513205,0.647219,0.684435,0.377028,0.625974,0.918303,0.873871,0.867787,0.813026,0.843263,0.52303,0.728821,0.622573,0.588458,0.721836,0.61123,0.75885,0.790217,0.768269,0.68887,0.734883,0.993468,0.909114,0.915337,0.921039,0.902008,0.719455,0.788225,0.705665,0.653335,0.663815,0.647469,0.671943,0.674877,0.814942,0.676677,0.755517,,,,,,,,,,,,,,,,,,,,,,,,,,,,,,,,,,,,,,,,,,,,,,,,,,,,,,,,,,,,,,,,,,,,,,,,,,,,,,,,,,,,,,,,,,,,,,,,,,,,,,,,,,,,,,,,,,,,,,,,,,,,,,,,,,,,,,,,,,,,,,
6.2GPa_6.0-11.0,0.632375,0.633492,0.628083,0.67967,0.728855,0.769382,0.703807,0.67803,0.782468,0.485136,0.382822,0.457973,0.61959,0.700906,0.694202,0.670065,0.591634,0.592255,0.797054,0.852623,0.861468,0.903093,0.876535,0.675797,0.757149,0.744097,0.768312,0.755963,0.603138,0.821136,0.84458,0.835888,0.654281,0.639341,0.630345,0.683372,0.739609,0.787562,0.719959,0.687708,0.787218,0.562482,0.458722,0.570434,0.717578,0.776708,0.72624,0.567234,0.518627,0.618605,0.864202,0.907406,0.893177,0.97662,0.938737,0.77641,0.854556,0.659692,0.643572,0.585757,0.566585,0.83102,0.838631,0.821731,0.760071,0.761464,0.679502,0.712986,0.705105,0.864616,0.85323,0.690954,0.766404,0.822582,0.841856,0.855413,0.857767,0.621688,0.73567,0.540907,0.526157,0.474925,0.683956,0.738922,0.672465,0.657737,0.637854,0.487754,0.577295,0.431345,0.63044,0.496549,0.402802,0.55738,0.6909,0.659052,0.404123,0.660985,0.854853,0.947567,0.885412,0.924465,0.922178,0.635535,0.750151,0.662833,0.644025,0.656209,0.620831,0.77791,0.802938,0.764664,0.73868,0.754096,0.916046,0.994747,0.878414,0.925006,0.880465,0.735971,0.781509,0.758919,0.657434,0.694538,0.666545,0.695628,0.668251,0.808992,0.711899,0.764828,0.913338,,,,,,,,,,,,,,,,,,,,,,,,,,,,,,,,,,,,,,,,,,,,,,,,,,,,,,,,,,,,,,,,,,,,,,,,,,,,,,,,,,,,,,,,,,,,,,,,,,,,,,,,,,,,,,,,,,,,,,,,,,,,,,,,,,,,,,,,,,,,,
6.2GPa_7.0-12.0,0.575094,0.625158,0.480834,0.708849,0.790992,0.780948,0.760106,0.695132,0.743285,0.385764,0.284267,0.359885,0.505579,0.570085,0.677998,0.59806,0.534395,0.478618,0.776444,0.757459,0.830252,0.754381,0.75968,0.613496,0.629841,0.669136,0.621848,0.635628,0.417772,0.737899,0.752274,0.783174,0.593201,0.630641,0.483645,0.700172,0.791897,0.776853,0.768245,0.702816,0.744348,0.448186,0.369847,0.477765,0.626084,0.662631,0.681528,0.516125,0.452185,0.522983,0.832821,0.815323,0.930501,0.893393,0.908689,0.724709,0.755521,0.576734,0.555326,0.481176,0.430071,0.770326,0.736418,0.763829,0.65358,0.632294,0.658862,0.640779,0.669533,0.71569,0.768657,0.609535,0.673984,0.731521,0.783016,0.775633,0.786336,0.440762,0.70328,0.38327,0.397644,0.442,0.745446,0.625354,0.735367,0.556146,0.590233,0.400459,0.474161,0.313121,0.591489,0.479901,0.304735,0.506897,0.724853,0.783638,0.323312,0.599104,0.882154,0.832075,0.945966,0.828376,0.88315,0.583497,0.654519,0.548707,0.504059,0.601055,0.438375,0.689602,0.70846,0.69947,0.614573,0.664385,0.920641,0.867585,0.976846,0.918422,0.940439,0.68239,0.702184,0.583241,0.504053,0.558025,0.508807,0.572155,0.512448,0.753609,0.594351,0.67776,0.905476,0.878789,,,,,,,,,,,,,,,,,,,,,,,,,,,,,,,,,,,,,,,,,,,,,,,,,,,,,,,,,,,,,,,,,,,,,,,,,,,,,,,,,,,,,,,,,,,,,,,,,,,,,,,,,,,,,,,,,,,,,,,,,,,,,,,,,,,,,,,,,,,,
6.2GPa_8.0-13.0,0.643646,0.676914,0.597922,0.754599,0.804415,0.818074,0.76581,0.737746,0.807033,0.481972,0.36814,0.441617,0.587547,0.641341,0.725287,0.661752,0.580026,0.558014,0.817653,0.810512,0.863463,0.827346,0.813685,0.670812,0.715759,0.70137,0.663485,0.679695,0.476475,0.798815,0.816177,0.846426,0.66287,0.68345,0.600457,0.75427,0.806321,0.819121,0.776373,0.741499,0.809749,0.552644,0.448193,0.564461,0.714426,0.728631,0.732815,0.540056,0.492462,0.60545,0.871873,0.859912,0.928774,0.941536,0.934262,0.791593,0.82322,0.608447,0.579764,0.514027,0.471284,0.824686,0.808416,0.827523,0.717716,0.72277,0.71247,0.702226,0.725465,0.796952,0.834893,0.676761,0.727259,0.808944,0.844671,0.843392,0.846629,0.515876,0.746623,0.465164,0.510034,0.537091,0.768207,0.682844,0.740519,0.621279,0.640452,0.472223,0.550213,0.408635,0.667917,0.514036,0.361904,0.590845,0.736329,0.758235,0.355048,0.6651,0.895234,0.872507,0.92231,0.8824,0.921996,0.65472,0.712984,0.599043,0.559034,0.649948,0.524016,0.761544,0.776118,0.76477,0.685655,0.740942,0.946146,0.915114,0.965125,0.965113,0.9576,0.759564,0.757732,0.667689,0.584708,0.60394,0.565771,0.647524,0.598034,0.823881,0.660271,0.750711,0.930413,0.928403,0.975335,,,,,,,,,,,,,,,,,,,,,,,,,,,,,,,,,,,,,,,,,,,,,,,,,,,,,,,,,,,,,,,,,,,,,,,,,,,,,,,,,,,,,,,,,,,,,,,,,,,,,,,,,,,,,,,,,,,,,,,,,,,,,,,,,,,,,,,,,,,
6.2GPa_9.0-14.0,0.633409,0.699266,0.584643,0.74298,0.815579,0.8169,0.781233,0.751242,0.793726,0.448194,0.316159,0.38295,0.534929,0.566035,0.703266,0.622884,0.558688,0.531811,0.811348,0.788732,0.861538,0.786335,0.777142,0.642536,0.676214,0.642311,0.620565,0.630444,0.431924,0.76702,0.781792,0.826985,0.652117,0.703312,0.586834,0.744825,0.818145,0.815141,0.793279,0.757099,0.794225,0.507045,0.391308,0.512007,0.676797,0.675723,0.703578,0.523724,0.470061,0.578838,0.859369,0.834503,0.925179,0.90378,0.905553,0.775634,0.802121,0.538265,0.533315,0.451197,0.41086,0.79787,0.771522,0.809858,0.691422,0.687895,0.712368,0.685697,0.723057,0.757828,0.801292,0.62332,0.688328,0.773708,0.825595,0.81359,0.817544,0.48818,0.750358,0.415684,0.465892,0.528771,0.795378,0.653543,0.776835,0.622641,0.643802,0.451958,0.52131,0.380065,0.633158,0.486653,0.353021,0.580105,0.742627,0.808341,0.341529,0.647595,0.889305,0.838894,0.923435,0.854985,0.907103,0.637441,0.685018,0.56097,0.523931,0.601394,0.483053,0.733163,0.748492,0.749959,0.636085,0.70618,0.92372,0.878876,0.961037,0.945947,0.97685,0.755433,0.745849,0.631132,0.546741,0.576865,0.549974,0.60569,0.548987,0.796971,0.60879,0.7128,0.903275,0.89057,0.970424,0.982909,,,,,,,,,,,,,,,,,,,,,,,,,,,,,,,,,,,,,,,,,,,,,,,,,,,,,,,,,,,,,,,,,,,,,,,,,,,,,,,,,,,,,,,,,,,,,,,,,,,,,,,,,,,,,,,,,,,,,,,,,,,,,,,,,,,,,,,,,,
6.2GPa_10.0-15.0,0.803638,0.796506,0.839979,0.79484,0.674186,0.720676,0.607428,0.754988,0.896099,0.779693,0.715985,0.726269,0.770364,0.676432,0.845827,0.860713,0.615416,0.762767,0.797546,0.772063,0.763241,0.83814,0.770556,0.784855,0.800824,0.626242,0.561938,0.58024,0.517591,0.812436,0.898792,0.898527,0.809641,0.789641,0.836285,0.828195,0.690234,0.739638,0.628306,0.738733,0.904235,0.784436,0.726812,0.801487,0.881612,0.746903,0.706935,0.554545,0.530091,0.818793,0.818502,0.773201,0.67241,0.768157,0.733426,0.897844,0.914163,0.580687,0.504005,0.483554,0.500036,0.861599,0.924151,0.902756,0.76899,0.893817,0.785996,0.806966,0.80825,0.916586,0.902827,0.814411,0.734297,0.94763,0.893173,0.898595,0.89244,0.506141,0.737468,0.649014,0.682803,0.631598,0.700357,0.606912,0.678643,0.641035,0.71522,0.772942,0.786215,0.708893,0.78442,0.726968,0.658299,0.720726,0.651156,0.622689,0.414503,0.829674,0.709123,0.688727,0.613949,0.713134,0.752063,0.808237,0.739262,0.578303,0.551963,0.655418,0.68669,0.8586,0.879516,0.872364,0.863363,0.885332,0.758168,0.731958,0.729037,0.827487,0.788226,0.968841,0.806289,0.811597,0.661155,0.644282,0.6328,0.668219,0.635467,0.91492,0.829403,0.879383,0.73751,0.757338,0.687453,0.774694,0.761273,,,,,,,,,,,,,,,,,,,,,,,,,,,,,,,,,,,,,,,,,,,,,,,,,,,,,,,,,,,,,,,,,,,,,,,,,,,,,,,,,,,,,,,,,,,,,,,,,,,,,,,,,,,,,,,,,,,,,,,,,,,,,,,,,,,,,,,,,
6.2GPa_11.0-16.0,0.412244,0.427441,0.562842,0.691762,0.62488,0.624776,0.615292,0.636022,0.747625,0.390363,0.352439,0.424722,0.554739,0.729778,0.716206,0.782714,0.50621,0.401059,0.777744,0.795844,0.786987,0.839582,0.888739,0.719542,0.690906,0.759872,0.760146,0.732029,0.739406,0.803101,0.818959,0.863092,0.432756,0.43065,0.551898,0.686206,0.628407,0.629615,0.625196,0.646254,0.739773,0.463871,0.414709,0.512841,0.636391,0.872044,0.69924,0.717645,0.501854,0.468542,0.809641,0.805837,0.711828,0.776961,0.812929,0.798229,0.849394,0.741011,0.700093,0.617631,0.743021,0.846111,0.83809,0.857734,0.856865,0.791975,0.748974,0.777936,0.773434,0.863457,0.881208,0.776668,0.956933,0.861688,0.878603,0.888072,0.887298,0.300292,0.479712,0.289229,0.384794,0.374388,0.502906,0.453073,0.435314,0.367581,0.438872,0.374521,0.417059,0.242105,0.511773,0.401336,0.320858,0.411834,0.477156,0.474777,0.30038,0.535804,0.680151,0.689219,0.64809,0.774532,0.763972,0.68714,0.903696,0.779435,0.746845,0.711462,0.684503,0.804094,0.841891,0.824951,0.696367,0.729824,0.773756,0.755158,0.67073,0.713574,0.695098,0.711739,0.986628,0.828428,0.663939,0.745312,0.7608,0.677392,0.708394,0.791616,0.699191,0.763358,0.789192,0.76064,0.683164,0.741671,0.724824,0.801622,,,,,,,,,,,,,,,,,,,,,,,,,,,,,,,,,,,,,,,,,,,,,,,,,,,,,,,,,,,,,,,,,,,,,,,,,,,,,,,,,,,,,,,,,,,,,,,,,,,,,,,,,,,,,,,,,,,,,,,,,,,,,,,,,,,,,,,,
6.2GPa_12.0-17.0,0.565013,0.526602,0.660948,0.610274,0.427558,0.481835,0.351383,0.47599,0.668941,0.602579,0.597296,0.583113,0.603015,0.535701,0.639743,0.698218,0.489019,0.620669,0.621574,0.59484,0.555748,0.666242,0.628958,0.629977,0.668598,0.627872,0.466944,0.494569,0.427763,0.646316,0.717833,0.7119,0.572119,0.523783,0.653949,0.625243,0.435923,0.500124,0.364671,0.454402,0.683464,0.583427,0.584931,0.613908,0.673405,0.627504,0.447628,0.47702,0.446044,0.681351,0.621553,0.586448,0.474001,0.609344,0.573692,0.679666,0.733751,0.663138,0.547213,0.502898,0.515242,0.701992,0.759319,0.721679,0.676358,0.756776,0.618468,0.678984,0.657493,0.760481,0.74138,0.714667,0.654469,0.813457,0.706633,0.736724,0.733578,0.37271,0.48938,0.575109,0.650762,0.499946,0.425581,0.394118,0.444598,0.480448,0.534893,0.621975,0.593291,0.589382,0.626197,0.581422,0.491153,0.602599,0.495916,0.37744,0.364075,0.650081,0.515522,0.505631,0.420253,0.54192,0.543527,0.669494,0.63637,0.571315,0.533493,0.521064,0.532735,0.698489,0.711107,0.685088,0.714115,0.705106,0.572483,0.552822,0.522753,0.613492,0.540391,0.773884,0.665065,0.822241,0.671628,0.556217,0.507831,0.543054,0.553235,0.721718,0.696249,0.702113,0.577783,0.588671,0.510061,0.591502,0.541771,0.800778,0.669895,,,,,,,,,,,,,,,,,,,,,,,,,,,,,,,,,,,,,,,,,,,,,,,,,,,,,,,,,,,,,,,,,,,,,,,,,,,,,,,,,,,,,,,,,,,,,,,,,,,,,,,,,,,,,,,,,,,,,,,,,,,,,,,,,,,,,,,
6.2GPa_13.0-18.0,0.556546,0.581151,0.736518,0.629641,0.514755,0.555053,0.444198,0.558712,0.707418,0.603332,0.488238,0.505765,0.604536,0.587114,0.642031,0.685512,0.490794,0.562807,0.653479,0.630115,0.614091,0.697791,0.678083,0.595176,0.683628,0.575926,0.564056,0.612848,0.553513,0.663109,0.747459,0.731656,0.566299,0.588003,0.729384,0.657807,0.524264,0.570188,0.458071,0.549697,0.713183,0.61533,0.488817,0.574315,0.678409,0.676564,0.518546,0.466447,0.432022,0.610163,0.656704,0.623502,0.525003,0.639033,0.617877,0.6597,0.723349,0.610621,0.617337,0.663109,0.659176,0.735156,0.790308,0.735183,0.702555,0.735491,0.647612,0.682405,0.67881,0.75779,0.738141,0.636284,0.665757,0.78204,0.722731,0.752105,0.739351,0.349804,0.503998,0.456356,0.505211,0.514714,0.493435,0.419341,0.487294,0.504315,0.578146,0.536233,0.523006,0.467083,0.560714,0.457169,0.496785,0.60007,0.533422,0.395871,0.333354,0.597048,0.562734,0.546175,0.458359,0.594296,0.593521,0.600581,0.64643,0.555404,0.566283,0.59356,0.692819,0.699001,0.741667,0.702934,0.639544,0.663359,0.6364,0.607733,0.553543,0.631121,0.572321,0.724167,0.648652,0.765778,0.886021,0.746918,0.610813,0.579837,0.614753,0.722666,0.621361,0.661078,0.649525,0.631947,0.541769,0.605993,0.564731,0.731754,0.631963,0.80635,,,,,,,,,,,,,,,,,,,,,,,,,,,,,,,,,,,,,,,,,,,,,,,,,,,,,,,,,,,,,,,,,,,,,,,,,,,,,,,,,,,,,,,,,,,,,,,,,,,,,,,,,,,,,,,,,,,,,,,,,,,,,,,,,,,,,,
6.2GPa_14.0-19.0,0.46974,0.568389,0.540261,0.605545,0.602548,0.596289,0.565523,0.742828,0.71167,0.379177,0.315409,0.396401,0.507105,0.604884,0.675996,0.634362,0.451798,0.407756,0.722433,0.701532,0.749913,0.687397,0.72966,0.510952,0.544465,0.500505,0.624024,0.753594,0.660093,0.738357,0.742751,0.76328,0.486154,0.586794,0.533064,0.623722,0.605995,0.590426,0.579337,0.734765,0.698394,0.416073,0.354887,0.48654,0.61032,0.711303,0.677122,0.577544,0.406411,0.45317,0.706509,0.672374,0.640959,0.623243,0.671267,0.64872,0.698855,0.457814,0.526303,0.746301,0.749727,0.801065,0.770177,0.764372,0.733295,0.6929,0.722386,0.717719,0.745771,0.693201,0.710555,0.577825,0.70015,0.70826,0.758798,0.752861,0.752045,0.250175,0.471598,0.219676,0.283013,0.397459,0.561024,0.358804,0.569844,0.424491,0.514283,0.402401,0.394732,0.276744,0.504768,0.338307,0.309669,0.441443,0.532517,0.575437,0.28345,0.518199,0.621676,0.582361,0.585931,0.635177,0.647335,0.508329,0.628438,0.479853,0.484918,0.75917,0.808516,0.722096,0.751165,0.735651,0.554204,0.618289,0.660964,0.626529,0.608873,0.633682,0.643852,0.62803,0.689435,0.608494,0.578809,0.86328,0.743704,0.669943,0.670733,0.722686,0.547447,0.63886,0.667143,0.631391,0.609162,0.640841,0.646482,0.650181,0.704594,0.475739,0.674672,,,,,,,,,,,,,,,,,,,,,,,,,,,,,,,,,,,,,,,,,,,,,,,,,,,,,,,,,,,,,,,,,,,,,,,,,,,,,,,,,,,,,,,,,,,,,,,,,,,,,,,,,,,,,,,,,,,,,,,,,,,,,,,,,,,,,
6.2GPa_15.0-20.0,0.468159,0.472545,0.450648,0.46951,0.556404,0.54731,0.558498,0.807978,0.675608,0.398508,0.391465,0.436565,0.519849,0.646474,0.726084,0.644671,0.435635,0.36892,0.658821,0.683382,0.699033,0.665997,0.742997,0.4508,0.56631,0.56856,0.69056,0.771473,0.771208,0.729526,0.710732,0.776289,0.486197,0.482175,0.453535,0.505475,0.562922,0.547714,0.573588,0.793939,0.659086,0.481034,0.471118,0.542618,0.609058,0.729513,0.616729,0.513453,0.386018,0.428059,0.644553,0.641952,0.569806,0.576342,0.633614,0.625312,0.691873,0.521745,0.572074,0.581642,0.714005,0.746456,0.731581,0.780021,0.751609,0.670787,0.676386,0.7013,0.721086,0.678956,0.701086,0.500382,0.702818,0.687629,0.77589,0.738228,0.737186,0.189055,0.353048,0.230875,0.368531,0.49153,0.501283,0.354953,0.478905,0.34044,0.464799,0.454344,0.454913,0.323222,0.546255,0.440518,0.234695,0.367204,0.405934,0.470894,0.251484,0.504901,0.546609,0.579415,0.527134,0.606414,0.593458,0.433848,0.629657,0.520386,0.551594,0.583931,0.672808,0.700161,0.722555,0.75004,0.578255,0.662004,0.611871,0.615019,0.56082,0.592932,0.596891,0.605378,0.716077,0.668039,0.648162,0.815384,0.915207,0.701039,0.673747,0.73864,0.565407,0.681947,0.627703,0.604213,0.534343,0.573329,0.57729,0.590832,0.701903,0.418088,0.522884,0.78504,,,,,,,,,,,,,,,,,,,,,,,,,,,,,,,,,,,,,,,,,,,,,,,,,,,,,,,,,,,,,,,,,,,,,,,,,,,,,,,,,,,,,,,,,,,,,,,,,,,,,,,,,,,,,,,,,,,,,,,,,,,,,,,,,,,,
6.2GPa_16.0-21.0,0.482211,0.500666,0.483338,0.491505,0.56502,0.564862,0.548843,0.828905,0.700991,0.413539,0.417862,0.4631,0.519323,0.651092,0.729791,0.643112,0.455301,0.399451,0.698335,0.713465,0.730241,0.68967,0.758011,0.486495,0.594854,0.59153,0.680616,0.781843,0.747241,0.780266,0.739125,0.804837,0.502136,0.514992,0.48817,0.529603,0.565314,0.562131,0.564404,0.80191,0.687247,0.496041,0.494343,0.581767,0.639413,0.754025,0.628282,0.521905,0.406768,0.47249,0.678154,0.671189,0.598437,0.614082,0.658534,0.651766,0.70946,0.500351,0.538675,0.63514,0.725301,0.786806,0.764811,0.809189,0.778596,0.715507,0.713986,0.733614,0.761692,0.696901,0.726994,0.512653,0.722028,0.721636,0.800407,0.765278,0.763957,0.197092,0.351244,0.26499,0.450056,0.575024,0.495545,0.346429,0.480831,0.354878,0.453499,0.476249,0.464802,0.371888,0.597154,0.447204,0.198561,0.433162,0.438836,0.461765,0.263811,0.540384,0.582734,0.610798,0.551904,0.614723,0.600011,0.469366,0.643615,0.474894,0.489623,0.609164,0.687424,0.745393,0.753969,0.784595,0.616662,0.715382,0.644398,0.63639,0.583243,0.624307,0.616199,0.634388,0.726665,0.638698,0.619423,0.779014,0.852941,0.735371,0.701946,0.780401,0.603116,0.735218,0.661287,0.636456,0.564581,0.610459,0.607417,0.624869,0.71813,0.453529,0.547237,0.803082,0.976617,,,,,,,,,,,,,,,,,,,,,,,,,,,,,,,,,,,,,,,,,,,,,,,,,,,,,,,,,,,,,,,,,,,,,,,,,,,,,,,,,,,,,,,,,,,,,,,,,,,,,,,,,,,,,,,,,,,,,,,,,,,,,,,,,,,
6.2GPa_17.0-22.0,0.41815,0.434046,0.467562,0.487074,0.551128,0.550008,0.5398,0.760315,0.685642,0.370656,0.375873,0.435983,0.501555,0.669644,0.683111,0.65027,0.463839,0.360978,0.681581,0.70116,0.712286,0.699752,0.7916,0.476398,0.577951,0.640034,0.72564,0.809876,0.803204,0.76354,0.74032,0.792116,0.441057,0.448781,0.467792,0.518247,0.556337,0.553522,0.558112,0.74557,0.668596,0.45536,0.453258,0.54442,0.605413,0.794109,0.630951,0.585742,0.427587,0.433031,0.682592,0.686073,0.609563,0.63149,0.696412,0.634667,0.711944,0.555995,0.577442,0.672658,0.785921,0.7778,0.765911,0.798401,0.797553,0.703508,0.671017,0.704293,0.724314,0.713571,0.748974,0.526832,0.77296,0.729952,0.798055,0.770828,0.772529,0.183372,0.320432,0.236963,0.390044,0.485885,0.446058,0.331577,0.418419,0.31521,0.417595,0.439792,0.424891,0.295238,0.524486,0.408533,0.186821,0.370404,0.38957,0.416768,0.271255,0.508878,0.583509,0.609257,0.543213,0.616525,0.589344,0.439064,0.684038,0.511876,0.521194,0.639808,0.708609,0.73028,0.753988,0.771408,0.627068,0.703272,0.670786,0.65231,0.573919,0.614441,0.599034,0.608848,0.76993,0.678631,0.635098,0.793732,0.865843,0.739206,0.742168,0.762312,0.622783,0.730649,0.701543,0.651674,0.56061,0.603291,0.592576,0.615984,0.768276,0.472772,0.564677,0.798081,0.956861,0.979391,,,,,,,,,,,,,,,,,,,,,,,,,,,,,,,,,,,,,,,,,,,,,,,,,,,,,,,,,,,,,,,,,,,,,,,,,,,,,,,,,,,,,,,,,,,,,,,,,,,,,,,,,,,,,,,,,,,,,,,,,,,,,,,,,,
6.2GPa_18.0-23.0,0.550605,0.505759,0.567968,0.743634,0.665478,0.672571,0.641529,0.701048,0.837639,0.497265,0.506969,0.588352,0.694083,0.859747,0.772553,0.791989,0.498137,0.431828,0.759109,0.7922,0.763482,0.840042,0.914083,0.601282,0.688519,0.770196,0.773538,0.797212,0.810263,0.831942,0.864506,0.881317,0.569742,0.513169,0.566036,0.742829,0.671756,0.680667,0.650753,0.71016,0.831817,0.599203,0.596351,0.68508,0.76678,0.97479,0.750089,0.712286,0.42544,0.502855,0.788604,0.79477,0.679281,0.765626,0.821761,0.712615,0.828721,0.792436,0.766387,0.73153,0.8319,0.87879,0.886522,0.879879,0.872585,0.800335,0.737549,0.784438,0.767303,0.866675,0.906951,0.721183,0.892506,0.871884,0.883162,0.894774,0.900503,0.272901,0.429112,0.406682,0.479112,0.457738,0.567856,0.544822,0.48556,0.412521,0.527234,0.51902,0.568192,0.369709,0.655556,0.571687,0.373284,0.483347,0.530533,0.491563,0.268421,0.57458,0.673748,0.69667,0.608172,0.733232,0.73221,0.53855,0.783267,0.69182,0.680969,0.746921,0.760431,0.829096,0.863573,0.838311,0.764366,0.79056,0.801976,0.769232,0.705152,0.752035,0.68998,0.736389,0.880481,0.80826,0.713783,0.768142,0.789419,0.764144,0.784326,0.862769,0.753196,0.822484,0.828872,0.775226,0.679741,0.732165,0.677282,0.757561,0.887895,0.660473,0.688461,0.706649,0.751638,0.775299,0.822856,,,,,,,,,,,,,,,,,,,,,,,,,,,,,,,,,,,,,,,,,,,,,,,,,,,,,,,,,,,,,,,,,,,,,,,,,,,,,,,,,,,,,,,,,,,,,,,,,,,,,,,,,,,,,,,,,,,,,,,,,,,,,,,,,
6.6GPa_3.0-8.0,0.930012,0.855104,0.751993,0.50756,0.420708,0.513894,0.3571,0.544754,0.672302,0.864823,0.786583,0.760268,0.757537,0.449381,0.619385,0.569898,0.328672,0.734829,0.422371,0.430578,0.401542,0.553437,0.374758,0.458987,0.543986,0.213835,0.187234,0.229288,0.152976,0.475292,0.615561,0.533905,0.922181,0.837864,0.764861,0.564457,0.454812,0.556725,0.384084,0.521095,0.694042,0.819295,0.765244,0.788203,0.817428,0.397657,0.463154,0.173393,0.180494,0.730084,0.441395,0.426005,0.32763,0.479551,0.35729,0.544858,0.600653,0.208874,0.162523,0.195686,0.120936,0.499449,0.615109,0.536074,0.320292,0.581759,0.425134,0.477652,0.441802,0.629536,0.530349,0.521133,0.197411,0.603147,0.503263,0.515815,0.51223,0.70311,0.776676,0.883931,0.698639,0.544314,0.63664,0.716422,0.730423,0.802919,0.81826,0.882057,0.912625,0.901988,0.72135,0.775339,0.815225,0.691269,0.605251,0.541864,0.240669,0.682295,0.372585,0.434311,0.312946,0.445765,0.480677,0.505411,0.222922,0.187573,0.208198,0.324337,0.457088,0.523007,0.529888,0.50475,0.693165,0.62397,0.401738,0.493059,0.492415,0.620203,0.555703,0.792895,0.295888,0.502231,0.41231,0.362771,0.35432,0.427539,0.337787,0.632627,0.617633,0.587856,0.367473,0.515098,0.391335,0.475271,0.457036,0.726806,0.261366,0.52027,0.480914,0.320636,0.295221,0.306131,0.243792,0.361581,,,,,,,,,,,,,,,,,,,,,,,,,,,,,,,,,,,,,,,,,,,,,,,,,,,,,,,,,,,,,,,,,,,,,,,,,,,,,,,,,,,,,,,,,,,,,,,,,,,,,,,,,,,,,,,,,,,,,,,,,,,,,,,,
6.6GPa_4.0-9.0,0.974372,0.951043,0.746518,0.648534,0.632874,0.6923,0.561229,0.737482,0.784197,0.851201,0.769953,0.739253,0.735714,0.463814,0.731977,0.608189,0.403014,0.734257,0.561799,0.519143,0.533158,0.550008,0.42452,0.482139,0.599089,0.288301,0.264985,0.315302,0.160596,0.584532,0.689077,0.657119,0.968924,0.938199,0.761149,0.703873,0.656569,0.715178,0.583378,0.714579,0.799774,0.831001,0.774508,0.813365,0.850145,0.444218,0.528106,0.186145,0.230051,0.766552,0.574859,0.517565,0.476686,0.522368,0.451031,0.629,0.650626,0.238048,0.213851,0.22123,0.125254,0.607057,0.686264,0.654198,0.409595,0.619756,0.556429,0.552849,0.563054,0.625553,0.597575,0.515865,0.253051,0.657504,0.61764,0.602548,0.595952,0.561817,0.764124,0.740636,0.704982,0.683113,0.803176,0.669623,0.809904,0.747522,0.803268,0.887037,0.909871,0.886833,0.813007,0.80654,0.716589,0.749118,0.679939,0.689278,0.252145,0.754396,0.534538,0.514981,0.457923,0.468523,0.545756,0.541622,0.267217,0.233029,0.240355,0.393347,0.444583,0.614997,0.607323,0.620137,0.687649,0.708908,0.537193,0.541786,0.647674,0.736556,0.713348,0.870996,0.356021,0.507078,0.43885,0.386375,0.391265,0.469424,0.356769,0.745975,0.615937,0.671094,0.49099,0.562047,0.538247,0.600681,0.608992,0.774331,0.322612,0.525748,0.50979,0.427826,0.413229,0.424756,0.341287,0.418413,0.93031,,,,,,,,,,,,,,,,,,,,,,,,,,,,,,,,,,,,,,,,,,,,,,,,,,,,,,,,,,,,,,,,,,,,,,,,,,,,,,,,,,,,,,,,,,,,,,,,,,,,,,,,,,,,,,,,,,,,,,,,,,,,,,,
6.6GPa_5.0-10.0,0.828939,0.892132,0.816901,0.627195,0.582008,0.642794,0.527468,0.651835,0.747457,0.714323,0.503497,0.54378,0.648182,0.405107,0.600027,0.566941,0.369197,0.623849,0.552506,0.496637,0.532782,0.567234,0.456835,0.405918,0.461459,0.312579,0.289587,0.317798,0.22469,0.48574,0.586414,0.599823,0.83362,0.890628,0.820181,0.676497,0.609888,0.669384,0.555301,0.64625,0.75126,0.687598,0.489919,0.617643,0.760063,0.454946,0.531143,0.260514,0.219216,0.621438,0.571947,0.5167,0.485027,0.538627,0.478663,0.544001,0.598442,0.325031,0.283189,0.289384,0.235811,0.56806,0.613101,0.594899,0.414557,0.565231,0.540104,0.507971,0.528321,0.617921,0.573121,0.511135,0.30009,0.608224,0.566712,0.573279,0.56167,0.598548,0.809483,0.598788,0.488794,0.533262,0.780302,0.650581,0.79021,0.767576,0.810821,0.689843,0.716949,0.635594,0.580501,0.552038,0.753386,0.730362,0.633285,0.662518,0.234299,0.617391,0.532315,0.463679,0.446269,0.509048,0.563121,0.457933,0.276435,0.270606,0.27643,0.446967,0.538371,0.539442,0.552564,0.566307,0.550466,0.555753,0.542399,0.528601,0.58945,0.670248,0.678102,0.778264,0.400986,0.52839,0.452497,0.466999,0.44012,0.270429,0.217479,0.642462,0.487518,0.526677,0.506755,0.551064,0.517178,0.568008,0.59999,0.730778,0.388587,0.474533,0.54068,0.528886,0.386757,0.386576,0.338328,0.395352,0.815208,0.843057,,,,,,,,,,,,,,,,,,,,,,,,,,,,,,,,,,,,,,,,,,,,,,,,,,,,,,,,,,,,,,,,,,,,,,,,,,,,,,,,,,,,,,,,,,,,,,,,,,,,,,,,,,,,,,,,,,,,,,,,,,,,,,
6.6GPa_6.0-11.0,0.610416,0.5947,0.47087,0.822901,0.783901,0.778162,0.784485,0.651184,0.832762,0.368804,0.360649,0.441251,0.62531,0.711512,0.705231,0.626084,0.453166,0.361618,0.691992,0.693289,0.682803,0.688721,0.773492,0.398057,0.538749,0.67912,0.650614,0.62373,0.583048,0.697675,0.732895,0.753563,0.626671,0.596981,0.473967,0.785129,0.784367,0.775621,0.782254,0.697631,0.828692,0.478722,0.469476,0.569557,0.725145,0.843951,0.771571,0.703204,0.316747,0.41309,0.736489,0.722587,0.658964,0.676893,0.758893,0.548047,0.696059,0.715233,0.702637,0.522597,0.583374,0.757883,0.734224,0.736228,0.714158,0.621652,0.645404,0.652744,0.63619,0.721917,0.807727,0.610506,0.666941,0.719767,0.741682,0.76393,0.774526,0.308413,0.480381,0.391058,0.417181,0.363811,0.756186,0.709368,0.636634,0.497259,0.544166,0.412361,0.542981,0.31489,0.634147,0.544093,0.378341,0.491423,0.67314,0.704713,0.168577,0.480746,0.674936,0.640278,0.60767,0.636876,0.688804,0.354718,0.57038,0.588857,0.565819,0.659485,0.602379,0.72274,0.735426,0.697576,0.602588,0.639316,0.776876,0.710984,0.756196,0.755861,0.740445,0.67202,0.703343,0.646668,0.514658,0.575431,0.580051,0.612216,0.593706,0.742896,0.561673,0.662446,0.78022,0.70175,0.691982,0.707072,0.691837,0.650995,0.708097,0.522349,0.514108,0.570791,0.51185,0.514775,0.549129,0.822394,0.384688,0.474339,0.486009,,,,,,,,,,,,,,,,,,,,,,,,,,,,,,,,,,,,,,,,,,,,,,,,,,,,,,,,,,,,,,,,,,,,,,,,,,,,,,,,,,,,,,,,,,,,,,,,,,,,,,,,,,,,,,,,,,,,,,,,,,,,,
6.6GPa_7.0-12.0,0.654495,0.661266,0.589226,0.801618,0.830341,0.831756,0.815232,0.804869,0.909708,0.477421,0.415412,0.490014,0.648377,0.742106,0.77371,0.74362,0.546592,0.4334,0.786952,0.772787,0.775589,0.747408,0.853539,0.426676,0.649241,0.746496,0.748654,0.775442,0.717132,0.813379,0.824797,0.865781,0.677314,0.671046,0.591171,0.799656,0.833058,0.831965,0.824093,0.828716,0.894739,0.597932,0.524228,0.641064,0.786989,0.903381,0.815513,0.670749,0.404653,0.505684,0.823946,0.802524,0.738208,0.744307,0.838911,0.640246,0.780162,0.712965,0.676985,0.623449,0.694447,0.850595,0.831572,0.852814,0.819474,0.721412,0.734099,0.738139,0.745346,0.788164,0.888106,0.649444,0.753097,0.811655,0.854185,0.854909,0.856295,0.305138,0.511224,0.408208,0.476413,0.549438,0.783871,0.661057,0.652854,0.524045,0.601002,0.509453,0.585345,0.374332,0.688829,0.544123,0.338679,0.576801,0.675022,0.664278,0.223754,0.576624,0.761562,0.717045,0.659616,0.684327,0.712489,0.391488,0.649398,0.568081,0.552198,0.712118,0.68816,0.802379,0.823073,0.811249,0.683148,0.755199,0.874192,0.780644,0.807011,0.834333,0.812068,0.762801,0.783712,0.729506,0.660552,0.703247,0.74335,0.718263,0.724535,0.860215,0.64671,0.772546,0.887568,0.774647,0.742635,0.779916,0.761571,0.733594,0.784525,0.579903,0.642988,0.713485,0.745701,0.764474,0.796855,0.897008,0.407911,0.533535,0.530451,0.88649,,,,,,,,,,,,,,,,,,,,,,,,,,,,,,,,,,,,,,,,,,,,,,,,,,,,,,,,,,,,,,,,,,,,,,,,,,,,,,,,,,,,,,,,,,,,,,,,,,,,,,,,,,,,,,,,,,,,,,,,,,,,
6.6GPa_8.0-13.0,0.665919,0.674453,0.574577,0.800554,0.860758,0.855603,0.841988,0.851106,0.909186,0.483882,0.425266,0.496801,0.641077,0.739667,0.79225,0.730844,0.545413,0.43397,0.800581,0.775825,0.789649,0.720856,0.830851,0.431764,0.652701,0.729369,0.746324,0.779547,0.694267,0.820891,0.823306,0.876256,0.688488,0.68524,0.578942,0.803983,0.862023,0.851697,0.850557,0.871155,0.893617,0.609571,0.539874,0.652529,0.782776,0.881722,0.805702,0.63432,0.399859,0.513822,0.83157,0.800709,0.75145,0.727883,0.82738,0.653569,0.771321,0.685159,0.66447,0.607467,0.666234,0.851336,0.826841,0.862383,0.810103,0.712116,0.748727,0.739216,0.758022,0.758122,0.868219,0.61399,0.730642,0.798078,0.861624,0.84963,0.850359,0.270202,0.505538,0.37471,0.482056,0.59274,0.807116,0.630859,0.657723,0.494773,0.590282,0.523363,0.593365,0.387639,0.710067,0.560805,0.314771,0.581286,0.666098,0.682444,0.223024,0.592308,0.776014,0.71997,0.677703,0.671379,0.70926,0.399306,0.629576,0.559652,0.544872,0.701185,0.657588,0.799903,0.81391,0.818105,0.672107,0.765457,0.874846,0.771637,0.823413,0.843751,0.830927,0.764616,0.761358,0.706976,0.648917,0.690239,0.742646,0.71027,0.70234,0.873404,0.636019,0.780364,0.882272,0.764454,0.756177,0.789572,0.777283,0.722382,0.76,0.550267,0.616069,0.719306,0.779433,0.795817,0.812632,0.878057,0.401755,0.561642,0.528714,0.855972,0.989971,,,,,,,,,,,,,,,,,,,,,,,,,,,,,,,,,,,,,,,,,,,,,,,,,,,,,,,,,,,,,,,,,,,,,,,,,,,,,,,,,,,,,,,,,,,,,,,,,,,,,,,,,,,,,,,,,,,,,,,,,,,
6.6GPa_9.0-14.0,0.652872,0.646819,0.567146,0.797659,0.838068,0.834681,0.826097,0.810072,0.902256,0.47934,0.420973,0.499972,0.658956,0.759628,0.779053,0.739475,0.540359,0.42205,0.782054,0.769576,0.771837,0.732714,0.845417,0.416526,0.644673,0.745338,0.756307,0.783299,0.714987,0.807634,0.819846,0.860799,0.675177,0.655891,0.569925,0.795025,0.840999,0.833719,0.833549,0.834799,0.886623,0.607105,0.536978,0.647966,0.783606,0.900243,0.815551,0.660903,0.394452,0.493943,0.818577,0.797608,0.735779,0.731796,0.83412,0.631488,0.768558,0.718291,0.689156,0.61833,0.687285,0.841167,0.820621,0.845895,0.809906,0.705876,0.727245,0.730397,0.736316,0.770572,0.875672,0.631708,0.740893,0.797351,0.848483,0.845551,0.847456,0.281915,0.499034,0.393967,0.461881,0.545102,0.788434,0.657799,0.643956,0.500819,0.596702,0.508612,0.59099,0.365269,0.689654,0.558517,0.336566,0.560404,0.659253,0.665248,0.216867,0.568824,0.758506,0.71389,0.660704,0.677432,0.709666,0.377199,0.635323,0.574131,0.560562,0.706726,0.668782,0.787748,0.807482,0.798691,0.675298,0.746621,0.871338,0.775069,0.809656,0.831462,0.810136,0.74975,0.76857,0.721376,0.65719,0.696629,0.745937,0.710062,0.712455,0.85471,0.639456,0.765038,0.883726,0.766001,0.742678,0.776763,0.756631,0.71503,0.769096,0.562358,0.622241,0.699317,0.754063,0.766714,0.794858,0.895277,0.397819,0.532632,0.512602,0.882699,0.996478,0.994809,,,,,,,,,,,,,,,,,,,,,,,,,,,,,,,,,,,,,,,,,,,,,,,,,,,,,,,,,,,,,,,,,,,,,,,,,,,,,,,,,,,,,,,,,,,,,,,,,,,,,,,,,,,,,,,,,,,,,,,,,,
6.6GPa_10.0-15.0,0.672242,0.668894,0.613873,0.761015,0.7765,0.781886,0.740762,0.848602,0.910186,0.520129,0.496027,0.541641,0.640849,0.7423,0.799692,0.7592,0.544928,0.470283,0.784886,0.772281,0.77326,0.737561,0.838071,0.461624,0.661223,0.694899,0.716301,0.767998,0.748025,0.827537,0.83246,0.885925,0.693853,0.68084,0.617986,0.779633,0.78099,0.783536,0.755043,0.855418,0.895996,0.628969,0.594241,0.688079,0.788494,0.888983,0.747862,0.629867,0.408802,0.557926,0.798744,0.772381,0.689439,0.699021,0.786306,0.674361,0.785075,0.672589,0.643982,0.615978,0.71331,0.862873,0.855822,0.886685,0.836822,0.760718,0.76713,0.772029,0.788778,0.782627,0.876007,0.608759,0.742076,0.822434,0.872662,0.857196,0.859355,0.254763,0.466437,0.413335,0.540933,0.629269,0.731293,0.561399,0.615301,0.481907,0.589756,0.597994,0.623773,0.460963,0.733859,0.59833,0.331171,0.609439,0.625051,0.604531,0.235443,0.628077,0.721499,0.691047,0.61706,0.651266,0.676702,0.428962,0.639088,0.528229,0.522436,0.666724,0.703031,0.828734,0.841382,0.852284,0.713192,0.808833,0.820989,0.741005,0.75534,0.798056,0.772543,0.79205,0.770031,0.741849,0.670014,0.71965,0.789629,0.744333,0.741099,0.899976,0.677181,0.818682,0.832781,0.739869,0.691166,0.73808,0.719568,0.746398,0.767726,0.59326,0.643436,0.734694,0.832814,0.852574,0.867107,0.900453,0.432005,0.570393,0.520611,0.802856,0.967485,0.97807,0.970408,,,,,,,,,,,,,,,,,,,,,,,,,,,,,,,,,,,,,,,,,,,,,,,,,,,,,,,,,,,,,,,,,,,,,,,,,,,,,,,,,,,,,,,,,,,,,,,,,,,,,,,,,,,,,,,,,,,,,,,,,
6.6GPa_11.0-16.0,0.281978,0.279326,0.486807,0.511699,0.38031,0.393549,0.365956,0.490305,0.564789,0.335863,0.326072,0.408001,0.501303,0.681045,0.592134,0.692233,0.566492,0.48021,0.696774,0.751567,0.728433,0.823218,0.8583,0.611322,0.616874,0.626207,0.665224,0.707655,0.718028,0.714457,0.741681,0.750071,0.298378,0.286634,0.472302,0.509506,0.380819,0.39973,0.372769,0.471284,0.557584,0.385913,0.365645,0.45205,0.530616,0.752752,0.6105,0.665746,0.610027,0.498677,0.683474,0.704937,0.580407,0.701439,0.712038,0.688055,0.767637,0.648485,0.649525,0.70095,0.799399,0.761281,0.760977,0.750856,0.841623,0.790932,0.680362,0.74469,0.72557,0.805299,0.760713,0.693726,0.879199,0.783056,0.787344,0.805737,0.80515,0.260023,0.335372,0.258665,0.325528,0.284984,0.279555,0.307117,0.313733,0.305933,0.385977,0.312475,0.324364,0.19988,0.414097,0.297536,0.278618,0.300691,0.34857,0.346939,0.498957,0.54825,0.525997,0.607637,0.535835,0.724731,0.669777,0.557236,0.817019,0.66832,0.652086,0.678055,0.714367,0.707253,0.735624,0.707615,0.655087,0.651877,0.609651,0.653596,0.477945,0.530827,0.490608,0.5426,0.824307,0.749393,0.641657,0.792327,0.771963,0.662506,0.701691,0.664431,0.678973,0.682377,0.64677,0.663992,0.528695,0.592053,0.554187,0.646902,0.848092,0.608589,0.614574,0.716161,0.692879,0.720883,0.762085,0.788278,0.207559,0.20217,0.290668,0.512899,0.624673,0.600851,0.611049,0.639261,,,,,,,,,,,,,,,,,,,,,,,,,,,,,,,,,,,,,,,,,,,,,,,,,,,,,,,,,,,,,,,,,,,,,,,,,,,,,,,,,,,,,,,,,,,,,,,,,,,,,,,,,,,,,,,,,,,,,,,,
6.6GPa_12.0-17.0,0.672603,0.524532,0.529796,0.633198,0.492066,0.510876,0.47774,0.61542,0.709538,0.736666,0.767233,0.859745,0.905256,0.88052,0.772829,0.772209,0.471594,0.591075,0.581014,0.64101,0.594635,0.741705,0.718739,0.561518,0.652401,0.564544,0.62275,0.689324,0.587312,0.683285,0.813583,0.729415,0.670165,0.509858,0.526159,0.649564,0.5147,0.530512,0.484178,0.593609,0.708461,0.787557,0.817892,0.839612,0.819186,0.748499,0.71611,0.501652,0.377182,0.599854,0.608866,0.622756,0.504694,0.625587,0.641246,0.655691,0.724536,0.61481,0.624119,0.622112,0.581463,0.711566,0.784495,0.720086,0.629176,0.714897,0.558819,0.643955,0.593567,0.772095,0.743998,0.721456,0.615394,0.761363,0.723176,0.733719,0.735514,0.330684,0.502187,0.55845,0.444044,0.346811,0.522011,0.56687,0.502146,0.449871,0.649819,0.698054,0.766155,0.555025,0.69124,0.73674,0.629947,0.374953,0.421799,0.48597,0.330025,0.63633,0.50283,0.566339,0.470447,0.619019,0.64053,0.529927,0.562241,0.555214,0.576228,0.683598,0.637423,0.64278,0.692503,0.65098,0.769052,0.687997,0.610843,0.622274,0.576879,0.65653,0.570832,0.70778,0.606718,0.676883,0.598023,0.671099,0.68583,0.651384,0.622299,0.738173,0.753146,0.70283,0.615676,0.625274,0.528192,0.597806,0.527609,0.718822,0.616368,0.592795,0.551876,0.554442,0.612799,0.602965,0.597032,0.765244,0.601862,0.597318,0.453678,0.594274,0.650925,0.658189,0.673789,0.685959,0.619384,,,,,,,,,,,,,,,,,,,,,,,,,,,,,,,,,,,,,,,,,,,,,,,,,,,,,,,,,,,,,,,,,,,,,,,,,,,,,,,,,,,,,,,,,,,,,,,,,,,,,,,,,,,,,,,,,,,,,,,
6.6GPa_13.0-18.0,0.838093,0.81944,0.754037,0.778752,0.593826,0.646677,0.52298,0.742427,0.897843,0.705461,0.700496,0.698553,0.74037,0.655546,0.789976,0.753255,0.495655,0.664363,0.702364,0.707767,0.678408,0.779159,0.72429,0.564407,0.691579,0.481994,0.432083,0.50206,0.528643,0.77313,0.803976,0.814015,0.843471,0.822745,0.762777,0.802681,0.59242,0.652134,0.534295,0.716623,0.906967,0.743677,0.730248,0.807003,0.903774,0.763903,0.700524,0.500734,0.362075,0.720731,0.682894,0.651094,0.519421,0.664046,0.618814,0.700789,0.783437,0.502356,0.465249,0.50973,0.531209,0.827414,0.859128,0.829438,0.717992,0.833063,0.76518,0.788464,0.783939,0.832316,0.831953,0.708281,0.597294,0.836952,0.788282,0.804627,0.804097,0.465596,0.5972,0.710221,0.751429,0.695156,0.689511,0.664534,0.71674,0.697429,0.708342,0.73292,0.759107,0.752035,0.886959,0.699345,0.548196,0.800841,0.770411,0.5828,0.255993,0.716663,0.583389,0.606625,0.484839,0.621741,0.656052,0.568299,0.543959,0.390554,0.386961,0.578779,0.708998,0.8487,0.849394,0.831343,0.76548,0.813625,0.645404,0.644474,0.638862,0.734447,0.667753,0.867855,0.637031,0.640681,0.588289,0.607532,0.577834,0.696284,0.643109,0.876269,0.701844,0.800234,0.62969,0.668794,0.578523,0.660211,0.625679,0.842398,0.627178,0.656499,0.685397,0.638422,0.564368,0.618046,0.579973,0.752108,0.736798,0.754127,0.677602,0.712848,0.754881,0.729246,0.733129,0.766232,0.54928,0.692913,,,,,,,,,,,,,,,,,,,,,,,,,,,,,,,,,,,,,,,,,,,,,,,,,,,,,,,,,,,,,,,,,,,,,,,,,,,,,,,,,,,,,,,,,,,,,,,,,,,,,,,,,,,,,,,,,,,,,,
6.6GPa_14.0-19.0,0.808239,0.737174,0.658155,0.711796,0.505276,0.543364,0.461054,0.630417,0.817932,0.780863,0.805392,0.849705,0.860659,0.707131,0.774047,0.772199,0.433689,0.643514,0.543391,0.562776,0.531156,0.727097,0.670372,0.524977,0.584781,0.473911,0.433305,0.497076,0.46834,0.642118,0.78049,0.71188,0.802446,0.724378,0.657535,0.734118,0.526663,0.564424,0.472974,0.61194,0.826233,0.77714,0.815576,0.865423,0.886468,0.723805,0.671538,0.512678,0.308846,0.671227,0.568812,0.550602,0.4304,0.577288,0.569734,0.633838,0.718661,0.526489,0.474647,0.536153,0.498754,0.723501,0.797787,0.713154,0.580468,0.714728,0.559356,0.616076,0.590034,0.801588,0.770515,0.715215,0.536336,0.782858,0.697557,0.722571,0.726415,0.366715,0.550228,0.649479,0.528061,0.425412,0.616165,0.604164,0.609128,0.567304,0.699282,0.805906,0.84361,0.6952,0.735323,0.794759,0.761797,0.581054,0.550693,0.521774,0.272315,0.689971,0.450646,0.466486,0.379978,0.540997,0.593787,0.526697,0.470718,0.40977,0.413059,0.631188,0.738491,0.698296,0.720226,0.685687,0.81394,0.751249,0.560016,0.551214,0.558338,0.643643,0.578971,0.829182,0.580443,0.650294,0.503681,0.581147,0.552175,0.56467,0.51121,0.773363,0.769466,0.750558,0.559274,0.574197,0.486739,0.545569,0.510635,0.803793,0.577585,0.641085,0.604537,0.558804,0.467957,0.486212,0.483954,0.713092,0.755466,0.729826,0.701458,0.703016,0.673917,0.638167,0.659296,0.671116,0.5087,0.779141,0.866609,,,,,,,,,,,,,,,,,,,,,,,,,,,,,,,,,,,,,,,,,,,,,,,,,,,,,,,,,,,,,,,,,,,,,,,,,,,,,,,,,,,,,,,,,,,,,,,,,,,,,,,,,,,,,,,,,,,,,
6.6GPa_15.0-20.0,0.736749,0.661139,0.708537,0.590881,0.40751,0.465904,0.384935,0.496698,0.706344,0.773269,0.690907,0.773795,0.860923,0.673645,0.657367,0.710524,0.412035,0.640382,0.473659,0.518837,0.474749,0.732429,0.628636,0.515528,0.551227,0.434673,0.426911,0.463886,0.437148,0.547205,0.702149,0.611735,0.732672,0.647035,0.702825,0.614581,0.438078,0.500577,0.40034,0.488984,0.716173,0.760349,0.685156,0.763457,0.825417,0.643092,0.649212,0.47847,0.314076,0.617461,0.516992,0.52731,0.393686,0.590144,0.541256,0.581418,0.681333,0.506517,0.46085,0.509888,0.463613,0.62659,0.708685,0.602769,0.501165,0.653351,0.459493,0.531961,0.48063,0.785242,0.69452,0.689295,0.496813,0.713488,0.607739,0.653199,0.650284,0.520158,0.64857,0.678096,0.416644,0.302896,0.547705,0.674321,0.569434,0.623049,0.731022,0.698763,0.777157,0.592516,0.569268,0.667021,0.86492,0.535439,0.488625,0.459113,0.315605,0.612817,0.396327,0.447691,0.341114,0.581525,0.603701,0.511272,0.45721,0.432124,0.448035,0.594496,0.731806,0.586599,0.623928,0.565157,0.742598,0.622294,0.509131,0.557799,0.478553,0.587397,0.515341,0.729362,0.53495,0.640633,0.52908,0.593008,0.533118,0.445331,0.414331,0.644468,0.699557,0.624028,0.509282,0.57528,0.42603,0.499982,0.462009,0.74846,0.52976,0.57221,0.593684,0.505158,0.37242,0.376866,0.38423,0.606297,0.775464,0.660626,0.756726,0.588759,0.551747,0.500214,0.533749,0.515166,0.515847,0.723794,0.758357,0.919497,,,,,,,,,,,,,,,,,,,,,,,,,,,,,,,,,,,,,,,,,,,,,,,,,,,,,,,,,,,,,,,,,,,,,,,,,,,,,,,,,,,,,,,,,,,,,,,,,,,,,,,,,,,,,,,,,,,,
6.6GPa_16.0-21.0,0.718371,0.546361,0.466054,0.623894,0.566836,0.606221,0.576683,0.618631,0.692043,0.676192,0.7156,0.777583,0.835149,0.790266,0.739252,0.630854,0.38725,0.492095,0.409152,0.460122,0.386599,0.561911,0.5619,0.335025,0.537196,0.519785,0.552328,0.554569,0.463106,0.563384,0.655092,0.600564,0.714955,0.537711,0.477841,0.630585,0.574931,0.614972,0.567746,0.631395,0.695167,0.797882,0.805279,0.836944,0.808717,0.675622,0.699496,0.378283,0.23432,0.516627,0.458526,0.464178,0.310834,0.456927,0.478372,0.468338,0.551238,0.54371,0.528288,0.436304,0.405318,0.560633,0.629891,0.562969,0.459874,0.519188,0.400524,0.438496,0.394344,0.610909,0.623342,0.539536,0.399946,0.590504,0.579055,0.597596,0.586146,0.263271,0.367014,0.495461,0.479668,0.448113,0.603561,0.658897,0.384114,0.351052,0.471781,0.609644,0.771027,0.560093,0.69269,0.685506,0.550739,0.406104,0.363335,0.360356,0.18044,0.523607,0.35733,0.440291,0.272407,0.459157,0.493925,0.317546,0.34525,0.458694,0.480841,0.596383,0.596027,0.554154,0.552597,0.523367,0.67265,0.642369,0.49828,0.517649,0.474469,0.578705,0.461144,0.607489,0.405838,0.526102,0.498468,0.437886,0.492216,0.516428,0.462161,0.647791,0.631075,0.654109,0.494604,0.498217,0.360651,0.439315,0.364308,0.557449,0.399979,0.382924,0.399804,0.317813,0.428248,0.42193,0.401741,0.629424,0.599849,0.608454,0.446665,0.656473,0.63016,0.63033,0.65073,0.617674,0.317149,0.74828,0.654693,0.739295,0.676011,,,,,,,,,,,,,,,,,,,,,,,,,,,,,,,,,,,,,,,,,,,,,,,,,,,,,,,,,,,,,,,,,,,,,,,,,,,,,,,,,,,,,,,,,,,,,,,,,,,,,,,,,,,,,,,,,,,
6.6GPa_17.0-22.0,0.762798,0.73841,0.519981,0.786316,0.881254,0.88722,0.891395,0.859389,0.835393,0.536833,0.464709,0.529601,0.678532,0.67006,0.813887,0.639806,0.486302,0.47921,0.671766,0.651804,0.650982,0.60834,0.649218,0.389436,0.620773,0.593259,0.659229,0.626212,0.471356,0.716391,0.722996,0.76967,0.774874,0.739689,0.533851,0.787788,0.874416,0.874291,0.884715,0.890925,0.829981,0.686451,0.581778,0.678978,0.793021,0.698839,0.814264,0.422256,0.318912,0.533215,0.711699,0.672254,0.607417,0.606516,0.648597,0.593367,0.670326,0.543444,0.566217,0.420755,0.387391,0.718518,0.701971,0.726061,0.600301,0.584297,0.635403,0.596693,0.61007,0.646666,0.725228,0.554431,0.509602,0.663027,0.739478,0.731776,0.718505,0.329149,0.55557,0.403598,0.48885,0.614405,0.89633,0.742809,0.647596,0.485577,0.521827,0.495949,0.659831,0.472505,0.754929,0.551078,0.379562,0.57145,0.66216,0.677784,0.209332,0.583215,0.656107,0.642184,0.574842,0.596623,0.662075,0.389932,0.455903,0.544843,0.544324,0.628044,0.539796,0.692526,0.690256,0.699584,0.610286,0.69322,0.72704,0.687305,0.74273,0.786896,0.764609,0.709619,0.561042,0.570107,0.5563,0.501431,0.559515,0.514767,0.44212,0.770901,0.557018,0.695067,0.699165,0.661663,0.639197,0.686114,0.681178,0.641956,0.542991,0.373825,0.456987,0.507721,0.571712,0.566646,0.520827,0.645913,0.533802,0.687349,0.604992,0.766583,0.800694,0.825116,0.813273,0.759564,0.34927,0.583714,0.678511,0.613332,0.530948,0.801982,,,,,,,,,,,,,,,,,,,,,,,,,,,,,,,,,,,,,,,,,,,,,,,,,,,,,,,,,,,,,,,,,,,,,,,,,,,,,,,,,,,,,,,,,,,,,,,,,,,,,,,,,,,,,,,,,,
6.6GPa_18.0-23.0,0.86046,0.817546,0.753162,0.816903,0.784364,0.827875,0.748048,0.790971,0.934906,0.715586,0.629724,0.670619,0.785348,0.70486,0.792348,0.742397,0.549146,0.630685,0.706153,0.693812,0.668998,0.729546,0.735289,0.463935,0.688479,0.58773,0.594279,0.602908,0.537754,0.783225,0.810948,0.815655,0.872524,0.816763,0.759157,0.833609,0.794263,0.839504,0.759286,0.808501,0.935252,0.807581,0.702365,0.798906,0.904908,0.785693,0.78878,0.531507,0.370675,0.679257,0.744742,0.713293,0.599001,0.685992,0.704168,0.658018,0.776023,0.589167,0.531678,0.463742,0.476581,0.796647,0.819927,0.802451,0.697961,0.734771,0.680181,0.681237,0.675523,0.793752,0.842651,0.629058,0.579272,0.802316,0.795085,0.804303,0.797154,0.448909,0.63854,0.627848,0.626276,0.658888,0.845363,0.773273,0.687112,0.640565,0.705464,0.705734,0.805791,0.643319,0.800301,0.694457,0.59148,0.756002,0.694198,0.651263,0.272257,0.698972,0.667805,0.659542,0.544483,0.632851,0.684212,0.456507,0.515259,0.484213,0.480695,0.632211,0.666565,0.778809,0.77907,0.770344,0.752862,0.799993,0.76071,0.72527,0.728541,0.826078,0.770707,0.859485,0.63807,0.702474,0.59832,0.557774,0.592232,0.574213,0.54255,0.863014,0.693662,0.79308,0.746659,0.725648,0.632034,0.710689,0.685598,0.81276,0.632962,0.59116,0.597045,0.55417,0.550531,0.575259,0.56377,0.763079,0.700852,0.76878,0.727945,0.807664,0.853399,0.846651,0.851644,0.834367,0.46127,0.692656,0.840413,0.802783,0.738153,0.78866,0.870941,,,,,,,,,,,,,,,,,,,,,,,,,,,,,,,,,,,,,,,,,,,,,,,,,,,,,,,,,,,,,,,,,,,,,,,,,,,,,,,,,,,,,,,,,,,,,,,,,,,,,,,,,,,,,,,,,
7.4GPa_3.0-8.0,0.587777,0.544755,0.533737,0.626776,0.523021,0.548638,0.476723,0.623791,0.681195,0.549273,0.61055,0.645201,0.622918,0.616956,0.750259,0.736402,0.670102,0.735522,0.721267,0.739663,0.724928,0.793169,0.758358,0.717281,0.709568,0.588009,0.576138,0.617714,0.554638,0.722823,0.8183,0.796125,0.593948,0.540628,0.527053,0.64645,0.534053,0.562842,0.491023,0.611257,0.687607,0.572241,0.637365,0.668887,0.676042,0.643545,0.687514,0.591966,0.64007,0.768776,0.733591,0.72797,0.631812,0.708435,0.686414,0.804225,0.857411,0.548784,0.505478,0.574225,0.548972,0.768221,0.82657,0.798887,0.741524,0.827334,0.674641,0.7317,0.7207,0.828153,0.805072,0.703652,0.715431,0.848613,0.827926,0.828377,0.840683,0.370835,0.537154,0.531442,0.509748,0.397948,0.471149,0.44062,0.467112,0.402227,0.463065,0.621606,0.623861,0.544936,0.649787,0.607515,0.441924,0.400209,0.481966,0.498738,0.645381,0.814416,0.620546,0.6659,0.592639,0.662331,0.670213,0.69053,0.696892,0.535238,0.531099,0.669504,0.633895,0.73019,0.780246,0.765202,0.887724,0.838297,0.665453,0.681368,0.61705,0.667907,0.613503,0.742116,0.694937,0.726172,0.603903,0.61151,0.616448,0.633429,0.611677,0.781238,0.929502,0.85095,0.664124,0.696612,0.612919,0.657237,0.617296,0.775014,0.685658,0.644275,0.608277,0.589326,0.589495,0.619126,0.637044,0.720406,0.524728,0.548314,0.457049,0.52435,0.613761,0.610393,0.605807,0.646435,0.692724,0.706086,0.64777,0.669679,0.601168,0.504585,0.50441,0.609397,,,,,,,,,,,,,,,,,,,,,,,,,,,,,,,,,,,,,,,,,,,,,,,,,,,,,,,,,,,,,,,,,,,,,,,,,,,,,,,,,,,,,,,,,,,,,,,,,,,,,,,,,,,,,,,,
7.4GPa_4.0-9.0,0.724829,0.713358,0.692971,0.7818,0.754484,0.77852,0.698079,0.852429,0.900159,0.636089,0.641975,0.668471,0.70403,0.745818,0.896428,0.839487,0.708533,0.727475,0.875239,0.866412,0.862258,0.877626,0.877457,0.782409,0.838287,0.712595,0.702017,0.728517,0.669221,0.918061,0.942211,0.976934,0.738358,0.718218,0.695281,0.805346,0.756288,0.781871,0.711625,0.842433,0.905638,0.699694,0.702688,0.779911,0.841142,0.834849,0.783797,0.63665,0.638329,0.805301,0.885292,0.854491,0.755145,0.815105,0.816488,0.923572,0.944471,0.652841,0.622221,0.607962,0.650784,0.950901,0.970909,0.977839,0.893469,0.930713,0.85017,0.868979,0.883862,0.921742,0.950673,0.751136,0.837327,0.965448,0.982935,0.971802,0.971816,0.377215,0.598944,0.518143,0.660485,0.671985,0.683487,0.554,0.603835,0.500155,0.569416,0.679026,0.703132,0.617164,0.822586,0.698045,0.446374,0.657619,0.64119,0.608127,0.501715,0.858065,0.775397,0.781605,0.699704,0.761646,0.791298,0.758507,0.811055,0.637389,0.616748,0.714903,0.744354,0.940012,0.945533,0.953173,0.896163,0.971443,0.82937,0.805738,0.777499,0.845075,0.802178,0.893347,0.847554,0.816673,0.704168,0.724685,0.740818,0.781797,0.730866,0.975822,0.878949,0.97883,0.819953,0.819453,0.747828,0.815317,0.789741,0.905371,0.832165,0.707015,0.703729,0.729273,0.758603,0.799141,0.793753,0.867278,0.565485,0.669667,0.574865,0.710694,0.832365,0.842547,0.825417,0.869635,0.742132,0.725202,0.818209,0.738728,0.627487,0.616293,0.727273,0.810046,0.845205,,,,,,,,,,,,,,,,,,,,,,,,,,,,,,,,,,,,,,,,,,,,,,,,,,,,,,,,,,,,,,,,,,,,,,,,,,,,,,,,,,,,,,,,,,,,,,,,,,,,,,,,,,,,,,,
7.4GPa_5.0-10.0,0.52538,0.557431,0.533907,0.689266,0.770085,0.772472,0.750818,0.6485,0.741361,0.424701,0.292895,0.398185,0.557295,0.63852,0.619975,0.611262,0.549555,0.453485,0.758753,0.755565,0.805695,0.76485,0.808853,0.516837,0.621541,0.747089,0.720616,0.749421,0.519385,0.732049,0.773172,0.770831,0.547014,0.564047,0.529978,0.684875,0.780838,0.781054,0.763669,0.660964,0.734295,0.502509,0.378445,0.506777,0.641488,0.739237,0.704764,0.564264,0.465785,0.490692,0.844694,0.851381,0.931402,0.912355,0.961129,0.656898,0.743246,0.632864,0.60296,0.598465,0.541282,0.756096,0.744061,0.746331,0.700603,0.638786,0.601896,0.600004,0.616844,0.731647,0.787145,0.607986,0.715774,0.743305,0.774843,0.778034,0.780339,0.406345,0.625053,0.349781,0.346108,0.399323,0.692272,0.620457,0.628652,0.517561,0.585668,0.400134,0.478983,0.248419,0.506321,0.435683,0.329993,0.444107,0.594944,0.6827,0.349221,0.5666,0.892768,0.848087,0.886043,0.799138,0.827961,0.477534,0.660568,0.556002,0.518446,0.684432,0.547012,0.660476,0.690081,0.665076,0.639731,0.661204,0.965797,0.889907,0.916756,0.906304,0.896335,0.654851,0.718036,0.629011,0.565702,0.609434,0.57179,0.618659,0.616761,0.734248,0.633146,0.68413,0.978057,0.899471,0.921483,0.931018,0.907811,0.672938,0.721119,0.525699,0.585528,0.628685,0.561446,0.600093,0.642496,0.754786,0.343245,0.460322,0.480729,0.713109,0.812308,0.809379,0.809183,0.748411,0.601415,0.567967,0.542316,0.49932,0.467067,0.415925,0.617165,0.668734,0.618054,0.744763,,,,,,,,,,,,,,,,,,,,,,,,,,,,,,,,,,,,,,,,,,,,,,,,,,,,,,,,,,,,,,,,,,,,,,,,,,,,,,,,,,,,,,,,,,,,,,,,,,,,,,,,,,,,,,
7.4GPa_6.0-11.0,0.588455,0.624936,0.590953,0.657921,0.740059,0.77668,0.699193,0.649719,0.739528,0.441256,0.319547,0.397774,0.535956,0.591393,0.609545,0.565525,0.554434,0.539153,0.77848,0.782551,0.825298,0.805229,0.781588,0.615665,0.685351,0.710753,0.661544,0.672362,0.456325,0.767302,0.768538,0.783695,0.61197,0.636172,0.594616,0.660734,0.745558,0.788441,0.71601,0.651659,0.745266,0.504561,0.389206,0.518384,0.668051,0.700069,0.66834,0.507818,0.478644,0.577524,0.849988,0.864248,0.926801,0.959488,0.928071,0.719924,0.775972,0.596968,0.561449,0.542544,0.473193,0.780778,0.769601,0.769795,0.695616,0.696851,0.636727,0.640898,0.660071,0.764089,0.786173,0.625379,0.69372,0.767129,0.783345,0.789899,0.79237,0.579782,0.718422,0.483106,0.52433,0.512266,0.683241,0.677394,0.680901,0.640466,0.61047,0.440237,0.508621,0.395063,0.60021,0.452608,0.320953,0.578016,0.686445,0.684212,0.369187,0.627573,0.896922,0.900391,0.902581,0.839286,0.853524,0.586466,0.669941,0.5471,0.5073,0.613978,0.511841,0.719597,0.731087,0.710449,0.65811,0.703053,0.934473,0.928673,0.913929,0.935127,0.903717,0.691791,0.69975,0.635849,0.560285,0.579794,0.530725,0.629861,0.595213,0.769312,0.634443,0.71115,0.930245,0.950315,0.925006,0.956817,0.925124,0.710543,0.686101,0.565248,0.593602,0.593671,0.521471,0.578885,0.594902,0.705179,0.454792,0.541168,0.534064,0.654728,0.744554,0.742515,0.734364,0.697178,0.578953,0.534261,0.611811,0.49252,0.475371,0.385835,0.599647,0.670001,0.631889,0.767125,0.949279,,,,,,,,,,,,,,,,,,,,,,,,,,,,,,,,,,,,,,,,,,,,,,,,,,,,,,,,,,,,,,,,,,,,,,,,,,,,,,,,,,,,,,,,,,,,,,,,,,,,,,,,,,,,,
7.4GPa_7.0-12.0,0.54818,0.593374,0.43887,0.686772,0.739953,0.722471,0.707159,0.676002,0.721025,0.371447,0.30578,0.37867,0.500024,0.56507,0.694458,0.621196,0.55461,0.496245,0.76519,0.742908,0.811449,0.754355,0.762064,0.643746,0.617128,0.662208,0.604932,0.617103,0.436091,0.733157,0.754173,0.783072,0.564149,0.597427,0.440561,0.677252,0.740338,0.717675,0.714331,0.679937,0.723557,0.420024,0.384634,0.479733,0.610206,0.655036,0.667858,0.533147,0.488507,0.539348,0.808174,0.783935,0.884066,0.859367,0.878206,0.737647,0.76189,0.597973,0.573016,0.500619,0.466641,0.778009,0.743743,0.768417,0.666324,0.649163,0.665774,0.660028,0.683368,0.724897,0.77137,0.618674,0.691651,0.744349,0.788741,0.781493,0.797211,0.399526,0.668207,0.375611,0.377736,0.401334,0.689519,0.565818,0.705907,0.51215,0.560463,0.407894,0.464254,0.312026,0.585273,0.503568,0.307697,0.470899,0.70298,0.756897,0.362779,0.620857,0.837475,0.783823,0.914778,0.802657,0.856381,0.601419,0.67499,0.545527,0.501294,0.595637,0.445527,0.69376,0.71795,0.70895,0.643036,0.679227,0.877247,0.823606,0.942162,0.86508,0.891633,0.674724,0.710514,0.594441,0.503155,0.576203,0.522699,0.557031,0.491434,0.749239,0.630079,0.694918,0.865576,0.836618,0.979703,0.933426,0.929559,0.684381,0.687404,0.530188,0.553546,0.607744,0.542833,0.572719,0.57231,0.689254,0.375268,0.511204,0.495047,0.678135,0.721149,0.73099,0.719901,0.679436,0.562008,0.53728,0.580386,0.515515,0.441916,0.345513,0.597449,0.599063,0.654721,0.757,0.876021,0.87399,,,,,,,,,,,,,,,,,,,,,,,,,,,,,,,,,,,,,,,,,,,,,,,,,,,,,,,,,,,,,,,,,,,,,,,,,,,,,,,,,,,,,,,,,,,,,,,,,,,,,,,,,,,,
7.4GPa_8.0-13.0,0.59411,0.632752,0.551501,0.740938,0.761217,0.759246,0.720187,0.717051,0.781599,0.44938,0.360037,0.431248,0.55915,0.620341,0.734025,0.68295,0.605209,0.561317,0.818185,0.799901,0.857976,0.822095,0.819497,0.696391,0.69821,0.700769,0.645599,0.66337,0.485125,0.788843,0.809361,0.845013,0.611451,0.638484,0.551129,0.738054,0.760724,0.755786,0.728604,0.716004,0.783845,0.507172,0.434618,0.540573,0.678221,0.711594,0.718722,0.572377,0.536061,0.60783,0.858375,0.834095,0.907947,0.912757,0.919325,0.801745,0.824536,0.632984,0.599641,0.530019,0.505145,0.829953,0.807014,0.830945,0.733522,0.731113,0.727674,0.72007,0.744428,0.795576,0.835909,0.679266,0.751043,0.816453,0.850581,0.847539,0.855656,0.438329,0.703456,0.4226,0.45591,0.491967,0.716753,0.600913,0.708938,0.553802,0.601948,0.452402,0.510771,0.368284,0.641232,0.516844,0.354048,0.555787,0.716501,0.740435,0.396916,0.67602,0.871694,0.830101,0.921172,0.85871,0.904684,0.664156,0.734725,0.59539,0.551418,0.643758,0.519545,0.758244,0.77804,0.771581,0.693957,0.742292,0.919062,0.869482,0.949036,0.913135,0.92053,0.7417,0.769517,0.665518,0.577261,0.615847,0.570369,0.601247,0.549277,0.812769,0.679555,0.755486,0.90636,0.885253,0.981844,0.975408,0.961907,0.766255,0.75374,0.605247,0.616942,0.648004,0.578496,0.614816,0.611086,0.737113,0.425857,0.5536,0.543472,0.691256,0.759301,0.767467,0.755926,0.724012,0.630643,0.59119,0.645834,0.555856,0.499151,0.393843,0.636059,0.668044,0.689293,0.818455,0.904981,0.914658,0.978505,,,,,,,,,,,,,,,,,,,,,,,,,,,,,,,,,,,,,,,,,,,,,,,,,,,,,,,,,,,,,,,,,,,,,,,,,,,,,,,,,,,,,,,,,,,,,,,,,,,,,,,,,,,
7.4GPa_9.0-14.0,0.623265,0.682179,0.612084,0.76574,0.791655,0.797628,0.743265,0.771347,0.815693,0.465973,0.360871,0.4262,0.553855,0.610934,0.741704,0.677457,0.619186,0.580776,0.843077,0.818264,0.881293,0.829178,0.823645,0.70265,0.724013,0.664497,0.636336,0.664506,0.500537,0.819451,0.821649,0.876029,0.642506,0.690962,0.61328,0.769444,0.788551,0.792012,0.753721,0.769781,0.817166,0.529232,0.4324,0.553712,0.702867,0.721992,0.731188,0.559697,0.545062,0.636576,0.873565,0.840694,0.902383,0.912186,0.911036,0.831955,0.844023,0.580082,0.563011,0.516946,0.496175,0.855771,0.827855,0.864567,0.761304,0.76319,0.770616,0.747938,0.785965,0.805489,0.849825,0.664186,0.755719,0.833238,0.879491,0.869953,0.873363,0.454159,0.712682,0.419444,0.514896,0.577375,0.751355,0.604431,0.7264,0.584209,0.610658,0.467566,0.520274,0.408481,0.679553,0.498041,0.333824,0.61399,0.730405,0.749965,0.398673,0.702644,0.877882,0.832507,0.897187,0.871958,0.913737,0.690859,0.748327,0.589314,0.549491,0.649683,0.552485,0.798647,0.808579,0.812957,0.691166,0.772949,0.921591,0.873314,0.933628,0.933742,0.94394,0.777151,0.787049,0.675998,0.596121,0.626776,0.58875,0.652951,0.60284,0.847914,0.670877,0.781412,0.904207,0.888809,0.956571,0.981911,0.982762,0.798072,0.769985,0.602675,0.625578,0.69606,0.619962,0.662226,0.647836,0.733446,0.446243,0.591726,0.576446,0.684654,0.777666,0.792384,0.771183,0.753388,0.639513,0.570129,0.67849,0.544463,0.484618,0.389905,0.671544,0.697132,0.680298,0.850083,0.893907,0.918341,0.930861,0.974783,,,,,,,,,,,,,,,,,,,,,,,,,,,,,,,,,,,,,,,,,,,,,,,,,,,,,,,,,,,,,,,,,,,,,,,,,,,,,,,,,,,,,,,,,,,,,,,,,,,,,,,,,,
7.4GPa_10.0-15.0,0.731946,0.686604,0.65159,0.708417,0.623058,0.64774,0.572576,0.700297,0.821869,0.691141,0.708222,0.719527,0.740304,0.711465,0.873543,0.861721,0.624966,0.729668,0.772004,0.777845,0.763112,0.848421,0.792572,0.797893,0.770683,0.656961,0.570703,0.585527,0.549832,0.797053,0.893667,0.878851,0.734724,0.676122,0.650682,0.728121,0.63768,0.664971,0.587183,0.684597,0.834463,0.697049,0.742031,0.775879,0.819923,0.74713,0.705794,0.599838,0.564613,0.77776,0.790227,0.77013,0.688346,0.766293,0.73967,0.882644,0.900553,0.626731,0.561664,0.500867,0.558768,0.846561,0.909989,0.881124,0.765402,0.868227,0.744468,0.805867,0.785438,0.909474,0.890861,0.823755,0.761086,0.927419,0.882578,0.889151,0.896445,0.454712,0.66269,0.630614,0.611287,0.502194,0.607056,0.582457,0.645576,0.564204,0.650119,0.72128,0.742005,0.6451,0.762889,0.772637,0.593439,0.582357,0.633213,0.61198,0.449055,0.811809,0.677116,0.694843,0.654523,0.712919,0.747734,0.774508,0.750844,0.597325,0.56996,0.615241,0.636406,0.834045,0.864631,0.846291,0.887459,0.873126,0.732216,0.724008,0.749611,0.77884,0.734786,0.878975,0.79704,0.78276,0.647147,0.658872,0.658542,0.70202,0.639974,0.880064,0.864845,0.878829,0.7212,0.746153,0.723542,0.761968,0.722284,0.908201,0.773489,0.74496,0.691299,0.603796,0.613574,0.629335,0.628198,0.789942,0.653357,0.683524,0.574037,0.654364,0.710549,0.697251,0.699756,0.723988,0.66907,0.75525,0.802478,0.791509,0.704488,0.570095,0.588662,0.714253,0.824306,0.895023,0.661697,0.689881,0.757551,0.798012,0.766598,,,,,,,,,,,,,,,,,,,,,,,,,,,,,,,,,,,,,,,,,,,,,,,,,,,,,,,,,,,,,,,,,,,,,,,,,,,,,,,,,,,,,,,,,,,,,,,,,,,,,,,,,
7.4GPa_11.0-16.0,0.422391,0.408844,0.476421,0.638368,0.610631,0.600137,0.599965,0.625716,0.721189,0.380072,0.389123,0.435513,0.542406,0.740579,0.757927,0.783663,0.522758,0.417011,0.758748,0.789058,0.777589,0.826483,0.879257,0.698508,0.677102,0.765966,0.729962,0.711666,0.742433,0.783699,0.817492,0.849796,0.438801,0.410357,0.471192,0.632523,0.614213,0.6051,0.606622,0.634035,0.71848,0.452472,0.468583,0.529394,0.619645,0.851364,0.668319,0.709556,0.51319,0.481495,0.784493,0.789566,0.71627,0.761283,0.798718,0.769605,0.83092,0.756952,0.723513,0.602615,0.766514,0.825634,0.834384,0.844499,0.842819,0.770311,0.723848,0.774063,0.757643,0.844758,0.863715,0.745863,0.923861,0.844598,0.866186,0.873272,0.880102,0.266985,0.437714,0.314193,0.387043,0.359553,0.473809,0.449466,0.450276,0.343673,0.433386,0.392728,0.43126,0.259947,0.536815,0.483611,0.301597,0.375739,0.498388,0.481866,0.329899,0.55248,0.662919,0.694575,0.674112,0.750266,0.745952,0.634283,0.8551,0.744859,0.713494,0.637577,0.636997,0.787433,0.826668,0.807899,0.714025,0.738169,0.757453,0.741715,0.707744,0.693558,0.66836,0.672813,0.922132,0.794707,0.691676,0.744015,0.766658,0.703451,0.707254,0.785102,0.717935,0.771984,0.776789,0.746624,0.717693,0.733916,0.693922,0.734496,0.916254,0.638062,0.654195,0.652894,0.720591,0.722439,0.766312,0.896573,0.262622,0.32487,0.31005,0.702317,0.775417,0.756085,0.767952,0.769304,0.807871,0.628981,0.625602,0.568248,0.48533,0.44046,0.529526,0.582711,0.712854,0.828569,0.709887,0.672604,0.747615,0.780178,0.742928,0.857904,,,,,,,,,,,,,,,,,,,,,,,,,,,,,,,,,,,,,,,,,,,,,,,,,,,,,,,,,,,,,,,,,,,,,,,,,,,,,,,,,,,,,,,,,,,,,,,,,,,,,,,,
7.4GPa_12.0-17.0,0.702521,0.699284,0.661444,0.806161,0.82437,0.840602,0.792873,0.874467,0.905734,0.597392,0.572588,0.627213,0.716055,0.787895,0.907738,0.828417,0.624741,0.615829,0.870556,0.85597,0.850725,0.85476,0.877539,0.726024,0.812894,0.784669,0.78037,0.784962,0.663538,0.916309,0.936438,0.975364,0.719118,0.705133,0.664862,0.820699,0.823616,0.839957,0.800123,0.875837,0.906984,0.690738,0.653562,0.753458,0.845742,0.885544,0.821153,0.644359,0.546835,0.697668,0.897933,0.866924,0.768747,0.810214,0.828062,0.868003,0.91783,0.709067,0.69359,0.675272,0.684709,0.943769,0.945776,0.953603,0.874092,0.873358,0.827671,0.83665,0.847087,0.898971,0.937081,0.791661,0.858029,0.938436,0.967955,0.966489,0.959676,0.367347,0.591168,0.461162,0.603875,0.646812,0.741512,0.611618,0.609563,0.48731,0.549289,0.600659,0.668307,0.527676,0.785385,0.62587,0.418374,0.612233,0.644815,0.629597,0.400354,0.758612,0.779028,0.772663,0.697699,0.761942,0.789513,0.712894,0.805763,0.703973,0.680317,0.778936,0.754405,0.914877,0.925038,0.923347,0.844539,0.914669,0.852631,0.816915,0.803214,0.86238,0.821238,0.862355,0.874493,0.809539,0.719581,0.734471,0.742211,0.761171,0.719228,0.951047,0.822932,0.930381,0.848857,0.823576,0.757268,0.82228,0.797415,0.872364,0.866208,0.684503,0.70596,0.734755,0.748573,0.785608,0.784171,0.887041,0.513183,0.628167,0.572711,0.773359,0.875506,0.879718,0.868367,0.875031,0.740019,0.701073,0.785033,0.717389,0.624144,0.656997,0.809567,0.828274,0.778108,0.962439,0.772901,0.769571,0.752984,0.81301,0.841584,0.851159,0.84655,,,,,,,,,,,,,,,,,,,,,,,,,,,,,,,,,,,,,,,,,,,,,,,,,,,,,,,,,,,,,,,,,,,,,,,,,,,,,,,,,,,,,,,,,,,,,,,,,,,,,,,
7.4GPa_13.0-18.0,0.610627,0.569902,0.611863,0.694057,0.689475,0.731564,0.675753,0.735145,0.789887,0.53089,0.506764,0.571999,0.675908,0.750549,0.777019,0.722564,0.569541,0.557246,0.745564,0.77357,0.730512,0.80523,0.816718,0.651861,0.761144,0.719376,0.767963,0.732776,0.666236,0.843326,0.840149,0.861067,0.631637,0.574794,0.615321,0.701956,0.686494,0.738766,0.680853,0.745131,0.791733,0.652301,0.58626,0.678559,0.771895,0.828427,0.785587,0.606971,0.505559,0.619614,0.777166,0.784031,0.633877,0.753215,0.737966,0.756133,0.819478,0.669812,0.667604,0.637089,0.650715,0.841399,0.850034,0.839385,0.800419,0.799079,0.708067,0.749261,0.732704,0.842667,0.857786,0.697547,0.793677,0.84549,0.861122,0.874681,0.863829,0.431987,0.528743,0.488773,0.604072,0.585688,0.614722,0.622791,0.474418,0.47227,0.469343,0.509882,0.607657,0.485613,0.704442,0.491634,0.365299,0.574177,0.562792,0.468577,0.36043,0.655252,0.647897,0.731881,0.586046,0.71867,0.710241,0.612342,0.730334,0.691482,0.673952,0.682679,0.675947,0.810071,0.8235,0.813371,0.780927,0.822294,0.744364,0.778614,0.653987,0.75753,0.682942,0.74469,0.799997,0.810154,0.724636,0.673926,0.700391,0.609706,0.590367,0.839884,0.756642,0.836899,0.748013,0.778569,0.614063,0.707486,0.661527,0.767402,0.791556,0.651469,0.653044,0.592973,0.650284,0.688088,0.698074,0.82239,0.473629,0.519362,0.483441,0.692781,0.787337,0.780106,0.782193,0.779037,0.699062,0.664358,0.71129,0.634631,0.6034,0.660217,0.767875,0.808355,0.701104,0.855283,0.665409,0.69907,0.603071,0.680889,0.7116,0.721769,0.735849,0.899513,,,,,,,,,,,,,,,,,,,,,,,,,,,,,,,,,,,,,,,,,,,,,,,,,,,,,,,,,,,,,,,,,,,,,,,,,,,,,,,,,,,,,,,,,,,,,,,,,,,,,,
7.4GPa_14.0-19.0,0.591088,0.560975,0.596508,0.62929,0.685751,0.722241,0.65535,0.730263,0.782999,0.520072,0.483733,0.529116,0.614374,0.68881,0.729654,0.681535,0.566385,0.538855,0.747754,0.764732,0.73025,0.77197,0.792079,0.642906,0.760744,0.672093,0.709639,0.691142,0.65753,0.878475,0.810603,0.84797,0.612819,0.568609,0.600581,0.641306,0.681191,0.727272,0.664229,0.73896,0.788639,0.6274,0.562814,0.65237,0.735647,0.804229,0.725541,0.584715,0.498023,0.613596,0.76842,0.768921,0.632636,0.731789,0.721084,0.756443,0.805507,0.629992,0.599051,0.5691,0.618345,0.848663,0.836081,0.841442,0.809351,0.789331,0.715798,0.749647,0.745792,0.807372,0.843522,0.609079,0.779885,0.825481,0.851517,0.853101,0.846486,0.381419,0.490256,0.458218,0.588392,0.631406,0.590681,0.562133,0.454347,0.452536,0.464754,0.508882,0.578539,0.48498,0.689154,0.52232,0.329453,0.64489,0.557707,0.442143,0.34206,0.652015,0.654626,0.718916,0.585097,0.685861,0.68448,0.604997,0.732187,0.636889,0.621801,0.595142,0.6344,0.816889,0.816185,0.820226,0.743292,0.82675,0.729485,0.75195,0.646655,0.744508,0.677574,0.735857,0.790069,0.777555,0.6741,0.641339,0.673036,0.614627,0.5892,0.843452,0.718767,0.838114,0.730071,0.756733,0.611824,0.701566,0.659354,0.75195,0.769016,0.628954,0.62258,0.584613,0.661669,0.706103,0.712258,0.812938,0.438785,0.508185,0.445864,0.646026,0.78007,0.782271,0.777685,0.795123,0.645355,0.613091,0.7027,0.589988,0.535697,0.597685,0.72044,0.811436,0.663245,0.858448,0.653065,0.697843,0.595873,0.675556,0.71498,0.70571,0.719275,0.866345,0.944388,,,,,,,,,,,,,,,,,,,,,,,,,,,,,,,,,,,,,,,,,,,,,,,,,,,,,,,,,,,,,,,,,,,,,,,,,,,,,,,,,,,,,,,,,,,,,,,,,,,,,
7.4GPa_15.0-20.0,0.483358,0.491705,0.460982,0.481362,0.559585,0.550244,0.553404,0.82188,0.685439,0.409954,0.409477,0.448148,0.513627,0.630025,0.734166,0.650588,0.453421,0.397751,0.676315,0.698559,0.717003,0.671798,0.738187,0.487882,0.577243,0.550014,0.662959,0.745228,0.758076,0.737132,0.712588,0.786239,0.50076,0.501349,0.464671,0.519928,0.564934,0.549242,0.569888,0.80524,0.671116,0.487409,0.485051,0.554811,0.614265,0.715147,0.615145,0.505154,0.40386,0.460518,0.655693,0.649499,0.576823,0.579192,0.628845,0.655508,0.702618,0.493336,0.539062,0.546917,0.680856,0.754921,0.739972,0.795819,0.753311,0.688913,0.701979,0.720654,0.745872,0.683027,0.708327,0.479831,0.697804,0.697444,0.787439,0.74454,0.745461,0.191161,0.369623,0.243764,0.393818,0.520359,0.504225,0.34378,0.486001,0.342725,0.463023,0.473301,0.46508,0.353748,0.573717,0.465574,0.235246,0.396631,0.419615,0.475191,0.268215,0.53501,0.560076,0.588279,0.539742,0.608992,0.603943,0.469136,0.63402,0.496889,0.525003,0.560059,0.656905,0.716207,0.735012,0.770279,0.593824,0.686379,0.613036,0.613506,0.565647,0.598113,0.606213,0.625497,0.715112,0.655285,0.628057,0.785693,0.888171,0.695418,0.657545,0.755772,0.582342,0.705472,0.621986,0.605375,0.543362,0.582151,0.590106,0.611728,0.698364,0.415859,0.510892,0.779102,0.993177,0.978209,0.951575,0.74417,0.312011,0.436507,0.395902,0.499879,0.732736,0.770903,0.741202,0.829932,0.675665,0.60871,0.58261,0.473498,0.36839,0.418533,0.566928,0.55726,0.60981,0.778669,0.552881,0.52489,0.554691,0.590664,0.635954,0.628841,0.713462,0.748401,0.645423,0.671722,,,,,,,,,,,,,,,,,,,,,,,,,,,,,,,,,,,,,,,,,,,,,,,,,,,,,,,,,,,,,,,,,,,,,,,,,,,,,,,,,,,,,,,,,,,,,,,,,,,,
7.4GPa_16.0-21.0,0.480247,0.518898,0.481764,0.508845,0.590942,0.583998,0.572916,0.84665,0.704881,0.384342,0.375377,0.414702,0.474995,0.597903,0.72749,0.636589,0.469787,0.402239,0.714395,0.716922,0.745394,0.670277,0.738148,0.499968,0.581386,0.559397,0.650783,0.73947,0.735921,0.758512,0.712728,0.803685,0.500829,0.534128,0.486361,0.547737,0.590432,0.578077,0.589816,0.827985,0.69097,0.464366,0.449444,0.538626,0.612508,0.716609,0.623874,0.512599,0.421243,0.476394,0.68856,0.670557,0.608605,0.597623,0.643466,0.668002,0.706296,0.479248,0.51733,0.5642,0.678195,0.778437,0.749381,0.81354,0.770292,0.704972,0.738659,0.739874,0.778801,0.680232,0.720039,0.471847,0.707257,0.709521,0.803011,0.760158,0.76048,0.191889,0.37961,0.233555,0.425955,0.576491,0.524587,0.331359,0.498085,0.348959,0.44157,0.454162,0.436976,0.353989,0.590398,0.431402,0.188642,0.44982,0.458329,0.487927,0.275129,0.549642,0.599696,0.60538,0.566573,0.609352,0.608103,0.484219,0.637817,0.470716,0.48567,0.571838,0.658961,0.74139,0.752083,0.795384,0.592323,0.707627,0.642145,0.622744,0.589878,0.620019,0.632115,0.637754,0.721616,0.634504,0.609701,0.760192,0.844986,0.683691,0.645026,0.77758,0.57997,0.725212,0.64851,0.62041,0.57482,0.612595,0.624603,0.626248,0.708758,0.427993,0.528385,0.80482,0.977084,0.986624,0.958872,0.743622,0.296186,0.436604,0.417023,0.506988,0.749188,0.787191,0.752123,0.841519,0.67968,0.557626,0.602187,0.46186,0.350914,0.381355,0.57511,0.570251,0.613562,0.797851,0.580646,0.563663,0.584167,0.622685,0.67537,0.622502,0.708925,0.770723,0.665758,0.696455,0.989021,,,,,,,,,,,,,,,,,,,,,,,,,,,,,,,,,,,,,,,,,,,,,,,,,,,,,,,,,,,,,,,,,,,,,,,,,,,,,,,,,,,,,,,,,,,,,,,,,,,
7.4GPa_17.0-22.0,0.44608,0.473246,0.507681,0.504758,0.562677,0.564995,0.54011,0.782779,0.702948,0.402413,0.399498,0.451529,0.500192,0.641007,0.696264,0.668113,0.487749,0.409454,0.706912,0.71449,0.733111,0.710184,0.780232,0.536357,0.596309,0.620445,0.686306,0.770523,0.778295,0.767441,0.743911,0.808647,0.468228,0.488329,0.508115,0.542243,0.568287,0.568565,0.561796,0.766162,0.689407,0.472809,0.464984,0.557802,0.618639,0.770258,0.627371,0.576139,0.455475,0.484719,0.704642,0.697866,0.626625,0.642624,0.691799,0.684171,0.733353,0.534565,0.542771,0.621987,0.740753,0.791369,0.782524,0.822038,0.797568,0.730943,0.701869,0.723859,0.753198,0.728288,0.761578,0.51744,0.772066,0.753121,0.81753,0.785233,0.787492,0.208105,0.370711,0.255956,0.420132,0.524164,0.461109,0.322411,0.437202,0.33214,0.43023,0.471354,0.442711,0.338251,0.551168,0.440409,0.218597,0.423248,0.408063,0.429445,0.303396,0.557495,0.607297,0.615797,0.558749,0.622087,0.60647,0.503832,0.692757,0.500833,0.504542,0.613397,0.700621,0.753413,0.772295,0.800797,0.648648,0.734518,0.676758,0.649955,0.585389,0.629789,0.620078,0.64689,0.773982,0.6821,0.625169,0.772889,0.845623,0.71754,0.70684,0.787654,0.645667,0.758835,0.697293,0.655215,0.576976,0.622008,0.617095,0.65911,0.770509,0.49122,0.568306,0.801574,0.951266,0.976429,0.988251,0.805168,0.282459,0.386411,0.387019,0.525874,0.774289,0.794733,0.770659,0.854995,0.745957,0.587219,0.599749,0.499201,0.401009,0.377848,0.512135,0.571807,0.664645,0.821367,0.636801,0.607344,0.589838,0.633533,0.675328,0.659193,0.761254,0.789001,0.692525,0.721765,0.959933,0.973403,,,,,,,,,,,,,,,,,,,,,,,,,,,,,,,,,,,,,,,,,,,,,,,,,,,,,,,,,,,,,,,,,,,,,,,,,,,,,,,,,,,,,,,,,,,,,,,,,,
7.4GPa_18.0-23.0,0.554703,0.54676,0.613183,0.77232,0.701278,0.707922,0.675314,0.735183,0.862488,0.473006,0.452543,0.522925,0.649552,0.805098,0.780835,0.799542,0.547576,0.462601,0.821166,0.839717,0.822572,0.864429,0.936403,0.632765,0.713628,0.77246,0.778332,0.797021,0.810005,0.862629,0.877515,0.915958,0.576035,0.555762,0.609614,0.771377,0.703543,0.711775,0.685238,0.743617,0.855695,0.568728,0.534983,0.636131,0.758148,0.960048,0.762185,0.722971,0.482682,0.536077,0.841206,0.83659,0.726639,0.798082,0.84923,0.760434,0.868234,0.783382,0.759417,0.709232,0.817475,0.913779,0.905768,0.916373,0.915277,0.840111,0.801939,0.834337,0.829197,0.892018,0.936194,0.7524,0.923585,0.901431,0.919872,0.929311,0.93212,0.30218,0.476742,0.40074,0.498301,0.493154,0.611202,0.553404,0.539078,0.458381,0.54299,0.492263,0.535997,0.363642,0.664167,0.530873,0.355429,0.538747,0.595752,0.547589,0.303376,0.606122,0.726892,0.732537,0.654388,0.767944,0.770536,0.585464,0.831845,0.706498,0.691989,0.737816,0.770825,0.872807,0.903374,0.881558,0.752971,0.805457,0.833218,0.797331,0.733597,0.781061,0.740392,0.768054,0.923709,0.831354,0.733217,0.799817,0.812861,0.780623,0.797317,0.884351,0.735472,0.83101,0.853384,0.803662,0.715012,0.772608,0.737645,0.797993,0.928579,0.686745,0.714936,0.758594,0.774771,0.797302,0.83642,0.977371,0.359914,0.435239,0.445813,0.827274,0.913542,0.893039,0.904366,0.91006,0.820803,0.711491,0.771757,0.692247,0.593318,0.554548,0.65843,0.76377,0.710142,0.890918,0.77383,0.73649,0.717188,0.775225,0.789818,0.796632,0.904192,0.912431,0.831355,0.822699,0.767944,0.776907,0.825612,,,,,,,,,,,,,,,,,,,,,,,,,,,,,,,,,,,,,,,,,,,,,,,,,,,,,,,,,,,,,,,,,,,,,,,,,,,,,,,,,,,,,,,,,,,,,,,,,
8.5GPa_3.0-8.0,0.544265,0.518906,0.546666,0.615365,0.538846,0.560322,0.497777,0.624944,0.677453,0.509115,0.537429,0.577325,0.592406,0.610737,0.737725,0.733029,0.716353,0.733374,0.756632,0.773543,0.7598,0.814489,0.792102,0.726363,0.728785,0.62174,0.613292,0.639763,0.59886,0.746328,0.813443,0.812138,0.552875,0.517726,0.536158,0.630767,0.545726,0.569891,0.509924,0.61662,0.683092,0.539388,0.568249,0.615549,0.650341,0.647448,0.695352,0.616487,0.686102,0.759478,0.765281,0.75988,0.660286,0.733879,0.718702,0.813722,0.879309,0.5849,0.550168,0.565357,0.575898,0.789866,0.830006,0.814582,0.791903,0.847311,0.704222,0.751927,0.745588,0.837245,0.825067,0.695967,0.761324,0.858433,0.849325,0.851262,0.857986,0.355798,0.527024,0.476882,0.479731,0.412554,0.471368,0.431403,0.452373,0.390993,0.447278,0.550388,0.560193,0.481803,0.623211,0.560161,0.41224,0.429339,0.488019,0.5025,0.698329,0.808584,0.655172,0.691005,0.616108,0.688608,0.69639,0.693508,0.729559,0.573367,0.562381,0.647658,0.645187,0.759671,0.799646,0.786602,0.834775,0.819639,0.689361,0.697585,0.616527,0.668989,0.624157,0.719357,0.719552,0.739287,0.623903,0.642859,0.645415,0.640912,0.619747,0.775898,0.892601,0.833786,0.685791,0.711813,0.619057,0.669706,0.636907,0.764951,0.711793,0.636068,0.615239,0.608809,0.60588,0.63256,0.650367,0.720394,0.468336,0.504003,0.449301,0.532127,0.625828,0.621606,0.616652,0.652121,0.725797,0.668424,0.631378,0.62581,0.576544,0.469148,0.50782,0.606456,0.969534,0.84686,0.632411,0.647541,0.652337,0.699133,0.699428,0.797697,0.724462,0.784415,0.709034,0.682131,0.624385,0.631697,0.679479,0.728685,,,,,,,,,,,,,,,,,,,,,,,,,,,,,,,,,,,,,,,,,,,,,,,,,,,,,,,,,,,,,,,,,,,,,,,,,,,,,,,,,,,,,,,,,,,,,,,,
8.5GPa_4.0-9.0,0.702307,0.696851,0.691211,0.798084,0.77056,0.788811,0.722716,0.851223,0.904859,0.613877,0.601372,0.64416,0.71132,0.771685,0.899015,0.852998,0.715755,0.708147,0.896095,0.890912,0.887127,0.899674,0.908422,0.782576,0.841576,0.74896,0.743545,0.762779,0.703741,0.925756,0.948561,0.988697,0.717215,0.702025,0.691159,0.815954,0.771997,0.790753,0.734609,0.845791,0.907986,0.684589,0.66697,0.755055,0.83738,0.860432,0.807708,0.66511,0.64612,0.77849,0.908466,0.880994,0.782043,0.838738,0.847537,0.92346,0.956257,0.697638,0.674064,0.635923,0.684507,0.965155,0.97681,0.987333,0.91761,0.935784,0.866244,0.884046,0.896097,0.936935,0.967617,0.776239,0.872571,0.973911,0.995141,0.988432,0.987568,0.380159,0.609019,0.493655,0.621752,0.641436,0.695097,0.571381,0.613798,0.505993,0.57931,0.636598,0.672427,0.564856,0.801987,0.66719,0.444418,0.641804,0.651912,0.630022,0.504338,0.836428,0.799276,0.800385,0.72453,0.79174,0.819161,0.755954,0.8403,0.682319,0.662203,0.740537,0.754698,0.944697,0.958031,0.9599,0.873043,0.945802,0.85511,0.82707,0.793302,0.854635,0.816172,0.882466,0.878159,0.835989,0.732282,0.760379,0.771467,0.784022,0.741947,0.971014,0.85847,0.956863,0.846648,0.838128,0.768558,0.833973,0.808802,0.904698,0.866136,0.711964,0.723255,0.75461,0.772844,0.806104,0.804962,0.889994,0.535643,0.640386,0.574666,0.738353,0.853056,0.859363,0.846304,0.878267,0.773819,0.7384,0.812955,0.732015,0.634534,0.608535,0.735503,0.809632,0.838103,0.994589,0.768491,0.781633,0.775521,0.837973,0.866389,0.894896,0.857029,0.970514,0.864386,0.859958,0.78813,0.805084,0.82817,0.917668,0.849622,,,,,,,,,,,,,,,,,,,,,,,,,,,,,,,,,,,,,,,,,,,,,,,,,,,,,,,,,,,,,,,,,,,,,,,,,,,,,,,,,,,,,,,,,,,,,,,
8.5GPa_5.0-10.0,0.652099,0.649158,0.647367,0.732106,0.772584,0.794036,0.743291,0.707315,0.818372,0.595065,0.484304,0.576459,0.702895,0.736982,0.740776,0.735021,0.609236,0.600498,0.802157,0.810831,0.838175,0.859552,0.860064,0.656713,0.723399,0.753266,0.735132,0.765141,0.562093,0.807099,0.887093,0.854649,0.668247,0.648665,0.64349,0.740473,0.79188,0.813892,0.760182,0.713168,0.81831,0.652036,0.555042,0.666618,0.767251,0.797493,0.75942,0.601215,0.525681,0.637598,0.879183,0.884616,0.902247,0.93631,0.954388,0.782671,0.853537,0.658421,0.620449,0.621814,0.579606,0.829543,0.85509,0.831603,0.757732,0.758886,0.66607,0.690974,0.690986,0.851241,0.870011,0.70662,0.772725,0.857462,0.862466,0.868447,0.869131,0.491175,0.707192,0.481318,0.457845,0.455247,0.714775,0.670951,0.666336,0.588562,0.679352,0.571294,0.645778,0.420371,0.608328,0.595199,0.50005,0.509427,0.601772,0.690459,0.425399,0.701006,0.866051,0.85694,0.851415,0.845678,0.872634,0.625604,0.733958,0.611045,0.582018,0.724519,0.645725,0.743253,0.773085,0.744352,0.794811,0.789254,0.950665,0.913478,0.907646,0.93735,0.906578,0.785957,0.78678,0.745176,0.64337,0.680949,0.649052,0.693067,0.673063,0.828932,0.78576,0.808699,0.958383,0.926816,0.896253,0.932792,0.902305,0.807681,0.78165,0.634855,0.659974,0.660971,0.612799,0.646298,0.67856,0.812873,0.509072,0.594213,0.575854,0.728357,0.822264,0.818308,0.818476,0.783091,0.673144,0.695031,0.648118,0.644265,0.61496,0.534678,0.661315,0.751511,0.742452,0.850019,0.963838,0.934525,0.865389,0.909152,0.903459,0.79493,0.769887,0.857188,0.752677,0.734367,0.610628,0.62506,0.684451,0.824627,0.743788,0.864122,,,,,,,,,,,,,,,,,,,,,,,,,,,,,,,,,,,,,,,,,,,,,,,,,,,,,,,,,,,,,,,,,,,,,,,,,,,,,,,,,,,,,,,,,,,,,,
8.5GPa_6.0-11.0,0.651124,0.683377,0.648592,0.747289,0.814387,0.839232,0.772839,0.753435,0.83165,0.521756,0.410058,0.491509,0.625614,0.682348,0.736599,0.691216,0.635019,0.608705,0.863224,0.854749,0.892072,0.85971,0.852285,0.691152,0.754169,0.762033,0.725785,0.738039,0.548946,0.844257,0.861956,0.887629,0.672546,0.692021,0.649457,0.753702,0.821405,0.848252,0.788842,0.757796,0.834932,0.588946,0.484192,0.612318,0.751467,0.780386,0.756523,0.583303,0.551324,0.65554,0.921963,0.916806,0.941327,0.959672,0.953519,0.818346,0.865751,0.659222,0.629577,0.593037,0.555368,0.871606,0.865043,0.873511,0.793408,0.792168,0.742006,0.743664,0.762873,0.84312,0.877011,0.697267,0.780652,0.864125,0.888678,0.889239,0.889824,0.531037,0.733885,0.476748,0.537784,0.556364,0.746609,0.673623,0.707517,0.623802,0.646145,0.51544,0.580918,0.438701,0.67239,0.543412,0.392651,0.607905,0.699382,0.729423,0.429248,0.718761,0.925046,0.902635,0.898433,0.858493,0.885421,0.664325,0.751814,0.622183,0.58555,0.693505,0.60527,0.810129,0.826544,0.813706,0.740539,0.796246,0.967566,0.932213,0.934995,0.961747,0.937271,0.786385,0.790428,0.72789,0.640162,0.666633,0.633768,0.694309,0.657033,0.862471,0.723001,0.808187,0.959858,0.949437,0.932047,0.970908,0.946154,0.807336,0.778387,0.629357,0.660893,0.683362,0.626642,0.670856,0.683133,0.792048,0.491291,0.603632,0.5883,0.720699,0.821383,0.82592,0.814485,0.789608,0.657188,0.628286,0.680658,0.583772,0.542507,0.470506,0.682565,0.745874,0.717947,0.868861,0.951465,0.975515,0.894724,0.94183,0.953264,0.784523,0.762091,0.869419,0.771183,0.76879,0.632968,0.664627,0.700733,0.824319,0.735675,0.884996,0.968495,,,,,,,,,,,,,,,,,,,,,,,,,,,,,,,,,,,,,,,,,,,,,,,,,,,,,,,,,,,,,,,,,,,,,,,,,,,,,,,,,,,,,,,,,,,,,
8.5GPa_7.0-12.0,0.521379,0.555293,0.35969,0.627598,0.69954,0.670946,0.673832,0.646261,0.673536,0.34837,0.324627,0.383458,0.474709,0.534542,0.691986,0.609534,0.531791,0.477696,0.723434,0.698756,0.759359,0.695926,0.712625,0.616879,0.567524,0.645513,0.581773,0.577672,0.422656,0.689641,0.723369,0.743791,0.53382,0.555372,0.36188,0.619787,0.70375,0.668396,0.681333,0.650956,0.676777,0.383399,0.400745,0.469579,0.568971,0.612058,0.615384,0.510512,0.472041,0.519327,0.764268,0.739617,0.821543,0.774467,0.805336,0.699394,0.725321,0.590389,0.56609,0.47451,0.45726,0.738225,0.712408,0.732365,0.632572,0.611818,0.623655,0.629485,0.646184,0.683208,0.72795,0.586331,0.653536,0.707252,0.751326,0.73866,0.758655,0.336344,0.60693,0.344735,0.325163,0.334013,0.636609,0.501053,0.662331,0.441894,0.511661,0.41912,0.460072,0.303724,0.550662,0.537451,0.306187,0.395572,0.650536,0.728363,0.366901,0.607808,0.777352,0.720901,0.857478,0.707696,0.767397,0.560468,0.632305,0.514289,0.474309,0.547427,0.408077,0.655768,0.686485,0.679402,0.634498,0.658641,0.804888,0.749643,0.887058,0.783149,0.818356,0.639267,0.667592,0.566466,0.465356,0.556756,0.51931,0.518023,0.442507,0.710918,0.627061,0.674772,0.795418,0.760655,0.915663,0.838576,0.838323,0.635886,0.639879,0.488413,0.512687,0.559898,0.539337,0.557112,0.562225,0.664582,0.354417,0.488386,0.454997,0.650002,0.682128,0.693463,0.683268,0.653233,0.523755,0.520412,0.534974,0.514357,0.417157,0.340288,0.559401,0.550187,0.658432,0.72734,0.798918,0.783084,0.97033,0.914525,0.836329,0.760553,0.748189,0.717355,0.553599,0.543556,0.551504,0.570656,0.577429,0.676367,0.645872,0.74127,0.801835,0.81863,,,,,,,,,,,,,,,,,,,,,,,,,,,,,,,,,,,,,,,,,,,,,,,,,,,,,,,,,,,,,,,,,,,,,,,,,,,,,,,,,,,,,,,,,,,,
8.5GPa_8.0-13.0,0.486986,0.535692,0.414063,0.632412,0.660725,0.631923,0.628251,0.613733,0.656025,0.359523,0.286708,0.353625,0.456543,0.490158,0.647168,0.608079,0.540323,0.486093,0.720188,0.680738,0.748213,0.687886,0.700301,0.609972,0.559234,0.634406,0.556738,0.558383,0.391035,0.650285,0.684461,0.719874,0.499725,0.538035,0.410327,0.629076,0.662913,0.62576,0.635499,0.611479,0.656293,0.388605,0.346946,0.430818,0.544444,0.572857,0.598047,0.509411,0.484233,0.518185,0.756884,0.720869,0.813951,0.770658,0.803221,0.684459,0.710904,0.59613,0.558052,0.471161,0.437204,0.714069,0.68301,0.710466,0.621953,0.607777,0.6255,0.612468,0.638748,0.668189,0.711573,0.579639,0.643786,0.696754,0.729896,0.721273,0.736131,0.300685,0.612064,0.318327,0.276813,0.342255,0.6215,0.457359,0.629163,0.416603,0.510006,0.385488,0.41738,0.257524,0.50328,0.477506,0.340703,0.433929,0.628149,0.689477,0.395478,0.59733,0.782983,0.696017,0.853163,0.701311,0.766645,0.557226,0.619424,0.498833,0.457125,0.547693,0.414123,0.62735,0.659317,0.659057,0.598376,0.621576,0.802437,0.721654,0.861128,0.759613,0.801337,0.62588,0.649478,0.551403,0.46762,0.534821,0.484009,0.416994,0.36057,0.681499,0.600278,0.635474,0.791152,0.738032,0.907898,0.834491,0.837909,0.640391,0.635077,0.504543,0.531825,0.55789,0.491393,0.51497,0.518534,0.62518,0.334043,0.462011,0.504752,0.597159,0.643328,0.65282,0.642957,0.611513,0.536032,0.494184,0.511799,0.500693,0.445538,0.283726,0.519008,0.543223,0.63706,0.695403,0.798707,0.774783,0.959237,0.924149,0.841024,0.724221,0.708503,0.685161,0.530219,0.522852,0.505566,0.534822,0.543868,0.651008,0.643915,0.715431,0.790649,0.807049,0.96967,,,,,,,,,,,,,,,,,,,,,,,,,,,,,,,,,,,,,,,,,,,,,,,,,,,,,,,,,,,,,,,,,,,,,,,,,,,,,,,,,,,,,,,,,,,
8.5GPa_9.0-14.0,0.615414,0.675433,0.606025,0.769736,0.797733,0.802651,0.74617,0.774018,0.812654,0.455772,0.352608,0.418734,0.544124,0.608223,0.740669,0.675057,0.638515,0.589543,0.84951,0.819288,0.882344,0.820097,0.819317,0.698968,0.725058,0.663195,0.634899,0.666192,0.502824,0.821548,0.817558,0.876764,0.634997,0.686175,0.607056,0.772688,0.792638,0.794624,0.755593,0.773565,0.814089,0.52289,0.425619,0.547537,0.694872,0.715121,0.733287,0.555535,0.564201,0.645813,0.876569,0.839315,0.898827,0.903001,0.905023,0.83127,0.840323,0.583168,0.564684,0.521363,0.500074,0.858866,0.827008,0.865699,0.767252,0.765468,0.777379,0.749725,0.789922,0.796492,0.847678,0.654984,0.753366,0.831159,0.881404,0.871417,0.874534,0.437129,0.701102,0.405419,0.51231,0.584921,0.749711,0.589684,0.712333,0.564878,0.591935,0.456114,0.507328,0.40191,0.683593,0.490246,0.315259,0.618839,0.728519,0.744403,0.420231,0.712506,0.88037,0.82849,0.891956,0.862398,0.905972,0.68541,0.744394,0.586647,0.545052,0.653579,0.551889,0.802632,0.810124,0.81627,0.685184,0.774868,0.919975,0.86468,0.928012,0.927574,0.935291,0.767694,0.773745,0.669515,0.594765,0.623694,0.58132,0.649838,0.600669,0.848901,0.667224,0.78273,0.900946,0.879618,0.952049,0.977532,0.975209,0.788703,0.75887,0.599553,0.627387,0.699906,0.616493,0.659784,0.644057,0.72983,0.43254,0.584965,0.566527,0.678161,0.774457,0.792399,0.769568,0.753124,0.638689,0.56793,0.672701,0.532329,0.470018,0.391016,0.67422,0.695541,0.681905,0.851272,0.88786,0.912485,0.926938,0.971786,0.998176,0.757999,0.735177,0.840397,0.710569,0.717173,0.633203,0.674688,0.672656,0.785192,0.703683,0.867572,0.895683,0.950122,0.831926,0.838551,,,,,,,,,,,,,,,,,,,,,,,,,,,,,,,,,,,,,,,,,,,,,,,,,,,,,,,,,,,,,,,,,,,,,,,,,,,,,,,,,,,,,,,,,,
8.5GPa_10.0-15.0,0.693342,0.648329,0.575232,0.672555,0.601843,0.615561,0.557338,0.674665,0.786274,0.638567,0.668551,0.68973,0.712739,0.688431,0.854175,0.839201,0.622071,0.705612,0.751119,0.755972,0.740828,0.824792,0.780651,0.77917,0.734642,0.657607,0.570907,0.569254,0.544665,0.773585,0.862882,0.850909,0.696363,0.638332,0.57485,0.688137,0.615262,0.630789,0.569918,0.661466,0.799173,0.643909,0.705919,0.737715,0.780264,0.724182,0.6774,0.597125,0.565052,0.747977,0.76631,0.746738,0.663044,0.739984,0.722837,0.848893,0.871087,0.659083,0.596761,0.510466,0.565158,0.833053,0.879956,0.853915,0.748399,0.835393,0.721524,0.785329,0.762244,0.87954,0.864561,0.781202,0.743118,0.89438,0.857459,0.863518,0.875653,0.420169,0.634154,0.594216,0.546879,0.451749,0.581196,0.550267,0.62472,0.522937,0.616093,0.685927,0.705668,0.597734,0.729925,0.76467,0.571785,0.541616,0.624824,0.601168,0.460186,0.793199,0.657497,0.667027,0.651569,0.686165,0.724837,0.735998,0.731611,0.585798,0.561609,0.583629,0.602767,0.805995,0.838962,0.820374,0.866831,0.845465,0.707895,0.700135,0.736074,0.736666,0.703796,0.831547,0.76738,0.760192,0.624549,0.654764,0.648253,0.642288,0.571378,0.846825,0.849184,0.85325,0.699217,0.720658,0.723084,0.727412,0.693191,0.852235,0.738718,0.710817,0.668343,0.573351,0.597142,0.611279,0.613415,0.776205,0.61152,0.642506,0.557296,0.650778,0.693174,0.679932,0.684842,0.706446,0.654348,0.732011,0.765253,0.785904,0.695568,0.553547,0.573554,0.686695,0.815771,0.867714,0.641358,0.662248,0.792938,0.796325,0.737562,0.969017,0.83888,0.823071,0.702104,0.684608,0.613738,0.607911,0.641604,0.773297,0.788383,0.868618,0.767101,0.755689,0.833594,0.797243,0.72998,,,,,,,,,,,,,,,,,,,,,,,,,,,,,,,,,,,,,,,,,,,,,,,,,,,,,,,,,,,,,,,,,,,,,,,,,,,,,,,,,,,,,,,,,
8.5GPa_11.0-16.0,0.449572,0.433233,0.442417,0.617213,0.600218,0.584709,0.587984,0.623452,0.714093,0.390473,0.405705,0.456229,0.5562,0.712203,0.761305,0.77319,0.551726,0.459417,0.747614,0.770649,0.758839,0.809745,0.860953,0.678517,0.657744,0.757278,0.709937,0.683604,0.717489,0.768073,0.804757,0.833493,0.464291,0.433557,0.438917,0.613032,0.605009,0.590342,0.594552,0.630377,0.714271,0.451414,0.482322,0.539841,0.625184,0.817048,0.648575,0.68563,0.530249,0.513328,0.767462,0.768202,0.690584,0.740356,0.778849,0.746776,0.817819,0.778287,0.745626,0.607849,0.749943,0.823035,0.823794,0.830723,0.826025,0.759597,0.710592,0.765531,0.746852,0.830964,0.849272,0.707654,0.8759,0.832352,0.850262,0.856439,0.867933,0.263347,0.447503,0.339074,0.367423,0.348372,0.484428,0.448321,0.478294,0.354728,0.454732,0.42349,0.456419,0.284927,0.549154,0.535355,0.33814,0.386385,0.525516,0.504429,0.376198,0.589513,0.655028,0.67193,0.671125,0.716243,0.722885,0.59997,0.812638,0.70136,0.676584,0.599151,0.612871,0.772057,0.812971,0.79474,0.724652,0.739311,0.739113,0.720474,0.709178,0.67158,0.656217,0.667105,0.865654,0.778795,0.684638,0.737203,0.752066,0.647628,0.631538,0.775466,0.727013,0.768678,0.75752,0.727058,0.723611,0.70624,0.673422,0.706142,0.847704,0.629756,0.660675,0.617788,0.699213,0.701522,0.741377,0.873364,0.295407,0.356097,0.353443,0.701656,0.765365,0.746745,0.759711,0.761884,0.770241,0.626136,0.628637,0.608133,0.520791,0.453071,0.536169,0.591387,0.725136,0.818359,0.692496,0.655691,0.793244,0.786466,0.721037,0.851454,0.957777,0.824753,0.718302,0.702116,0.695655,0.691816,0.737325,0.871436,0.731289,0.843077,0.754118,0.744475,0.836629,0.7974,0.71455,0.898361,,,,,,,,,,,,,,,,,,,,,,,,,,,,,,,,,,,,,,,,,,,,,,,,,,,,,,,,,,,,,,,,,,,,,,,,,,,,,,,,,,,,,,,,
8.5GPa_12.0-17.0,0.750361,0.735186,0.705118,0.812386,0.814566,0.839238,0.782638,0.858483,0.940938,0.63285,0.595582,0.648635,0.750382,0.81124,0.892273,0.853577,0.609039,0.612139,0.832881,0.831212,0.818463,0.857462,0.886365,0.67978,0.785226,0.738165,0.768076,0.771878,0.731066,0.891082,0.938513,0.956904,0.767662,0.739035,0.708448,0.83105,0.824381,0.850334,0.79714,0.873675,0.939145,0.722393,0.675856,0.772319,0.871966,0.914728,0.830788,0.669,0.508799,0.687708,0.86699,0.844444,0.729977,0.793961,0.821213,0.837222,0.911618,0.704194,0.67988,0.632422,0.701951,0.925321,0.94907,0.945036,0.86125,0.85628,0.798899,0.822425,0.820776,0.916735,0.950052,0.750402,0.830853,0.931584,0.953434,0.95339,0.951059,0.421913,0.624189,0.520094,0.597392,0.611763,0.760204,0.664766,0.640486,0.551007,0.62219,0.6612,0.723086,0.555033,0.775029,0.66619,0.491728,0.627558,0.65299,0.627625,0.353578,0.746054,0.742912,0.754124,0.656269,0.764211,0.785568,0.653492,0.77166,0.683894,0.672234,0.747578,0.782992,0.898861,0.919123,0.910225,0.859971,0.909896,0.843835,0.826753,0.788701,0.862432,0.818694,0.887514,0.870037,0.853501,0.740822,0.763673,0.793983,0.768589,0.745484,0.954311,0.827593,0.922262,0.844964,0.826863,0.728526,0.796841,0.773365,0.881008,0.856566,0.67398,0.710628,0.736703,0.772946,0.79072,0.805256,0.910715,0.572541,0.661303,0.619285,0.812888,0.91779,0.914199,0.910645,0.921818,0.711084,0.729921,0.814634,0.768722,0.678829,0.694421,0.813815,0.877519,0.772369,0.95552,0.761625,0.747749,0.723495,0.780694,0.810182,0.85428,0.838579,0.972275,0.886936,0.865638,0.773339,0.782671,0.809838,0.927172,0.77004,0.961275,0.855744,0.850576,0.694584,0.651228,0.805788,0.826374,0.822019,,,,,,,,,,,,,,,,,,,,,,,,,,,,,,,,,,,,,,,,,,,,,,,,,,,,,,,,,,,,,,,,,,,,,,,,,,,,,,,,,,,,,,,
8.5GPa_13.0-18.0,0.730618,0.699911,0.700663,0.786751,0.772354,0.804103,0.753733,0.784313,0.911675,0.62106,0.561038,0.63757,0.774178,0.815773,0.85069,0.844853,0.588947,0.596722,0.794121,0.808966,0.779409,0.865871,0.885545,0.659665,0.756296,0.74643,0.778488,0.758384,0.738821,0.847239,0.910242,0.914325,0.748949,0.701724,0.701574,0.798802,0.786888,0.822472,0.768446,0.809826,0.910731,0.709211,0.637302,0.740283,0.862334,0.914939,0.834837,0.686462,0.491484,0.65182,0.839588,0.834036,0.69684,0.794277,0.813563,0.795713,0.896563,0.751651,0.717937,0.645638,0.712681,0.894372,0.91895,0.899106,0.833533,0.829389,0.748933,0.790921,0.767906,0.925924,0.939075,0.762725,0.825278,0.912601,0.914281,0.930214,0.929271,0.485797,0.657661,0.560762,0.546148,0.51953,0.737507,0.720912,0.628118,0.581143,0.640625,0.629296,0.713575,0.513833,0.717916,0.637803,0.55331,0.602177,0.647438,0.60484,0.351085,0.705576,0.707604,0.735279,0.622571,0.771648,0.782392,0.624494,0.763438,0.709527,0.702757,0.7424,0.790107,0.855948,0.889294,0.860868,0.852373,0.858387,0.82263,0.829291,0.753949,0.833889,0.782452,0.853999,0.863837,0.878831,0.750168,0.771641,0.790996,0.70565,0.695455,0.904259,0.818109,0.873716,0.828225,0.826549,0.696957,0.764438,0.735373,0.85927,0.849634,0.681293,0.713664,0.695815,0.71251,0.720699,0.750985,0.901495,0.587037,0.624541,0.644037,0.827829,0.898013,0.876771,0.888334,0.877485,0.711443,0.732726,0.79457,0.795059,0.757742,0.704255,0.793429,0.881434,0.754097,0.907075,0.745563,0.730288,0.699928,0.751821,0.766135,0.828603,0.814251,0.938078,0.899091,0.858718,0.705948,0.709686,0.750369,0.91333,0.752289,0.920364,0.842671,0.823964,0.674529,0.642643,0.758964,0.820771,0.81885,0.978328,,,,,,,,,,,,,,,,,,,,,,,,,,,,,,,,,,,,,,,,,,,,,,,,,,,,,,,,,,,,,,,,,,,,,,,,,,,,,,,,,,,,,,
8.5GPa_14.0-19.0,0.728765,0.699798,0.665797,0.751621,0.793908,0.815636,0.765422,0.801794,0.902571,0.623712,0.557279,0.61223,0.736048,0.76934,0.845245,0.799092,0.594552,0.590565,0.807687,0.809511,0.785295,0.834145,0.858296,0.660715,0.795957,0.729594,0.742746,0.723303,0.67976,0.882922,0.893176,0.918815,0.745648,0.702175,0.670048,0.763476,0.799181,0.824346,0.775294,0.81888,0.907179,0.713771,0.641732,0.736682,0.847627,0.88508,0.789057,0.629261,0.489434,0.660119,0.837834,0.821347,0.701359,0.781361,0.797626,0.802448,0.88633,0.733704,0.701217,0.606704,0.662418,0.904457,0.907728,0.906148,0.841237,0.824517,0.768312,0.801019,0.793004,0.888089,0.922554,0.715097,0.805791,0.898388,0.914032,0.920368,0.918616,0.413898,0.603602,0.532571,0.57097,0.612259,0.742249,0.683413,0.623329,0.556045,0.622497,0.613757,0.693661,0.530164,0.751747,0.667872,0.496637,0.669453,0.673899,0.600236,0.340681,0.713936,0.722644,0.73419,0.637621,0.743165,0.765334,0.630817,0.769147,0.686218,0.685524,0.669782,0.714022,0.866951,0.885955,0.872274,0.814428,0.868991,0.815066,0.804665,0.770951,0.835216,0.78957,0.844463,0.840288,0.832541,0.764469,0.727046,0.744121,0.706835,0.673879,0.913795,0.776105,0.878163,0.816,0.806426,0.715944,0.776345,0.748525,0.83278,0.80498,0.674066,0.730388,0.648672,0.701852,0.718965,0.729318,0.881052,0.556032,0.632684,0.591785,0.788588,0.887822,0.879763,0.883468,0.878077,0.652898,0.690638,0.79707,0.742294,0.676903,0.687216,0.807494,0.878541,0.711237,0.910388,0.734182,0.735476,0.717466,0.767141,0.784346,0.821013,0.802249,0.932451,0.881619,0.910787,0.701585,0.709998,0.730388,0.893538,0.719106,0.918711,0.821209,0.825761,0.690037,0.656376,0.780746,0.818935,0.818408,0.953943,0.954888,,,,,,,,,,,,,,,,,,,,,,,,,,,,,,,,,,,,,,,,,,,,,,,,,,,,,,,,,,,,,,,,,,,,,,,,,,,,,,,,,,,,,
8.5GPa_15.0-20.0,0.310277,0.292288,0.375366,0.407433,0.35288,0.336825,0.365578,0.534951,0.57383,0.254904,0.256742,0.28894,0.415691,0.570691,0.554244,0.600841,0.369415,0.248536,0.574921,0.646237,0.624218,0.657977,0.755663,0.340156,0.473057,0.500907,0.593645,0.646187,0.790418,0.609865,0.600763,0.655892,0.327722,0.296565,0.369019,0.415723,0.360075,0.342716,0.377112,0.524042,0.553773,0.3233,0.324526,0.368208,0.47956,0.71526,0.504414,0.574431,0.339064,0.279582,0.54365,0.576596,0.459337,0.518124,0.588022,0.490671,0.625686,0.571207,0.599331,0.545201,0.764734,0.657185,0.634804,0.677064,0.748364,0.627957,0.618893,0.686814,0.666437,0.654315,0.661164,0.526362,0.712164,0.618373,0.66508,0.654909,0.663681,0.159333,0.242569,0.244641,0.253421,0.271718,0.333991,0.329103,0.413817,0.344884,0.459603,0.315092,0.307852,0.166407,0.404243,0.321468,0.207349,0.284061,0.399239,0.379801,0.179098,0.347344,0.433222,0.494264,0.429581,0.564888,0.525394,0.288416,0.635048,0.484076,0.526525,0.470427,0.611321,0.615193,0.663972,0.649748,0.469013,0.502207,0.514569,0.534348,0.431758,0.441949,0.447018,0.478681,0.721982,0.655137,0.62217,0.8033,0.889792,0.642561,0.677601,0.597275,0.455069,0.523529,0.55039,0.524886,0.429809,0.456953,0.450502,0.495611,0.714269,0.427053,0.505957,0.680126,0.856448,0.811708,0.832404,0.756269,0.176867,0.206868,0.251716,0.539594,0.698836,0.68644,0.698103,0.75136,0.744644,0.572363,0.548978,0.453338,0.380466,0.294634,0.371578,0.453026,0.480964,0.614145,0.471252,0.414135,0.458896,0.487499,0.494423,0.561575,0.739091,0.602502,0.547598,0.551665,0.83457,0.797827,0.799143,0.786312,0.505557,0.648548,0.502637,0.500618,0.462909,0.429225,0.48352,0.56315,0.724264,0.652567,0.642887,0.622765,,,,,,,,,,,,,,,,,,,,,,,,,,,,,,,,,,,,,,,,,,,,,,,,,,,,,,,,,,,,,,,,,,,,,,,,,,,,,,,,,,,,
8.5GPa_16.0-21.0,0.319054,0.35554,0.438315,0.455609,0.378106,0.371176,0.365357,0.583614,0.606057,0.23508,0.215099,0.254834,0.372127,0.538539,0.541751,0.578768,0.388966,0.271497,0.643179,0.682387,0.677527,0.656052,0.74718,0.35031,0.474061,0.482979,0.55873,0.633489,0.760235,0.635081,0.598897,0.685986,0.341129,0.370926,0.433353,0.469843,0.376811,0.370157,0.378894,0.562439,0.58486,0.302806,0.273583,0.356226,0.49132,0.713929,0.516955,0.571031,0.35819,0.314426,0.58685,0.596704,0.488432,0.53236,0.588172,0.505715,0.619605,0.544878,0.578718,0.590087,0.783157,0.692941,0.650608,0.710894,0.782467,0.673479,0.707467,0.743268,0.745659,0.642765,0.660566,0.512193,0.707399,0.632744,0.685661,0.674698,0.680061,0.177875,0.267668,0.226651,0.318854,0.381793,0.365417,0.293837,0.451961,0.383814,0.461588,0.301538,0.268572,0.189307,0.444164,0.257231,0.150837,0.382655,0.454647,0.395834,0.190746,0.377314,0.484436,0.512007,0.454298,0.563526,0.523056,0.307495,0.616566,0.434925,0.464105,0.497268,0.632982,0.650388,0.686971,0.692666,0.452514,0.525243,0.536341,0.531774,0.441685,0.461258,0.470217,0.499738,0.708711,0.621625,0.602521,0.79161,0.852614,0.615942,0.65383,0.631197,0.437446,0.540699,0.566032,0.532671,0.451716,0.487806,0.48815,0.519833,0.713291,0.44197,0.536876,0.751872,0.856123,0.845322,0.852525,0.742457,0.176251,0.230834,0.325095,0.523574,0.707069,0.700966,0.69973,0.768026,0.769684,0.522636,0.593673,0.438397,0.360084,0.232734,0.371716,0.460764,0.482189,0.638388,0.488248,0.456753,0.475744,0.517584,0.545477,0.53777,0.704379,0.623044,0.560977,0.564345,0.841022,0.835316,0.829355,0.789398,0.513216,0.670174,0.506107,0.536919,0.457377,0.446073,0.53898,0.534796,0.687134,0.655561,0.631682,0.610284,0.963416,,,,,,,,,,,,,,,,,,,,,,,,,,,,,,,,,,,,,,,,,,,,,,,,,,,,,,,,,,,,,,,,,,,,,,,,,,,,,,,,,,,
8.5GPa_17.0-22.0,0.328741,0.314217,0.458151,0.415222,0.35719,0.370118,0.350025,0.533599,0.599835,0.330372,0.330014,0.394071,0.488809,0.664771,0.544443,0.618976,0.380192,0.291247,0.588226,0.650123,0.626221,0.708804,0.795042,0.383824,0.508936,0.588692,0.655298,0.732075,0.80049,0.667703,0.673732,0.68916,0.350456,0.325008,0.452207,0.431943,0.368193,0.386551,0.36822,0.513419,0.581648,0.393481,0.388961,0.4677,0.550055,0.801527,0.546726,0.619278,0.361447,0.3335,0.580966,0.618313,0.50073,0.599576,0.6535,0.516222,0.654053,0.603587,0.608585,0.698909,0.850669,0.699849,0.700508,0.702974,0.774866,0.675936,0.592729,0.674605,0.654474,0.711963,0.702178,0.578066,0.765569,0.683789,0.697344,0.700514,0.705655,0.228672,0.259781,0.300104,0.339259,0.325174,0.299894,0.338055,0.371222,0.36729,0.465341,0.387136,0.366661,0.226692,0.413847,0.332981,0.236325,0.315465,0.354398,0.3178,0.204497,0.389899,0.460609,0.535635,0.438411,0.596709,0.530014,0.327068,0.661881,0.499755,0.517648,0.589225,0.704826,0.64791,0.687599,0.6668,0.571059,0.58231,0.576184,0.600035,0.454219,0.504138,0.466374,0.523056,0.756565,0.692442,0.631573,0.810496,0.861504,0.702762,0.75794,0.650856,0.560976,0.608373,0.630926,0.605197,0.455692,0.506879,0.474155,0.555662,0.764392,0.515943,0.577688,0.722765,0.838411,0.851805,0.904276,0.823608,0.21993,0.215232,0.280702,0.54274,0.743407,0.720447,0.733438,0.788264,0.842363,0.612081,0.577027,0.508941,0.456796,0.337212,0.351967,0.494223,0.557873,0.674769,0.576867,0.526019,0.477434,0.523786,0.533706,0.591995,0.76104,0.673374,0.633864,0.622521,0.809935,0.798549,0.861867,0.833074,0.569569,0.698798,0.612269,0.589384,0.463355,0.435291,0.522264,0.579572,0.73385,0.714877,0.707367,0.662513,0.917994,0.922264,,,,,,,,,,,,,,,,,,,,,,,,,,,,,,,,,,,,,,,,,,,,,,,,,,,,,,,,,,,,,,,,,,,,,,,,,,,,,,,,,,
8.5GPa_18.0-23.0,0.645549,0.656661,0.650135,0.806503,0.745388,0.751951,0.701152,0.802014,0.91168,0.500721,0.474674,0.524508,0.641207,0.754081,0.810597,0.799814,0.580501,0.521492,0.873717,0.867105,0.857701,0.827066,0.894702,0.596599,0.718824,0.721353,0.713323,0.751636,0.759776,0.877573,0.872224,0.935319,0.666706,0.668203,0.651014,0.81191,0.744181,0.75086,0.712768,0.804299,0.905241,0.589832,0.556358,0.657696,0.794221,0.918181,0.769986,0.693686,0.482994,0.599292,0.864927,0.839375,0.73308,0.765832,0.816623,0.762025,0.862829,0.72717,0.710749,0.665209,0.767504,0.934015,0.909772,0.943437,0.921554,0.868681,0.879604,0.894828,0.897798,0.863893,0.927088,0.722011,0.84522,0.899085,0.9246,0.925178,0.929383,0.327268,0.526763,0.465099,0.576119,0.597298,0.698805,0.578425,0.650845,0.539686,0.611369,0.552442,0.578712,0.456767,0.758927,0.582505,0.357865,0.654462,0.707585,0.634561,0.305364,0.663633,0.768318,0.74272,0.668066,0.722933,0.74131,0.561562,0.757496,0.617318,0.602391,0.694221,0.738096,0.906173,0.923087,0.915533,0.740402,0.822588,0.832415,0.774396,0.761131,0.801183,0.774907,0.81598,0.862296,0.793323,0.70499,0.770994,0.790867,0.778052,0.773192,0.919072,0.707142,0.835288,0.837915,0.781526,0.726203,0.780617,0.757827,0.815784,0.862093,0.68716,0.712531,0.780086,0.788697,0.815097,0.825984,0.932934,0.437304,0.54171,0.526994,0.825681,0.930021,0.922742,0.923046,0.943808,0.756165,0.702409,0.832425,0.702079,0.573464,0.543711,0.698534,0.802656,0.693559,0.90119,0.749169,0.731669,0.724837,0.781359,0.806724,0.804153,0.848862,0.904674,0.803171,0.806441,0.789127,0.805434,0.823055,0.968327,0.709293,0.921727,0.796449,0.823954,0.683571,0.658217,0.805189,0.778184,0.827775,0.923837,0.892822,0.886731,0.784998,0.815974,0.805455,,,,,,,,,,,,,,,,,,,,,,,,,,,,,,,,,,,,,,,,,,,,,,,,,,,,,,,,,,,,,,,,,,,,,,,,,,,,,,,,,
9.8GPa_3.0-8.0,0.588701,0.525644,0.428177,0.584996,0.45727,0.479515,0.417303,0.577299,0.607192,0.531198,0.646393,0.675628,0.61533,0.565019,0.71308,0.634147,0.54873,0.668324,0.594055,0.608944,0.595187,0.667527,0.622623,0.60741,0.604663,0.495558,0.480759,0.533863,0.421067,0.607253,0.72873,0.686893,0.588633,0.516979,0.426009,0.605073,0.46826,0.491319,0.426958,0.558613,0.613326,0.548527,0.666603,0.671445,0.64256,0.549577,0.619871,0.508158,0.507163,0.700224,0.606881,0.596597,0.51471,0.578953,0.553693,0.68967,0.734925,0.457968,0.432696,0.531894,0.426596,0.653429,0.725676,0.684072,0.58729,0.704473,0.558464,0.615479,0.605021,0.715344,0.68763,0.659564,0.560332,0.736602,0.706526,0.7062,0.721025,0.314683,0.469597,0.523904,0.483772,0.339024,0.442193,0.404383,0.441977,0.352865,0.413654,0.633074,0.635757,0.569214,0.640905,0.600525,0.426674,0.304491,0.429548,0.478648,0.539595,0.739593,0.501371,0.545522,0.485523,0.536198,0.555236,0.603038,0.544685,0.440217,0.448497,0.624995,0.537575,0.608671,0.667705,0.653147,0.82583,0.747694,0.547082,0.562073,0.543686,0.584367,0.52745,0.681515,0.555369,0.606838,0.505978,0.498166,0.505449,0.543858,0.511567,0.695734,0.856688,0.753587,0.542603,0.576793,0.522054,0.552458,0.51352,0.685978,0.546492,0.572439,0.518328,0.494812,0.494387,0.519212,0.522574,0.617851,0.537745,0.558166,0.422622,0.472784,0.52298,0.524551,0.519671,0.556313,0.550137,0.699226,0.599487,0.665745,0.569099,0.527521,0.48252,0.548618,0.951782,0.732879,0.502296,0.514387,0.569305,0.583263,0.564153,0.749019,0.588277,0.681214,0.607601,0.537426,0.510231,0.506704,0.540034,0.58778,0.882004,0.721042,0.628837,0.594472,0.59105,0.553485,0.563981,0.748199,0.61522,0.673968,0.656909,0.60333,0.373579,0.367115,0.443217,0.584197,,,,,,,,,,,,,,,,,,,,,,,,,,,,,,,,,,,,,,,,,,,,,,,,,,,,,,,,,,,,,,,,,,,,,,,,,,,,,,,,
9.8GPa_4.0-9.0,0.719445,0.711285,0.695198,0.80967,0.783253,0.802149,0.737402,0.863329,0.917528,0.624446,0.610344,0.654579,0.727305,0.782412,0.910283,0.856762,0.702188,0.700333,0.894988,0.889459,0.884135,0.89803,0.907416,0.771431,0.841495,0.75625,0.748216,0.769218,0.699748,0.92924,0.952525,0.990936,0.734255,0.716216,0.696035,0.826809,0.784354,0.803696,0.748385,0.858156,0.920515,0.698511,0.678752,0.768419,0.854224,0.871348,0.817573,0.663999,0.625725,0.772188,0.908585,0.880536,0.780852,0.838578,0.848532,0.915418,0.953671,0.703886,0.679954,0.64254,0.684532,0.967768,0.978318,0.987103,0.912619,0.931483,0.866472,0.884032,0.894278,0.937432,0.969735,0.784537,0.866949,0.973832,0.993405,0.988505,0.987077,0.386459,0.615686,0.505769,0.631197,0.650341,0.714668,0.593184,0.629992,0.520097,0.592866,0.644178,0.686873,0.57397,0.814878,0.676138,0.453323,0.651017,0.666418,0.641649,0.480301,0.828325,0.799745,0.800192,0.723149,0.791447,0.820577,0.749127,0.831644,0.682537,0.66265,0.749321,0.758694,0.946184,0.958606,0.958401,0.873429,0.94426,0.859435,0.830096,0.802568,0.864454,0.824251,0.890425,0.877059,0.834571,0.733732,0.760855,0.770781,0.788398,0.74381,0.975566,0.854463,0.955306,0.850919,0.840475,0.772515,0.838675,0.812481,0.908227,0.865236,0.717802,0.727894,0.756375,0.773452,0.807234,0.803425,0.895068,0.548609,0.653512,0.58539,0.755908,0.866036,0.871188,0.859399,0.88687,0.764457,0.746296,0.826379,0.745632,0.646013,0.62922,0.755846,0.82523,0.828086,0.9926,0.772123,0.783771,0.776981,0.839497,0.867375,0.896068,0.855489,0.976997,0.871627,0.863348,0.786618,0.803541,0.823807,0.921971,0.837194,0.99874,0.866586,0.886201,0.740753,0.713418,0.867768,0.86863,0.840959,0.967691,0.928444,0.926786,0.648142,0.668967,0.698466,0.928027,0.717047,,,,,,,,,,,,,,,,,,,,,,,,,,,,,,,,,,,,,,,,,,,,,,,,,,,,,,,,,,,,,,,,,,,,,,,,,,,,,,,
9.8GPa_5.0-10.0,0.650881,0.647227,0.64204,0.734978,0.770823,0.793455,0.741123,0.707904,0.819451,0.591931,0.484055,0.575119,0.699906,0.73725,0.736666,0.726473,0.581316,0.57649,0.786413,0.793821,0.824052,0.853258,0.855068,0.645278,0.70859,0.742213,0.719312,0.755907,0.549289,0.801612,0.881455,0.847117,0.667236,0.647282,0.639226,0.743111,0.788869,0.812405,0.757263,0.712745,0.819163,0.652083,0.556734,0.668439,0.768335,0.804642,0.752894,0.597631,0.497585,0.619548,0.864043,0.867271,0.891047,0.931211,0.948414,0.769222,0.841145,0.651918,0.60967,0.618662,0.57385,0.821624,0.847575,0.821975,0.742727,0.74172,0.652592,0.676039,0.679063,0.844921,0.86549,0.702986,0.768824,0.84976,0.855286,0.861572,0.862359,0.483027,0.696653,0.477896,0.464951,0.463917,0.71551,0.670646,0.664284,0.585409,0.675102,0.570047,0.645226,0.418629,0.608854,0.588784,0.489952,0.510422,0.599939,0.684992,0.391818,0.681368,0.847032,0.838331,0.841705,0.847327,0.874961,0.617224,0.724107,0.602143,0.571189,0.720622,0.638998,0.732182,0.759564,0.732392,0.790524,0.786024,0.944753,0.906285,0.910994,0.939853,0.90848,0.783686,0.785995,0.735645,0.635506,0.669351,0.63614,0.689929,0.670078,0.828356,0.77792,0.805017,0.954721,0.92137,0.900504,0.936627,0.905822,0.801769,0.78165,0.636875,0.656706,0.656564,0.608179,0.645361,0.676594,0.816093,0.502689,0.589858,0.56904,0.734256,0.82663,0.82263,0.822876,0.785758,0.670232,0.690353,0.651821,0.646157,0.611359,0.537719,0.665218,0.753644,0.730306,0.844178,0.962984,0.933201,0.868774,0.912601,0.907668,0.787785,0.769144,0.857122,0.754352,0.735455,0.604915,0.621942,0.680824,0.826932,0.728901,0.857522,0.997176,0.96394,0.800807,0.78945,0.89956,0.759064,0.751127,0.854709,0.840553,0.821333,0.497228,0.501932,0.611513,0.795056,0.6227,0.86137,,,,,,,,,,,,,,,,,,,,,,,,,,,,,,,,,,,,,,,,,,,,,,,,,,,,,,,,,,,,,,,,,,,,,,,,,,,,,,
9.8GPa_6.0-11.0,0.650813,0.697887,0.639388,0.767156,0.833957,0.852805,0.788484,0.779876,0.842514,0.496089,0.383583,0.461064,0.595528,0.656858,0.736881,0.677477,0.617909,0.581764,0.869767,0.847897,0.895147,0.835987,0.838259,0.667139,0.736156,0.743839,0.700693,0.720531,0.531083,0.841314,0.843009,0.889432,0.673439,0.709516,0.641753,0.773214,0.835836,0.855055,0.802922,0.782471,0.843985,0.569871,0.46153,0.594247,0.744153,0.774103,0.75204,0.57223,0.5283,0.637691,0.920234,0.902809,0.940547,0.941419,0.942142,0.8053,0.848883,0.643158,0.613719,0.579188,0.541259,0.87306,0.85269,0.876247,0.787962,0.778634,0.760607,0.746458,0.776913,0.819066,0.868287,0.679887,0.766527,0.850163,0.88626,0.882191,0.883064,0.49945,0.722103,0.453877,0.544023,0.593109,0.771901,0.659371,0.72488,0.61524,0.633304,0.497301,0.557355,0.429178,0.690054,0.521638,0.350411,0.634289,0.729605,0.747962,0.395692,0.703537,0.928849,0.885366,0.900477,0.845326,0.879701,0.64558,0.731197,0.600466,0.560253,0.684802,0.585276,0.813868,0.825614,0.822521,0.710353,0.787982,0.967154,0.912902,0.94686,0.963861,0.949531,0.784051,0.780503,0.698565,0.619655,0.646663,0.615334,0.679926,0.640052,0.869005,0.688253,0.797627,0.956121,0.930885,0.944909,0.97887,0.96116,0.79749,0.770859,0.615493,0.649172,0.696942,0.633822,0.682044,0.685389,0.783383,0.470559,0.604712,0.59241,0.726088,0.832209,0.84223,0.825906,0.802599,0.63967,0.603191,0.689854,0.56745,0.510917,0.449739,0.6991,0.747885,0.691552,0.864153,0.945012,0.969066,0.906015,0.952135,0.969705,0.766108,0.750364,0.868649,0.760042,0.762824,0.6422,0.68137,0.704731,0.822565,0.710926,0.880526,0.949263,0.994347,0.823699,0.81706,0.968314,0.737434,0.731866,0.844493,0.809571,0.819947,0.502191,0.551618,0.579749,0.834546,0.572407,0.88296,0.948473,,,,,,,,,,,,,,,,,,,,,,,,,,,,,,,,,,,,,,,,,,,,,,,,,,,,,,,,,,,,,,,,,,,,,,,,,,,,,
9.8GPa_7.0-12.0,0.556597,0.589421,0.375002,0.653019,0.706568,0.677932,0.678358,0.667872,0.697242,0.376375,0.354248,0.417128,0.50471,0.545726,0.715316,0.627708,0.51849,0.487198,0.730788,0.703344,0.76166,0.700046,0.711602,0.623716,0.570552,0.631244,0.567153,0.566511,0.417874,0.69313,0.733606,0.756378,0.568257,0.588922,0.378005,0.646826,0.710811,0.674915,0.685699,0.670846,0.701018,0.408752,0.42798,0.498356,0.600052,0.625719,0.626774,0.506462,0.451172,0.530983,0.763716,0.733907,0.802731,0.760081,0.788702,0.706335,0.734653,0.591891,0.569928,0.485172,0.458852,0.752082,0.724114,0.745303,0.632954,0.624818,0.644783,0.650594,0.666082,0.694117,0.736058,0.601231,0.651539,0.719705,0.760469,0.748372,0.769111,0.343211,0.624874,0.372858,0.343593,0.349589,0.662206,0.516197,0.691192,0.464529,0.538984,0.452367,0.491963,0.33674,0.582436,0.565942,0.339496,0.421397,0.676076,0.745022,0.354932,0.62146,0.763157,0.701962,0.8364,0.703496,0.767551,0.573455,0.624093,0.511827,0.473887,0.552424,0.421619,0.666694,0.698661,0.693251,0.652421,0.670973,0.792672,0.736387,0.882439,0.78369,0.821552,0.666953,0.67178,0.575379,0.468358,0.561533,0.523662,0.515132,0.433674,0.728261,0.64064,0.685645,0.781123,0.748725,0.904751,0.831144,0.835626,0.655629,0.642297,0.506847,0.523101,0.571528,0.54509,0.562269,0.560822,0.67239,0.390732,0.522829,0.493699,0.665692,0.69083,0.702353,0.692018,0.664883,0.525283,0.542467,0.568451,0.557975,0.456711,0.362103,0.581254,0.572937,0.666703,0.737404,0.778626,0.765054,0.964312,0.907479,0.835621,0.768389,0.73756,0.730203,0.568079,0.552415,0.558229,0.577477,0.577443,0.685173,0.650431,0.750715,0.79209,0.808743,0.994329,0.963987,0.83081,0.84697,0.834931,0.709242,0.6953,0.708917,0.471954,0.470686,0.465529,0.699001,0.608826,0.751861,0.792728,0.816914,,,,,,,,,,,,,,,,,,,,,,,,,,,,,,,,,,,,,,,,,,,,,,,,,,,,,,,,,,,,,,,,,,,,,,,,,,,,
9.8GPa_8.0-13.0,0.562378,0.611052,0.48639,0.694001,0.704812,0.680711,0.668919,0.677689,0.730523,0.431541,0.345611,0.422557,0.535355,0.54684,0.702445,0.65963,0.538039,0.511757,0.754763,0.713568,0.775748,0.728404,0.735495,0.638715,0.593328,0.63944,0.573596,0.579596,0.42652,0.695309,0.734785,0.77362,0.575524,0.613307,0.484188,0.695073,0.708695,0.67627,0.67778,0.675789,0.73097,0.462945,0.405065,0.502783,0.628072,0.639915,0.642005,0.530714,0.467481,0.550424,0.786004,0.743977,0.80816,0.783066,0.812925,0.723768,0.753404,0.622673,0.589766,0.511064,0.474178,0.770404,0.737072,0.76434,0.65881,0.656151,0.678439,0.664778,0.690362,0.720453,0.760398,0.617029,0.675371,0.74772,0.777832,0.770217,0.783565,0.333725,0.658185,0.365996,0.326014,0.398014,0.686139,0.509777,0.684526,0.475811,0.578607,0.453151,0.488899,0.319468,0.566306,0.531957,0.413469,0.502894,0.672261,0.723389,0.373005,0.632191,0.786933,0.69529,0.8327,0.729071,0.796818,0.596694,0.644436,0.527533,0.49167,0.58432,0.477644,0.67949,0.710973,0.712476,0.644379,0.670123,0.819726,0.738302,0.872802,0.795859,0.83659,0.698226,0.696257,0.603801,0.515043,0.583548,0.532614,0.452581,0.392548,0.742688,0.633905,0.682565,0.807066,0.755906,0.90557,0.849986,0.860658,0.704225,0.679329,0.550366,0.580141,0.610411,0.538053,0.561302,0.559029,0.676613,0.404724,0.531599,0.588629,0.653046,0.698637,0.707281,0.697222,0.670395,0.566897,0.547679,0.589776,0.586145,0.531409,0.346387,0.584456,0.619382,0.653076,0.74562,0.801899,0.780035,0.955621,0.927146,0.867628,0.74772,0.714371,0.742189,0.594007,0.58314,0.552824,0.58235,0.586066,0.705927,0.655417,0.765532,0.812138,0.827641,0.956689,0.982055,0.863877,0.821773,0.808153,0.717141,0.71783,0.727638,0.472488,0.496049,0.47669,0.717757,0.571913,0.766221,0.81335,0.840817,0.967493,,,,,,,,,,,,,,,,,,,,,,,,,,,,,,,,,,,,,,,,,,,,,,,,,,,,,,,,,,,,,,,,,,,,,,,,,,,
9.8GPa_9.0-14.0,0.67246,0.723159,0.648209,0.804408,0.825629,0.834139,0.770464,0.825373,0.864412,0.513541,0.424445,0.483237,0.596389,0.6523,0.795557,0.721874,0.636937,0.614099,0.883425,0.851443,0.903646,0.841961,0.839416,0.725202,0.762039,0.683767,0.65473,0.687043,0.533231,0.862275,0.861432,0.921729,0.69147,0.733432,0.650934,0.812894,0.821511,0.827463,0.781191,0.821781,0.866584,0.58263,0.497945,0.616605,0.755815,0.763964,0.760359,0.576683,0.552673,0.680149,0.905012,0.864225,0.891749,0.897869,0.89852,0.861652,0.877542,0.606665,0.588969,0.550686,0.534952,0.90086,0.875658,0.912659,0.804796,0.813662,0.822982,0.799295,0.837112,0.833331,0.884109,0.690878,0.779364,0.874886,0.921076,0.909474,0.911616,0.441594,0.708878,0.447852,0.568725,0.638267,0.779338,0.610521,0.733883,0.584798,0.620955,0.523227,0.569885,0.468572,0.745045,0.553121,0.355012,0.663553,0.751567,0.753946,0.410985,0.745925,0.884028,0.83405,0.871317,0.851401,0.89731,0.713344,0.758456,0.602381,0.564715,0.677131,0.596529,0.852555,0.858921,0.867725,0.7328,0.826959,0.923185,0.866943,0.928126,0.940426,0.94092,0.822638,0.803089,0.703949,0.626706,0.653749,0.622105,0.690284,0.636075,0.902304,0.710871,0.833736,0.903338,0.883449,0.934154,0.968649,0.964028,0.834572,0.788573,0.633354,0.658451,0.728232,0.663573,0.708311,0.688588,0.776968,0.483988,0.636523,0.600834,0.711257,0.813526,0.832588,0.808802,0.804423,0.660192,0.616177,0.733356,0.592764,0.513408,0.44943,0.715848,0.746472,0.718168,0.898569,0.875149,0.90281,0.911738,0.960971,0.990988,0.801308,0.766596,0.88887,0.755389,0.761579,0.68144,0.720654,0.717756,0.827889,0.736276,0.911669,0.901983,0.955259,0.827841,0.826378,0.992239,0.771179,0.746422,0.857958,0.807641,0.828711,0.52431,0.579381,0.563419,0.85359,0.604254,0.913099,0.905128,0.97259,0.832102,0.861599,,,,,,,,,,,,,,,,,,,,,,,,,,,,,,,,,,,,,,,,,,,,,,,,,,,,,,,,,,,,,,,,,,,,,,,,,,
9.8GPa_10.0-15.0,0.77884,0.73384,0.757553,0.75614,0.643815,0.687777,0.587202,0.738285,0.875595,0.746897,0.733923,0.760323,0.803444,0.764522,0.878159,0.872669,0.65055,0.775893,0.810943,0.826741,0.799581,0.915824,0.846332,0.828152,0.834267,0.668396,0.618632,0.635356,0.598876,0.856804,0.936648,0.924026,0.784857,0.727795,0.757131,0.780488,0.656799,0.706796,0.603284,0.720016,0.888868,0.7674,0.763713,0.826034,0.889461,0.808633,0.746252,0.615146,0.580084,0.822656,0.827677,0.81309,0.69164,0.821531,0.774636,0.915489,0.947755,0.655194,0.60627,0.570489,0.602818,0.904613,0.962122,0.927443,0.822557,0.936972,0.792628,0.848975,0.830014,0.965495,0.936052,0.839706,0.799893,0.973504,0.925664,0.938316,0.939246,0.519611,0.699816,0.677761,0.683665,0.586811,0.640499,0.63995,0.65608,0.627113,0.694363,0.75051,0.782693,0.696659,0.813423,0.765373,0.634333,0.67074,0.660934,0.603264,0.474494,0.847826,0.703914,0.737411,0.644525,0.770484,0.793453,0.810241,0.788923,0.628172,0.613274,0.666574,0.723636,0.895102,0.918247,0.89546,0.917404,0.917873,0.766825,0.780161,0.7381,0.820377,0.757796,0.920102,0.826022,0.829033,0.709405,0.713892,0.698026,0.743996,0.690161,0.930007,0.890601,0.920648,0.755472,0.804488,0.709092,0.783885,0.743294,0.951983,0.807231,0.776123,0.743197,0.652734,0.638082,0.669941,0.664734,0.831825,0.707504,0.722275,0.64546,0.684466,0.747204,0.731008,0.733256,0.764165,0.726461,0.794763,0.871336,0.83894,0.782623,0.627133,0.641549,0.795521,0.840582,0.939294,0.68705,0.736865,0.728082,0.792459,0.795837,0.96209,0.81645,0.898832,0.810082,0.787486,0.654496,0.656199,0.695644,0.846245,0.829371,0.940483,0.828221,0.826936,0.701972,0.680845,0.788372,0.932103,0.812811,0.902166,0.891051,0.875358,0.580279,0.580826,0.635041,0.848113,0.749878,0.942103,0.821058,0.80746,0.719229,0.734203,0.837135,,,,,,,,,,,,,,,,,,,,,,,,,,,,,,,,,,,,,,,,,,,,,,,,,,,,,,,,,,,,,,,,,,,,,,,,,
9.8GPa_11.0-16.0,0.539231,0.530836,0.583561,0.746174,0.705865,0.707662,0.683747,0.732425,0.842432,0.457675,0.447956,0.512565,0.635386,0.794992,0.807845,0.823174,0.632027,0.525309,0.843945,0.86405,0.846712,0.885562,0.955307,0.671227,0.75075,0.805205,0.799048,0.800277,0.809625,0.876797,0.893099,0.933271,0.559519,0.537709,0.57887,0.7435,0.706945,0.710473,0.691808,0.741859,0.837847,0.549237,0.532365,0.624178,0.737835,0.930826,0.771479,0.753103,0.580923,0.590748,0.864359,0.861601,0.754739,0.818778,0.868156,0.80106,0.89791,0.802623,0.777279,0.69674,0.817683,0.925802,0.919364,0.930718,0.941428,0.864929,0.809329,0.848225,0.840677,0.91118,0.951706,0.763658,0.940911,0.92212,0.945321,0.953695,0.957185,0.300989,0.479724,0.388243,0.481793,0.484052,0.596075,0.537666,0.526066,0.432399,0.514174,0.478694,0.525277,0.356079,0.65851,0.540154,0.346476,0.514928,0.591354,0.556701,0.407949,0.663452,0.747125,0.761577,0.692084,0.784908,0.786717,0.613682,0.864535,0.739315,0.717454,0.731236,0.752727,0.887534,0.916324,0.897225,0.780525,0.831902,0.842063,0.812036,0.748337,0.779073,0.743005,0.762446,0.932351,0.852789,0.747333,0.803296,0.82267,0.775005,0.781337,0.885893,0.773585,0.85783,0.860432,0.816356,0.738376,0.78374,0.748682,0.801023,0.930817,0.693899,0.718173,0.739974,0.776182,0.795557,0.836039,0.963892,0.350389,0.428715,0.429,0.806239,0.896898,0.878374,0.888073,0.892206,0.847244,0.699733,0.742952,0.675042,0.582212,0.547414,0.6575,0.743306,0.757445,0.914268,0.780756,0.745856,0.755183,0.804025,0.803844,0.838787,0.942324,0.928308,0.843299,0.829753,0.769563,0.77744,0.827321,0.982897,0.781434,0.939865,0.837811,0.838972,0.732043,0.702602,0.801092,0.828519,0.924374,0.93202,0.916769,0.902915,0.774104,0.769158,0.820138,0.950233,0.626482,0.940627,0.835647,0.831993,0.734599,0.742205,0.839264,0.866993,,,,,,,,,,,,,,,,,,,,,,,,,,,,,,,,,,,,,,,,,,,,,,,,,,,,,,,,,,,,,,,,,,,,,,,,
9.8GPa_12.0-17.0,0.587056,0.54585,0.455166,0.695125,0.778067,0.78738,0.809512,0.682053,0.749723,0.443648,0.391862,0.496215,0.666721,0.774262,0.741435,0.679033,0.442136,0.376433,0.612594,0.635994,0.604124,0.664314,0.731489,0.427284,0.591473,0.693657,0.779103,0.712747,0.614051,0.699858,0.75099,0.738936,0.603171,0.544865,0.46,0.680379,0.783972,0.793005,0.806284,0.735421,0.742693,0.587445,0.50899,0.611791,0.712266,0.807941,0.808139,0.586995,0.335879,0.420174,0.683061,0.686122,0.571297,0.622572,0.68214,0.568362,0.684284,0.644423,0.653908,0.565242,0.593157,0.699934,0.706774,0.685832,0.639625,0.569677,0.540531,0.560999,0.530382,0.706253,0.745393,0.609676,0.659978,0.679533,0.728457,0.748886,0.739385,0.339728,0.471329,0.341247,0.34358,0.373889,0.708827,0.695151,0.469444,0.387277,0.426648,0.401321,0.572868,0.300391,0.557345,0.458243,0.381688,0.366795,0.491707,0.509885,0.214566,0.477831,0.563063,0.611872,0.506303,0.638188,0.648125,0.386971,0.579743,0.69178,0.677386,0.714349,0.646689,0.659592,0.677061,0.644171,0.6591,0.660632,0.699572,0.71289,0.649019,0.705874,0.655274,0.627398,0.693545,0.690818,0.585143,0.581746,0.615132,0.564301,0.556514,0.699057,0.634988,0.691678,0.708381,0.681544,0.56295,0.616797,0.58823,0.615141,0.68988,0.423407,0.483953,0.516193,0.539221,0.53776,0.571549,0.749006,0.40219,0.465942,0.462545,0.79961,0.801893,0.78618,0.802586,0.724831,0.528896,0.571498,0.574239,0.613214,0.584096,0.773903,0.863654,0.787339,0.549663,0.709993,0.635168,0.571009,0.538392,0.576469,0.590043,0.599946,0.665341,0.827215,0.81335,0.733494,0.512311,0.511549,0.533581,0.736197,0.550144,0.727034,0.696363,0.65637,0.516599,0.459564,0.585498,0.585625,0.645522,0.846691,0.866392,0.818762,0.417303,0.384724,0.495915,0.691241,0.492662,0.742905,0.698847,0.64279,0.528052,0.517862,0.62552,0.645477,0.751059,,,,,,,,,,,,,,,,,,,,,,,,,,,,,,,,,,,,,,,,,,,,,,,,,,,,,,,,,,,,,,,,,,,,,,,
9.8GPa_13.0-18.0,0.524232,0.470067,0.420614,0.652014,0.687058,0.699039,0.721264,0.631701,0.693946,0.403042,0.359764,0.49262,0.665807,0.755856,0.683712,0.619774,0.421574,0.350115,0.56046,0.59006,0.542509,0.64131,0.704304,0.406269,0.556304,0.677026,0.773421,0.699482,0.626087,0.653215,0.676965,0.690455,0.541217,0.475692,0.423867,0.635719,0.686075,0.698416,0.713764,0.679248,0.687959,0.55408,0.466328,0.581215,0.686586,0.78812,0.7883,0.555459,0.327458,0.382268,0.619964,0.628772,0.481752,0.57183,0.621264,0.52441,0.634476,0.691362,0.713657,0.638306,0.623564,0.684566,0.667922,0.644597,0.620691,0.554841,0.512266,0.53277,0.5021,0.676562,0.705954,0.59255,0.642367,0.640925,0.680472,0.709366,0.699458,0.29092,0.408682,0.310238,0.295238,0.335402,0.629571,0.643335,0.377932,0.320624,0.358381,0.337598,0.509472,0.257145,0.529029,0.395226,0.379429,0.366907,0.450379,0.411687,0.222299,0.442468,0.497705,0.546083,0.416719,0.586216,0.58975,0.361019,0.560592,0.686444,0.690136,0.728411,0.687882,0.635856,0.660241,0.62488,0.612277,0.610244,0.627363,0.646571,0.541308,0.612345,0.547239,0.552255,0.644259,0.660475,0.59105,0.598023,0.609353,0.464873,0.460371,0.653111,0.588188,0.64086,0.636333,0.618296,0.471458,0.528737,0.490847,0.550831,0.639044,0.395126,0.488684,0.507673,0.507581,0.505753,0.538257,0.725071,0.363639,0.392202,0.462376,0.754886,0.743235,0.721514,0.744125,0.671784,0.526828,0.572607,0.568445,0.634796,0.644829,0.779512,0.823738,0.760553,0.516701,0.659584,0.550037,0.501177,0.466614,0.503088,0.5133,0.517603,0.580976,0.774087,0.819384,0.735364,0.480182,0.481638,0.501871,0.706094,0.524397,0.681743,0.608461,0.583742,0.447664,0.41933,0.512989,0.539629,0.600909,0.787617,0.845972,0.801514,0.42199,0.400728,0.490993,0.653948,0.468095,0.69707,0.608747,0.571744,0.473903,0.499358,0.55479,0.607268,0.709694,0.938865,,,,,,,,,,,,,,,,,,,,,,,,,,,,,,,,,,,,,,,,,,,,,,,,,,,,,,,,,,,,,,,,,,,,,,
9.8GPa_14.0-19.0,0.457908,0.426327,0.376185,0.483871,0.604653,0.593591,0.62052,0.601712,0.681004,0.356473,0.307156,0.382127,0.550754,0.653104,0.624344,0.598131,0.427066,0.304804,0.616281,0.65811,0.624179,0.669332,0.762006,0.384632,0.598357,0.634828,0.694138,0.68698,0.688499,0.774591,0.688901,0.714361,0.475242,0.428957,0.376992,0.467661,0.604857,0.59447,0.621256,0.62534,0.678763,0.451805,0.411378,0.49725,0.614403,0.797873,0.654203,0.55774,0.342084,0.351215,0.631482,0.652616,0.532405,0.595433,0.660921,0.543351,0.685291,0.654593,0.634722,0.598352,0.690504,0.761659,0.692831,0.700084,0.741166,0.611362,0.586445,0.644752,0.619188,0.691916,0.738966,0.562807,0.726615,0.669197,0.712968,0.722859,0.725707,0.221273,0.323582,0.30552,0.283619,0.357991,0.537045,0.536415,0.451508,0.387736,0.466199,0.344796,0.438444,0.238779,0.493408,0.469541,0.294288,0.441238,0.509811,0.451834,0.195208,0.425349,0.524823,0.565073,0.475826,0.595177,0.583967,0.350642,0.667692,0.592943,0.610045,0.568091,0.631311,0.699103,0.705805,0.671857,0.549746,0.606688,0.624885,0.638893,0.566505,0.595222,0.567426,0.558221,0.741179,0.674875,0.590273,0.694613,0.719754,0.652325,0.635588,0.670664,0.521201,0.630589,0.648433,0.624013,0.520523,0.557046,0.533715,0.545523,0.699102,0.458021,0.52704,0.573436,0.662677,0.65652,0.684979,0.786893,0.275619,0.329602,0.331787,0.702589,0.796167,0.774089,0.794353,0.76747,0.601525,0.53331,0.602623,0.566218,0.50906,0.546243,0.641397,0.691071,0.46706,0.68194,0.574401,0.532291,0.525222,0.54993,0.563014,0.575901,0.695442,0.736758,0.704272,0.783806,0.638216,0.626395,0.643391,0.793656,0.498461,0.704956,0.613264,0.608901,0.511815,0.460337,0.557429,0.592448,0.710798,0.765625,0.784678,0.858937,0.707228,0.652794,0.704649,0.770252,0.350766,0.714788,0.613689,0.60391,0.5277,0.528087,0.598044,0.625056,0.794061,0.728188,0.745367,,,,,,,,,,,,,,,,,,,,,,,,,,,,,,,,,,,,,,,,,,,,,,,,,,,,,,,,,,,,,,,,,,,,,
9.8GPa_15.0-20.0,0.349235,0.329606,0.385261,0.466022,0.379933,0.364644,0.39105,0.529296,0.612535,0.264828,0.27751,0.303559,0.43865,0.589349,0.566377,0.612323,0.370804,0.250035,0.567153,0.641879,0.613897,0.664715,0.765684,0.305674,0.48056,0.511081,0.578625,0.639928,0.782312,0.614898,0.612845,0.654915,0.363635,0.333243,0.379648,0.464664,0.383173,0.36618,0.397843,0.521427,0.592942,0.339549,0.351209,0.397985,0.517037,0.743297,0.543664,0.58072,0.31712,0.282351,0.540669,0.571997,0.453401,0.524934,0.602266,0.473122,0.631358,0.552068,0.574561,0.551903,0.75049,0.664409,0.645311,0.672409,0.743617,0.626627,0.616137,0.680185,0.656973,0.666092,0.685722,0.575047,0.700283,0.625809,0.660274,0.6601,0.66807,0.153896,0.230621,0.279603,0.279748,0.278516,0.373413,0.386917,0.444117,0.37349,0.468674,0.316273,0.327702,0.187475,0.447732,0.340102,0.202576,0.298577,0.451432,0.404606,0.151934,0.340603,0.438491,0.49509,0.415851,0.56766,0.535038,0.268519,0.629366,0.453276,0.490268,0.515123,0.64648,0.642968,0.688493,0.653738,0.469595,0.503338,0.534138,0.542765,0.452347,0.467812,0.462701,0.498543,0.716251,0.613997,0.594141,0.768442,0.830459,0.735843,0.776312,0.606264,0.447851,0.524451,0.568956,0.530803,0.435385,0.470548,0.460186,0.511037,0.71026,0.419593,0.516378,0.678058,0.792972,0.762167,0.787148,0.770539,0.198971,0.224202,0.235027,0.611101,0.736062,0.707837,0.727799,0.757853,0.711975,0.567711,0.619902,0.500821,0.404462,0.353929,0.408737,0.484816,0.461614,0.609881,0.48353,0.41949,0.450626,0.481775,0.500085,0.568488,0.734215,0.612761,0.520249,0.515216,0.767853,0.734065,0.741047,0.800902,0.484848,0.645219,0.506718,0.501263,0.440186,0.390294,0.487717,0.548238,0.699022,0.663367,0.644984,0.625885,0.960539,0.918275,0.887913,0.800334,0.367259,0.649711,0.504109,0.504642,0.448697,0.434805,0.528618,0.587495,0.777994,0.464553,0.444701,0.73074,,,,,,,,,,,,,,,,,,,,,,,,,,,,,,,,,,,,,,,,,,,,,,,,,,,,,,,,,,,,,,,,,,,,
9.8GPa_16.0-21.0,0.339885,0.370324,0.453583,0.477308,0.371984,0.367574,0.353319,0.571168,0.627622,0.244288,0.228192,0.26178,0.376449,0.525149,0.532824,0.578536,0.379136,0.265162,0.628912,0.662893,0.653124,0.64139,0.738177,0.318546,0.463948,0.491151,0.536619,0.613074,0.754581,0.623255,0.583666,0.679048,0.362155,0.386465,0.449037,0.490045,0.369275,0.365511,0.366391,0.549533,0.606233,0.315205,0.286884,0.369457,0.509959,0.72223,0.512827,0.571163,0.327689,0.310395,0.572278,0.578468,0.467783,0.521236,0.583843,0.481576,0.611581,0.548609,0.562667,0.580743,0.772344,0.687554,0.644118,0.707007,0.775216,0.668403,0.703165,0.736815,0.738171,0.63698,0.668855,0.516674,0.687727,0.633036,0.67305,0.665368,0.671227,0.170944,0.25962,0.266078,0.351228,0.407306,0.377976,0.313051,0.46111,0.400798,0.472842,0.31598,0.281365,0.211422,0.472182,0.272645,0.150126,0.422703,0.47986,0.38891,0.158437,0.368208,0.483425,0.495248,0.431245,0.539504,0.502422,0.2777,0.593578,0.395546,0.421921,0.489896,0.626476,0.658081,0.692874,0.695777,0.445009,0.520784,0.541123,0.517059,0.441753,0.464612,0.467056,0.513431,0.694307,0.607858,0.587761,0.751843,0.814067,0.612816,0.657777,0.636096,0.425119,0.535352,0.570235,0.51991,0.445222,0.483949,0.480304,0.526327,0.700702,0.460268,0.541153,0.723685,0.818155,0.815253,0.826681,0.750546,0.19054,0.239144,0.328875,0.552184,0.728623,0.714838,0.718621,0.78178,0.731752,0.51546,0.629105,0.462649,0.370783,0.25042,0.376531,0.490847,0.462765,0.628489,0.486485,0.45384,0.466926,0.511044,0.538637,0.533849,0.688004,0.613209,0.553118,0.559434,0.804582,0.802183,0.800881,0.794541,0.491344,0.659396,0.495876,0.529369,0.443275,0.435959,0.531637,0.528675,0.672578,0.651212,0.630405,0.612446,0.953155,0.988672,0.910856,0.829308,0.353627,0.660398,0.492437,0.547531,0.458465,0.488525,0.573116,0.579031,0.76501,0.379621,0.401118,0.659875,0.929172,,,,,,,,,,,,,,,,,,,,,,,,,,,,,,,,,,,,,,,,,,,,,,,,,,,,,,,,,,,,,,,,,,,
9.8GPa_17.0-22.0,0.670866,0.598588,0.600432,0.712496,0.60988,0.63909,0.57997,0.687235,0.800222,0.582425,0.612377,0.615492,0.676733,0.729564,0.756849,0.772958,0.5672,0.580289,0.678386,0.714654,0.671052,0.732256,0.766354,0.48745,0.689861,0.562951,0.627645,0.694213,0.673479,0.750989,0.824961,0.782868,0.678723,0.596874,0.600737,0.727202,0.617844,0.648572,0.588694,0.684339,0.790911,0.672232,0.682674,0.716054,0.765082,0.764644,0.727075,0.566929,0.453331,0.628344,0.694782,0.691277,0.556296,0.648071,0.690479,0.659611,0.77125,0.505387,0.494582,0.525872,0.595236,0.751213,0.81152,0.782067,0.740118,0.763272,0.672255,0.716663,0.688917,0.775733,0.810609,0.678573,0.642066,0.78164,0.78122,0.784316,0.782752,0.343154,0.465247,0.556395,0.576024,0.514895,0.599205,0.597698,0.540963,0.495294,0.559763,0.615427,0.667383,0.545558,0.742059,0.597461,0.372243,0.474238,0.567484,0.518429,0.324719,0.644333,0.60352,0.656062,0.506974,0.627361,0.636992,0.465776,0.618792,0.44884,0.45837,0.662871,0.687816,0.768447,0.796948,0.748062,0.7491,0.764165,0.698782,0.697118,0.623683,0.7164,0.644223,0.741423,0.659117,0.653175,0.597583,0.654988,0.673629,0.862538,0.877655,0.79955,0.721308,0.772339,0.703062,0.684731,0.556603,0.641642,0.597519,0.740534,0.676787,0.543375,0.572408,0.638175,0.661135,0.684741,0.693141,0.781368,0.522959,0.56939,0.384939,0.682596,0.791841,0.781598,0.78842,0.806209,0.607895,0.752621,0.771672,0.651632,0.523948,0.659173,0.650436,0.736578,0.665355,0.789125,0.624534,0.594153,0.532945,0.597717,0.636015,0.714052,0.667844,0.770258,0.668173,0.631373,0.660407,0.645079,0.671019,0.789356,0.654201,0.792275,0.703173,0.675861,0.493537,0.430159,0.634182,0.649788,0.611984,0.811093,0.758306,0.715028,0.626816,0.606776,0.660761,0.806763,0.602322,0.800057,0.69854,0.666535,0.492593,0.465098,0.682177,0.761149,0.768459,0.648213,0.541391,0.565032,0.718724,0.626259,,,,,,,,,,,,,,,,,,,,,,,,,,,,,,,,,,,,,,,,,,,,,,,,,,,,,,,,,,,,,,,,,,
9.8GPa_18.0-23.0,0.76856,0.671938,0.644149,0.636271,0.557903,0.612833,0.516134,0.649075,0.77373,0.69463,0.722171,0.700573,0.736504,0.702239,0.753815,0.727181,0.552672,0.68584,0.637395,0.687883,0.633833,0.750164,0.710839,0.552133,0.735674,0.492301,0.543539,0.603682,0.563554,0.766245,0.837594,0.758809,0.769902,0.662042,0.650806,0.657162,0.572077,0.634685,0.528234,0.637383,0.781881,0.741761,0.772113,0.787213,0.814057,0.702169,0.670342,0.471288,0.438849,0.72031,0.65033,0.657896,0.51376,0.661153,0.634544,0.692617,0.790766,0.435899,0.430236,0.460573,0.494671,0.740173,0.819294,0.759079,0.685617,0.780802,0.629463,0.705252,0.662749,0.798586,0.780107,0.676972,0.576184,0.789469,0.75408,0.763186,0.762072,0.489941,0.545175,0.707694,0.693851,0.54915,0.585722,0.667591,0.604132,0.62247,0.652987,0.724039,0.779876,0.713866,0.792999,0.720784,0.495176,0.551518,0.601822,0.537332,0.355605,0.712062,0.552672,0.652965,0.482055,0.634343,0.637533,0.547736,0.592445,0.424131,0.443445,0.572435,0.649618,0.769564,0.780464,0.721399,0.793729,0.791401,0.632641,0.699941,0.608898,0.724618,0.635455,0.784369,0.605588,0.659707,0.602206,0.621224,0.618742,0.88023,0.845673,0.79453,0.751501,0.786873,0.63006,0.697667,0.533902,0.630223,0.580511,0.765484,0.588555,0.587734,0.594122,0.547811,0.58069,0.608262,0.593357,0.709577,0.687614,0.689903,0.443386,0.619998,0.697679,0.684499,0.691057,0.716957,0.548956,0.751787,0.810288,0.695757,0.593607,0.683399,0.625065,0.741416,0.674872,0.782723,0.56704,0.601416,0.51384,0.576275,0.61353,0.759111,0.61068,0.742865,0.654327,0.638291,0.584166,0.560355,0.580019,0.713672,0.653225,0.772431,0.688333,0.665715,0.479529,0.396895,0.607533,0.692463,0.574392,0.781903,0.7362,0.726861,0.531836,0.495515,0.574703,0.739804,0.621672,0.780809,0.682214,0.642869,0.48201,0.435232,0.658445,0.80979,0.70392,0.6046,0.493455,0.567089,0.625827,0.510148,0.940386,,,,,,,,,,,,,,,,,,,,,,,,,,,,,,,,,,,,,,,,,,,,,,,,,,,,,,,,,,,,,,,,,
10.4GPa_3.0-8.0,0.917831,0.84819,0.772102,0.511087,0.387983,0.482931,0.30217,0.545675,0.670182,0.887755,0.840056,0.786424,0.732615,0.419129,0.61864,0.570195,0.332584,0.754689,0.421875,0.410384,0.384268,0.528023,0.35055,0.488278,0.557021,0.203889,0.145332,0.203318,0.124759,0.48387,0.617084,0.544111,0.90833,0.832419,0.784501,0.575419,0.418586,0.522547,0.32991,0.507478,0.693863,0.827071,0.803114,0.812506,0.810565,0.380577,0.39976,0.147184,0.193602,0.770413,0.428819,0.396073,0.299207,0.450222,0.327059,0.568375,0.596273,0.192838,0.132905,0.192279,0.112004,0.5081,0.630979,0.555123,0.333146,0.607711,0.442857,0.487817,0.466941,0.618016,0.528454,0.514508,0.199437,0.623259,0.512016,0.517913,0.512667,0.626062,0.713261,0.861003,0.759828,0.612289,0.588724,0.610724,0.678958,0.747174,0.777625,0.924173,0.914224,0.952545,0.75005,0.796694,0.784036,0.725248,0.567469,0.488375,0.247061,0.715862,0.358691,0.400721,0.280801,0.396701,0.436499,0.546234,0.227521,0.162451,0.174792,0.306562,0.443463,0.544306,0.540487,0.530531,0.704591,0.663139,0.379072,0.444821,0.462619,0.598566,0.529526,0.820612,0.291755,0.503756,0.412733,0.334338,0.322901,0.431048,0.342644,0.65768,0.633165,0.621717,0.345305,0.477884,0.367307,0.457699,0.43762,0.752058,0.261828,0.590499,0.515824,0.313458,0.290631,0.317487,0.251753,0.360344,0.981789,0.934421,0.784339,0.341043,0.386315,0.386836,0.374957,0.436779,0.211048,0.590386,0.745697,0.750341,0.729376,0.562032,0.483584,0.678847,0.537775,0.58742,0.318665,0.43697,0.357574,0.416199,0.443106,0.664061,0.259549,0.515339,0.464278,0.444128,0.313847,0.306203,0.298199,0.35993,0.478873,0.549214,0.491377,0.479608,0.337637,0.322867,0.431761,0.61663,0.28918,0.562538,0.556006,0.540843,0.158468,0.173533,0.216601,0.443232,0.55119,0.559959,0.486771,0.462642,0.373676,0.392078,0.487543,0.717143,0.348835,0.335529,0.294,0.234752,0.175953,0.192038,0.518942,0.684893,,,,,,,,,,,,,,,,,,,,,,,,,,,,,,,,,,,,,,,,,,,,,,,,,,,,,,,,,,,,,,,,
10.4GPa_4.0-9.0,0.977109,0.93896,0.747095,0.649244,0.628492,0.691562,0.553684,0.742983,0.788179,0.862906,0.798987,0.767581,0.75114,0.491041,0.746109,0.619987,0.409533,0.744137,0.56657,0.527432,0.533763,0.560962,0.435267,0.506442,0.620329,0.309155,0.281207,0.331791,0.175888,0.601067,0.702963,0.671003,0.972047,0.92733,0.762866,0.705834,0.650881,0.714266,0.575346,0.717748,0.805037,0.848929,0.806523,0.840902,0.86409,0.464951,0.535978,0.197563,0.240331,0.781997,0.57917,0.524135,0.471838,0.528747,0.454663,0.646199,0.663139,0.255833,0.227978,0.242152,0.14389,0.620305,0.702586,0.668321,0.423706,0.638579,0.563387,0.564909,0.572194,0.638698,0.610015,0.52746,0.271173,0.674308,0.632028,0.617358,0.610992,0.558255,0.75177,0.757309,0.735329,0.704286,0.78647,0.666162,0.784497,0.72898,0.785398,0.902209,0.924269,0.907281,0.836275,0.82549,0.710229,0.75453,0.669281,0.661929,0.258311,0.768374,0.531904,0.522093,0.451446,0.472287,0.545302,0.56185,0.285491,0.246461,0.252363,0.408717,0.459678,0.633845,0.623338,0.635768,0.715914,0.736665,0.53947,0.54921,0.643752,0.739913,0.704611,0.877607,0.36769,0.518491,0.446942,0.386201,0.394419,0.492351,0.379262,0.764913,0.644877,0.700406,0.494814,0.570137,0.534607,0.603042,0.602322,0.783494,0.334734,0.542136,0.514035,0.423204,0.422186,0.440859,0.358763,0.440856,0.933637,0.996907,0.821188,0.473588,0.537879,0.567237,0.538446,0.581962,0.220476,0.620873,0.764354,0.738393,0.664975,0.636877,0.690716,0.776806,0.569649,0.690596,0.461367,0.546666,0.509426,0.555761,0.593187,0.698041,0.339922,0.646527,0.544367,0.533561,0.446571,0.447022,0.402863,0.450016,0.522046,0.658234,0.601124,0.609755,0.486507,0.457647,0.587431,0.656002,0.368823,0.676084,0.637582,0.647233,0.207927,0.231018,0.230729,0.552113,0.579168,0.671139,0.597355,0.609405,0.520472,0.526867,0.641727,0.739811,0.444219,0.478656,0.409263,0.338138,0.224832,0.240453,0.587787,0.709657,0.942389,,,,,,,,,,,,,,,,,,,,,,,,,,,,,,,,,,,,,,,,,,,,,,,,,,,,,,,,,,,,,,,
10.4GPa_5.0-10.0,0.897234,0.937955,0.777666,0.657206,0.632413,0.681698,0.571497,0.705653,0.785952,0.760617,0.592292,0.613684,0.689844,0.443813,0.680528,0.614004,0.392242,0.666052,0.593261,0.541406,0.580643,0.588154,0.476671,0.442951,0.517196,0.333087,0.281357,0.331957,0.217496,0.523424,0.643283,0.645157,0.897043,0.932801,0.784275,0.706577,0.660888,0.705954,0.597497,0.695159,0.793849,0.726452,0.590635,0.68791,0.804126,0.475603,0.553151,0.261088,0.230925,0.673732,0.606709,0.549734,0.5361,0.56065,0.506823,0.594646,0.644686,0.326204,0.289544,0.286449,0.224693,0.607882,0.661354,0.642029,0.435189,0.598464,0.579866,0.558239,0.575199,0.643497,0.605989,0.550427,0.312007,0.649334,0.611692,0.610262,0.605049,0.586852,0.826347,0.646201,0.532146,0.557631,0.822987,0.673804,0.861521,0.787066,0.854725,0.766551,0.78633,0.707408,0.668861,0.679311,0.762259,0.72365,0.692169,0.733373,0.251974,0.680761,0.570875,0.502789,0.499423,0.526614,0.596825,0.503049,0.298734,0.265995,0.272092,0.451263,0.532302,0.582314,0.596356,0.605059,0.611129,0.61316,0.575168,0.55331,0.666717,0.722921,0.732328,0.829614,0.413716,0.527117,0.459852,0.478266,0.458456,0.395913,0.316214,0.697501,0.546131,0.583611,0.536319,0.575894,0.582171,0.621816,0.64771,0.760443,0.386895,0.501683,0.55835,0.542481,0.434592,0.425238,0.364248,0.433253,0.860578,0.913455,0.959716,0.516919,0.563149,0.570657,0.551161,0.564731,0.282434,0.525146,0.725532,0.741484,0.739332,0.494407,0.631332,0.724372,0.513767,0.626113,0.512351,0.562271,0.562034,0.597106,0.622577,0.668894,0.376143,0.609662,0.456274,0.431334,0.444992,0.452479,0.411157,0.472217,0.490472,0.620694,0.616851,0.625826,0.533511,0.545972,0.613072,0.640256,0.412882,0.652698,0.64859,0.621469,0.288253,0.335673,0.2896,0.567833,0.495723,0.632706,0.610464,0.630133,0.571743,0.620861,0.651238,0.699711,0.464452,0.460736,0.41908,0.361865,0.298835,0.338754,0.464119,0.543511,0.835519,0.893801,,,,,,,,,,,,,,,,,,,,,,,,,,,,,,,,,,,,,,,,,,,,,,,,,,,,,,,,,,,,,,
10.4GPa_6.0-11.0,0.692176,0.67793,0.393809,0.753761,0.766885,0.747055,0.761458,0.645338,0.799064,0.414933,0.411456,0.47535,0.620338,0.593021,0.703605,0.595784,0.423977,0.407195,0.631391,0.614628,0.623745,0.590551,0.639717,0.352567,0.472414,0.552974,0.485526,0.476367,0.409934,0.625745,0.667418,0.674914,0.699143,0.671942,0.399784,0.721556,0.773264,0.744479,0.76111,0.686041,0.801966,0.475822,0.506384,0.578804,0.710419,0.689646,0.714022,0.588534,0.259374,0.444029,0.668564,0.640301,0.62155,0.585647,0.662703,0.508797,0.63252,0.581277,0.541913,0.372074,0.3956,0.692433,0.658768,0.66064,0.57343,0.538566,0.583508,0.585902,0.570936,0.633771,0.720202,0.539411,0.497437,0.640542,0.656,0.667097,0.685573,0.312828,0.546014,0.443419,0.360316,0.324221,0.805345,0.708716,0.73319,0.534646,0.605618,0.491176,0.608915,0.392666,0.648688,0.668736,0.465231,0.510701,0.720204,0.783846,0.16776,0.516858,0.638257,0.568596,0.595715,0.538464,0.631229,0.32676,0.416433,0.434692,0.40611,0.534189,0.485536,0.653941,0.652131,0.623132,0.574299,0.592809,0.696183,0.617837,0.76376,0.722055,0.736823,0.674957,0.558479,0.52242,0.3396,0.452212,0.45722,0.515726,0.43498,0.688253,0.525246,0.605376,0.678371,0.61141,0.685352,0.663128,0.665816,0.617876,0.546423,0.441597,0.389185,0.485966,0.417431,0.40659,0.408959,0.674937,0.490511,0.591995,0.562643,0.924209,0.787425,0.769118,0.788416,0.711468,0.328996,0.559679,0.691691,0.741864,0.607743,0.626758,0.7431,0.779297,0.479274,0.642661,0.629053,0.581906,0.687134,0.665784,0.636736,0.659384,0.582584,0.676331,0.543144,0.531763,0.419486,0.419513,0.408571,0.675685,0.471356,0.657548,0.658303,0.650175,0.69032,0.633435,0.629816,0.68021,0.62735,0.723537,0.736387,0.719975,0.416562,0.385034,0.368803,0.719668,0.459173,0.67632,0.660653,0.659988,0.716401,0.686723,0.661744,0.646315,0.670253,0.69494,0.64189,0.640169,0.484885,0.415781,0.572287,0.558246,0.439257,0.581895,0.634342,,,,,,,,,,,,,,,,,,,,,,,,,,,,,,,,,,,,,,,,,,,,,,,,,,,,,,,,,,,,,
10.4GPa_7.0-12.0,0.647635,0.653943,0.378716,0.719085,0.921812,0.895795,0.950218,0.809567,0.757601,0.39315,0.2891,0.375364,0.564291,0.598534,0.723299,0.545743,0.436137,0.337746,0.645206,0.615095,0.644533,0.50687,0.58975,0.284206,0.511859,0.572988,0.648786,0.624846,0.430244,0.639319,0.644384,0.684815,0.661424,0.655686,0.389885,0.708524,0.919903,0.880513,0.943815,0.86068,0.746024,0.54356,0.425775,0.529426,0.659232,0.629584,0.775653,0.411409,0.266602,0.384695,0.701037,0.665167,0.668527,0.568609,0.660597,0.495879,0.576676,0.485118,0.518928,0.368125,0.335998,0.636602,0.593896,0.634236,0.526003,0.443842,0.561911,0.505852,0.524706,0.522963,0.639677,0.427809,0.452248,0.546289,0.659555,0.642114,0.634444,0.254712,0.526206,0.244006,0.284818,0.466842,0.898511,0.696804,0.64378,0.41484,0.478056,0.356176,0.528577,0.274523,0.602311,0.469228,0.282475,0.425178,0.612808,0.727767,0.157547,0.462494,0.692563,0.629645,0.630393,0.554245,0.636843,0.277248,0.394998,0.47493,0.469253,0.579457,0.443237,0.578672,0.581584,0.586284,0.478066,0.56222,0.749386,0.66465,0.77978,0.76636,0.784415,0.590404,0.503002,0.455458,0.449557,0.453421,0.502328,0.481431,0.413071,0.662413,0.439192,0.575608,0.722487,0.628919,0.680454,0.686575,0.699597,0.517227,0.486718,0.228557,0.350537,0.500636,0.54504,0.522886,0.491542,0.583544,0.379932,0.579943,0.510864,0.75964,0.786888,0.820521,0.806713,0.7237,0.253676,0.486827,0.517211,0.470367,0.381855,0.684374,0.943736,0.767335,0.408142,0.628501,0.667447,0.597399,0.624852,0.633369,0.658639,0.488473,0.493104,0.722891,0.625726,0.600035,0.538593,0.544332,0.479205,0.596127,0.42033,0.645946,0.662637,0.671828,0.59314,0.54041,0.662414,0.478125,0.493906,0.73335,0.702109,0.716398,0.335781,0.320403,0.289366,0.634811,0.379664,0.665095,0.664672,0.691045,0.6022,0.585487,0.686836,0.506361,0.596418,0.817217,0.733955,0.602644,0.37859,0.318425,0.59025,0.525819,0.311359,0.572257,0.560939,0.763905,,,,,,,,,,,,,,,,,,,,,,,,,,,,,,,,,,,,,,,,,,,,,,,,,,,,,,,,,,,,
10.4GPa_8.0-13.0,0.783372,0.784387,0.512759,0.771824,0.930915,0.926916,0.932897,0.880872,0.836327,0.541897,0.438815,0.505905,0.657074,0.624642,0.797015,0.608341,0.46726,0.468002,0.694482,0.651886,0.679428,0.564113,0.602339,0.369114,0.587159,0.568517,0.613401,0.607457,0.404098,0.691779,0.709435,0.752794,0.794785,0.785993,0.526936,0.778528,0.931488,0.91667,0.9322,0.913693,0.830982,0.668093,0.554518,0.657708,0.77566,0.650663,0.78606,0.391149,0.285366,0.520776,0.73822,0.688452,0.675987,0.607636,0.662231,0.582159,0.64841,0.487142,0.507392,0.381726,0.327949,0.699163,0.677353,0.710615,0.55981,0.544485,0.632346,0.578246,0.6021,0.596852,0.689556,0.495994,0.454884,0.633087,0.718961,0.699866,0.690288,0.34412,0.620039,0.38245,0.443822,0.602035,0.949353,0.73714,0.729287,0.523068,0.585367,0.515675,0.662289,0.461169,0.729376,0.587529,0.397252,0.568205,0.682208,0.766525,0.195041,0.582038,0.718159,0.653583,0.635667,0.577186,0.663265,0.38044,0.405678,0.467404,0.462628,0.598026,0.493592,0.656914,0.652743,0.667393,0.572919,0.661367,0.761442,0.685162,0.808617,0.824735,0.828471,0.714906,0.515914,0.510636,0.495721,0.478713,0.524184,0.517821,0.430902,0.757387,0.522053,0.662879,0.726673,0.663325,0.700684,0.726518,0.735982,0.632556,0.496381,0.336892,0.430322,0.536677,0.575278,0.565752,0.513806,0.603632,0.54421,0.733126,0.64275,0.749429,0.794908,0.833073,0.811559,0.757693,0.279917,0.560019,0.634526,0.575638,0.48217,0.730839,0.968127,0.838523,0.482848,0.707349,0.669173,0.639133,0.648578,0.67192,0.705925,0.580824,0.498185,0.776858,0.67114,0.647637,0.576564,0.586263,0.517007,0.618284,0.484016,0.714249,0.697989,0.718435,0.612844,0.567933,0.709127,0.561845,0.506096,0.785055,0.746791,0.76529,0.337378,0.343454,0.308486,0.679896,0.460143,0.733571,0.699234,0.738058,0.630366,0.62533,0.744789,0.611762,0.615577,0.796516,0.721738,0.587227,0.371294,0.344197,0.628331,0.601383,0.494043,0.728844,0.69663,0.773235,0.974932,,,,,,,,,,,,,,,,,,,,,,,,,,,,,,,,,,,,,,,,,,,,,,,,,,,,,,,,,,,
10.4GPa_9.0-14.0,0.735841,0.763542,0.469999,0.7767,0.947412,0.932377,0.947059,0.876811,0.82289,0.461896,0.362366,0.426201,0.58082,0.573486,0.768334,0.573332,0.463154,0.422707,0.7089,0.651854,0.690529,0.530432,0.588623,0.342143,0.560946,0.563268,0.598802,0.593335,0.390613,0.683866,0.679877,0.742708,0.749521,0.768922,0.483949,0.777425,0.942236,0.914834,0.944625,0.912593,0.815555,0.592397,0.482317,0.591079,0.72495,0.63265,0.770777,0.395105,0.285109,0.48404,0.746284,0.687739,0.693033,0.591249,0.6599,0.560938,0.62505,0.472325,0.494525,0.373538,0.321834,0.695645,0.653335,0.702656,0.563747,0.523289,0.64767,0.578118,0.612859,0.559821,0.674755,0.467523,0.453504,0.608953,0.708745,0.686483,0.67885,0.295345,0.585636,0.322751,0.414679,0.59608,0.948515,0.696283,0.723394,0.488605,0.535694,0.451564,0.589544,0.403224,0.708535,0.531559,0.312629,0.559414,0.701149,0.778816,0.181472,0.553222,0.738458,0.649145,0.65264,0.553628,0.645431,0.353292,0.399984,0.444774,0.432403,0.586111,0.463572,0.654009,0.647331,0.66677,0.525447,0.636776,0.767819,0.668317,0.81592,0.812065,0.830897,0.683887,0.511301,0.471635,0.46064,0.454242,0.492429,0.505605,0.4224,0.741729,0.476974,0.638816,0.731735,0.646302,0.714845,0.728402,0.746303,0.600802,0.494486,0.311667,0.412263,0.548618,0.564097,0.560347,0.5104,0.590297,0.471918,0.686222,0.606235,0.756381,0.80035,0.839556,0.814819,0.757315,0.265462,0.49637,0.611829,0.525891,0.41318,0.665573,0.952991,0.807651,0.454119,0.69051,0.673529,0.638058,0.662606,0.678753,0.715433,0.548945,0.494739,0.764495,0.643263,0.626638,0.566621,0.58691,0.513322,0.615554,0.461269,0.699747,0.679373,0.714352,0.625328,0.581013,0.720541,0.532652,0.500772,0.764889,0.718209,0.743216,0.333403,0.352299,0.296067,0.6844,0.427795,0.718606,0.681585,0.742225,0.64116,0.633536,0.752022,0.57289,0.611975,0.77353,0.694066,0.579495,0.373845,0.355705,0.608222,0.561371,0.425592,0.679055,0.661509,0.778019,0.979151,0.992349,,,,,,,,,,,,,,,,,,,,,,,,,,,,,,,,,,,,,,,,,,,,,,,,,,,,,,,,,,
10.4GPa_10.0-15.0,0.776419,0.813011,0.521129,0.771484,0.909793,0.901661,0.878685,0.942088,0.846986,0.507691,0.45202,0.476836,0.563905,0.545061,0.812573,0.593645,0.477804,0.490412,0.736248,0.663953,0.706604,0.534001,0.575527,0.411164,0.604927,0.524196,0.549501,0.571378,0.389466,0.725871,0.701098,0.789725,0.789107,0.822742,0.538314,0.791119,0.899672,0.879725,0.880019,0.954573,0.843299,0.619672,0.553516,0.646344,0.749159,0.618135,0.716027,0.361534,0.309003,0.574771,0.744432,0.667579,0.661735,0.566039,0.61413,0.627815,0.65711,0.428452,0.452011,0.380541,0.331729,0.742767,0.703932,0.765315,0.600419,0.597714,0.718365,0.642015,0.695358,0.57651,0.685826,0.470728,0.457298,0.652898,0.75063,0.714806,0.707407,0.259495,0.560246,0.358148,0.537976,0.730854,0.917107,0.602399,0.71779,0.472248,0.520039,0.54611,0.627875,0.529793,0.802094,0.584317,0.292008,0.653058,0.715633,0.745358,0.207652,0.636953,0.723978,0.63384,0.627964,0.5256,0.618295,0.435635,0.410229,0.409627,0.39736,0.565995,0.488984,0.727964,0.707025,0.750287,0.570015,0.720365,0.728435,0.633569,0.78706,0.797861,0.814209,0.747283,0.513629,0.483807,0.470386,0.464664,0.509334,0.544408,0.444414,0.81279,0.516921,0.711323,0.686242,0.622849,0.690948,0.715396,0.736209,0.65239,0.494012,0.370979,0.449931,0.595236,0.632034,0.645275,0.571709,0.591041,0.518413,0.74895,0.626313,0.685247,0.774219,0.828649,0.787206,0.785753,0.292949,0.503777,0.674267,0.545907,0.393098,0.631731,0.921295,0.799355,0.501822,0.753513,0.617255,0.617586,0.651041,0.676435,0.729618,0.590238,0.496947,0.792363,0.653171,0.654727,0.646184,0.675401,0.589085,0.622949,0.503677,0.748907,0.64403,0.70484,0.617981,0.576706,0.737653,0.569604,0.504722,0.780982,0.705823,0.747368,0.363727,0.40962,0.330206,0.71703,0.476867,0.764432,0.64627,0.741298,0.639299,0.634351,0.780721,0.619492,0.619648,0.69442,0.624886,0.549001,0.387978,0.411883,0.623763,0.59016,0.506974,0.748958,0.691445,0.715397,0.905432,0.9572,0.965999,,,,,,,,,,,,,,,,,,,,,,,,,,,,,,,,,,,,,,,,,,,,,,,,,,,,,,,,,
10.4GPa_11.0-16.0,0.967667,0.952692,0.778429,0.819032,0.777725,0.823329,0.70479,0.855108,0.927164,0.785449,0.724079,0.715596,0.754029,0.598572,0.843935,0.733389,0.522256,0.733099,0.740458,0.696038,0.69809,0.684478,0.623085,0.557306,0.714104,0.479677,0.442405,0.486161,0.372744,0.745192,0.80558,0.823885,0.972528,0.952059,0.792448,0.857833,0.785326,0.830256,0.720026,0.844501,0.936986,0.827367,0.767279,0.836173,0.919776,0.65461,0.697821,0.385361,0.34736,0.793803,0.74639,0.684842,0.611971,0.651526,0.619561,0.727842,0.784906,0.441177,0.407625,0.39004,0.340149,0.786569,0.825614,0.821547,0.62796,0.764639,0.745087,0.727374,0.741194,0.756152,0.779704,0.630418,0.472282,0.801409,0.788591,0.780239,0.776688,0.507461,0.743621,0.726233,0.756286,0.773469,0.882094,0.729351,0.817203,0.714462,0.756196,0.824733,0.868832,0.822691,0.920112,0.788747,0.610672,0.831724,0.803883,0.729613,0.301926,0.802922,0.688429,0.653671,0.57561,0.591233,0.666384,0.586044,0.446718,0.381369,0.373667,0.554212,0.588638,0.799065,0.79321,0.801681,0.7773,0.835666,0.710261,0.677812,0.764487,0.841804,0.807236,0.93034,0.543929,0.618628,0.555414,0.502761,0.507321,0.608864,0.522977,0.894772,0.709489,0.811306,0.670693,0.691891,0.666433,0.732174,0.72425,0.854108,0.523904,0.609952,0.619116,0.570536,0.540438,0.572589,0.508914,0.638652,0.838283,0.935666,0.803797,0.673407,0.738718,0.757107,0.7357,0.759612,0.376379,0.663354,0.881812,0.788614,0.686216,0.691622,0.819041,0.893417,0.652411,0.82323,0.604743,0.663152,0.641584,0.695165,0.734793,0.775158,0.522482,0.803483,0.691101,0.680942,0.562876,0.581891,0.543486,0.659882,0.626099,0.806301,0.708468,0.738479,0.601694,0.580265,0.734157,0.736855,0.539052,0.824357,0.785189,0.797194,0.36769,0.407357,0.382491,0.754566,0.625004,0.820408,0.707277,0.751491,0.634261,0.652365,0.789468,0.826594,0.648361,0.629122,0.572058,0.50938,0.406022,0.428527,0.719635,0.771298,0.840711,0.941382,0.867282,0.721206,0.708377,0.83396,0.807683,0.865287,,,,,,,,,,,,,,,,,,,,,,,,,,,,,,,,,,,,,,,,,,,,,,,,,,,,,,,,
10.4GPa_12.0-17.0,0.775087,0.628657,0.473055,0.461169,0.406016,0.479238,0.363256,0.515436,0.605378,0.663265,0.752211,0.705716,0.656126,0.5243,0.649223,0.580002,0.387676,0.650973,0.461341,0.523041,0.450977,0.580748,0.471456,0.498635,0.637858,0.342696,0.341673,0.366869,0.311802,0.587054,0.667363,0.585213,0.772412,0.613178,0.489672,0.490703,0.421045,0.507761,0.376001,0.494667,0.627157,0.685515,0.784126,0.740149,0.724204,0.486397,0.513235,0.252261,0.27748,0.678869,0.47391,0.499716,0.362005,0.514816,0.420582,0.573555,0.642739,0.287128,0.257149,0.279889,0.237727,0.557898,0.649516,0.585759,0.438717,0.631085,0.455377,0.557964,0.49487,0.642705,0.589962,0.58279,0.349851,0.632421,0.566963,0.576102,0.582944,0.590205,0.565783,0.851129,0.752809,0.499987,0.488433,0.666709,0.56669,0.629668,0.578177,0.751178,0.798356,0.824105,0.798954,0.736025,0.457951,0.506935,0.58705,0.437097,0.272304,0.657856,0.396013,0.541659,0.359125,0.46846,0.471626,0.504029,0.377944,0.275719,0.290016,0.348363,0.403137,0.605871,0.61757,0.564917,0.752974,0.691186,0.437547,0.562524,0.495779,0.608503,0.501146,0.690725,0.393284,0.51988,0.418532,0.369334,0.404615,0.675412,0.590625,0.658964,0.698159,0.673618,0.418814,0.567623,0.405908,0.495239,0.430506,0.638479,0.354065,0.521361,0.408867,0.264997,0.37445,0.398031,0.356356,0.498119,0.776844,0.721776,0.383723,0.422925,0.47241,0.465873,0.470953,0.506797,0.304157,0.67384,0.709478,0.630335,0.533909,0.634049,0.53072,0.62099,0.605496,0.625021,0.371736,0.484083,0.395539,0.436486,0.448886,0.68631,0.415976,0.577349,0.579559,0.54733,0.38475,0.35416,0.355649,0.476398,0.542161,0.594403,0.513607,0.510995,0.383511,0.282477,0.440356,0.637393,0.411473,0.605182,0.585819,0.588023,0.317318,0.262094,0.341813,0.524846,0.620266,0.605953,0.508483,0.485301,0.401888,0.31727,0.493837,0.710273,0.477796,0.455464,0.379034,0.394559,0.375905,0.283458,0.726032,0.858719,0.770974,0.74929,0.507421,0.456334,0.388003,0.496407,0.441316,0.490266,0.730284,,,,,,,,,,,,,,,,,,,,,,,,,,,,,,,,,,,,,,,,,,,,,,,,,,,,,,,
10.4GPa_13.0-18.0,0.790489,0.701384,0.681585,0.642492,0.523357,0.599469,0.484666,0.604619,0.744428,0.666592,0.634038,0.621797,0.705885,0.623684,0.690648,0.686371,0.477453,0.664973,0.617385,0.677655,0.612069,0.733165,0.644851,0.524888,0.695481,0.440694,0.474564,0.492144,0.48971,0.683857,0.743169,0.70666,0.796493,0.695373,0.692895,0.666862,0.532547,0.622227,0.496303,0.596777,0.754966,0.728899,0.67394,0.702697,0.801847,0.634255,0.647185,0.376648,0.353888,0.681022,0.622285,0.640164,0.484309,0.663212,0.574659,0.638416,0.73544,0.44589,0.444124,0.390049,0.398512,0.684623,0.749538,0.706985,0.609518,0.746589,0.634782,0.697864,0.646382,0.767838,0.724625,0.672031,0.496518,0.736011,0.68826,0.711104,0.705429,0.659577,0.668987,0.807322,0.742833,0.576727,0.622987,0.772218,0.669372,0.751906,0.693437,0.659501,0.734568,0.725336,0.814138,0.606048,0.496028,0.640752,0.710366,0.529812,0.29391,0.655746,0.543403,0.665252,0.470947,0.648794,0.642935,0.53179,0.505196,0.419912,0.441427,0.470072,0.555535,0.713034,0.739696,0.683312,0.714231,0.696574,0.599344,0.69947,0.585242,0.716969,0.619932,0.753756,0.540522,0.645049,0.624792,0.558973,0.565996,0.701474,0.66817,0.741128,0.655608,0.67842,0.578583,0.70029,0.514164,0.626099,0.570205,0.732438,0.516922,0.584805,0.592829,0.446007,0.479027,0.491071,0.449658,0.619603,0.7517,0.715716,0.53294,0.562426,0.621568,0.602216,0.612816,0.62452,0.463281,0.70783,0.825963,0.656054,0.618269,0.639211,0.641271,0.737689,0.609667,0.692477,0.501871,0.601928,0.479496,0.556529,0.593776,0.702147,0.520834,0.673904,0.687026,0.629633,0.481976,0.462723,0.448649,0.638538,0.58724,0.694355,0.611747,0.635727,0.416807,0.363794,0.587319,0.63702,0.492261,0.707473,0.703136,0.681158,0.479433,0.464653,0.470497,0.691125,0.578612,0.706932,0.606497,0.621281,0.43404,0.41704,0.632954,0.776865,0.617693,0.538576,0.490532,0.479994,0.543903,0.488241,0.809386,0.885903,0.72877,0.728682,0.5992,0.507741,0.496439,0.591732,0.547525,0.568719,0.788445,0.878154,,,,,,,,,,,,,,,,,,,,,,,,,,,,,,,,,,,,,,,,,,,,,,,,,,,,,,
10.4GPa_14.0-19.0,0.730131,0.654061,0.757448,0.484356,0.323552,0.395623,0.296415,0.391008,0.616525,0.844914,0.704103,0.72681,0.8055,0.585044,0.550297,0.653538,0.343474,0.633602,0.359554,0.422413,0.386309,0.661625,0.526487,0.453624,0.507002,0.26585,0.319078,0.355326,0.357625,0.448213,0.657753,0.504143,0.717937,0.627049,0.751161,0.527487,0.37346,0.451536,0.320799,0.381848,0.626239,0.793799,0.674369,0.713016,0.742494,0.501266,0.459414,0.296487,0.237712,0.592413,0.411523,0.43167,0.322184,0.534301,0.462157,0.518858,0.60419,0.332732,0.321432,0.318015,0.323524,0.484867,0.629732,0.500325,0.383403,0.557917,0.339669,0.419606,0.363715,0.701491,0.576263,0.558385,0.363912,0.615809,0.505492,0.538663,0.526902,0.569828,0.65086,0.652042,0.390479,0.264644,0.488062,0.61727,0.566767,0.684454,0.818424,0.748825,0.796838,0.620462,0.458128,0.657696,0.909332,0.455734,0.372081,0.414351,0.271056,0.565114,0.313691,0.405091,0.290828,0.548495,0.561315,0.46587,0.368726,0.334602,0.374375,0.391666,0.601672,0.448162,0.491592,0.429196,0.650657,0.527269,0.43092,0.517817,0.419514,0.547486,0.486647,0.702009,0.429248,0.610134,0.568302,0.564612,0.516453,0.443612,0.429348,0.539052,0.613748,0.51394,0.433512,0.533089,0.355397,0.436872,0.412605,0.691923,0.40746,0.515811,0.596663,0.388986,0.325849,0.293257,0.292018,0.472822,0.806865,0.705682,0.712214,0.424255,0.433214,0.393758,0.419086,0.422407,0.401404,0.659854,0.644029,0.775916,0.851572,0.579212,0.419488,0.627026,0.505378,0.521286,0.412186,0.421306,0.348782,0.406789,0.405037,0.638999,0.401915,0.489181,0.450284,0.39461,0.318719,0.269864,0.307078,0.465553,0.484058,0.524342,0.577254,0.478739,0.332189,0.332295,0.385233,0.603828,0.41958,0.574569,0.620785,0.552709,0.340502,0.284022,0.37103,0.450274,0.468633,0.531089,0.568869,0.429578,0.354297,0.398269,0.421978,0.700197,0.45681,0.444018,0.409326,0.365926,0.368434,0.280712,0.536717,0.655841,0.773858,0.696243,0.734913,0.444779,0.310293,0.411517,0.329603,0.302408,0.626276,0.56583,0.665971,,,,,,,,,,,,,,,,,,,,,,,,,,,,,,,,,,,,,,,,,,,,,,,,,,,,,
10.4GPa_15.0-20.0,0.74008,0.654563,0.696024,0.436408,0.272218,0.344499,0.251879,0.37876,0.564595,0.840468,0.724471,0.765983,0.816897,0.542589,0.538343,0.591304,0.251768,0.599679,0.275006,0.327049,0.28806,0.569293,0.413304,0.391037,0.413322,0.209373,0.235124,0.27948,0.241359,0.35922,0.568792,0.424489,0.724873,0.628824,0.692359,0.480167,0.318421,0.394625,0.272702,0.364572,0.576406,0.784281,0.688256,0.732144,0.741169,0.431799,0.459554,0.255114,0.144571,0.552636,0.324028,0.336382,0.222928,0.422903,0.343097,0.438045,0.516576,0.26738,0.242629,0.304564,0.247499,0.408975,0.546101,0.413077,0.265515,0.478992,0.268504,0.341201,0.283921,0.621816,0.484298,0.527622,0.248927,0.533771,0.413165,0.450504,0.440465,0.542752,0.632827,0.666605,0.355927,0.23536,0.473997,0.611854,0.535598,0.631653,0.760741,0.742958,0.807276,0.635776,0.445314,0.652776,0.946512,0.440306,0.343202,0.379987,0.215968,0.514835,0.217136,0.295697,0.191268,0.439921,0.462784,0.414446,0.24017,0.262396,0.298865,0.407563,0.585308,0.377,0.414219,0.359517,0.623863,0.472072,0.318896,0.406167,0.339659,0.462291,0.39737,0.651125,0.320387,0.49832,0.43185,0.457955,0.404101,0.315559,0.278331,0.476273,0.579502,0.461849,0.313997,0.421893,0.263423,0.336817,0.312751,0.641374,0.309076,0.434034,0.488641,0.347675,0.241629,0.222299,0.206886,0.382044,0.847465,0.713734,0.761569,0.379529,0.345314,0.305812,0.3315,0.326966,0.307474,0.627251,0.623305,0.813726,0.920076,0.622178,0.420705,0.611757,0.466311,0.450041,0.299232,0.31411,0.266289,0.316391,0.305107,0.583447,0.289683,0.434935,0.40682,0.338504,0.238266,0.198966,0.22804,0.356912,0.423661,0.444743,0.474018,0.372595,0.260395,0.277372,0.285405,0.558657,0.32104,0.508813,0.574338,0.493624,0.208657,0.168881,0.267611,0.347969,0.470382,0.456425,0.467561,0.329633,0.295135,0.353032,0.32917,0.64279,0.346427,0.443259,0.45365,0.299618,0.233209,0.168178,0.423011,0.544942,0.800652,0.709218,0.759905,0.445314,0.286105,0.402597,0.314135,0.292815,0.622015,0.521014,0.563207,0.934368,,,,,,,,,,,,,,,,,,,,,,,,,,,,,,,,,,,,,,,,,,,,,,,,,,,,
10.4GPa_16.0-21.0,0.813222,0.654678,0.571594,0.579019,0.440242,0.493011,0.429349,0.560186,0.680543,0.82121,0.866356,0.883285,0.876929,0.689628,0.740331,0.669644,0.371556,0.63542,0.361786,0.416272,0.349451,0.592305,0.506835,0.430721,0.537569,0.380149,0.390749,0.398825,0.349962,0.510272,0.668369,0.574638,0.798739,0.630376,0.578805,0.60645,0.465565,0.519813,0.433423,0.551479,0.69328,0.846744,0.89074,0.889752,0.837122,0.569135,0.587163,0.334624,0.235241,0.640982,0.407391,0.410179,0.254713,0.432149,0.399829,0.531657,0.594722,0.419365,0.391457,0.324446,0.291763,0.532706,0.651692,0.556863,0.399378,0.567459,0.372209,0.436251,0.388451,0.666039,0.608572,0.583139,0.337656,0.626661,0.555333,0.573125,0.566449,0.362139,0.474154,0.640446,0.52639,0.405753,0.559917,0.630233,0.46761,0.468111,0.599832,0.794488,0.896977,0.736841,0.69494,0.810055,0.773422,0.450419,0.372295,0.396114,0.24673,0.629254,0.286914,0.378179,0.223878,0.432287,0.47727,0.438477,0.318844,0.393097,0.423009,0.496096,0.581271,0.544725,0.554163,0.525105,0.747509,0.667151,0.39871,0.456162,0.416732,0.537151,0.441225,0.715624,0.389827,0.556534,0.460548,0.419384,0.464045,0.471942,0.39403,0.641477,0.700924,0.662186,0.386323,0.456404,0.30324,0.383857,0.33654,0.668116,0.374032,0.465228,0.420959,0.293128,0.364212,0.348104,0.318785,0.539662,0.796736,0.75075,0.60152,0.561679,0.504131,0.490816,0.509493,0.514109,0.299293,0.752968,0.709244,0.869094,0.823715,0.898899,0.666081,0.752769,0.572085,0.614213,0.320499,0.326452,0.31069,0.35578,0.349942,0.667081,0.400193,0.603092,0.571932,0.507894,0.368182,0.320095,0.325641,0.482849,0.517442,0.594303,0.501123,0.419165,0.328596,0.282109,0.338896,0.647864,0.430377,0.658024,0.678576,0.637583,0.262373,0.191044,0.28886,0.482261,0.60943,0.609928,0.497201,0.38554,0.362614,0.355657,0.405568,0.7141,0.48371,0.638009,0.633022,0.438925,0.307341,0.203246,0.603725,0.698613,0.772858,0.768246,0.652496,0.607879,0.508334,0.60842,0.526099,0.527392,0.738226,0.703584,0.659574,0.776879,0.83628,,,,,,,,,,,,,,,,,,,,,,,,,,,,,,,,,,,,,,,,,,,,,,,,,,,
10.4GPa_17.0-22.0,0.867169,0.79061,0.616136,0.745242,0.65919,0.698676,0.596996,0.782974,0.818788,0.755787,0.831393,0.826143,0.773278,0.648266,0.866229,0.72028,0.529522,0.739489,0.639006,0.61549,0.592649,0.650972,0.58812,0.625964,0.703144,0.509735,0.448487,0.473801,0.362934,0.685269,0.777359,0.784284,0.863928,0.785328,0.629451,0.776116,0.663108,0.701196,0.603477,0.766102,0.836735,0.789391,0.866668,0.891792,0.875517,0.633495,0.660672,0.407189,0.403476,0.8063,0.649608,0.598176,0.491242,0.563486,0.533451,0.744038,0.749397,0.47459,0.439756,0.385363,0.330388,0.738204,0.804309,0.782139,0.594135,0.751405,0.651545,0.661671,0.668853,0.73633,0.744347,0.62787,0.48638,0.789312,0.759937,0.752248,0.751851,0.350639,0.555804,0.63605,0.735811,0.676983,0.69576,0.577218,0.588754,0.481865,0.548514,0.815082,0.856809,0.823917,0.910234,0.8474,0.572679,0.652184,0.592146,0.55862,0.368023,0.821193,0.55551,0.549219,0.444161,0.504513,0.574122,0.643736,0.474661,0.449847,0.441736,0.578324,0.592862,0.78321,0.765314,0.776255,0.832244,0.867231,0.587578,0.570018,0.620568,0.711699,0.642519,0.858984,0.518968,0.606035,0.507457,0.440047,0.470002,0.625716,0.513006,0.855593,0.788324,0.856531,0.554651,0.585762,0.528729,0.601658,0.570536,0.802696,0.499785,0.60926,0.535499,0.473495,0.500754,0.53305,0.481197,0.631766,0.760456,0.833472,0.629965,0.626413,0.629745,0.646853,0.630265,0.672319,0.392349,0.704092,0.808826,0.823621,0.68114,0.776432,0.740701,0.788738,0.712059,0.823253,0.479435,0.53149,0.535254,0.582785,0.609976,0.786324,0.521533,0.784443,0.662299,0.628126,0.529145,0.531728,0.520107,0.617456,0.671653,0.79446,0.625738,0.630549,0.53002,0.481857,0.611168,0.758765,0.541708,0.787527,0.743731,0.741372,0.288462,0.295843,0.333971,0.667773,0.716198,0.804476,0.621835,0.626907,0.562555,0.547738,0.676116,0.825351,0.627283,0.624686,0.589749,0.442256,0.324696,0.307598,0.679835,0.746345,0.784601,0.857606,0.714014,0.669267,0.598962,0.72433,0.683825,0.759324,0.893347,0.740065,0.685048,0.563746,0.601504,0.842388,,,,,,,,,,,,,,,,,,,,,,,,,,,,,,,,,,,,,,,,,,,,,,,,,,
10.4GPa_18.0-23.0,0.60501,0.525038,0.445902,0.569014,0.349324,0.373681,0.30438,0.47873,0.567964,0.630356,0.727769,0.712599,0.630989,0.518982,0.684741,0.722083,0.404222,0.631357,0.467276,0.499828,0.485092,0.669375,0.577585,0.662094,0.582396,0.407583,0.36242,0.401814,0.31837,0.539507,0.698871,0.617408,0.594492,0.50613,0.446911,0.59112,0.359544,0.385784,0.310102,0.440191,0.582399,0.600856,0.713435,0.681243,0.644063,0.497873,0.478287,0.334187,0.391576,0.663879,0.497338,0.486864,0.439421,0.573418,0.517051,0.684912,0.687055,0.404,0.357866,0.402735,0.327334,0.60526,0.701313,0.623026,0.462274,0.641507,0.463251,0.530964,0.510346,0.723679,0.640261,0.696437,0.524736,0.707094,0.63249,0.640733,0.651899,0.328057,0.490828,0.582944,0.484284,0.307009,0.38435,0.396886,0.443158,0.37753,0.453997,0.67707,0.674424,0.618061,0.636001,0.653868,0.537252,0.356464,0.466978,0.390753,0.380275,0.671688,0.401026,0.485208,0.461926,0.559122,0.593751,0.659133,0.530377,0.474215,0.452793,0.503393,0.50494,0.597763,0.635845,0.598871,0.807251,0.704054,0.472881,0.538672,0.531371,0.56064,0.508928,0.699755,0.545755,0.597876,0.45827,0.488071,0.432306,0.523037,0.463522,0.654502,0.798811,0.704141,0.47088,0.560764,0.533958,0.551578,0.512634,0.712254,0.535501,0.638366,0.547566,0.424237,0.378218,0.395862,0.384134,0.541574,0.603451,0.581489,0.421467,0.400693,0.417809,0.399914,0.404973,0.433654,0.537178,0.653753,0.64731,0.729434,0.64424,0.477083,0.398043,0.478748,0.743125,0.671839,0.451764,0.482193,0.596862,0.604724,0.558994,0.789136,0.587599,0.616482,0.522644,0.449117,0.393467,0.377724,0.411171,0.540866,0.681739,0.655624,0.585686,0.537716,0.615706,0.593213,0.547816,0.801213,0.627159,0.604988,0.601588,0.563856,0.33654,0.291843,0.375707,0.515347,0.743475,0.656504,0.588258,0.517543,0.638552,0.614798,0.575303,0.767914,0.575269,0.406939,0.379629,0.313422,0.353679,0.281815,0.558902,0.624654,0.626746,0.598888,0.513375,0.440658,0.254298,0.353317,0.311998,0.370249,0.61226,0.660489,0.596082,0.593653,0.580557,0.638385,0.700462,,,,,,,,,,,,,,,,,,,,,,,,,,,,,,,,,,,,,,,,,,,,,,,,,
12.8GPa_3.0-8.0,0.767462,0.738382,0.40523,0.694666,0.676275,0.670738,0.648504,0.746774,0.724306,0.575212,0.655971,0.678973,0.671224,0.57817,0.843227,0.65189,0.448076,0.602057,0.652283,0.62391,0.645647,0.605462,0.566369,0.563913,0.587881,0.519553,0.475671,0.495853,0.268843,0.648369,0.754432,0.741562,0.764706,0.725537,0.417703,0.70514,0.680149,0.66684,0.648914,0.725167,0.733125,0.597971,0.709881,0.727964,0.752037,0.561118,0.6415,0.381484,0.345948,0.652574,0.664012,0.618858,0.609908,0.578599,0.577245,0.680236,0.701105,0.436434,0.465482,0.465746,0.332936,0.697956,0.726521,0.716632,0.527494,0.640027,0.617143,0.637611,0.639012,0.660827,0.668387,0.692983,0.468617,0.70608,0.711957,0.699087,0.709466,0.343369,0.59235,0.542886,0.548609,0.465786,0.72414,0.570723,0.730044,0.499293,0.56319,0.680497,0.735721,0.642757,0.790445,0.728029,0.465289,0.447231,0.674486,0.748821,0.315186,0.708018,0.60214,0.580755,0.614041,0.527793,0.607588,0.575264,0.448805,0.440494,0.41584,0.591831,0.445651,0.663839,0.685907,0.682911,0.739017,0.725524,0.614088,0.590037,0.745496,0.717837,0.723419,0.762074,0.522887,0.527869,0.40356,0.472629,0.46247,0.55643,0.432857,0.753366,0.696815,0.722268,0.586541,0.598879,0.680874,0.667504,0.671208,0.703534,0.500427,0.533501,0.460773,0.513877,0.501078,0.515218,0.463697,0.567555,0.639495,0.751813,0.573975,0.631966,0.61402,0.637166,0.618551,0.612266,0.41117,0.65885,0.677148,0.71119,0.560854,0.588369,0.700677,0.628514,0.669409,0.727925,0.556295,0.570952,0.716529,0.692986,0.666445,0.777385,0.574856,0.744276,0.591282,0.492942,0.504116,0.503834,0.466251,0.574137,0.612373,0.717878,0.648109,0.649305,0.748163,0.677973,0.658777,0.793793,0.630956,0.708762,0.673498,0.653508,0.354418,0.353272,0.35757,0.634056,0.712976,0.731312,0.648193,0.655566,0.781341,0.716452,0.701299,0.742165,0.608993,0.597785,0.529551,0.417964,0.378177,0.345935,0.594647,0.632811,0.633946,0.757711,0.687817,0.710414,0.628259,0.713737,0.697406,0.737114,0.791155,0.664108,0.596191,0.452465,0.476888,0.652624,0.801645,0.739357,,,,,,,,,,,,,,,,,,,,,,,,,,,,,,,,,,,,,,,,,,,,,,,,
12.8GPa_4.0-9.0,0.847239,0.849481,0.639149,0.648219,0.670623,0.704819,0.581283,0.833376,0.775892,0.69362,0.713181,0.662414,0.59526,0.453824,0.788676,0.609365,0.582476,0.773546,0.699448,0.636156,0.660609,0.572673,0.50698,0.586968,0.691239,0.380049,0.351965,0.410653,0.265163,0.719193,0.729906,0.772307,0.847992,0.850299,0.655283,0.697973,0.670247,0.70174,0.596424,0.796204,0.790248,0.704647,0.73955,0.771324,0.773328,0.472187,0.549145,0.26247,0.46014,0.846788,0.674312,0.5996,0.556272,0.545002,0.504293,0.758625,0.716391,0.277259,0.267452,0.299703,0.234591,0.729963,0.759541,0.781653,0.589463,0.739952,0.710423,0.684052,0.730813,0.636514,0.664476,0.506389,0.393002,0.727412,0.746409,0.705117,0.702289,0.354,0.587311,0.570354,0.755532,0.804478,0.718769,0.464834,0.677313,0.531843,0.576192,0.791982,0.7731,0.834696,0.88277,0.759176,0.438348,0.744755,0.653,0.639288,0.415125,0.862993,0.628072,0.593352,0.539905,0.469903,0.544294,0.621563,0.420405,0.286299,0.273633,0.44762,0.462219,0.762918,0.727624,0.777839,0.720136,0.844518,0.584907,0.555149,0.656029,0.719627,0.704825,0.841319,0.444349,0.511451,0.43847,0.418754,0.446109,0.582863,0.455712,0.841231,0.668339,0.811241,0.537053,0.575413,0.582132,0.636982,0.64523,0.76555,0.412029,0.523948,0.490478,0.521587,0.562651,0.60688,0.51882,0.491044,0.727477,0.88106,0.658969,0.449873,0.575072,0.631821,0.578934,0.66292,0.343414,0.558096,0.735773,0.617898,0.464789,0.536575,0.680168,0.709083,0.640682,0.806935,0.483657,0.573638,0.576501,0.618551,0.675795,0.711197,0.432185,0.727307,0.58798,0.615247,0.600966,0.624703,0.568991,0.520928,0.615775,0.76773,0.597335,0.657862,0.562823,0.522289,0.682548,0.679143,0.457348,0.713203,0.619414,0.670102,0.299599,0.359707,0.317379,0.637695,0.610629,0.769343,0.58894,0.673124,0.584865,0.572259,0.734921,0.74238,0.54328,0.445076,0.377261,0.38413,0.296528,0.355367,0.615567,0.691045,0.773821,0.894,0.745419,0.525535,0.570825,0.713865,0.694831,0.822433,0.897103,0.671151,0.633827,0.441189,0.427773,0.605873,0.86222,0.568727,0.771644,,,,,,,,,,,,,,,,,,,,,,,,,,,,,,,,,,,,,,,,,,,,,,,
12.8GPa_5.0-10.0,0.549136,0.589898,0.577182,0.782351,0.782342,0.776235,0.756556,0.765068,0.861623,0.410828,0.346038,0.430763,0.590195,0.756681,0.740469,0.728304,0.462957,0.364962,0.825407,0.821676,0.842008,0.81538,0.896747,0.57137,0.66573,0.750715,0.767349,0.795429,0.731083,0.847683,0.845209,0.891995,0.574011,0.603625,0.577108,0.778414,0.782207,0.774096,0.76642,0.778514,0.851769,0.511848,0.439851,0.568219,0.725255,0.935861,0.755187,0.695196,0.382059,0.444573,0.856674,0.84194,0.806661,0.81853,0.879421,0.70612,0.815269,0.73061,0.735076,0.719099,0.777452,0.897912,0.862527,0.884693,0.856989,0.757163,0.783308,0.786618,0.800047,0.822414,0.884876,0.689631,0.871201,0.837701,0.883805,0.887222,0.890728,0.313851,0.519101,0.338473,0.43733,0.500563,0.69439,0.576184,0.624149,0.493854,0.564727,0.432217,0.482945,0.294784,0.629631,0.462578,0.297499,0.545219,0.664696,0.636682,0.205823,0.528887,0.789416,0.759933,0.744089,0.777768,0.793811,0.529357,0.763944,0.672329,0.649398,0.740473,0.718841,0.832057,0.859114,0.842571,0.666016,0.73817,0.884195,0.825234,0.825048,0.836087,0.82381,0.736585,0.884417,0.752103,0.679658,0.777238,0.755816,0.735656,0.746397,0.858085,0.643923,0.764509,0.901083,0.831826,0.808707,0.839399,0.820874,0.74545,0.890082,0.613006,0.695045,0.801336,0.755492,0.784289,0.816266,0.935886,0.320832,0.44088,0.478092,0.840373,0.930402,0.919772,0.921932,0.905187,0.751749,0.632731,0.729893,0.625443,0.525036,0.483586,0.68733,0.745301,0.635574,0.845117,0.849138,0.805714,0.792491,0.83323,0.848248,0.734805,0.867052,0.893612,0.788494,0.782808,0.744571,0.769002,0.801757,0.963258,0.655326,0.876091,0.853447,0.869645,0.737504,0.714503,0.842933,0.7151,0.834432,0.898334,0.875377,0.86553,0.734002,0.760388,0.786126,0.947315,0.519892,0.883733,0.860043,0.880961,0.743341,0.763586,0.873074,0.776211,0.94229,0.73561,0.687724,0.774628,0.753856,0.763535,0.730801,0.640997,0.309735,0.446686,0.506672,0.707274,0.672908,0.68186,0.695329,0.688334,0.663179,0.39799,0.579888,0.398811,0.295103,0.382245,0.555898,0.476855,0.591359,0.511658,,,,,,,,,,,,,,,,,,,,,,,,,,,,,,,,,,,,,,,,,,,,,,
12.8GPa_6.0-11.0,0.848818,0.865341,0.796885,0.838855,0.783385,0.825737,0.709406,0.831664,0.966404,0.692557,0.619408,0.648509,0.734445,0.695243,0.827863,0.784429,0.570643,0.671,0.844018,0.814927,0.822854,0.829643,0.803601,0.651308,0.763416,0.642636,0.588571,0.637456,0.564408,0.857004,0.889207,0.91884,0.864294,0.872996,0.803592,0.86413,0.790664,0.836328,0.72921,0.823232,0.972224,0.739321,0.670011,0.777934,0.909695,0.82847,0.753127,0.567228,0.433405,0.739864,0.859095,0.819637,0.757991,0.820589,0.804458,0.803626,0.876318,0.610457,0.564917,0.571598,0.576365,0.910917,0.92646,0.924489,0.79925,0.864181,0.825995,0.831003,0.842397,0.877501,0.909292,0.732194,0.705052,0.912594,0.894857,0.898794,0.899623,0.534698,0.738826,0.66844,0.726638,0.718872,0.815594,0.713732,0.804979,0.736947,0.767833,0.73203,0.75756,0.687297,0.862747,0.707282,0.534119,0.816521,0.816801,0.724902,0.308336,0.772599,0.804214,0.766542,0.701766,0.737315,0.779111,0.649146,0.655061,0.508307,0.487022,0.658875,0.698628,0.896145,0.904565,0.896084,0.802262,0.869517,0.854436,0.808556,0.845218,0.91372,0.873162,0.933473,0.752665,0.745997,0.659813,0.672616,0.646436,0.73209,0.688645,0.955705,0.748347,0.862523,0.838645,0.832668,0.792608,0.857455,0.834564,0.909146,0.740388,0.723112,0.744558,0.720132,0.650145,0.69842,0.682998,0.825457,0.70015,0.783984,0.734686,0.777724,0.869127,0.863213,0.854667,0.871868,0.596764,0.699259,0.916732,0.792876,0.694491,0.590479,0.738448,0.881442,0.709553,0.905521,0.78017,0.825223,0.772782,0.832435,0.862979,0.851308,0.723146,0.88763,0.779887,0.784489,0.663903,0.693372,0.706746,0.855832,0.703098,0.907336,0.849571,0.886172,0.712525,0.694439,0.858616,0.813213,0.718611,0.908423,0.879617,0.882082,0.567051,0.617436,0.623535,0.910892,0.624232,0.91704,0.849256,0.894416,0.731841,0.758502,0.902033,0.906922,0.837603,0.649883,0.600827,0.648148,0.599132,0.64089,0.777385,0.787668,0.70797,0.790905,0.78108,0.744607,0.649715,0.749914,0.738255,0.780404,0.916031,0.660161,0.781891,0.603972,0.539374,0.605479,0.794492,0.606109,0.724549,0.788475,0.8635,,,,,,,,,,,,,,,,,,,,,,,,,,,,,,,,,,,,,,,,,,,,,
12.8GPa_7.0-12.0,0.756724,0.81172,0.655429,0.825263,0.902634,0.909506,0.860828,0.890242,0.929442,0.513647,0.407839,0.469246,0.619577,0.676401,0.810723,0.718412,0.553721,0.536612,0.870129,0.842677,0.884585,0.782115,0.813813,0.57194,0.697641,0.665952,0.691074,0.717133,0.601428,0.839141,0.845765,0.906366,0.778904,0.824203,0.663346,0.838901,0.906957,0.908939,0.876408,0.906936,0.924483,0.604469,0.501362,0.628259,0.795865,0.809523,0.786051,0.562116,0.416542,0.603869,0.896512,0.863683,0.859111,0.824821,0.856267,0.756576,0.829027,0.602111,0.605462,0.559785,0.574365,0.885013,0.857674,0.896479,0.780937,0.754765,0.816943,0.789039,0.816669,0.793555,0.860501,0.630205,0.703167,0.819891,0.886074,0.872255,0.875043,0.469369,0.723834,0.47232,0.542222,0.63371,0.890214,0.70652,0.816997,0.653253,0.688581,0.563764,0.622875,0.480014,0.759522,0.57269,0.381719,0.683498,0.810559,0.806559,0.276012,0.677247,0.872375,0.825667,0.819248,0.783521,0.83318,0.556233,0.644193,0.55947,0.541555,0.672768,0.644048,0.83758,0.852539,0.856273,0.689335,0.78636,0.912431,0.864706,0.92266,0.936425,0.943012,0.829356,0.753505,0.697654,0.625231,0.691303,0.690639,0.695628,0.650666,0.903,0.644251,0.789593,0.893645,0.864985,0.874917,0.90323,0.906419,0.788483,0.736812,0.541836,0.635643,0.766154,0.729502,0.747669,0.729598,0.797644,0.536972,0.696056,0.677677,0.801394,0.90354,0.922435,0.901849,0.894714,0.564661,0.61289,0.765857,0.632581,0.534919,0.538295,0.820725,0.828785,0.644116,0.86519,0.844223,0.848382,0.839224,0.87273,0.905782,0.748163,0.728025,0.882714,0.748693,0.750092,0.736786,0.764322,0.741877,0.838851,0.65258,0.879433,0.862053,0.909581,0.782065,0.750496,0.904648,0.724348,0.71965,0.90031,0.858728,0.85885,0.592178,0.635599,0.602743,0.892411,0.552744,0.888066,0.861072,0.928465,0.79272,0.801447,0.932256,0.784799,0.829971,0.722527,0.647798,0.674006,0.607025,0.636263,0.73104,0.686416,0.511674,0.693561,0.727956,0.768329,0.817826,0.86186,0.869705,0.879125,0.848302,0.51895,0.668978,0.455821,0.376502,0.470754,0.689937,0.477991,0.714778,0.737956,0.902604,0.925324,,,,,,,,,,,,,,,,,,,,,,,,,,,,,,,,,,,,,,,,,,,,
12.8GPa_8.0-13.0,0.782307,0.791873,0.69059,0.838572,0.881469,0.899549,0.851731,0.858305,0.95028,0.58287,0.479409,0.549302,0.712762,0.759632,0.836582,0.777431,0.566785,0.563891,0.852212,0.85176,0.867481,0.842118,0.867995,0.595733,0.735283,0.71817,0.739643,0.751623,0.649999,0.854266,0.889794,0.91934,0.80287,0.797839,0.696374,0.848696,0.891548,0.908096,0.866525,0.878858,0.94646,0.680155,0.575617,0.693301,0.850519,0.872566,0.824791,0.612,0.428189,0.622653,0.893775,0.879634,0.838976,0.860725,0.88829,0.770824,0.868653,0.67414,0.657182,0.578902,0.608089,0.891911,0.888399,0.903677,0.800948,0.780939,0.790074,0.79098,0.795876,0.861404,0.910513,0.695837,0.750028,0.864414,0.905586,0.904402,0.905983,0.50985,0.734741,0.542831,0.561899,0.601022,0.876115,0.776322,0.792389,0.676115,0.726944,0.606716,0.692119,0.504673,0.764408,0.625938,0.469983,0.667077,0.77923,0.773384,0.284985,0.685699,0.844799,0.835156,0.794095,0.827953,0.866403,0.573993,0.691602,0.620882,0.607798,0.70153,0.683786,0.842153,0.864402,0.850737,0.759014,0.814446,0.924497,0.900855,0.914461,0.951791,0.934641,0.858981,0.804897,0.773709,0.681805,0.714617,0.729231,0.724646,0.691882,0.915983,0.712945,0.822278,0.915157,0.898806,0.860357,0.905651,0.893158,0.830148,0.788254,0.605393,0.663895,0.722389,0.71913,0.732072,0.729744,0.857362,0.582394,0.697918,0.67366,0.850078,0.93302,0.936736,0.931679,0.910616,0.612003,0.694103,0.794972,0.704766,0.628475,0.634376,0.842153,0.883824,0.680491,0.885164,0.860828,0.854561,0.825413,0.870071,0.893289,0.793052,0.772726,0.911226,0.810603,0.798484,0.720285,0.734108,0.733039,0.884975,0.684452,0.901677,0.901251,0.91766,0.766565,0.733981,0.887709,0.766146,0.760616,0.941236,0.922084,0.91058,0.617964,0.630622,0.642676,0.910337,0.588293,0.912494,0.902532,0.923823,0.778186,0.790659,0.918605,0.837925,0.874465,0.7937,0.720335,0.729363,0.639487,0.635618,0.779872,0.747397,0.549279,0.700123,0.717362,0.795701,0.816924,0.8575,0.849093,0.835694,0.85172,0.582428,0.728227,0.551712,0.468188,0.571013,0.717354,0.530163,0.712412,0.696843,0.917189,0.935991,0.979278,,,,,,,,,,,,,,,,,,,,,,,,,,,,,,,,,,,,,,,,,,,
12.8GPa_9.0-14.0,0.803107,0.800518,0.706461,0.847808,0.861565,0.882993,0.834362,0.856163,0.961113,0.604939,0.521181,0.585748,0.74221,0.778136,0.860647,0.801468,0.569329,0.584166,0.841046,0.846309,0.849131,0.846797,0.868699,0.601973,0.735886,0.705332,0.735551,0.741239,0.674866,0.842363,0.898554,0.921722,0.821799,0.80417,0.711818,0.86021,0.874234,0.894416,0.849464,0.879228,0.957233,0.699542,0.612344,0.721287,0.871541,0.883155,0.836827,0.648833,0.430459,0.640146,0.878124,0.86428,0.790895,0.826863,0.854042,0.775145,0.878808,0.678834,0.670608,0.578642,0.625129,0.888408,0.900201,0.908012,0.806389,0.798413,0.794683,0.804593,0.800312,0.880643,0.919602,0.714878,0.74807,0.876947,0.908794,0.91083,0.912925,0.512082,0.728894,0.570747,0.571937,0.58644,0.867865,0.783468,0.783973,0.675374,0.730054,0.639128,0.724864,0.534699,0.777777,0.650967,0.516402,0.658854,0.766999,0.759687,0.291845,0.698951,0.802121,0.803195,0.739757,0.807198,0.844897,0.580043,0.690156,0.62823,0.622561,0.70496,0.720797,0.848805,0.877944,0.860459,0.788416,0.827366,0.887701,0.874475,0.87227,0.921016,0.900328,0.876331,0.810033,0.797888,0.695166,0.73002,0.753663,0.729267,0.701542,0.921072,0.740138,0.83513,0.878673,0.869826,0.807148,0.859462,0.849036,0.848702,0.794737,0.615735,0.668501,0.726516,0.726361,0.731049,0.731164,0.865325,0.616776,0.712525,0.692312,0.866797,0.930462,0.928552,0.927581,0.912059,0.620593,0.718692,0.819855,0.75254,0.677348,0.673049,0.847439,0.897999,0.701674,0.892032,0.810537,0.80107,0.77975,0.826841,0.85175,0.812412,0.777854,0.916716,0.821111,0.794326,0.726905,0.733907,0.733827,0.890981,0.700737,0.907428,0.872475,0.879287,0.732143,0.694925,0.844673,0.784343,0.766107,0.957739,0.945727,0.916193,0.637354,0.643087,0.65501,0.916113,0.621361,0.918631,0.872031,0.881577,0.74922,0.759569,0.88467,0.858326,0.880369,0.817178,0.749069,0.726374,0.661449,0.64837,0.803063,0.769817,0.580574,0.715416,0.733435,0.809674,0.805424,0.850451,0.836243,0.825059,0.863407,0.606882,0.747752,0.592761,0.523118,0.632201,0.750498,0.551448,0.731264,0.698304,0.902717,0.93284,0.960795,0.990621,,,,,,,,,,,,,,,,,,,,,,,,,,,,,,,,,,,,,,,,,,
12.8GPa_10.0-15.0,0.839231,0.887234,0.80136,0.669993,0.565489,0.610961,0.481839,0.756875,0.788229,0.789248,0.680044,0.678398,0.665044,0.457257,0.718633,0.703144,0.403247,0.682409,0.610376,0.538835,0.571591,0.579667,0.491434,0.495357,0.540101,0.336334,0.296108,0.393095,0.284841,0.58413,0.685875,0.694346,0.8386,0.887377,0.803237,0.737299,0.585154,0.625156,0.50741,0.717927,0.789668,0.754965,0.657252,0.739831,0.796771,0.500003,0.523641,0.253304,0.276338,0.722657,0.604805,0.522789,0.476548,0.504868,0.469263,0.642837,0.663955,0.295507,0.237921,0.384801,0.314494,0.661225,0.716466,0.699552,0.49662,0.676674,0.641176,0.605729,0.639586,0.656426,0.628931,0.601529,0.387727,0.70317,0.661022,0.650069,0.637556,0.417153,0.692578,0.583668,0.569303,0.644627,0.717559,0.475528,0.710401,0.620569,0.722849,0.809002,0.767141,0.73733,0.707285,0.645614,0.673659,0.728162,0.597649,0.584403,0.289521,0.727213,0.533853,0.457818,0.429222,0.465538,0.530252,0.565536,0.344669,0.257343,0.244268,0.521834,0.617137,0.652933,0.657315,0.683873,0.672918,0.698987,0.535934,0.488524,0.576631,0.662661,0.654494,0.86111,0.460897,0.535481,0.43049,0.497071,0.473409,0.439709,0.383951,0.754944,0.625127,0.671183,0.504053,0.518296,0.50613,0.570262,0.586374,0.816725,0.472039,0.569026,0.575239,0.628146,0.507392,0.5355,0.472558,0.478698,0.790123,0.862576,0.88041,0.417134,0.548576,0.564689,0.532341,0.600338,0.406502,0.560131,0.75152,0.748214,0.696331,0.460023,0.578511,0.700495,0.573837,0.693647,0.467478,0.501925,0.499035,0.562186,0.606208,0.678022,0.40589,0.669063,0.509514,0.48662,0.523272,0.547778,0.523188,0.527337,0.551019,0.678727,0.586763,0.590507,0.467467,0.507356,0.602834,0.638077,0.417939,0.679308,0.64382,0.604778,0.320817,0.402375,0.374074,0.613672,0.546023,0.687194,0.582895,0.603032,0.507676,0.58448,0.65403,0.725441,0.508757,0.428303,0.394254,0.322767,0.322618,0.404976,0.54711,0.571023,0.813224,0.857572,0.900699,0.494053,0.460973,0.613444,0.583988,0.677317,0.854961,0.506705,0.578466,0.650697,0.688,0.615883,0.744518,0.604958,0.67097,0.791376,0.530305,0.779601,0.688746,0.668884,0.687514,,,,,,,,,,,,,,,,,,,,,,,,,,,,,,,,,,,,,,,,,
12.8GPa_11.0-16.0,0.803737,0.861524,0.682989,0.718029,0.70808,0.708414,0.664171,0.797625,0.823426,0.713267,0.590687,0.634883,0.706046,0.538666,0.797276,0.717702,0.46281,0.630839,0.687646,0.627909,0.670158,0.64968,0.600837,0.525725,0.597292,0.463763,0.432807,0.489366,0.320734,0.660584,0.753992,0.754573,0.803013,0.854607,0.680861,0.754239,0.722231,0.711212,0.676381,0.782548,0.825276,0.710278,0.612888,0.716786,0.804839,0.585493,0.666509,0.443308,0.32742,0.661039,0.698589,0.626983,0.609503,0.589738,0.598172,0.666105,0.725622,0.401206,0.391972,0.465391,0.378629,0.729996,0.745736,0.735763,0.569685,0.66853,0.673562,0.64364,0.669779,0.701125,0.705633,0.611066,0.490939,0.733732,0.728514,0.723299,0.715791,0.345074,0.685041,0.478694,0.409485,0.55846,0.811358,0.563679,0.762963,0.580951,0.715038,0.687991,0.724024,0.574706,0.667609,0.662318,0.675298,0.642103,0.659129,0.717801,0.340565,0.704284,0.630597,0.537805,0.573426,0.556119,0.645411,0.560136,0.439959,0.374967,0.363263,0.598325,0.616336,0.67497,0.688727,0.70281,0.677634,0.698881,0.649698,0.571001,0.707913,0.722866,0.751528,0.832337,0.557844,0.542941,0.483282,0.534583,0.493631,0.437052,0.35616,0.760282,0.648382,0.694331,0.621684,0.588194,0.643839,0.659972,0.691598,0.793099,0.552557,0.510477,0.589708,0.645048,0.514837,0.536236,0.486967,0.570755,0.690188,0.796965,0.840428,0.601495,0.652769,0.65965,0.640187,0.639581,0.437032,0.56094,0.734424,0.78024,0.738215,0.536877,0.711016,0.754511,0.610771,0.731712,0.587446,0.566733,0.652477,0.679033,0.689574,0.726916,0.536034,0.756078,0.582394,0.556786,0.525584,0.551561,0.521289,0.600294,0.60441,0.733608,0.681377,0.667766,0.641873,0.66849,0.682965,0.726927,0.580534,0.74618,0.730182,0.72473,0.343069,0.391173,0.366734,0.653071,0.574363,0.744811,0.678669,0.678647,0.67986,0.740208,0.725846,0.750528,0.615087,0.613669,0.575156,0.500173,0.360275,0.388977,0.514316,0.528437,0.675364,0.784921,0.872354,0.689774,0.649448,0.744543,0.72644,0.753609,0.837663,0.421542,0.495733,0.624552,0.679823,0.645723,0.74138,0.580333,0.754558,0.725929,0.638176,0.783326,0.758613,0.751248,0.766115,0.877318,,,,,,,,,,,,,,,,,,,,,,,,,,,,,,,,,,,,,,,,
12.8GPa_12.0-17.0,0.84541,0.778998,0.647686,0.735523,0.740384,0.778697,0.710642,0.870521,0.848488,0.77253,0.768257,0.804948,0.835679,0.764371,0.914951,0.748312,0.471722,0.635585,0.68213,0.670263,0.649937,0.706764,0.661545,0.61961,0.734796,0.612472,0.606672,0.635805,0.433277,0.794919,0.844322,0.841149,0.847937,0.774996,0.661888,0.765931,0.742033,0.780408,0.711795,0.852582,0.858023,0.853228,0.836372,0.906045,0.922247,0.739606,0.756626,0.419475,0.345687,0.704838,0.702771,0.662227,0.557141,0.640101,0.61613,0.749716,0.769559,0.525389,0.521143,0.537243,0.451141,0.790984,0.828699,0.80534,0.634045,0.742682,0.677937,0.686457,0.686722,0.764846,0.771056,0.697335,0.581428,0.802919,0.805782,0.802659,0.787081,0.388728,0.586842,0.567544,0.686548,0.718197,0.76044,0.656297,0.617973,0.518585,0.598177,0.73684,0.8368,0.723908,0.861832,0.750256,0.553557,0.631389,0.580303,0.573348,0.264435,0.724187,0.59193,0.612829,0.514462,0.609508,0.656172,0.64787,0.548614,0.535226,0.529005,0.682712,0.65239,0.778037,0.762712,0.769655,0.806486,0.847475,0.665957,0.659466,0.689823,0.784141,0.714356,0.848198,0.624842,0.644023,0.595253,0.556828,0.572601,0.64255,0.540131,0.867335,0.76133,0.850816,0.644596,0.665488,0.598821,0.681174,0.647157,0.80834,0.607563,0.589656,0.582229,0.556624,0.609273,0.648107,0.587658,0.699633,0.707516,0.797697,0.639744,0.649191,0.71649,0.738067,0.720959,0.731902,0.487709,0.731082,0.79083,0.767522,0.676771,0.832195,0.862486,0.839253,0.662363,0.839862,0.578757,0.607167,0.58472,0.647324,0.679054,0.768193,0.603509,0.881603,0.807491,0.757558,0.614419,0.621679,0.595896,0.690242,0.634039,0.82671,0.708,0.703174,0.55383,0.51317,0.676014,0.73219,0.598626,0.852751,0.814749,0.825427,0.370262,0.383714,0.440355,0.715268,0.647483,0.844745,0.712686,0.702024,0.582061,0.585746,0.738044,0.823904,0.694529,0.776925,0.734219,0.586301,0.395868,0.382141,0.69908,0.746251,0.708978,0.821338,0.692982,0.630465,0.726665,0.82577,0.781582,0.8233,0.876459,0.695091,0.710413,0.568841,0.597478,0.805128,0.895984,0.622311,0.797157,0.806578,0.665572,0.808188,0.754688,0.794693,0.811268,0.734094,0.784424,,,,,,,,,,,,,,,,,,,,,,,,,,,,,,,,,,,,,,,
12.8GPa_13.0-18.0,0.828612,0.745492,0.664785,0.715639,0.694185,0.744057,0.668529,0.829998,0.826028,0.787121,0.779372,0.821917,0.857913,0.783019,0.892567,0.74713,0.459335,0.634935,0.643346,0.644439,0.609023,0.710575,0.655449,0.614764,0.729518,0.609394,0.613354,0.636779,0.450516,0.770992,0.82926,0.815092,0.830532,0.74172,0.677608,0.746889,0.697517,0.749704,0.669301,0.813281,0.835977,0.870187,0.840634,0.910721,0.922995,0.74089,0.751793,0.412735,0.339719,0.695597,0.669046,0.638047,0.507588,0.626771,0.5918,0.731861,0.754355,0.542105,0.535561,0.551766,0.466281,0.769288,0.818928,0.778759,0.618418,0.736256,0.642813,0.660258,0.651074,0.769805,0.759826,0.70728,0.577929,0.793612,0.782139,0.787815,0.768818,0.406154,0.573488,0.575941,0.679093,0.690631,0.718093,0.658993,0.566103,0.508777,0.584996,0.727717,0.835691,0.719637,0.837131,0.726909,0.582613,0.615599,0.534281,0.509261,0.261464,0.703695,0.546059,0.588934,0.460019,0.602885,0.638453,0.642887,0.545869,0.550521,0.550411,0.692889,0.685144,0.759485,0.747405,0.744974,0.803769,0.82831,0.632912,0.645704,0.634136,0.7514,0.662341,0.826871,0.612434,0.658425,0.61667,0.571048,0.579685,0.624937,0.535007,0.842794,0.759099,0.8322,0.61464,0.651013,0.542568,0.639744,0.593837,0.798089,0.59885,0.595212,0.595617,0.540868,0.584967,0.619681,0.565086,0.693427,0.714863,0.773844,0.635394,0.628274,0.688789,0.702489,0.691943,0.701616,0.496165,0.74528,0.785719,0.779177,0.715108,0.861043,0.843195,0.834912,0.651054,0.816521,0.543687,0.577035,0.526744,0.599968,0.631857,0.747489,0.58255,0.861659,0.818794,0.756663,0.586072,0.58799,0.571162,0.678409,0.624088,0.805469,0.683771,0.671516,0.492368,0.45829,0.629048,0.708352,0.573366,0.837944,0.814779,0.811802,0.359988,0.367931,0.43934,0.689656,0.636651,0.823851,0.687763,0.663536,0.520939,0.534651,0.692733,0.818336,0.678587,0.778706,0.758385,0.575426,0.385148,0.366345,0.691097,0.741712,0.712833,0.799912,0.673126,0.590868,0.688218,0.78911,0.735903,0.771504,0.849229,0.693587,0.723207,0.606166,0.640192,0.833319,0.882176,0.618711,0.74962,0.760839,0.637396,0.782522,0.710041,0.764263,0.787298,0.717701,0.750875,0.991736,,,,,,,,,,,,,,,,,,,,,,,,,,,,,,,,,,,,,,
12.8GPa_14.0-19.0,0.658744,0.628727,0.602043,0.574829,0.576267,0.632703,0.532554,0.617822,0.75789,0.495468,0.519054,0.519205,0.612053,0.621182,0.689784,0.543777,0.422595,0.505998,0.617905,0.630541,0.597943,0.70608,0.665969,0.581783,0.635712,0.564887,0.489916,0.470522,0.47126,0.705473,0.69834,0.732135,0.670924,0.635542,0.615647,0.585367,0.576801,0.644075,0.541358,0.622859,0.777208,0.545121,0.572932,0.653215,0.750871,0.73191,0.581645,0.705879,0.331875,0.568207,0.629869,0.623498,0.504867,0.640759,0.593487,0.652916,0.711366,0.591543,0.590891,0.441688,0.511863,0.729778,0.750351,0.729402,0.671571,0.704472,0.619737,0.65553,0.644801,0.747438,0.745703,0.571198,0.588836,0.740997,0.714977,0.735728,0.737519,0.45704,0.497647,0.543862,0.664111,0.615995,0.574552,0.622184,0.55512,0.558509,0.535127,0.552361,0.619368,0.581865,0.699218,0.614311,0.467735,0.671725,0.587711,0.497247,0.204996,0.578857,0.522883,0.561681,0.454357,0.600203,0.617355,0.571378,0.576992,0.51432,0.512118,0.466647,0.629963,0.766329,0.738133,0.725786,0.663857,0.73243,0.589949,0.628497,0.588417,0.669767,0.61231,0.713465,0.645449,0.647094,0.547862,0.543241,0.537038,0.624819,0.564187,0.763936,0.608831,0.734173,0.583485,0.648421,0.533506,0.605434,0.585242,0.708283,0.618281,0.585235,0.554918,0.50661,0.493998,0.53461,0.526917,0.691896,0.563559,0.57041,0.545677,0.735693,0.675613,0.651046,0.659052,0.668929,0.488762,0.508803,0.760017,0.700647,0.640535,0.598941,0.606755,0.728716,0.540807,0.740593,0.51754,0.596071,0.523957,0.579595,0.609014,0.697199,0.625265,0.743647,0.684929,0.697804,0.500067,0.517699,0.536907,0.702277,0.552593,0.735826,0.614952,0.648502,0.488659,0.445525,0.597284,0.673536,0.620399,0.760645,0.759775,0.772923,0.443874,0.464736,0.506562,0.714891,0.484354,0.746491,0.619155,0.642615,0.504387,0.510158,0.648126,0.760578,0.707208,0.633562,0.613312,0.616713,0.479843,0.481996,0.568958,0.630041,0.558679,0.587966,0.565245,0.675675,0.490265,0.568625,0.545019,0.574721,0.691395,0.520468,0.581457,0.486524,0.491665,0.624135,0.70788,0.414056,0.563665,0.58726,0.671472,0.766131,0.669795,0.71511,0.753145,0.493978,0.599928,0.710899,0.706162,,,,,,,,,,,,,,,,,,,,,,,,,,,,,,,,,,,,,
12.8GPa_15.0-20.0,0.922495,0.885261,0.830584,0.616545,0.498211,0.591848,0.401705,0.661898,0.772957,0.865815,0.808913,0.769492,0.728581,0.469689,0.683,0.620959,0.388756,0.746074,0.526424,0.483688,0.46494,0.575681,0.436029,0.520771,0.610845,0.321582,0.229708,0.283543,0.210903,0.573668,0.659333,0.651671,0.920872,0.882889,0.844097,0.680399,0.515837,0.618032,0.426504,0.625528,0.793399,0.839816,0.78704,0.837706,0.865677,0.497521,0.474462,0.23122,0.244166,0.792912,0.526332,0.470366,0.363999,0.504289,0.400731,0.627607,0.64961,0.322091,0.241704,0.282751,0.222261,0.616968,0.707858,0.662089,0.454675,0.684837,0.55934,0.568389,0.575971,0.669895,0.622126,0.55698,0.310993,0.704132,0.614029,0.618193,0.60758,0.558211,0.682944,0.78932,0.816053,0.758423,0.659489,0.596128,0.664383,0.707291,0.730487,0.894214,0.881296,0.932124,0.821096,0.766236,0.712021,0.839855,0.608963,0.485633,0.24794,0.750806,0.44812,0.441813,0.31795,0.432321,0.476268,0.578679,0.308469,0.244087,0.243792,0.403688,0.538661,0.660064,0.640088,0.654827,0.726812,0.75137,0.472182,0.485767,0.51614,0.660206,0.585384,0.872001,0.386311,0.563322,0.483881,0.383273,0.3796,0.453427,0.374317,0.764375,0.655042,0.712239,0.439214,0.524244,0.423164,0.524712,0.501778,0.806697,0.365985,0.651485,0.592871,0.409828,0.375568,0.421615,0.35838,0.468171,0.922673,0.922762,0.83015,0.435156,0.508173,0.511952,0.49367,0.56075,0.288424,0.57773,0.818462,0.785001,0.737692,0.605796,0.584689,0.77163,0.562318,0.686539,0.389349,0.504728,0.409475,0.486245,0.52922,0.686746,0.336933,0.632802,0.572418,0.567922,0.399814,0.41722,0.409839,0.477825,0.523183,0.651485,0.542775,0.5603,0.373186,0.379082,0.524077,0.642105,0.362648,0.66337,0.647548,0.648902,0.212196,0.267995,0.292237,0.561831,0.549714,0.663003,0.542581,0.558256,0.4117,0.460662,0.585937,0.762713,0.460637,0.42546,0.413303,0.334781,0.223282,0.292874,0.536578,0.659979,0.955929,0.934894,0.853618,0.493897,0.395984,0.579423,0.525074,0.6216,0.896721,0.696909,0.705665,0.699233,0.737022,0.757156,0.844405,0.589547,0.632598,0.825155,0.435494,0.796742,0.609502,0.633764,0.658736,0.866984,0.739585,0.785931,0.788831,0.661413,,,,,,,,,,,,,,,,,,,,,,,,,,,,,,,,,,,,
12.8GPa_16.0-21.0,0.967888,0.943528,0.770017,0.722755,0.689393,0.754758,0.606368,0.820635,0.861736,0.816455,0.780577,0.749468,0.731526,0.540175,0.796281,0.662797,0.445785,0.727341,0.641155,0.593396,0.594189,0.613909,0.520345,0.539509,0.670022,0.402177,0.357888,0.409324,0.28145,0.685519,0.74782,0.755606,0.969898,0.943484,0.788142,0.777212,0.699694,0.767444,0.625545,0.796564,0.876225,0.836934,0.803705,0.857916,0.89912,0.577239,0.600668,0.285211,0.282176,0.794909,0.647726,0.585654,0.510167,0.575267,0.511723,0.691627,0.714954,0.349646,0.308516,0.338336,0.263614,0.713614,0.775312,0.755383,0.530809,0.711288,0.65334,0.640984,0.661377,0.695929,0.694439,0.577244,0.379533,0.74428,0.716263,0.703282,0.69633,0.516665,0.705485,0.735147,0.805461,0.803774,0.804309,0.660595,0.753113,0.689221,0.715581,0.875274,0.89214,0.899573,0.905618,0.791999,0.613142,0.821453,0.715889,0.632607,0.252732,0.787725,0.583071,0.568105,0.473068,0.50839,0.573666,0.586124,0.367265,0.305303,0.301892,0.493561,0.556606,0.742549,0.723926,0.743865,0.762049,0.823848,0.603974,0.597725,0.674252,0.778179,0.726859,0.907448,0.457479,0.566626,0.498686,0.437774,0.448843,0.564269,0.46494,0.855233,0.689228,0.791443,0.564922,0.620367,0.569169,0.646951,0.634994,0.819133,0.432479,0.585936,0.571649,0.506137,0.501873,0.54304,0.469959,0.551741,0.879001,0.958469,0.800832,0.555818,0.640963,0.665566,0.63573,0.687974,0.30836,0.617033,0.843946,0.768036,0.664296,0.677165,0.754773,0.837372,0.615377,0.779091,0.508687,0.597875,0.54628,0.602662,0.649828,0.729135,0.42952,0.746986,0.646539,0.638671,0.525952,0.545725,0.510445,0.564686,0.57477,0.746249,0.634163,0.664578,0.515373,0.486637,0.647893,0.687682,0.449469,0.766666,0.720227,0.73262,0.281263,0.32901,0.330039,0.65991,0.607894,0.759785,0.635268,0.674066,0.549141,0.56082,0.709508,0.786177,0.553004,0.559945,0.509749,0.426566,0.307038,0.345268,0.651876,0.737333,0.89761,0.969879,0.860846,0.615734,0.615149,0.766732,0.729616,0.815945,0.974891,0.744834,0.74934,0.62142,0.640453,0.754515,0.903236,0.606827,0.764438,0.919962,0.558999,0.861206,0.764367,0.764978,0.77989,0.868843,0.797317,0.876392,0.85598,0.676138,0.948557,,,,,,,,,,,,,,,,,,,,,,,,,,,,,,,,,,,
12.8GPa_17.0-22.0,0.991263,0.937404,0.773571,0.70724,0.668321,0.734401,0.601218,0.784011,0.854425,0.869852,0.821699,0.801883,0.806738,0.58887,0.805578,0.691057,0.43757,0.742366,0.618155,0.594704,0.584147,0.645616,0.538672,0.544359,0.678885,0.408742,0.381304,0.423891,0.293003,0.676367,0.772004,0.743976,0.989718,0.928204,0.789309,0.757865,0.688112,0.75673,0.621017,0.763777,0.869701,0.88057,0.844308,0.887523,0.925529,0.58857,0.619963,0.298386,0.269589,0.788715,0.636183,0.591698,0.506536,0.593561,0.527443,0.688914,0.732452,0.367685,0.33332,0.335066,0.263026,0.699185,0.778348,0.739599,0.516862,0.707051,0.617969,0.632637,0.630297,0.726792,0.701442,0.610952,0.382128,0.751028,0.707245,0.700914,0.694824,0.572847,0.748147,0.786167,0.771312,0.72339,0.80495,0.725106,0.783424,0.740589,0.790906,0.906212,0.945392,0.90453,0.882345,0.842219,0.711432,0.773585,0.702499,0.658621,0.255957,0.779261,0.564811,0.576151,0.475169,0.539222,0.600181,0.587578,0.37835,0.336861,0.343475,0.4945,0.557524,0.71466,0.708826,0.710103,0.782279,0.799574,0.600676,0.619245,0.677739,0.784237,0.730807,0.915626,0.471425,0.603372,0.52351,0.469977,0.485065,0.576217,0.476536,0.832613,0.709735,0.771109,0.565222,0.637354,0.566472,0.644933,0.630242,0.832619,0.441673,0.599398,0.573755,0.480932,0.494327,0.515917,0.448763,0.56109,0.928616,0.976538,0.811959,0.574488,0.636155,0.652656,0.633654,0.669995,0.319202,0.685389,0.838969,0.806886,0.728432,0.717619,0.750707,0.845723,0.624313,0.762075,0.515507,0.592989,0.544283,0.597691,0.631931,0.758544,0.445241,0.733537,0.644851,0.624664,0.512431,0.51164,0.482136,0.565534,0.579046,0.734909,0.65725,0.661559,0.519508,0.483368,0.624666,0.716545,0.466674,0.767023,0.738147,0.73889,0.308305,0.322468,0.342907,0.648526,0.62218,0.749864,0.655655,0.658775,0.553587,0.558402,0.685734,0.809269,0.555483,0.581729,0.523048,0.448941,0.335615,0.336495,0.672015,0.776921,0.931045,0.985004,0.879775,0.64373,0.616147,0.763021,0.712271,0.77294,0.966195,0.791562,0.790574,0.71992,0.729404,0.819402,0.896318,0.64012,0.780201,0.882275,0.547775,0.851048,0.74607,0.77055,0.791703,0.852883,0.798712,0.878293,0.864298,0.671914,0.943408,0.983488,,,,,,,,,,,,,,,,,,,,,,,,,,,,,,,,,,
12.8GPa_18.0-23.0,0.98624,0.949539,0.750728,0.73746,0.735189,0.790277,0.669356,0.827045,0.874582,0.814888,0.756908,0.74288,0.768638,0.577993,0.816696,0.680688,0.450724,0.716556,0.668527,0.633,0.634669,0.64164,0.553776,0.538401,0.68771,0.433257,0.406181,0.448198,0.29596,0.701019,0.773098,0.768325,0.988413,0.944433,0.768638,0.782376,0.749258,0.804811,0.687012,0.812044,0.887996,0.842434,0.795862,0.849925,0.911956,0.598772,0.64846,0.316907,0.277003,0.770161,0.683034,0.63149,0.567648,0.617163,0.564999,0.694942,0.743405,0.37858,0.351934,0.341742,0.266288,0.72551,0.778209,0.761427,0.540339,0.704524,0.661562,0.659315,0.665373,0.714505,0.712277,0.599616,0.397246,0.748822,0.729443,0.717955,0.714382,0.561118,0.763986,0.763245,0.764669,0.749581,0.859897,0.747103,0.823256,0.739032,0.778809,0.860732,0.910513,0.864692,0.89782,0.819946,0.650515,0.795543,0.763882,0.718554,0.251186,0.772125,0.626984,0.618321,0.540863,0.561517,0.631133,0.576982,0.388299,0.345966,0.345539,0.50583,0.539532,0.738735,0.727125,0.733227,0.762175,0.799195,0.650292,0.653164,0.73878,0.822007,0.78484,0.908697,0.485909,0.585328,0.510658,0.468878,0.482751,0.587712,0.481343,0.849659,0.686047,0.772242,0.610392,0.667071,0.630777,0.696534,0.689807,0.820131,0.455831,0.573957,0.558442,0.511602,0.51867,0.543498,0.470427,0.570304,0.890276,0.967966,0.80761,0.610247,0.674208,0.698688,0.674888,0.701755,0.31858,0.658171,0.832298,0.766716,0.681222,0.694256,0.793221,0.855105,0.611314,0.774763,0.561441,0.63542,0.602587,0.649488,0.686396,0.747649,0.460865,0.756598,0.653165,0.636745,0.537399,0.54548,0.502543,0.584671,0.573196,0.750954,0.678659,0.699786,0.569833,0.53522,0.681556,0.708602,0.481052,0.780297,0.744191,0.753297,0.321112,0.344972,0.34319,0.67966,0.601366,0.766772,0.678238,0.706804,0.60299,0.607088,0.737495,0.794368,0.574836,0.601264,0.535925,0.469937,0.349399,0.359035,0.676049,0.762401,0.886444,0.974945,0.879007,0.681925,0.680931,0.816316,0.777835,0.836263,0.983384,0.768109,0.778694,0.648335,0.657924,0.762409,0.885978,0.610289,0.803102,0.899963,0.590786,0.870521,0.802262,0.81087,0.82296,0.84611,0.811439,0.879315,0.853724,0.671159,0.912116,0.983683,0.988768,,,,,,,,,,,,,,,,,,,,,,,,,,,,,,,,,
13.3GPa_3.0-8.0,0.91118,0.851938,0.761495,0.506943,0.395973,0.487553,0.299899,0.567851,0.66701,0.875335,0.842185,0.775019,0.695896,0.392471,0.62044,0.554754,0.332165,0.753387,0.430828,0.407126,0.389494,0.505569,0.332394,0.499098,0.559164,0.191107,0.128761,0.191817,0.103469,0.491319,0.611604,0.551784,0.901939,0.838542,0.775297,0.575988,0.423749,0.523333,0.328074,0.524163,0.691168,0.81256,0.803985,0.807994,0.792358,0.36209,0.366821,0.122743,0.196561,0.782478,0.431208,0.388936,0.302671,0.434349,0.312856,0.581464,0.58969,0.169386,0.111362,0.182662,0.097205,0.513245,0.631706,0.565956,0.334169,0.6089,0.456465,0.490289,0.482297,0.596096,0.516782,0.490501,0.191936,0.618962,0.518155,0.51549,0.51036,0.583404,0.686108,0.829868,0.779019,0.654221,0.582557,0.555955,0.663659,0.710997,0.744437,0.933171,0.903183,0.967113,0.764467,0.797721,0.740674,0.738297,0.559291,0.479656,0.247742,0.732291,0.365153,0.395612,0.285609,0.37452,0.419662,0.561212,0.222155,0.144422,0.153718,0.29048,0.423602,0.554434,0.543256,0.54641,0.699257,0.682365,0.37332,0.428419,0.464165,0.595594,0.531815,0.824854,0.28234,0.486277,0.397116,0.313959,0.306562,0.430716,0.33567,0.671839,0.629306,0.637548,0.337042,0.46475,0.370517,0.458062,0.441884,0.747227,0.251182,0.587931,0.508329,0.316568,0.303578,0.336774,0.26427,0.348834,0.961584,0.940309,0.768519,0.312585,0.375533,0.386771,0.365738,0.444187,0.19898,0.566378,0.733375,0.723472,0.677618,0.534165,0.475934,0.661974,0.539197,0.599809,0.310537,0.434599,0.361784,0.419132,0.451595,0.657469,0.252528,0.519933,0.454475,0.446269,0.330861,0.328989,0.315092,0.350659,0.479632,0.556281,0.481087,0.479709,0.344697,0.328404,0.442569,0.610625,0.282517,0.558193,0.535289,0.533095,0.146029,0.17159,0.204982,0.442285,0.553317,0.565407,0.477186,0.467645,0.380224,0.395306,0.499869,0.707591,0.341619,0.307869,0.261521,0.217309,0.156438,0.187526,0.50631,0.670536,0.994053,0.950136,0.826755,0.415442,0.304768,0.49304,0.429844,0.531562,0.846059,0.760535,0.702912,0.727709,0.749716,0.742899,0.794851,0.620952,0.64179,0.81434,0.305571,0.706877,0.517593,0.541193,0.567927,0.824585,0.673159,0.711441,0.708307,0.54882,0.960191,0.911901,0.931589,0.891153,,,,,,,,,,,,,,,,,,,,,,,,,,,,,,,,
13.3GPa_4.0-9.0,0.9717,0.938884,0.74784,0.629578,0.614263,0.682041,0.537078,0.731181,0.77163,0.850012,0.780849,0.74716,0.729804,0.465535,0.727179,0.600026,0.398456,0.74331,0.559326,0.51882,0.526,0.551049,0.416019,0.506556,0.612594,0.292445,0.262358,0.312159,0.156744,0.587568,0.68537,0.656565,0.967468,0.92879,0.764464,0.688035,0.636291,0.705485,0.559929,0.705452,0.789622,0.832577,0.784754,0.821088,0.850108,0.443432,0.521234,0.181541,0.23377,0.779724,0.569979,0.515631,0.464494,0.52367,0.438564,0.639513,0.653554,0.236568,0.207604,0.230307,0.128225,0.607022,0.688169,0.654569,0.407636,0.630575,0.556323,0.557419,0.56474,0.627648,0.59223,0.517335,0.255551,0.661315,0.617402,0.60362,0.597355,0.586033,0.766519,0.769751,0.74368,0.706826,0.776395,0.666923,0.786475,0.741753,0.780214,0.892294,0.910728,0.910586,0.828549,0.805144,0.700413,0.761124,0.676311,0.654597,0.256743,0.762097,0.523997,0.517458,0.445495,0.467847,0.536545,0.56449,0.274229,0.231624,0.237073,0.39343,0.449317,0.624247,0.613092,0.625238,0.70532,0.725446,0.525089,0.544299,0.633565,0.731994,0.69603,0.866676,0.352508,0.505866,0.434901,0.374492,0.378165,0.480095,0.366238,0.752275,0.632808,0.687463,0.478842,0.566294,0.527078,0.596746,0.59649,0.774016,0.318226,0.533502,0.5065,0.416996,0.408109,0.429596,0.345253,0.416461,0.940038,0.995041,0.826959,0.447917,0.51509,0.544005,0.513787,0.559428,0.211017,0.595958,0.755336,0.719229,0.657071,0.611195,0.673114,0.759379,0.561097,0.677172,0.448145,0.545492,0.501029,0.547819,0.587299,0.685096,0.321013,0.632187,0.533828,0.521817,0.43303,0.43675,0.391623,0.429178,0.513265,0.643636,0.58709,0.602384,0.475478,0.448595,0.581625,0.642264,0.349651,0.659882,0.62331,0.630856,0.189735,0.219334,0.217427,0.533953,0.569907,0.656181,0.583284,0.602683,0.50955,0.517074,0.634458,0.729064,0.423841,0.459838,0.393112,0.317068,0.204177,0.227632,0.568117,0.695867,0.94727,0.998269,0.895844,0.557819,0.551417,0.711998,0.662614,0.736284,0.934993,0.747898,0.726245,0.684689,0.7037,0.747302,0.844977,0.590989,0.746799,0.890589,0.429073,0.782633,0.68413,0.686624,0.701083,0.858667,0.77594,0.808089,0.787254,0.581276,0.938389,0.968702,0.980686,0.971711,0.955391,,,,,,,,,,,,,,,,,,,,,,,,,,,,,,,
13.3GPa_5.0-10.0,0.906003,0.878601,0.642675,0.615635,0.60371,0.623583,0.555342,0.686672,0.735575,0.830557,0.754632,0.749637,0.760167,0.496048,0.740096,0.65075,0.365145,0.670058,0.530078,0.503535,0.531928,0.553748,0.449282,0.47552,0.54977,0.291088,0.289684,0.358832,0.183533,0.539304,0.70484,0.626829,0.893482,0.855092,0.64903,0.662416,0.638713,0.648609,0.575989,0.667305,0.746118,0.781779,0.758663,0.778305,0.797879,0.445244,0.528382,0.229335,0.212725,0.683879,0.557542,0.510064,0.504957,0.504837,0.479131,0.611681,0.651298,0.239867,0.239097,0.27727,0.169565,0.585258,0.668736,0.618869,0.381231,0.566594,0.501604,0.519792,0.515811,0.62496,0.583124,0.553641,0.289842,0.637997,0.599127,0.584056,0.585774,0.463877,0.739154,0.656856,0.482971,0.460325,0.764066,0.619001,0.811575,0.671962,0.819339,0.860584,0.882041,0.753533,0.692091,0.831466,0.788328,0.5597,0.620858,0.731076,0.260226,0.703358,0.51133,0.47631,0.485384,0.47621,0.566364,0.528301,0.299803,0.261319,0.275819,0.440975,0.470892,0.551731,0.575239,0.563186,0.684266,0.641524,0.531788,0.520276,0.664216,0.696865,0.708439,0.829961,0.39385,0.492491,0.414549,0.454981,0.434649,0.502216,0.395754,0.684868,0.630429,0.618903,0.498145,0.533737,0.565763,0.58654,0.608526,0.744306,0.359585,0.481057,0.49854,0.48255,0.436416,0.416905,0.35454,0.435981,0.864056,0.92812,0.7886,0.484857,0.520417,0.54069,0.522004,0.538948,0.252141,0.646213,0.680578,0.761813,0.698306,0.561399,0.612997,0.674124,0.568965,0.631617,0.487403,0.494139,0.561164,0.569679,0.576043,0.717778,0.394975,0.601976,0.415644,0.391105,0.448401,0.42408,0.386864,0.445065,0.516282,0.614757,0.618854,0.575543,0.568123,0.534139,0.563356,0.691692,0.43395,0.639584,0.611859,0.600716,0.278306,0.252519,0.259115,0.522244,0.588782,0.626757,0.612385,0.568237,0.603637,0.596169,0.607542,0.710446,0.448406,0.461684,0.369893,0.361015,0.309968,0.248141,0.561875,0.663886,0.848804,0.916776,0.900677,0.63923,0.566595,0.686883,0.641442,0.673222,0.850423,0.655358,0.623076,0.756671,0.761587,0.742582,0.770054,0.661601,0.798025,0.776578,0.459615,0.720806,0.667895,0.676263,0.696446,0.835217,0.839147,0.729176,0.696729,0.483687,0.789524,0.845161,0.895998,0.886022,0.845024,0.907884,,,,,,,,,,,,,,,,,,,,,,,,,,,,,,
13.3GPa_6.0-11.0,0.743206,0.708623,0.367616,0.742074,0.799168,0.770208,0.790062,0.704835,0.804834,0.471764,0.489928,0.527757,0.636254,0.595714,0.759517,0.615339,0.429793,0.437673,0.635528,0.618244,0.628527,0.565652,0.615821,0.363798,0.519326,0.530827,0.489049,0.492664,0.388176,0.656425,0.698829,0.695897,0.746497,0.698382,0.37716,0.719865,0.805079,0.764658,0.788407,0.737691,0.808548,0.537092,0.59307,0.633498,0.725903,0.663454,0.702951,0.518502,0.255604,0.487501,0.66886,0.635572,0.624613,0.562134,0.642961,0.536704,0.646061,0.52429,0.500933,0.3533,0.353539,0.696615,0.67346,0.679013,0.558979,0.539263,0.58822,0.593895,0.582121,0.617491,0.710451,0.528826,0.468266,0.641151,0.672768,0.668861,0.686998,0.270914,0.53232,0.466451,0.393702,0.385234,0.829794,0.692931,0.744407,0.508417,0.602751,0.559453,0.668802,0.462553,0.710672,0.73796,0.446604,0.504269,0.730459,0.794704,0.1744,0.561944,0.640656,0.581354,0.606943,0.518307,0.619997,0.346434,0.405409,0.417772,0.39867,0.514625,0.444521,0.659891,0.660695,0.63857,0.608768,0.636835,0.691582,0.615562,0.789277,0.741517,0.756851,0.703942,0.534602,0.50728,0.361348,0.437364,0.458689,0.569154,0.471717,0.719144,0.558126,0.64434,0.669521,0.604248,0.695454,0.671134,0.673189,0.620002,0.509206,0.428537,0.391925,0.46892,0.462032,0.44734,0.431129,0.662359,0.52362,0.65692,0.519125,0.870323,0.783282,0.785039,0.793192,0.732492,0.283856,0.596798,0.688827,0.71702,0.5469,0.665145,0.787473,0.780204,0.509468,0.670496,0.61892,0.569444,0.694631,0.668667,0.643385,0.685904,0.582798,0.696682,0.543098,0.55101,0.466716,0.457402,0.427063,0.654488,0.487023,0.675499,0.657771,0.646879,0.707792,0.629599,0.638446,0.699021,0.625242,0.736568,0.720884,0.74143,0.411913,0.36079,0.346343,0.712134,0.506225,0.694528,0.660187,0.658918,0.732323,0.676462,0.675824,0.652972,0.656851,0.69685,0.614022,0.653142,0.483517,0.386895,0.622982,0.626338,0.481854,0.651264,0.633722,0.968936,0.812149,0.826404,0.828207,0.785931,0.769626,0.554323,0.551969,0.431067,0.418554,0.637161,0.719601,0.486951,0.774153,0.617381,0.687726,0.746219,0.785407,0.805072,0.813865,0.510651,0.700223,0.688779,0.637299,0.634438,0.514607,0.673615,0.701296,0.742554,0.470502,0.625373,0.712381,,,,,,,,,,,,,,,,,,,,,,,,,,,,,
13.3GPa_7.0-12.0,0.652772,0.704548,0.438347,0.747362,0.94815,0.92256,0.935734,0.823337,0.790136,0.371483,0.253036,0.315218,0.472449,0.534221,0.674271,0.520529,0.421364,0.332284,0.710706,0.65111,0.711425,0.506352,0.593496,0.323192,0.518237,0.535121,0.592895,0.58705,0.403742,0.659824,0.650521,0.717783,0.672311,0.714093,0.450751,0.748272,0.947665,0.90868,0.940408,0.865671,0.778355,0.500531,0.378956,0.488315,0.628242,0.629854,0.690349,0.403838,0.252384,0.404338,0.755398,0.702776,0.751322,0.610851,0.70077,0.534289,0.598043,0.448928,0.475981,0.352696,0.333733,0.670912,0.621594,0.68796,0.56114,0.47532,0.626347,0.550154,0.595311,0.515757,0.647511,0.376659,0.469098,0.569085,0.692046,0.659056,0.658507,0.266924,0.564165,0.249866,0.349963,0.551829,0.911647,0.627888,0.701576,0.456144,0.51757,0.40385,0.506853,0.30619,0.619792,0.467884,0.227593,0.522331,0.67677,0.770966,0.136858,0.495035,0.773801,0.672253,0.712745,0.571778,0.65812,0.310055,0.40644,0.428587,0.411566,0.52705,0.400393,0.615602,0.613941,0.639742,0.471128,0.598047,0.806211,0.697062,0.851122,0.824179,0.863962,0.639808,0.5287,0.461528,0.436752,0.441295,0.484277,0.49852,0.443646,0.718159,0.430079,0.601401,0.779254,0.676946,0.768962,0.765777,0.791933,0.550386,0.51307,0.274556,0.385827,0.552319,0.573842,0.570372,0.543195,0.60364,0.367951,0.607925,0.537294,0.735364,0.809318,0.85824,0.828181,0.781009,0.275466,0.441728,0.523255,0.419919,0.294675,0.532723,0.868979,0.749242,0.42338,0.667237,0.740536,0.68978,0.707658,0.715378,0.752066,0.499498,0.51186,0.725812,0.592776,0.60736,0.578226,0.602321,0.544527,0.629467,0.435162,0.677845,0.713325,0.74962,0.664062,0.620918,0.757685,0.485931,0.509398,0.74089,0.68285,0.713821,0.368145,0.390296,0.337316,0.693165,0.371599,0.690521,0.717157,0.780789,0.670515,0.661386,0.777329,0.516694,0.619644,0.713274,0.607779,0.567626,0.389609,0.389919,0.583156,0.50911,0.328775,0.599138,0.594633,0.739745,0.944058,0.9376,0.958444,0.924151,0.738539,0.360906,0.470482,0.256718,0.190532,0.376018,0.57428,0.240219,0.617312,0.6438,0.736433,0.719978,0.894065,0.858666,0.828385,0.515299,0.647501,0.663425,0.603703,0.483177,0.426849,0.648978,0.624012,0.703461,0.344364,0.582576,0.577753,0.792686,,,,,,,,,,,,,,,,,,,,,,,,,,,,
13.3GPa_8.0-13.0,0.81985,0.865946,0.59297,0.779607,0.910485,0.921641,0.853698,0.866806,0.852159,0.545733,0.441807,0.464256,0.550476,0.497006,0.726404,0.556113,0.459333,0.519276,0.74385,0.660004,0.713815,0.532733,0.545092,0.415038,0.591804,0.484104,0.470079,0.490966,0.299934,0.688469,0.686976,0.759006,0.835068,0.876049,0.61034,0.80274,0.910638,0.913948,0.865785,0.881151,0.852486,0.629512,0.528846,0.628872,0.749254,0.588031,0.657076,0.330879,0.275192,0.596857,0.763358,0.688791,0.71557,0.620779,0.645542,0.617527,0.651567,0.401672,0.394789,0.318292,0.257826,0.711068,0.689186,0.744408,0.560925,0.586584,0.693383,0.62065,0.671122,0.569491,0.670047,0.438048,0.408835,0.649022,0.720368,0.688283,0.686338,0.399508,0.678486,0.461203,0.590386,0.732421,0.940913,0.657851,0.800076,0.60504,0.633181,0.603967,0.66174,0.579564,0.789078,0.611033,0.349292,0.724933,0.771964,0.795303,0.193417,0.652116,0.776553,0.667932,0.67866,0.546295,0.63758,0.434072,0.37073,0.347251,0.325604,0.495014,0.409952,0.689808,0.672529,0.710396,0.56965,0.702605,0.772417,0.67394,0.846818,0.861871,0.876939,0.778738,0.479569,0.483225,0.441818,0.40274,0.431276,0.512371,0.42673,0.805576,0.510598,0.684741,0.729513,0.676666,0.755371,0.7796,0.797779,0.676954,0.458335,0.41934,0.463987,0.541546,0.536319,0.560061,0.500646,0.563965,0.592765,0.806385,0.690654,0.672674,0.761004,0.812717,0.772347,0.766565,0.248833,0.490279,0.66727,0.53134,0.39488,0.550717,0.848117,0.805559,0.494727,0.728818,0.689422,0.713999,0.701014,0.727161,0.775283,0.594273,0.453943,0.741844,0.605744,0.627806,0.55579,0.591353,0.528111,0.595252,0.488335,0.720369,0.707022,0.769763,0.651227,0.618397,0.781674,0.568405,0.465942,0.749976,0.682642,0.724748,0.299612,0.359882,0.294925,0.703139,0.459397,0.733291,0.709234,0.802509,0.669366,0.670842,0.814083,0.625831,0.5827,0.614726,0.523348,0.483612,0.316263,0.370741,0.597697,0.589685,0.586066,0.802736,0.755565,0.71938,0.849752,0.919583,0.927232,0.952363,0.889151,0.519225,0.593344,0.356866,0.316968,0.478131,0.727094,0.355559,0.70885,0.829512,0.680352,0.827247,0.901269,0.856744,0.83154,0.698128,0.73242,0.756161,0.698711,0.564078,0.678538,0.842694,0.80654,0.868329,0.610503,0.794876,0.712144,0.777764,0.934187,,,,,,,,,,,,,,,,,,,,,,,,,,,
13.3GPa_9.0-14.0,0.732756,0.823948,0.541424,0.775368,0.904115,0.899038,0.847228,0.852017,0.815239,0.425981,0.312277,0.337175,0.432825,0.409483,0.669708,0.505381,0.438034,0.444327,0.743359,0.639933,0.711388,0.475297,0.513053,0.363048,0.528708,0.453237,0.439524,0.458616,0.284569,0.642153,0.616243,0.72582,0.751068,0.840249,0.556657,0.793944,0.896794,0.880507,0.857307,0.869644,0.810235,0.514071,0.397928,0.511978,0.659836,0.542785,0.623128,0.322032,0.26531,0.527239,0.751123,0.663022,0.710774,0.572807,0.616585,0.572164,0.599522,0.373935,0.374003,0.301303,0.248688,0.684024,0.633186,0.715241,0.548913,0.541901,0.705247,0.603578,0.67264,0.504654,0.627043,0.38788,0.394083,0.594441,0.687388,0.650913,0.649663,0.316184,0.624977,0.348329,0.508612,0.704215,0.924708,0.574545,0.76946,0.536465,0.551463,0.494488,0.536368,0.470751,0.726534,0.492142,0.24519,0.699305,0.769333,0.784312,0.172911,0.593326,0.777528,0.631651,0.674333,0.503991,0.601154,0.384478,0.347246,0.317954,0.2909,0.478943,0.381663,0.66221,0.646395,0.696157,0.479336,0.639761,0.751938,0.623841,0.818407,0.809836,0.851188,0.716901,0.461344,0.424134,0.392129,0.374214,0.397171,0.444422,0.371839,0.759636,0.42545,0.622096,0.706346,0.62511,0.741053,0.75025,0.785742,0.619371,0.448023,0.360028,0.428605,0.566499,0.522234,0.546111,0.487281,0.520504,0.482349,0.724644,0.667044,0.649452,0.73968,0.793104,0.747422,0.741337,0.232547,0.386788,0.615968,0.457407,0.315004,0.441281,0.812192,0.744476,0.438395,0.681976,0.662085,0.675326,0.688515,0.709015,0.763674,0.521153,0.424447,0.703143,0.55054,0.574023,0.542938,0.592387,0.518073,0.571017,0.443471,0.679714,0.649252,0.731829,0.635535,0.620143,0.772752,0.502116,0.435443,0.702118,0.630701,0.669843,0.29652,0.381194,0.272499,0.687251,0.39762,0.691089,0.651612,0.777373,0.65486,0.670921,0.798892,0.550829,0.555393,0.566645,0.488449,0.448652,0.310787,0.392118,0.532009,0.484973,0.477212,0.714729,0.716345,0.692389,0.83289,0.88825,0.915208,0.944765,0.831856,0.390255,0.500735,0.247055,0.212625,0.356204,0.648583,0.28493,0.657382,0.777704,0.676635,0.783521,0.890266,0.820632,0.791771,0.675712,0.715951,0.674135,0.609766,0.503609,0.596083,0.772093,0.715236,0.791994,0.50753,0.70878,0.635611,0.736426,0.935594,0.981411,,,,,,,,,,,,,,,,,,,,,,,,,,
13.3GPa_10.0-15.0,0.799877,0.842516,0.609249,0.756414,0.820955,0.834816,0.736319,0.877448,0.845084,0.556046,0.53018,0.501578,0.495491,0.444252,0.735546,0.568812,0.458591,0.546928,0.72066,0.624026,0.669325,0.500896,0.516866,0.455903,0.603762,0.440052,0.407279,0.441692,0.315592,0.689956,0.672408,0.771707,0.813203,0.856046,0.627353,0.79646,0.815424,0.822107,0.75111,0.870879,0.847099,0.623332,0.593664,0.661618,0.729592,0.568309,0.561754,0.313233,0.296578,0.656087,0.717047,0.625935,0.620458,0.537822,0.559393,0.651241,0.652341,0.368007,0.345229,0.305132,0.273969,0.723912,0.713671,0.778257,0.58837,0.63688,0.719961,0.643136,0.712333,0.564641,0.668735,0.424873,0.415903,0.672773,0.734211,0.689372,0.688628,0.267664,0.55241,0.447456,0.677153,0.821995,0.83571,0.490872,0.686668,0.486088,0.527675,0.676385,0.666238,0.667466,0.838917,0.64155,0.300295,0.767961,0.706883,0.669913,0.207664,0.705476,0.704626,0.594184,0.577959,0.452151,0.543447,0.47976,0.377567,0.306612,0.28547,0.459032,0.436001,0.743011,0.714256,0.777408,0.610198,0.779089,0.687966,0.580975,0.743731,0.777374,0.783954,0.809031,0.480753,0.488862,0.431231,0.376979,0.430768,0.520234,0.436811,0.848731,0.552374,0.752105,0.646255,0.594773,0.655266,0.690808,0.708771,0.70137,0.463206,0.468616,0.473322,0.539772,0.57572,0.614829,0.551538,0.571425,0.576634,0.796542,0.6447,0.5965,0.719766,0.77821,0.727274,0.783196,0.268595,0.469376,0.70084,0.553808,0.361743,0.515054,0.773959,0.776339,0.534275,0.772005,0.583041,0.623893,0.622448,0.657769,0.717636,0.610911,0.455631,0.746647,0.601917,0.643639,0.60695,0.649042,0.591819,0.602286,0.520029,0.746682,0.624318,0.698258,0.591682,0.56339,0.726379,0.585407,0.469075,0.750802,0.660249,0.711208,0.330573,0.404138,0.331896,0.717298,0.500715,0.754496,0.626473,0.736195,0.61437,0.620375,0.775896,0.646274,0.588818,0.529462,0.460229,0.450708,0.333037,0.419601,0.59905,0.585358,0.613883,0.803464,0.708917,0.635629,0.724958,0.823178,0.833151,0.926581,0.890337,0.527029,0.560058,0.299682,0.268783,0.482155,0.784421,0.405796,0.694468,0.89906,0.649137,0.821223,0.847142,0.792027,0.778641,0.739892,0.708607,0.754881,0.697666,0.579312,0.732517,0.875054,0.809939,0.86044,0.658989,0.795546,0.677044,0.706591,0.84046,0.950381,0.94044,,,,,,,,,,,,,,,,,,,,,,,,,
13.3GPa_11.0-16.0,0.948644,0.937115,0.757569,0.783549,0.724821,0.772339,0.643649,0.847995,0.902151,0.753519,0.722954,0.693416,0.702734,0.546972,0.8217,0.699422,0.485109,0.710448,0.717572,0.666982,0.664557,0.642567,0.580657,0.540582,0.701347,0.443687,0.396349,0.441795,0.352956,0.729218,0.763624,0.805699,0.953962,0.939525,0.774208,0.826575,0.726762,0.774699,0.658875,0.827487,0.912922,0.79078,0.758548,0.817064,0.89452,0.626238,0.645214,0.355119,0.318201,0.782711,0.705404,0.637994,0.551126,0.592852,0.552383,0.708353,0.756799,0.410871,0.376659,0.370146,0.32848,0.773359,0.803555,0.812769,0.618692,0.762948,0.752071,0.732694,0.752846,0.723476,0.746785,0.612925,0.44588,0.778772,0.764274,0.751494,0.748946,0.47163,0.687846,0.727574,0.800056,0.813937,0.835635,0.671002,0.786607,0.686232,0.708488,0.822142,0.841576,0.851322,0.940621,0.770631,0.555153,0.856475,0.802763,0.681167,0.265003,0.785987,0.641266,0.608277,0.518315,0.530552,0.59982,0.576195,0.422949,0.346878,0.341461,0.516232,0.567426,0.807471,0.794095,0.812965,0.749952,0.828643,0.645952,0.619426,0.704142,0.786101,0.75073,0.915371,0.521131,0.591091,0.526621,0.474703,0.492627,0.596739,0.507177,0.887544,0.675084,0.798768,0.604756,0.636924,0.605864,0.675508,0.669955,0.833284,0.499659,0.608497,0.596029,0.556626,0.547299,0.58613,0.513294,0.611882,0.824333,0.919098,0.777779,0.627726,0.70547,0.726084,0.700111,0.746676,0.361696,0.625549,0.890772,0.768353,0.646682,0.649604,0.779941,0.859488,0.623344,0.807003,0.528323,0.607286,0.588011,0.643283,0.690492,0.750641,0.493812,0.779105,0.670922,0.668349,0.572058,0.595093,0.548964,0.638665,0.593838,0.784794,0.633163,0.682689,0.552975,0.531061,0.689909,0.713019,0.511176,0.79551,0.749167,0.77003,0.383588,0.435624,0.39335,0.748022,0.602859,0.798908,0.632192,0.702382,0.589991,0.607132,0.752454,0.804585,0.622897,0.572534,0.531736,0.496061,0.418014,0.461281,0.695736,0.749905,0.839937,0.928096,0.839606,0.676069,0.643951,0.782789,0.760576,0.848442,0.987552,0.73204,0.775347,0.562953,0.57222,0.706877,0.89009,0.598172,0.777919,0.911564,0.633803,0.899415,0.814094,0.807169,0.822629,0.854933,0.805142,0.857882,0.829248,0.690375,0.907102,0.976487,0.954279,0.971961,0.852678,0.924617,0.813799,0.728134,0.686061,0.861215,0.81226,0.898565,,,,,,,,,,,,,,,,,,,,,,,,
13.3GPa_12.0-17.0,0.803104,0.762533,0.648714,0.71975,0.795464,0.855362,0.775004,0.71841,0.837781,0.557909,0.444036,0.497061,0.664038,0.653635,0.702702,0.65568,0.471792,0.543313,0.716896,0.730298,0.702904,0.709379,0.688779,0.48174,0.67562,0.586287,0.615334,0.590031,0.525082,0.721189,0.75725,0.7612,0.825264,0.767376,0.662968,0.730041,0.809044,0.877874,0.792305,0.759718,0.841568,0.66685,0.538794,0.634261,0.802233,0.736708,0.774604,0.493764,0.316532,0.579712,0.763041,0.767544,0.670421,0.740852,0.713186,0.627345,0.756064,0.549187,0.516252,0.404472,0.433103,0.724859,0.744221,0.741793,0.633533,0.667688,0.652351,0.678079,0.641953,0.748934,0.770789,0.591185,0.556742,0.729954,0.742692,0.757278,0.758617,0.716908,0.792967,0.72108,0.645516,0.573117,0.83222,0.908314,0.764469,0.774221,0.705567,0.577373,0.701773,0.572985,0.749918,0.574962,0.445958,0.662501,0.78621,0.686202,0.216306,0.598648,0.706817,0.753593,0.626121,0.710918,0.72226,0.46325,0.525355,0.499335,0.49388,0.544516,0.544308,0.716029,0.736386,0.696751,0.699805,0.703041,0.777827,0.826199,0.782856,0.868458,0.810284,0.76475,0.62582,0.683858,0.58763,0.543085,0.57804,0.644052,0.616355,0.785368,0.636245,0.702443,0.75907,0.812876,0.694224,0.770458,0.737935,0.725322,0.602521,0.522886,0.536089,0.509812,0.53569,0.547139,0.540642,0.695281,0.678633,0.707444,0.627088,0.744852,0.803184,0.79587,0.801703,0.760505,0.42415,0.614788,0.73235,0.60021,0.582256,0.6558,0.812612,0.857343,0.580513,0.736878,0.702303,0.755583,0.637617,0.690788,0.72377,0.67101,0.580339,0.771378,0.771478,0.742321,0.535735,0.543107,0.540631,0.711056,0.568363,0.743715,0.758891,0.785205,0.570459,0.51561,0.719213,0.627471,0.55952,0.825439,0.835864,0.807065,0.440119,0.438805,0.474488,0.753013,0.51446,0.759387,0.758598,0.781642,0.583078,0.571171,0.753002,0.731408,0.693314,0.763574,0.682701,0.608498,0.474937,0.455972,0.747294,0.764057,0.61681,0.715483,0.660003,0.698314,0.762921,0.810387,0.786128,0.748082,0.824825,0.729554,0.82855,0.532668,0.475453,0.578621,0.670283,0.432752,0.612218,0.624623,0.725855,0.83952,0.851126,0.894533,0.896629,0.568412,0.590427,0.7402,0.729158,0.653312,0.653197,0.759965,0.781757,0.815099,0.591849,0.714595,0.611422,0.715678,0.766275,0.802727,0.735097,0.702199,0.782974,,,,,,,,,,,,,,,,,,,,,,,
13.3GPa_13.0-18.0,0.882433,0.859985,0.705897,0.829392,0.814145,0.866467,0.757985,0.810987,0.91795,0.643039,0.583001,0.601484,0.696591,0.636727,0.784073,0.677901,0.522214,0.63626,0.775212,0.75579,0.746592,0.727943,0.694746,0.546241,0.720453,0.570211,0.528754,0.540572,0.449061,0.785405,0.797988,0.832878,0.897852,0.865447,0.722509,0.84395,0.814384,0.872634,0.770071,0.819786,0.927344,0.731633,0.659983,0.748915,0.881962,0.737636,0.752462,0.456384,0.354206,0.700855,0.791833,0.758735,0.685369,0.748289,0.714519,0.705487,0.785473,0.532635,0.493858,0.404343,0.388981,0.80437,0.81535,0.826992,0.682785,0.757456,0.756416,0.749796,0.751397,0.770428,0.817924,0.622661,0.555389,0.800012,0.803172,0.805014,0.805402,0.587834,0.737829,0.713266,0.783344,0.744481,0.869293,0.81795,0.804629,0.752291,0.715153,0.68076,0.765741,0.71486,0.906051,0.688776,0.451599,0.802859,0.842855,0.733217,0.245028,0.715853,0.753239,0.748777,0.654391,0.681075,0.731236,0.549164,0.523693,0.443638,0.427054,0.551852,0.541778,0.811055,0.805286,0.798467,0.738662,0.807697,0.794589,0.781011,0.820856,0.89838,0.847417,0.864959,0.616895,0.643931,0.570021,0.499018,0.518317,0.657122,0.58816,0.885932,0.670038,0.794946,0.76328,0.789447,0.74049,0.812882,0.786995,0.808985,0.595707,0.609635,0.589188,0.534672,0.535302,0.577917,0.535987,0.71649,0.721836,0.81243,0.676531,0.773151,0.813888,0.819913,0.810937,0.801467,0.413815,0.646647,0.867072,0.700735,0.595288,0.67755,0.836565,0.904506,0.620569,0.818744,0.698989,0.773348,0.69778,0.754341,0.7941,0.741867,0.581033,0.816484,0.767398,0.760902,0.555479,0.581069,0.55714,0.73781,0.605284,0.813701,0.762233,0.815214,0.629172,0.586984,0.792747,0.701105,0.57743,0.839367,0.811797,0.826982,0.417217,0.453841,0.436841,0.811527,0.57124,0.829474,0.766023,0.828351,0.650286,0.649423,0.834833,0.806191,0.713832,0.675578,0.612372,0.574349,0.46247,0.48385,0.757993,0.790157,0.709991,0.821755,0.728896,0.755059,0.747751,0.836943,0.822146,0.840243,0.934372,0.74486,0.841098,0.524743,0.471638,0.634775,0.808924,0.524075,0.714828,0.791131,0.74826,0.930578,0.885802,0.905121,0.900443,0.678597,0.68605,0.826005,0.800312,0.720664,0.780827,0.880886,0.874022,0.905397,0.7058,0.814979,0.68451,0.779799,0.781826,0.887717,0.828624,0.846486,0.913326,0.925162,,,,,,,,,,,,,,,,,,,,,,
13.3GPa_14.0-19.0,0.72623,0.637479,0.705466,0.412898,0.223761,0.298188,0.183411,0.317741,0.548789,0.86466,0.769237,0.767929,0.77748,0.482946,0.505438,0.608192,0.252785,0.625442,0.283098,0.323591,0.283302,0.559991,0.401284,0.439428,0.464948,0.208395,0.200341,0.238925,0.201854,0.369648,0.589704,0.43343,0.7093,0.605371,0.698623,0.461038,0.275374,0.355664,0.209673,0.292722,0.564066,0.77011,0.710575,0.717194,0.708897,0.404365,0.352017,0.239505,0.157574,0.592931,0.326407,0.332653,0.223001,0.423571,0.339659,0.476949,0.549084,0.270502,0.219611,0.260561,0.219015,0.413446,0.565639,0.435513,0.290351,0.514352,0.274979,0.36672,0.30923,0.63396,0.495222,0.560311,0.273196,0.573522,0.425211,0.457408,0.449734,0.53452,0.615622,0.701398,0.415745,0.245234,0.417832,0.531107,0.527688,0.646276,0.783973,0.811412,0.821543,0.693848,0.451718,0.701452,0.934021,0.447567,0.328533,0.361128,0.230224,0.553645,0.222535,0.290982,0.190773,0.415657,0.434285,0.4808,0.292651,0.26762,0.299728,0.341737,0.512813,0.390451,0.428945,0.373826,0.647267,0.497016,0.310691,0.392027,0.334596,0.464668,0.404538,0.705198,0.362089,0.566277,0.454094,0.440494,0.398699,0.355566,0.332367,0.488066,0.609681,0.478062,0.310331,0.419138,0.263112,0.344192,0.324257,0.691208,0.346209,0.579205,0.535058,0.296476,0.220713,0.198489,0.193998,0.383556,0.843502,0.722231,0.705408,0.332403,0.325663,0.285303,0.309039,0.328285,0.325273,0.629112,0.602626,0.789691,0.845177,0.508941,0.314447,0.564607,0.489063,0.460764,0.302511,0.32594,0.269707,0.32482,0.315964,0.622996,0.314345,0.421589,0.379035,0.332708,0.216691,0.169612,0.216077,0.371807,0.442417,0.451254,0.488799,0.383675,0.265887,0.276088,0.292608,0.59017,0.33922,0.494534,0.545969,0.483998,0.240753,0.187681,0.291471,0.367637,0.486125,0.4595,0.481244,0.335698,0.299293,0.346967,0.336632,0.668891,0.362077,0.347723,0.320239,0.290543,0.259813,0.193529,0.444447,0.587081,0.83457,0.716881,0.72989,0.401033,0.17759,0.308214,0.222951,0.224339,0.60336,0.583986,0.591061,0.94634,0.937456,0.776425,0.581286,0.632943,0.476748,0.446199,0.293685,0.553076,0.34994,0.448202,0.496253,0.6856,0.623399,0.542873,0.576065,0.459995,0.748935,0.628215,0.726512,0.643653,0.795254,0.708654,0.776053,0.392828,0.136355,0.293803,0.180098,0.275174,0.563565,0.445448,0.461655,,,,,,,,,,,,,,,,,,,,,
13.3GPa_15.0-20.0,0.760882,0.648201,0.673993,0.39576,0.206416,0.287332,0.172157,0.349713,0.542622,0.861858,0.801376,0.812416,0.805617,0.498471,0.526763,0.577342,0.231561,0.627809,0.245682,0.293698,0.24755,0.540337,0.371237,0.405182,0.423452,0.187419,0.175255,0.230667,0.189592,0.351141,0.559039,0.409818,0.743813,0.619708,0.672862,0.444085,0.253327,0.340554,0.195843,0.320704,0.55931,0.783134,0.752781,0.761832,0.739368,0.396641,0.393958,0.212619,0.128496,0.591807,0.286701,0.297991,0.180541,0.392426,0.29917,0.442685,0.518173,0.240328,0.18499,0.265912,0.201583,0.396176,0.541605,0.408341,0.244442,0.490112,0.246205,0.338357,0.278366,0.612509,0.470196,0.548128,0.220745,0.541677,0.397714,0.43005,0.425689,0.545099,0.610581,0.752323,0.451805,0.259136,0.422221,0.577909,0.526366,0.634121,0.754759,0.821759,0.854332,0.734322,0.495508,0.726285,0.934795,0.45875,0.340754,0.356391,0.213626,0.548242,0.179867,0.265936,0.154349,0.387753,0.408484,0.438092,0.220888,0.213123,0.244783,0.360776,0.532497,0.384872,0.412566,0.360568,0.66249,0.501791,0.272669,0.369712,0.314398,0.443256,0.369232,0.675556,0.29749,0.498522,0.380452,0.406362,0.373332,0.341382,0.290105,0.485992,0.612471,0.484451,0.267943,0.394111,0.23525,0.312499,0.282754,0.65453,0.28268,0.499577,0.453653,0.287183,0.225932,0.214255,0.195347,0.364053,0.888515,0.741585,0.72397,0.337218,0.310831,0.273782,0.297617,0.316653,0.289114,0.646066,0.632468,0.825639,0.894917,0.59156,0.356329,0.585652,0.485405,0.452441,0.257735,0.296314,0.247168,0.295006,0.280836,0.606433,0.266687,0.412678,0.385396,0.323539,0.225329,0.181866,0.218447,0.337483,0.428019,0.434917,0.446435,0.347315,0.248873,0.255164,0.259431,0.579456,0.302055,0.48485,0.543038,0.466622,0.208051,0.160105,0.272424,0.340488,0.502228,0.446145,0.441448,0.303895,0.287409,0.328852,0.308649,0.65671,0.324142,0.365162,0.370116,0.269711,0.227713,0.168002,0.43228,0.578259,0.863889,0.743595,0.741805,0.423917,0.198542,0.337632,0.246295,0.255656,0.631207,0.615252,0.588962,0.909587,0.97093,0.84033,0.635082,0.637474,0.514702,0.473713,0.254791,0.54293,0.337477,0.433409,0.488223,0.696185,0.631644,0.589059,0.626505,0.481787,0.782929,0.669913,0.759128,0.682977,0.820829,0.739562,0.7782,0.411105,0.127139,0.298513,0.180631,0.286592,0.601089,0.459734,0.478547,0.962725,,,,,,,,,,,,,,,,,,,,
13.3GPa_16.0-21.0,0.904001,0.780213,0.743544,0.562723,0.492941,0.574621,0.437129,0.642714,0.725576,0.905449,0.878588,0.837499,0.813776,0.576161,0.712068,0.610683,0.382528,0.706434,0.425716,0.429603,0.381883,0.549773,0.434234,0.460513,0.618424,0.325522,0.304186,0.334197,0.249823,0.558235,0.659083,0.606031,0.89462,0.765578,0.758339,0.618667,0.514103,0.601742,0.450889,0.616911,0.744004,0.921044,0.890199,0.901393,0.864517,0.500046,0.492784,0.220811,0.224375,0.738929,0.449493,0.419531,0.284623,0.448994,0.375073,0.577988,0.611385,0.326804,0.283002,0.232226,0.192338,0.551971,0.665843,0.599517,0.408628,0.606852,0.445068,0.472513,0.458333,0.632599,0.588572,0.499806,0.273527,0.642311,0.576754,0.575269,0.559324,0.444889,0.558602,0.717764,0.73161,0.693185,0.629352,0.620232,0.54398,0.576718,0.675233,0.878284,0.935445,0.887035,0.781034,0.830534,0.74599,0.695343,0.455835,0.416193,0.234024,0.698351,0.35754,0.414683,0.253429,0.412817,0.461791,0.499017,0.285059,0.290887,0.316844,0.381662,0.514294,0.594409,0.567702,0.573086,0.716168,0.724223,0.426846,0.468601,0.463673,0.613139,0.521419,0.797427,0.341508,0.538977,0.507443,0.372573,0.417402,0.47604,0.3851,0.709805,0.649841,0.694602,0.399463,0.484002,0.343941,0.448856,0.413038,0.721336,0.31357,0.524696,0.494217,0.289555,0.390383,0.402276,0.335432,0.469665,0.883711,0.885746,0.695268,0.44738,0.492469,0.508788,0.499203,0.546186,0.23136,0.658739,0.736469,0.756355,0.712297,0.802384,0.671242,0.787996,0.518942,0.650574,0.340155,0.41079,0.321045,0.395194,0.429177,0.639976,0.32513,0.611758,0.582035,0.574107,0.40657,0.384473,0.364084,0.441579,0.482211,0.61507,0.512995,0.484188,0.305135,0.281041,0.424014,0.595139,0.345095,0.652454,0.633027,0.651643,0.207354,0.187349,0.247248,0.491546,0.520997,0.628734,0.511795,0.466266,0.333639,0.355157,0.491378,0.712547,0.434252,0.522704,0.494274,0.385564,0.229023,0.203342,0.587833,0.718641,0.897224,0.904734,0.741286,0.492772,0.498252,0.645614,0.568739,0.6279,0.846291,0.731742,0.707172,0.741316,0.763813,0.894297,0.850184,0.545785,0.601095,0.779102,0.368226,0.687119,0.53632,0.600199,0.634554,0.722803,0.661584,0.836178,0.851128,0.642359,0.906648,0.89357,0.922634,0.881989,0.893128,0.894174,0.775834,0.552739,0.451252,0.632264,0.510197,0.66307,0.833461,0.637493,0.734504,0.744232,0.790648,,,,,,,,,,,,,,,,,,,
13.3GPa_17.0-22.0,0.796452,0.844395,0.682343,0.628543,0.731177,0.762579,0.702577,0.826542,0.805454,0.564197,0.423221,0.421577,0.545816,0.456769,0.712916,0.602559,0.433835,0.553795,0.68086,0.65983,0.688748,0.633834,0.605749,0.443662,0.596746,0.408044,0.486263,0.476011,0.480233,0.659087,0.672735,0.751946,0.811923,0.846483,0.69355,0.671654,0.745958,0.775269,0.72608,0.838637,0.804268,0.612028,0.475775,0.562619,0.723676,0.58161,0.594796,0.327498,0.288717,0.593795,0.683941,0.649585,0.591663,0.598174,0.570718,0.636917,0.721552,0.401617,0.413429,0.27997,0.364266,0.698678,0.706329,0.755741,0.610189,0.64309,0.681043,0.662714,0.690132,0.678015,0.683557,0.480019,0.479597,0.675034,0.730818,0.702415,0.698093,0.535313,0.717082,0.532217,0.559423,0.643137,0.826126,0.663982,0.797645,0.709721,0.712533,0.624558,0.655464,0.59442,0.688239,0.548366,0.470341,0.694813,0.727096,0.719244,0.247194,0.635634,0.622926,0.616461,0.56153,0.613885,0.647601,0.472958,0.457924,0.440206,0.469899,0.416127,0.518128,0.693916,0.711753,0.742581,0.575435,0.670514,0.632662,0.663188,0.683441,0.744954,0.772291,0.788067,0.578014,0.657097,0.611885,0.60467,0.69312,0.519669,0.456179,0.767609,0.515582,0.645282,0.6,0.658951,0.596796,0.648009,0.689945,0.703004,0.530645,0.436965,0.536503,0.600492,0.707802,0.669839,0.612572,0.560325,0.667518,0.783807,0.776671,0.568376,0.703779,0.731915,0.700391,0.739838,0.379148,0.477143,0.683656,0.557367,0.510503,0.465465,0.754995,0.751003,0.527511,0.717792,0.530146,0.587615,0.566277,0.604899,0.669773,0.618836,0.51236,0.712001,0.631405,0.644913,0.716164,0.715006,0.64106,0.621531,0.540301,0.719843,0.605511,0.665198,0.542023,0.509149,0.663113,0.595167,0.526653,0.768223,0.740507,0.752952,0.553624,0.57127,0.476267,0.702643,0.458054,0.726546,0.598664,0.680269,0.569678,0.583698,0.710284,0.669616,0.616175,0.57904,0.528463,0.58241,0.524341,0.559885,0.567443,0.596824,0.63473,0.768251,0.805607,0.589746,0.695561,0.77914,0.762528,0.806534,0.820352,0.526311,0.653724,0.531866,0.470886,0.513761,0.643722,0.384043,0.609869,0.747959,0.646235,0.777214,0.834033,0.813005,0.82191,0.726636,0.722189,0.680548,0.649202,0.575219,0.692045,0.789874,0.788731,0.816388,0.640859,0.767746,0.717161,0.630982,0.746188,0.81236,0.792692,0.793614,0.81521,0.769054,0.777992,0.461016,0.450959,0.642487,,,,,,,,,,,,,,,,,,
13.3GPa_18.0-23.0,0.522358,0.534067,0.417419,0.484679,0.668647,0.663268,0.693239,0.658408,0.670479,0.31601,0.222354,0.244321,0.420993,0.468083,0.599837,0.553663,0.467168,0.372396,0.600697,0.627293,0.632836,0.597998,0.674682,0.320851,0.508302,0.460559,0.591858,0.561119,0.642894,0.654215,0.632287,0.662709,0.541828,0.529747,0.418116,0.489594,0.682932,0.675278,0.706618,0.707806,0.66122,0.403441,0.318438,0.378983,0.527469,0.6098,0.6074,0.52066,0.350508,0.399322,0.627174,0.634608,0.569036,0.563512,0.624201,0.504669,0.666098,0.454351,0.465065,0.277237,0.473544,0.641367,0.618467,0.658185,0.654775,0.538725,0.556243,0.581449,0.572902,0.621775,0.679518,0.358675,0.572322,0.594308,0.678182,0.658242,0.661787,0.345788,0.474375,0.331966,0.292121,0.367404,0.654056,0.5832,0.57587,0.487693,0.51913,0.378183,0.456527,0.269503,0.459226,0.432762,0.286975,0.431852,0.547988,0.606519,0.294104,0.471108,0.562058,0.598862,0.546504,0.590989,0.608697,0.284843,0.507369,0.473842,0.489036,0.357272,0.467157,0.606076,0.621755,0.620238,0.496194,0.560489,0.623995,0.651204,0.611947,0.631411,0.667899,0.580549,0.626198,0.645704,0.53554,0.6019,0.71495,0.539755,0.510808,0.624507,0.477081,0.565414,0.622512,0.623242,0.543392,0.567699,0.599881,0.525609,0.590088,0.336371,0.397436,0.52703,0.693007,0.638637,0.646718,0.623504,0.34422,0.451006,0.431818,0.645795,0.746246,0.752017,0.749259,0.742016,0.436682,0.419788,0.492802,0.420181,0.359467,0.422329,0.67495,0.676797,0.472279,0.635625,0.558611,0.527624,0.520173,0.538639,0.575451,0.51799,0.593465,0.64884,0.631966,0.67607,0.687455,0.669046,0.640492,0.668869,0.52895,0.654449,0.595456,0.602642,0.514672,0.459188,0.570375,0.515056,0.596641,0.72505,0.717036,0.725702,0.636283,0.574816,0.545552,0.685124,0.355067,0.657407,0.590225,0.601119,0.519214,0.501854,0.601239,0.54214,0.681597,0.648882,0.56378,0.715542,0.614412,0.567244,0.579507,0.549401,0.288977,0.437804,0.455236,0.619107,0.700642,0.679605,0.677238,0.644629,0.560725,0.403841,0.508833,0.385712,0.260377,0.37559,0.424448,0.243232,0.415556,0.460046,0.671383,0.608791,0.723255,0.745686,0.75223,0.380125,0.502081,0.497149,0.467049,0.503032,0.334439,0.470779,0.496739,0.532962,0.278648,0.421266,0.446936,0.645221,0.705282,0.616306,0.594849,0.561688,0.523898,0.70062,0.62042,0.265839,0.224088,0.393461,0.788763,,,,,,,,,,,,,,,,,
15.6GPa_3.0-8.0,0.963912,0.910242,0.770114,0.610155,0.570429,0.648246,0.517175,0.648322,0.762907,0.841572,0.730192,0.732581,0.784724,0.515134,0.6952,0.626272,0.410588,0.745876,0.529943,0.531107,0.516588,0.619796,0.474361,0.479604,0.59221,0.316215,0.307218,0.336076,0.234789,0.55259,0.681001,0.624005,0.96121,0.896593,0.782276,0.658034,0.601733,0.684236,0.541698,0.640269,0.779459,0.827008,0.73638,0.788039,0.85914,0.48168,0.578607,0.251403,0.244736,0.743698,0.558132,0.538805,0.458698,0.571967,0.480167,0.602108,0.66954,0.303761,0.265578,0.254435,0.184911,0.586445,0.675807,0.61769,0.406667,0.621426,0.510416,0.542956,0.515894,0.685155,0.616391,0.560169,0.279123,0.659354,0.593907,0.603666,0.600443,0.7086,0.840538,0.845885,0.664462,0.565784,0.767351,0.796467,0.80942,0.827288,0.851045,0.850659,0.911214,0.845743,0.753172,0.773912,0.805109,0.720949,0.690948,0.657966,0.276531,0.719089,0.502112,0.539583,0.440851,0.543567,0.590888,0.517347,0.294839,0.278361,0.295279,0.41551,0.509828,0.590995,0.602006,0.579591,0.715838,0.668198,0.533847,0.60157,0.618567,0.72508,0.678453,0.834231,0.378749,0.560458,0.470662,0.435106,0.431209,0.464867,0.374929,0.702427,0.639426,0.637377,0.496031,0.61389,0.516626,0.588985,0.579704,0.765008,0.343025,0.518282,0.516069,0.409219,0.374141,0.375843,0.316458,0.439702,0.978156,0.952191,0.872789,0.505192,0.528802,0.528158,0.522418,0.533578,0.253293,0.62827,0.762759,0.774523,0.793472,0.649302,0.662998,0.785321,0.559226,0.636592,0.465115,0.552761,0.491912,0.537886,0.559709,0.687784,0.338397,0.604624,0.546092,0.509483,0.388261,0.377467,0.351915,0.44813,0.51536,0.616886,0.607064,0.597468,0.462231,0.444117,0.548364,0.653228,0.373955,0.663807,0.679039,0.64834,0.235925,0.238167,0.26167,0.527942,0.55639,0.631044,0.599816,0.583269,0.497332,0.517332,0.593662,0.742524,0.441915,0.520217,0.478232,0.371864,0.257986,0.249262,0.568906,0.700819,0.941929,0.950562,0.914647,0.605622,0.540779,0.682969,0.620745,0.644394,0.896766,0.74637,0.76399,0.796304,0.829546,0.799015,0.789697,0.590273,0.696377,0.763158,0.433961,0.769738,0.666178,0.702653,0.729649,0.817294,0.767618,0.760265,0.758682,0.605847,0.908305,0.90764,0.95196,0.934506,0.920661,0.954023,0.895449,0.633623,0.527888,0.709483,0.614967,0.662944,0.869038,0.768336,0.797318,0.799099,0.842808,0.874422,0.758474,0.457482,,,,,,,,,,,,,,,,
15.6GPa_4.0-9.0,0.967983,0.975073,0.775352,0.681631,0.672582,0.729914,0.60682,0.751123,0.815906,0.819521,0.70473,0.687973,0.722133,0.463765,0.736851,0.632013,0.445195,0.740848,0.606824,0.565675,0.587495,0.599335,0.480272,0.493567,0.607622,0.319898,0.304031,0.343945,0.210019,0.606682,0.710125,0.686152,0.96558,0.963761,0.78701,0.731934,0.697039,0.753459,0.630385,0.737751,0.828859,0.801195,0.711534,0.774218,0.850873,0.475399,0.574377,0.235333,0.273485,0.765706,0.623936,0.569791,0.533418,0.576118,0.509321,0.653193,0.687323,0.265745,0.241775,0.243074,0.166006,0.641221,0.710909,0.682211,0.453678,0.643398,0.592891,0.584288,0.596308,0.667828,0.641102,0.543159,0.303473,0.685271,0.651674,0.641492,0.634908,0.60445,0.813036,0.725052,0.668586,0.657029,0.842122,0.708862,0.854938,0.794546,0.831229,0.847538,0.878758,0.837696,0.787103,0.762144,0.720444,0.757769,0.724144,0.737921,0.279215,0.760057,0.584898,0.559761,0.511222,0.528674,0.60255,0.550392,0.318448,0.264432,0.269329,0.426456,0.488163,0.640934,0.64147,0.648505,0.687264,0.709879,0.589657,0.594256,0.687323,0.77028,0.760391,0.885589,0.413752,0.542388,0.468275,0.435555,0.430119,0.480536,0.378949,0.757902,0.616346,0.674372,0.544336,0.611866,0.58537,0.643971,0.662383,0.800373,0.378722,0.526298,0.544822,0.485375,0.432256,0.440415,0.367559,0.444786,0.917935,0.987734,0.889029,0.523943,0.579668,0.596952,0.571268,0.595336,0.245601,0.569165,0.772669,0.741195,0.690544,0.580763,0.708128,0.78984,0.560668,0.689252,0.511158,0.58618,0.55687,0.59808,0.639345,0.700556,0.367325,0.65621,0.541504,0.525209,0.453529,0.459604,0.412796,0.477324,0.526481,0.668188,0.634595,0.648449,0.527991,0.505956,0.630701,0.661168,0.397232,0.695781,0.668463,0.664646,0.245824,0.275453,0.249287,0.578786,0.552376,0.680633,0.628581,0.649354,0.561042,0.577118,0.676293,0.741457,0.47347,0.507781,0.432044,0.372155,0.270903,0.283186,0.578497,0.686341,0.908429,0.977411,0.94678,0.63264,0.614184,0.755011,0.714935,0.76007,0.938023,0.683282,0.719136,0.731151,0.728566,0.725922,0.807722,0.573358,0.745244,0.857497,0.49357,0.813506,0.743739,0.742919,0.757401,0.875677,0.834354,0.782145,0.757872,0.59118,0.904562,0.943873,0.962779,0.958548,0.907883,0.976495,0.927453,0.67741,0.64086,0.818549,0.750649,0.789298,0.913612,0.738958,0.825595,0.726782,0.735083,0.845145,0.824555,0.507047,0.956953,,,,,,,,,,,,,,,
15.6GPa_5.0-10.0,0.807568,0.831657,0.87914,0.590349,0.515189,0.616658,0.460374,0.601322,0.742833,0.717365,0.522511,0.556552,0.663091,0.456072,0.558765,0.557544,0.40537,0.647725,0.529725,0.511454,0.502138,0.617371,0.501408,0.414935,0.508424,0.334328,0.337025,0.347615,0.337432,0.529426,0.598105,0.607961,0.818816,0.834056,0.884198,0.64002,0.540887,0.653447,0.490641,0.59939,0.749134,0.721319,0.511379,0.642231,0.784173,0.51912,0.537999,0.274168,0.263179,0.648826,0.551837,0.527421,0.416504,0.572986,0.480254,0.547319,0.617957,0.353207,0.294317,0.302056,0.298118,0.577214,0.638302,0.606045,0.473057,0.623491,0.527077,0.525159,0.525112,0.670283,0.614332,0.510693,0.350207,0.640224,0.579987,0.599615,0.581934,0.698602,0.769354,0.683745,0.636642,0.601284,0.691257,0.700598,0.68678,0.803401,0.77178,0.683429,0.724894,0.690592,0.608996,0.503905,0.692831,0.772609,0.585829,0.526471,0.243317,0.61674,0.486951,0.490049,0.356248,0.541648,0.548016,0.456793,0.330642,0.302654,0.312632,0.429371,0.578871,0.580778,0.584004,0.585143,0.589889,0.602552,0.53104,0.572719,0.498837,0.662053,0.613367,0.768872,0.43734,0.611846,0.525033,0.479739,0.47898,0.351009,0.32682,0.660957,0.521039,0.572152,0.505534,0.593221,0.422703,0.534614,0.537713,0.740964,0.425936,0.530838,0.563592,0.473066,0.39153,0.412685,0.382465,0.450277,0.82192,0.791583,0.919549,0.484085,0.553627,0.536776,0.53079,0.551241,0.344794,0.473562,0.71655,0.678223,0.756126,0.511528,0.600513,0.780507,0.463444,0.600916,0.458387,0.552613,0.38064,0.467968,0.535771,0.534406,0.296021,0.589699,0.611992,0.573227,0.399967,0.422616,0.421298,0.494622,0.464363,0.595731,0.569368,0.590267,0.309356,0.343786,0.526097,0.494127,0.31033,0.653344,0.692041,0.63043,0.281917,0.355292,0.357239,0.552801,0.403398,0.605634,0.563384,0.582204,0.342789,0.439665,0.566726,0.666949,0.462113,0.504921,0.523759,0.379155,0.270106,0.370057,0.471582,0.542852,0.797614,0.78366,0.840274,0.468017,0.450657,0.585146,0.535221,0.556868,0.778553,0.488061,0.654695,0.722905,0.738755,0.624732,0.621994,0.359564,0.445646,0.623716,0.477987,0.746474,0.637663,0.669733,0.693364,0.783604,0.684275,0.651308,0.673383,0.609829,0.855245,0.792267,0.802915,0.78093,0.773971,0.791643,0.644584,0.411295,0.461721,0.627717,0.576838,0.5983,0.760721,0.710936,0.728861,0.694901,0.715532,0.746873,0.754323,0.461036,0.855774,0.831475,,,,,,,,,,,,,,
15.6GPa_6.0-11.0,0.648459,0.630829,0.499288,0.749402,0.682953,0.702859,0.669914,0.564861,0.772363,0.388691,0.384507,0.444183,0.604902,0.586846,0.623317,0.509934,0.431571,0.416607,0.58221,0.574433,0.562393,0.589831,0.626137,0.331538,0.455397,0.556164,0.491855,0.476246,0.433452,0.5713,0.632114,0.633125,0.660366,0.630542,0.502727,0.718007,0.690995,0.710289,0.673276,0.609481,0.775109,0.458496,0.462487,0.55427,0.699366,0.690065,0.678597,0.623123,0.27466,0.448441,0.624554,0.608411,0.5499,0.588602,0.640551,0.466798,0.603602,0.584472,0.550282,0.38764,0.419707,0.636649,0.637842,0.619654,0.575982,0.546224,0.538748,0.546866,0.526436,0.635989,0.707481,0.512159,0.480915,0.632373,0.616183,0.644565,0.655572,0.387312,0.520206,0.469078,0.468551,0.346492,0.724875,0.712244,0.649203,0.55951,0.572626,0.460577,0.580869,0.406884,0.607363,0.561753,0.45015,0.516242,0.637325,0.695123,0.167908,0.482302,0.589602,0.545568,0.5047,0.53375,0.595323,0.313293,0.411453,0.416055,0.393544,0.556435,0.529124,0.624949,0.623598,0.584892,0.549091,0.570826,0.670925,0.613574,0.667057,0.69157,0.672937,0.650184,0.533629,0.55768,0.393658,0.441428,0.435078,0.503702,0.466531,0.654125,0.498542,0.581214,0.661013,0.611164,0.592189,0.616408,0.609126,0.617394,0.538557,0.503606,0.438246,0.462191,0.358402,0.367966,0.390919,0.661985,0.486605,0.538817,0.560461,0.934529,0.762098,0.726623,0.753433,0.680519,0.340291,0.517453,0.678835,0.702739,0.613154,0.62115,0.681483,0.778936,0.454488,0.607104,0.606782,0.581904,0.571938,0.585559,0.586779,0.571735,0.508752,0.640377,0.581699,0.519078,0.356604,0.368782,0.384898,0.664092,0.454928,0.622524,0.637491,0.630195,0.539255,0.493645,0.578924,0.56187,0.520376,0.69804,0.726353,0.656483,0.364917,0.364018,0.377801,0.686251,0.43159,0.641602,0.640653,0.63112,0.558506,0.552698,0.608233,0.617001,0.63778,0.67549,0.637619,0.518478,0.439712,0.404729,0.593857,0.567504,0.44766,0.533801,0.571492,0.900156,0.666871,0.684815,0.682951,0.617988,0.672082,0.420301,0.527148,0.45784,0.451166,0.591024,0.634314,0.32343,0.587934,0.454927,0.669866,0.727476,0.704445,0.752089,0.779722,0.428208,0.573229,0.59067,0.577026,0.738376,0.514464,0.584167,0.606582,0.628444,0.414912,0.514187,0.509017,0.81978,0.638815,0.640232,0.606062,0.565088,0.627163,0.704006,0.751149,0.399039,0.42656,0.503879,0.524555,0.543694,0.582943,0.58256,0.576762,,,,,,,,,,,,,
15.6GPa_7.0-12.0,0.803691,0.817678,0.662447,0.816763,0.919786,0.933253,0.875217,0.855562,0.918453,0.621795,0.523644,0.569868,0.667623,0.660514,0.77696,0.691217,0.503047,0.52238,0.758701,0.705366,0.736691,0.651981,0.692099,0.489507,0.643488,0.612281,0.619908,0.636787,0.500469,0.756144,0.805458,0.826675,0.819739,0.822726,0.671939,0.839852,0.934902,0.942111,0.893326,0.883858,0.91458,0.709899,0.613846,0.717977,0.814558,0.757455,0.737483,0.491569,0.330622,0.600889,0.815669,0.765976,0.750739,0.702625,0.760144,0.680262,0.744769,0.527413,0.498974,0.441132,0.437322,0.780137,0.79659,0.812236,0.661339,0.654084,0.681246,0.645246,0.673583,0.704592,0.797269,0.51934,0.575581,0.758395,0.806562,0.785661,0.784443,0.385147,0.659208,0.462679,0.535436,0.639794,0.894408,0.678672,0.720756,0.5671,0.657035,0.662721,0.726493,0.539417,0.736729,0.676716,0.462052,0.654793,0.670924,0.727577,0.22038,0.667581,0.788956,0.707653,0.676431,0.622364,0.697147,0.47689,0.512449,0.460647,0.441669,0.608617,0.579913,0.744383,0.748407,0.761375,0.700437,0.785826,0.856337,0.757606,0.857785,0.896493,0.886572,0.836467,0.639415,0.635042,0.558022,0.53717,0.569539,0.621053,0.578433,0.866547,0.658411,0.787548,0.839087,0.757699,0.763964,0.79969,0.799246,0.764087,0.626459,0.498772,0.563096,0.610881,0.621919,0.64099,0.638601,0.74493,0.578789,0.750443,0.665564,0.782512,0.87885,0.905022,0.884968,0.8734,0.391875,0.60116,0.701568,0.651311,0.526386,0.653057,0.84688,0.880053,0.605609,0.821403,0.790716,0.757727,0.7183,0.751734,0.78575,0.694333,0.616859,0.835564,0.708686,0.728071,0.635301,0.656906,0.657317,0.751004,0.597697,0.817326,0.831611,0.833527,0.683274,0.640895,0.78609,0.665239,0.615088,0.878887,0.831405,0.835551,0.418439,0.434868,0.461767,0.795771,0.537359,0.827382,0.831791,0.841927,0.692254,0.695537,0.826375,0.728088,0.73636,0.753102,0.651033,0.608894,0.440856,0.446224,0.715683,0.680299,0.567689,0.752952,0.717379,0.772131,0.85769,0.902195,0.896209,0.888407,0.862606,0.528708,0.60616,0.497628,0.430014,0.58262,0.749535,0.426245,0.66821,0.750744,0.796644,0.871069,0.922222,0.924313,0.913941,0.677435,0.743285,0.784479,0.744616,0.637056,0.658694,0.805125,0.792922,0.829864,0.576727,0.735038,0.705401,0.808553,0.91722,0.927044,0.886687,0.882292,0.810867,0.838101,0.874781,0.409309,0.396133,0.659295,0.779585,0.702616,0.694137,0.774832,0.64293,0.724627,,,,,,,,,,,,
15.6GPa_8.0-13.0,0.839226,0.844068,0.664355,0.816408,0.90369,0.912899,0.85859,0.876573,0.921411,0.672717,0.589102,0.62632,0.70089,0.657731,0.808998,0.710703,0.499131,0.556044,0.750031,0.697283,0.731525,0.651673,0.679534,0.505872,0.652282,0.583212,0.597321,0.621895,0.470786,0.75623,0.817741,0.832902,0.851133,0.843944,0.673699,0.844483,0.920547,0.921403,0.876487,0.895123,0.91846,0.746963,0.671139,0.75982,0.835941,0.735001,0.727809,0.466144,0.325628,0.633,0.801456,0.747281,0.734659,0.684297,0.738596,0.699784,0.754468,0.498886,0.477448,0.425008,0.406008,0.780999,0.804845,0.820037,0.647539,0.66444,0.683103,0.650859,0.681161,0.709625,0.792064,0.534238,0.555964,0.766016,0.810661,0.783551,0.78271,0.365282,0.662885,0.482202,0.54501,0.647444,0.901007,0.662924,0.740401,0.567389,0.682444,0.72004,0.776127,0.590982,0.764724,0.729891,0.509543,0.655412,0.666679,0.746504,0.231782,0.699958,0.770257,0.690799,0.670241,0.610292,0.694159,0.501841,0.499846,0.453259,0.43947,0.602943,0.57066,0.743956,0.748543,0.767913,0.723286,0.801138,0.830459,0.73515,0.851928,0.889185,0.886936,0.865959,0.630178,0.63617,0.549728,0.535542,0.577066,0.611476,0.553252,0.876366,0.679775,0.799562,0.809667,0.736962,0.754546,0.788661,0.79521,0.786259,0.614652,0.510618,0.553255,0.608836,0.636294,0.648785,0.633109,0.728177,0.623037,0.799636,0.691288,0.758728,0.855576,0.888493,0.864478,0.864038,0.386376,0.638129,0.714437,0.686361,0.550642,0.665071,0.85014,0.881725,0.624471,0.83035,0.762952,0.730539,0.715419,0.747312,0.780304,0.718859,0.6056,0.835055,0.699888,0.718372,0.652525,0.666832,0.656076,0.734427,0.608817,0.822559,0.81997,0.816077,0.688053,0.647219,0.778975,0.691187,0.610218,0.875222,0.823008,0.83103,0.424229,0.433534,0.450698,0.786866,0.569661,0.832624,0.819542,0.82483,0.702395,0.705818,0.823298,0.747001,0.721881,0.731413,0.630507,0.595943,0.438091,0.441613,0.713196,0.690453,0.617545,0.801286,0.751952,0.773466,0.848394,0.90619,0.894457,0.900701,0.888456,0.558931,0.614268,0.528525,0.470553,0.628356,0.787461,0.478563,0.718131,0.796262,0.773068,0.870938,0.912806,0.914512,0.908114,0.722358,0.779964,0.812315,0.769636,0.626775,0.694929,0.838292,0.832351,0.864467,0.629457,0.781867,0.766282,0.822751,0.905104,0.931918,0.886632,0.899749,0.84159,0.815307,0.871888,0.460145,0.448726,0.702259,0.800152,0.697681,0.730199,0.815479,0.648817,0.704392,0.991842,,,,,,,,,,,
15.6GPa_9.0-14.0,0.836035,0.835565,0.653717,0.834647,0.90881,0.920298,0.859778,0.880394,0.932242,0.650819,0.589481,0.6208,0.688986,0.662925,0.816615,0.711671,0.51111,0.554947,0.762899,0.708307,0.733245,0.651516,0.686435,0.507942,0.666487,0.603622,0.598708,0.619815,0.484927,0.771548,0.817541,0.844707,0.849246,0.838471,0.664953,0.858924,0.919786,0.924622,0.875117,0.899565,0.930574,0.736886,0.677129,0.764263,0.842128,0.75478,0.739248,0.483384,0.336752,0.640874,0.808055,0.751636,0.724236,0.681255,0.734669,0.700717,0.758094,0.522272,0.493525,0.432284,0.420624,0.796283,0.813955,0.833578,0.670281,0.68286,0.706373,0.672776,0.702309,0.713741,0.807552,0.54283,0.56936,0.777664,0.820925,0.796689,0.796586,0.352942,0.635453,0.494722,0.588631,0.681242,0.89442,0.665678,0.722662,0.553677,0.647379,0.706238,0.764178,0.602379,0.801798,0.728216,0.464369,0.678609,0.688325,0.727156,0.229708,0.704097,0.77279,0.694199,0.657151,0.599905,0.681953,0.501085,0.5098,0.455253,0.43684,0.605915,0.572876,0.772867,0.772276,0.791101,0.731647,0.821121,0.832349,0.732513,0.846035,0.886311,0.873216,0.864708,0.635348,0.633049,0.550323,0.518198,0.562272,0.634516,0.576819,0.893399,0.686011,0.819675,0.811048,0.734618,0.747527,0.78592,0.784454,0.785613,0.621052,0.526485,0.557879,0.596537,0.628539,0.651216,0.635966,0.749142,0.608356,0.784198,0.658303,0.782585,0.872374,0.901971,0.879863,0.879569,0.388197,0.633052,0.74345,0.689003,0.536446,0.6852,0.862929,0.893595,0.629534,0.844072,0.753607,0.729682,0.710273,0.744402,0.778676,0.72421,0.617916,0.849708,0.720013,0.739211,0.646366,0.666198,0.657154,0.753261,0.614057,0.834819,0.807442,0.813955,0.681416,0.635168,0.779252,0.695953,0.620814,0.885412,0.830367,0.844413,0.423495,0.438397,0.454433,0.808366,0.575734,0.845903,0.808347,0.825678,0.69598,0.693382,0.826671,0.754685,0.739497,0.743065,0.646587,0.608585,0.448955,0.453587,0.735674,0.709268,0.607806,0.79017,0.722401,0.785433,0.849842,0.907313,0.899761,0.911157,0.897451,0.582655,0.636202,0.490942,0.434968,0.628369,0.808092,0.477969,0.719672,0.801813,0.784822,0.884235,0.91439,0.917079,0.911825,0.701947,0.759562,0.824732,0.782376,0.65487,0.698537,0.845408,0.830528,0.865227,0.62088,0.770857,0.732336,0.834194,0.903196,0.93536,0.891214,0.913551,0.857633,0.829783,0.897116,0.422435,0.418125,0.702479,0.78363,0.687862,0.713554,0.797016,0.633472,0.72505,0.99168,0.994363,,,,,,,,,,
15.6GPa_10.0-15.0,0.818108,0.85955,0.702037,0.765589,0.804457,0.826929,0.724811,0.920502,0.892455,0.639281,0.595731,0.583718,0.587475,0.554415,0.789733,0.666474,0.477404,0.578076,0.745328,0.671703,0.71331,0.605327,0.613629,0.519575,0.640725,0.463149,0.481398,0.540278,0.451898,0.751085,0.760738,0.832459,0.831328,0.871998,0.716182,0.817198,0.808038,0.824352,0.745485,0.909112,0.889846,0.702235,0.652021,0.735703,0.79685,0.663612,0.62586,0.38166,0.328249,0.678857,0.746938,0.667817,0.635698,0.59584,0.614468,0.715526,0.723608,0.392055,0.382881,0.406703,0.408727,0.784958,0.798914,0.839883,0.656945,0.7103,0.752659,0.693855,0.755355,0.664741,0.737596,0.491729,0.514268,0.746848,0.803185,0.760372,0.755848,0.310464,0.585874,0.458826,0.661694,0.809477,0.816929,0.503609,0.690056,0.521614,0.597621,0.733715,0.717614,0.678168,0.825519,0.657418,0.392633,0.751793,0.663626,0.649085,0.230841,0.73044,0.698102,0.620583,0.580839,0.535067,0.606385,0.534003,0.460974,0.360087,0.34977,0.545531,0.585043,0.788934,0.773908,0.829152,0.684805,0.831334,0.716636,0.634172,0.739513,0.799337,0.795622,0.859075,0.576794,0.575846,0.519518,0.52974,0.574617,0.602773,0.539018,0.900096,0.63507,0.812176,0.686711,0.647975,0.656051,0.707623,0.721335,0.774421,0.566059,0.488371,0.548928,0.668487,0.70076,0.734925,0.683064,0.662729,0.616503,0.807364,0.694979,0.60559,0.770426,0.821764,0.773625,0.845003,0.406885,0.562392,0.757826,0.629443,0.465979,0.558698,0.773927,0.808049,0.612046,0.841496,0.621082,0.646631,0.627973,0.676275,0.742704,0.678291,0.547033,0.810201,0.666469,0.698132,0.728184,0.761157,0.72149,0.689548,0.599651,0.819874,0.688354,0.737822,0.598113,0.570381,0.747759,0.643134,0.545417,0.831032,0.742884,0.763263,0.454264,0.523924,0.478467,0.780004,0.557394,0.824819,0.688905,0.765217,0.618841,0.635228,0.804328,0.726654,0.672654,0.583328,0.514174,0.50529,0.448708,0.527081,0.685615,0.658864,0.647089,0.814938,0.746082,0.610208,0.713642,0.815036,0.81185,0.906209,0.899165,0.539752,0.606147,0.426822,0.385553,0.544727,0.794301,0.4644,0.686659,0.897504,0.719686,0.863455,0.87942,0.836419,0.833574,0.805372,0.757678,0.797837,0.753749,0.61345,0.759163,0.888335,0.835318,0.869167,0.684036,0.805696,0.713107,0.671071,0.816983,0.913458,0.894528,0.966972,0.8998,0.720131,0.838011,0.374318,0.384533,0.702153,0.834034,0.611212,0.695779,0.810033,0.664996,0.553877,0.904383,0.921985,0.925723,,,,,,,,,
15.6GPa_11.0-16.0,0.88742,0.908836,0.770086,0.874763,0.851645,0.888912,0.783962,0.867079,0.965038,0.683637,0.596496,0.626764,0.722909,0.656296,0.840899,0.748682,0.567792,0.670688,0.805711,0.757758,0.768764,0.74224,0.719677,0.571524,0.709919,0.582225,0.543461,0.580356,0.486824,0.795715,0.828684,0.868702,0.899548,0.918881,0.780119,0.89799,0.853722,0.889664,0.796228,0.874578,0.970749,0.7519,0.657177,0.770721,0.900796,0.754793,0.77138,0.500147,0.402247,0.735178,0.822116,0.763192,0.699836,0.72924,0.723802,0.744055,0.806428,0.562535,0.526954,0.502379,0.479612,0.856518,0.865471,0.862376,0.71432,0.782707,0.792112,0.757857,0.778871,0.79454,0.846436,0.65303,0.588395,0.834179,0.840277,0.842994,0.838878,0.479962,0.728097,0.608111,0.669983,0.731961,0.899152,0.732027,0.791753,0.679676,0.712139,0.699102,0.760699,0.674918,0.866016,0.691563,0.543241,0.82529,0.815085,0.736311,0.305825,0.76351,0.768326,0.710366,0.646461,0.665505,0.737529,0.579787,0.536209,0.466419,0.446578,0.648235,0.684774,0.847271,0.843075,0.843452,0.749162,0.832255,0.806897,0.746418,0.818933,0.880651,0.845287,0.896957,0.631274,0.657183,0.60132,0.594663,0.557348,0.628974,0.567823,0.916024,0.69115,0.82051,0.774742,0.758915,0.741027,0.797551,0.781165,0.846539,0.620781,0.609112,0.6854,0.681025,0.569609,0.605413,0.567871,0.731951,0.715054,0.829724,0.7878,0.780116,0.829178,0.835221,0.821147,0.820097,0.458097,0.635427,0.886918,0.785518,0.692813,0.683549,0.845617,0.915716,0.648735,0.853942,0.703674,0.740722,0.713362,0.766129,0.800854,0.773833,0.613187,0.856042,0.741452,0.737825,0.586491,0.619944,0.598414,0.757138,0.645347,0.852635,0.774132,0.814724,0.661328,0.648195,0.80481,0.744179,0.62325,0.874805,0.846618,0.852153,0.419836,0.474625,0.446962,0.828178,0.588426,0.865918,0.774095,0.830239,0.686425,0.717495,0.850469,0.831483,0.744215,0.70369,0.66829,0.596416,0.464915,0.495635,0.717361,0.723385,0.70672,0.832591,0.829488,0.786543,0.76698,0.859659,0.84919,0.877261,0.956551,0.60589,0.734882,0.584203,0.566863,0.667024,0.838576,0.553375,0.732573,0.814207,0.781177,0.947865,0.913746,0.910822,0.91471,0.803977,0.837066,0.846511,0.824967,0.742345,0.812014,0.902465,0.879699,0.907934,0.707031,0.823833,0.750991,0.794435,0.796157,0.89286,0.860159,0.870653,0.929348,0.838019,0.933398,0.514432,0.533375,0.742249,0.796065,0.60072,0.807106,0.859795,0.763321,0.750287,0.90253,0.902281,0.916145,0.891433,,,,,,,,
15.6GPa_12.0-17.0,0.635947,0.547035,0.586047,0.60335,0.488217,0.535721,0.406168,0.657189,0.704399,0.634398,0.762916,0.739383,0.637288,0.653457,0.769525,0.715919,0.641575,0.751237,0.661012,0.665378,0.619739,0.715275,0.677137,0.734834,0.743746,0.547296,0.499738,0.527913,0.53179,0.756012,0.782891,0.802415,0.639651,0.550822,0.591852,0.637734,0.485605,0.540252,0.416494,0.624736,0.721257,0.67431,0.790358,0.798015,0.733923,0.655073,0.568391,0.4803,0.594986,0.826923,0.652936,0.626501,0.475436,0.599978,0.562181,0.812328,0.793096,0.521442,0.469649,0.471649,0.507263,0.774524,0.840287,0.820694,0.737094,0.849934,0.67573,0.715477,0.720272,0.776095,0.778584,0.614518,0.654057,0.837262,0.812523,0.80126,0.802644,0.252981,0.377423,0.536554,0.732974,0.659887,0.408348,0.347417,0.327113,0.29743,0.362651,0.710277,0.688625,0.720143,0.805268,0.720172,0.387009,0.587325,0.420673,0.32372,0.538818,0.843047,0.526615,0.578935,0.42658,0.534509,0.549732,0.703232,0.640587,0.501716,0.481089,0.547989,0.612128,0.825766,0.80872,0.826514,0.855584,0.919067,0.565231,0.575533,0.502709,0.612292,0.512365,0.762693,0.616968,0.678019,0.559072,0.504119,0.539724,0.686341,0.6288,0.85137,0.853047,0.916201,0.553544,0.599899,0.47117,0.561533,0.499444,0.771018,0.608749,0.655089,0.564272,0.482118,0.569866,0.632579,0.620846,0.712236,0.552359,0.595688,0.382332,0.479068,0.578267,0.596775,0.578728,0.674568,0.607914,0.692222,0.723341,0.670303,0.537335,0.627692,0.529892,0.663367,0.813619,0.877647,0.471475,0.540699,0.500324,0.569693,0.595984,0.788665,0.641056,0.781181,0.718105,0.735224,0.604962,0.614351,0.657448,0.686488,0.801099,0.846311,0.620835,0.636981,0.498765,0.461075,0.606129,0.761403,0.63952,0.768387,0.708985,0.72598,0.408645,0.424506,0.508861,0.694018,0.74117,0.837574,0.612486,0.620824,0.507418,0.495791,0.6666,0.839074,0.720479,0.513334,0.49772,0.469359,0.40267,0.424217,0.692692,0.735081,0.61616,0.640238,0.442671,0.420562,0.361108,0.47618,0.438679,0.557804,0.710865,0.673864,0.624028,0.435027,0.40388,0.654913,0.844022,0.666634,0.609938,0.783058,0.57148,0.724638,0.590807,0.624128,0.646538,0.574404,0.524607,0.758478,0.75512,0.659913,0.694479,0.726624,0.698809,0.678039,0.642142,0.628828,0.503871,0.473643,0.392007,0.530112,0.45042,0.6587,0.722218,0.541069,0.669802,0.429122,0.456741,0.702601,0.492244,0.391842,0.55228,0.561021,0.471665,0.425769,0.615449,0.636539,0.667713,0.712416,0.682997,,,,,,,
15.6GPa_13.0-18.0,0.651464,0.569239,0.610789,0.67273,0.510665,0.558452,0.438967,0.641002,0.738914,0.63042,0.729807,0.735943,0.675685,0.696849,0.781774,0.784057,0.642102,0.75214,0.682406,0.698962,0.65479,0.76877,0.728397,0.720084,0.716095,0.56087,0.523162,0.548639,0.549375,0.736208,0.79618,0.807566,0.656915,0.571999,0.609544,0.697595,0.512639,0.565611,0.44947,0.617927,0.749031,0.673358,0.756266,0.780389,0.753899,0.690198,0.647558,0.587596,0.588618,0.805414,0.687885,0.669986,0.523442,0.64913,0.622434,0.802327,0.811486,0.566061,0.498924,0.492761,0.540111,0.781831,0.849471,0.821652,0.739916,0.855836,0.683017,0.724521,0.714237,0.818488,0.809738,0.685227,0.676346,0.85121,0.818082,0.821351,0.824538,0.328671,0.469838,0.566127,0.657701,0.572329,0.465777,0.43109,0.38725,0.360132,0.428474,0.694361,0.694687,0.667737,0.77717,0.675199,0.458291,0.575459,0.471167,0.39282,0.535936,0.82292,0.561011,0.611905,0.4808,0.605217,0.621309,0.680853,0.636774,0.555895,0.526164,0.633369,0.657664,0.817393,0.815698,0.817249,0.86557,0.882032,0.608272,0.623411,0.545243,0.651706,0.553976,0.775359,0.650105,0.717733,0.533095,0.541252,0.56158,0.643408,0.613227,0.843913,0.866438,0.885328,0.59658,0.64377,0.51824,0.608958,0.543762,0.809221,0.671006,0.668849,0.552998,0.553148,0.543217,0.593841,0.594189,0.738042,0.581279,0.597257,0.464536,0.545991,0.606272,0.611604,0.604764,0.673919,0.665388,0.752927,0.741774,0.733643,0.636746,0.639418,0.549566,0.711006,0.830377,0.864129,0.523878,0.575053,0.538084,0.615494,0.629507,0.811879,0.664668,0.785914,0.742103,0.728966,0.571888,0.57916,0.629785,0.713029,0.816408,0.846651,0.667211,0.670486,0.520068,0.508481,0.638192,0.78134,0.647931,0.783555,0.751837,0.717116,0.427637,0.447654,0.526694,0.716612,0.760739,0.840474,0.658302,0.654281,0.531219,0.544164,0.69065,0.860609,0.742847,0.567876,0.552068,0.450105,0.42041,0.447212,0.72173,0.723048,0.61865,0.635269,0.49812,0.494883,0.388874,0.495376,0.455702,0.542876,0.72078,0.657419,0.642121,0.490915,0.492278,0.681012,0.827369,0.700947,0.626284,0.721179,0.613285,0.74905,0.625221,0.667788,0.697434,0.632617,0.587094,0.745814,0.751176,0.663018,0.691398,0.712281,0.69906,0.680231,0.628357,0.624573,0.528475,0.511086,0.408604,0.529245,0.460656,0.621142,0.717968,0.596178,0.683892,0.497853,0.525862,0.6696,0.49039,0.408821,0.595812,0.579805,0.531435,0.499854,0.622017,0.642654,0.664716,0.687237,0.716574,0.940655,,,,,,
15.6GPa_14.0-19.0,0.30297,0.268193,0.423901,0.513952,0.422919,0.435372,0.410404,0.451533,0.493341,0.387317,0.395421,0.4853,0.522344,0.625834,0.624,0.665814,0.725923,0.649401,0.638688,0.673987,0.648158,0.735326,0.716296,0.699239,0.612925,0.599295,0.607254,0.588727,0.549801,0.629838,0.669737,0.687082,0.309278,0.267611,0.405117,0.504341,0.420208,0.43346,0.408705,0.447613,0.496241,0.436234,0.423699,0.490901,0.500359,0.556289,0.644386,0.559575,0.761377,0.641911,0.661132,0.668656,0.564171,0.651021,0.645675,0.747232,0.720222,0.565787,0.53268,0.492495,0.539931,0.663501,0.694459,0.678294,0.706478,0.738128,0.573236,0.610101,0.597503,0.726095,0.705222,0.643977,0.734873,0.726498,0.726163,0.741506,0.735384,0.226733,0.376962,0.227216,0.277154,0.247099,0.288545,0.295743,0.188334,0.163788,0.234758,0.291902,0.354394,0.243592,0.426779,0.347644,0.322411,0.265535,0.251932,0.319453,0.69262,0.671806,0.555262,0.591959,0.521479,0.638823,0.630117,0.641954,0.737022,0.672514,0.637209,0.658887,0.56256,0.643745,0.669502,0.656361,0.657639,0.652685,0.577739,0.582153,0.446097,0.511693,0.447501,0.505663,0.654811,0.645618,0.525023,0.556302,0.528851,0.492998,0.493051,0.606269,0.702844,0.682029,0.57141,0.586028,0.485166,0.555061,0.501763,0.641934,0.684169,0.506036,0.484567,0.53427,0.448554,0.474786,0.505138,0.608096,0.258797,0.270128,0.286655,0.405002,0.448181,0.443904,0.446267,0.446942,0.736834,0.604538,0.440809,0.464036,0.499468,0.432279,0.403833,0.468318,0.723928,0.708293,0.524858,0.526368,0.503271,0.578104,0.582582,0.662037,0.647972,0.665393,0.647811,0.621387,0.466299,0.470895,0.534711,0.607953,0.757287,0.726758,0.624438,0.620181,0.469635,0.492238,0.595639,0.634802,0.606813,0.617646,0.612856,0.576616,0.353029,0.361219,0.441089,0.542704,0.601323,0.711105,0.604028,0.589494,0.456456,0.495958,0.605709,0.697717,0.671938,0.518239,0.520277,0.388142,0.325726,0.325052,0.522211,0.487346,0.259722,0.294598,0.269888,0.29739,0.314042,0.34688,0.316871,0.325705,0.397664,0.318688,0.38539,0.353842,0.34633,0.425369,0.520143,0.520573,0.403818,0.423291,0.51675,0.500215,0.46015,0.504014,0.516265,0.372096,0.43853,0.527183,0.545192,0.432524,0.325735,0.343212,0.351667,0.338865,0.249223,0.283531,0.271696,0.277737,0.268923,0.27575,0.23817,0.281791,0.354439,0.384635,0.397703,0.304279,0.300487,0.338116,0.281308,0.323003,0.309335,0.294774,0.335734,0.312298,0.398216,0.401642,0.403696,0.375197,0.468948,0.704628,0.799244,,,,,
15.6GPa_15.0-20.0,0.779203,0.731227,0.604701,0.713838,0.743374,0.773376,0.76072,0.683994,0.760552,0.671583,0.536374,0.632134,0.81428,0.727132,0.74503,0.660573,0.457136,0.568751,0.582825,0.620971,0.612443,0.712851,0.652093,0.476038,0.598326,0.496134,0.583362,0.554741,0.415875,0.631531,0.730584,0.680518,0.77971,0.718794,0.610393,0.715281,0.76093,0.7877,0.761818,0.715023,0.764889,0.74922,0.606557,0.70709,0.813756,0.649132,0.77833,0.417746,0.316779,0.55456,0.653089,0.655521,0.590854,0.675828,0.653325,0.609309,0.678017,0.510383,0.544495,0.389766,0.343944,0.653292,0.697298,0.642086,0.50596,0.575022,0.514868,0.521571,0.49742,0.716927,0.689017,0.590782,0.477464,0.652509,0.666915,0.68549,0.673653,0.535261,0.709997,0.49311,0.370833,0.389202,0.808532,0.825395,0.682675,0.625809,0.693822,0.545949,0.728562,0.485338,0.624895,0.602926,0.680399,0.494544,0.594139,0.678316,0.27244,0.578522,0.585857,0.635104,0.564054,0.694913,0.746724,0.469041,0.458444,0.579794,0.597193,0.604853,0.590103,0.602138,0.623021,0.585242,0.625997,0.602282,0.669955,0.714677,0.693227,0.761547,0.721688,0.690976,0.525655,0.590993,0.56515,0.582796,0.556931,0.490658,0.419097,0.674163,0.581861,0.607896,0.643308,0.698559,0.610343,0.664104,0.645741,0.670975,0.505734,0.365339,0.497571,0.507683,0.448274,0.415054,0.382277,0.581373,0.684916,0.722871,0.711906,0.698659,0.649474,0.646318,0.655274,0.581523,0.387648,0.673776,0.669397,0.717718,0.757066,0.79415,0.840238,0.801329,0.526014,0.65193,0.599053,0.602177,0.568854,0.609373,0.620349,0.639245,0.499487,0.699432,0.651685,0.593189,0.44474,0.420445,0.391034,0.578228,0.526461,0.670825,0.694195,0.669513,0.529979,0.500867,0.614454,0.61784,0.506087,0.734286,0.759061,0.73008,0.311745,0.276106,0.300662,0.57679,0.496642,0.686076,0.688824,0.651238,0.547705,0.564041,0.644406,0.70031,0.58358,0.776276,0.746568,0.546743,0.349899,0.257963,0.591444,0.641497,0.600574,0.715489,0.73634,0.712211,0.788361,0.830402,0.779288,0.703715,0.758514,0.532896,0.667417,0.730612,0.734879,0.787987,0.70349,0.507825,0.635735,0.568202,0.589852,0.692188,0.71937,0.773548,0.791885,0.596624,0.729071,0.782714,0.794689,0.607434,0.616321,0.701651,0.759527,0.758388,0.561214,0.700812,0.725472,0.71391,0.679954,0.679176,0.605518,0.545292,0.68033,0.753786,0.73737,0.609969,0.638204,0.717795,0.682006,0.57003,0.782736,0.760217,0.684195,0.660625,0.735058,0.745788,0.728394,0.607642,0.790985,0.469026,0.549598,0.506743,,,,
15.6GPa_16.0-21.0,0.601333,0.533053,0.416472,0.693228,0.699207,0.708417,0.745533,0.586527,0.6865,0.434923,0.355095,0.468191,0.692722,0.738373,0.684001,0.618342,0.450959,0.42116,0.566503,0.637059,0.591421,0.687481,0.69577,0.399071,0.557998,0.557048,0.652508,0.579383,0.529908,0.613644,0.660881,0.641916,0.608058,0.525505,0.421769,0.659583,0.699315,0.707969,0.732126,0.64079,0.686958,0.570277,0.464587,0.55925,0.69457,0.702634,0.81093,0.509564,0.332684,0.411257,0.617037,0.641651,0.523294,0.623547,0.636492,0.518671,0.6311,0.604859,0.647221,0.408234,0.433484,0.629683,0.627848,0.600623,0.561196,0.538483,0.52649,0.547134,0.497903,0.677656,0.682342,0.560495,0.548013,0.597582,0.636089,0.670305,0.665047,0.425897,0.5325,0.396403,0.291158,0.276088,0.706071,0.801885,0.542077,0.490418,0.50395,0.315371,0.538702,0.287643,0.566078,0.457233,0.457268,0.370638,0.576278,0.572221,0.237811,0.442941,0.528473,0.61401,0.5099,0.682872,0.70759,0.361243,0.517764,0.648839,0.66508,0.596462,0.559768,0.594083,0.618213,0.559481,0.553972,0.529872,0.629133,0.692759,0.608642,0.656435,0.607431,0.544125,0.571893,0.574859,0.551857,0.543105,0.546465,0.516427,0.473454,0.597478,0.519376,0.553079,0.615211,0.655466,0.541841,0.590185,0.558229,0.543681,0.552251,0.312056,0.426697,0.431954,0.414467,0.384123,0.375419,0.63429,0.462422,0.48115,0.472302,0.778841,0.676749,0.651704,0.682069,0.577206,0.430919,0.60459,0.620406,0.621455,0.640634,0.791849,0.832223,0.744879,0.468753,0.595107,0.538038,0.517579,0.514479,0.546721,0.548913,0.558147,0.55217,0.676377,0.66761,0.601276,0.403724,0.379326,0.354216,0.629179,0.482547,0.628397,0.600833,0.583929,0.477246,0.430393,0.54497,0.553406,0.551724,0.707818,0.750196,0.72757,0.377049,0.323519,0.343351,0.604256,0.429975,0.646374,0.597938,0.569337,0.493433,0.487036,0.5712,0.617064,0.633819,0.847098,0.832687,0.647837,0.45016,0.31844,0.609518,0.617725,0.360787,0.48151,0.493279,0.728868,0.785057,0.767885,0.735827,0.627618,0.617239,0.48407,0.641192,0.541936,0.534977,0.687851,0.601099,0.419635,0.538131,0.38134,0.615953,0.598141,0.654855,0.731153,0.755787,0.358127,0.560304,0.694305,0.709056,0.590368,0.400129,0.515695,0.570319,0.585025,0.310472,0.462693,0.488008,0.716898,0.633886,0.554173,0.499747,0.413483,0.549074,0.738838,0.685305,0.397544,0.42874,0.532745,0.554061,0.58949,0.577827,0.529421,0.494907,0.682801,0.631783,0.618972,0.630531,0.451469,0.688222,0.4101,0.488957,0.495854,0.905228,,,
15.6GPa_17.0-22.0,0.773039,0.788858,0.659645,0.870912,0.873595,0.882689,0.840844,0.853826,0.882843,0.621597,0.53614,0.589274,0.706017,0.654511,0.844867,0.74201,0.612002,0.649413,0.813857,0.765233,0.772118,0.726349,0.718774,0.620785,0.753227,0.63414,0.634085,0.617257,0.448203,0.803605,0.814415,0.865516,0.781549,0.790975,0.663985,0.878755,0.865478,0.868276,0.839689,0.868716,0.886875,0.709682,0.602375,0.710461,0.831037,0.709837,0.813828,0.5083,0.486008,0.705984,0.838739,0.77375,0.702484,0.710066,0.717231,0.782353,0.811984,0.597708,0.597791,0.474122,0.398936,0.840057,0.829358,0.845558,0.721336,0.76443,0.784975,0.737606,0.76593,0.774479,0.829041,0.674036,0.634796,0.818491,0.848108,0.846837,0.835762,0.35691,0.645461,0.447622,0.542608,0.655619,0.862046,0.661929,0.667432,0.517541,0.562143,0.55749,0.662122,0.545502,0.804508,0.606232,0.476258,0.681501,0.720127,0.70922,0.387055,0.742814,0.770105,0.70625,0.653181,0.6653,0.742496,0.646189,0.634633,0.616259,0.605429,0.699238,0.619903,0.819215,0.827714,0.829695,0.706482,0.793839,0.788819,0.724634,0.773745,0.831778,0.812456,0.833132,0.677098,0.650305,0.62284,0.561373,0.539468,0.580933,0.518916,0.861146,0.672141,0.791069,0.750361,0.72357,0.711023,0.770152,0.769111,0.820292,0.666303,0.571268,0.632106,0.62341,0.538143,0.562754,0.520561,0.687104,0.58256,0.729204,0.677134,0.735982,0.765577,0.778332,0.762461,0.734223,0.483857,0.623721,0.772726,0.695744,0.62281,0.676601,0.879885,0.860936,0.659582,0.834091,0.669946,0.682876,0.685732,0.744102,0.7864,0.725505,0.605678,0.866195,0.754038,0.746041,0.556814,0.58423,0.550145,0.727669,0.670552,0.84605,0.740363,0.778203,0.631823,0.632514,0.791403,0.701333,0.60722,0.843481,0.815989,0.843913,0.354627,0.389329,0.359101,0.763544,0.605036,0.857292,0.736656,0.790808,0.65363,0.698005,0.829937,0.791283,0.730452,0.74469,0.719784,0.602216,0.396625,0.391262,0.674431,0.670462,0.571181,0.732154,0.704707,0.716297,0.802529,0.866012,0.857466,0.863916,0.866097,0.522455,0.672874,0.500279,0.486308,0.639854,0.809352,0.556644,0.705996,0.752191,0.736047,0.835972,0.840383,0.849825,0.85251,0.707426,0.808038,0.852761,0.833336,0.661974,0.681615,0.795226,0.780499,0.809626,0.570135,0.718132,0.67483,0.740905,0.776123,0.823009,0.800276,0.788358,0.831107,0.756491,0.848867,0.434153,0.427578,0.667693,0.727529,0.584456,0.690512,0.760157,0.644309,0.656482,0.830834,0.840224,0.852486,0.798149,0.905418,0.659475,0.687539,0.583615,0.817807,0.771459,,
15.6GPa_18.0-23.0,0.262142,0.315986,0.443045,0.527988,0.489711,0.495035,0.456063,0.505738,0.558933,0.217484,0.203911,0.263303,0.386863,0.536544,0.531451,0.537531,0.461067,0.349465,0.601109,0.581288,0.585053,0.609329,0.657693,0.564198,0.573425,0.626156,0.68158,0.692423,0.63886,0.642845,0.644343,0.665749,0.284294,0.332011,0.432706,0.534972,0.486584,0.492609,0.464713,0.522123,0.552486,0.281014,0.231568,0.318615,0.438171,0.630726,0.522349,0.621592,0.458867,0.405333,0.632118,0.611675,0.55036,0.597877,0.618875,0.59349,0.637545,0.622114,0.658986,0.683548,0.666425,0.683218,0.680421,0.661123,0.671934,0.603595,0.55985,0.570128,0.582604,0.644559,0.683575,0.558115,0.709332,0.66914,0.675379,0.693593,0.691202,0.202966,0.347083,0.188644,0.299628,0.329186,0.358581,0.265944,0.274609,0.22387,0.231137,0.232322,0.232261,0.166017,0.404014,0.175429,0.135976,0.324638,0.394173,0.330815,0.338583,0.440248,0.555072,0.539019,0.493077,0.579331,0.575513,0.552747,0.675757,0.625045,0.610015,0.621661,0.594591,0.633232,0.691722,0.661813,0.505264,0.547592,0.626813,0.599274,0.503416,0.549033,0.518014,0.515369,0.677318,0.681032,0.653975,0.663769,0.570143,0.499762,0.566421,0.616496,0.521229,0.565722,0.633456,0.605216,0.533223,0.576082,0.553615,0.579993,0.701324,0.629152,0.698313,0.655852,0.524125,0.556909,0.603961,0.662628,0.136525,0.20387,0.269222,0.508899,0.594056,0.579345,0.57998,0.587876,0.603857,0.464119,0.451032,0.378349,0.349565,0.230829,0.387241,0.453304,0.596827,0.627669,0.570957,0.559761,0.539704,0.586706,0.606315,0.513207,0.632464,0.656229,0.641669,0.593889,0.518214,0.553505,0.604608,0.691308,0.61876,0.662261,0.584648,0.615286,0.489544,0.503759,0.613071,0.500783,0.605005,0.635996,0.63706,0.585225,0.459399,0.502753,0.537065,0.644097,0.531996,0.66002,0.585018,0.616396,0.485993,0.529839,0.624776,0.572291,0.695886,0.479156,0.486885,0.422598,0.445463,0.491765,0.518795,0.414255,0.160456,0.213386,0.237146,0.325657,0.348678,0.353795,0.367836,0.390583,0.390866,0.219817,0.410804,0.226013,0.136467,0.171237,0.349248,0.36889,0.360864,0.302974,0.690507,0.577151,0.579259,0.589435,0.595672,0.327741,0.384811,0.411217,0.414952,0.486108,0.263474,0.316383,0.289168,0.307742,0.160276,0.207009,0.190724,0.298656,0.385637,0.358305,0.371891,0.375741,0.370113,0.456992,0.452572,0.162723,0.100544,0.166123,0.37611,0.395194,0.206885,0.244606,0.327557,0.432215,0.469728,0.44044,0.456391,0.439929,0.503365,0.480323,0.509507,0.518828,0.309964,0.331462,0.547401,
