image,pressure_gpa,label,y,x,area_px,major_axis_px,minor_axis_px,eccentricity,orientation_deg,mean_intensity,max_intensity,mean_z,max_z,bbox_min_y,bbox_min_x,bbox_max_y,bbox_max_x,radius_px
raw_data/High_Pressure_PXRD/Data/Cell_29/1 GPa/UOTe-1GPa-10deg_rot_054.tif,1.0,1,5.95115804806992,878.8174217042972,145,22.53781905663589,8.314650832858922,0.9294611764705111,58.343669622564676,473.4482727050781,5951.0,80.76456451416016,1142.87646484375,0,869,14,889,625.4838256835938
raw_data/High_Pressure_PXRD/Data/Cell_29/1 GPa/UOTe-1GPa-10deg_rot_054.tif,1.0,2,23.506138306138308,584.7294483294484,30,9.745685971596123,3.8700336560022413,0.9177743823998121,81.71074434011834,214.5,606.0,29.399930953979492,96.7894287109375,22,581,26,591,500.0644226074219
raw_data/High_Pressure_PXRD/Data/Cell_29/1 GPa/UOTe-1GPa-10deg_rot_054.tif,1.0,3,33.781620236951646,297.2398334934358,28,8.544882155983368,4.269647163354452,0.8662140973509758,-62.25645997739811,223.07142639160156,791.0,26.825464248657227,102.79238891601562,31,294,37,302,531.7008056640625
raw_data/High_Pressure_PXRD/Data/Cell_29/1 GPa/UOTe-1GPa-10deg_rot_054.tif,1.0,4,40.45085803432137,829.5054602184088,8,4.242640687119285,2.449489742783178,0.816496580927726,45.0,80.125,116.0,9.168859481811523,15.176042556762695,39,828,43,832,571.9906005859375
raw_data/High_Pressure_PXRD/Data/Cell_29/1 GPa/UOTe-1GPa-10deg_rot_054.tif,1.0,5,58.04500928356489,540.4217299442986,45,11.332693194366495,5.027989881285556,0.8961896246817894,88.94643667494127,347.0888977050781,1748.0,41.96531677246094,230.9456329345703,56,535,61,547,461.8273010253906
raw_data/High_Pressure_PXRD/Data/Cell_29/1 GPa/UOTe-1GPa-10deg_rot_054.tif,1.0,6,68.47239605061883,534.9152412738144,30,8.937816846363637,4.192041006316156,0.8831859912855745,86.57536722102675,479.3999938964844,2222.0,59.813838958740234,294.8873596191406,67,532,71,541,451.27423095703125
raw_data/High_Pressure_PXRD/Data/Cell_29/1 GPa/UOTe-1GPa-10deg_rot_054.tif,1.0,7,90.28884677855983,776.7882069203131,68,14.487663532126565,6.124458299550668,0.9062528314069881,63.062771366080455,597.558837890625,4182.0,82.17650604248047,622.0303955078125,86,770,95,784,504.2837829589844
raw_data/High_Pressure_PXRD/Data/Cell_29/1 GPa/UOTe-1GPa-10deg_rot_054.tif,1.0,8,91.53783117683302,496.61515711645103,31,8.901476083820894,4.46397748842867,0.8651649878846086,-84.30087276993659,523.5484008789062,1939.0,74.35933685302734,263.8945007324219,90,494,95,503,428.2995300292969
raw_data/High_Pressure_PXRD/Data/Cell_29/1 GPa/UOTe-1GPa-10deg_rot_054.tif,1.0,9,103.03466826060968,494.7465630603706,16,4.69041575982343,4.415880433163924,0.3370999312316211,-71.56505117707799,313.6875,1413.0,37.32463073730469,185.61985778808594,101,494,106,499,417.0523681640625
raw_data/High_Pressure_PXRD/Data/Cell_29/1 GPa/UOTe-1GPa-10deg_rot_054.tif,1.0,10,103.9845422116528,485.23543400713436,5,2.5298221281347035,2.5298221281347035,0.0,-45.0,168.1999969482422,299.0,17.698637008666992,35.34331512451172,103,484,106,487,416.5706481933594
raw_data/High_Pressure_PXRD/Data/Cell_29/1 GPa/UOTe-1GPa-10deg_rot_054.tif,1.0,11,110.55906369080022,566.3756124115406,22,8.35530871454225,3.8535663105087115,0.8872901152080871,30.005736024668384,167.0,333.0,18.89034080505371,44.17914581298828,107,564,115,570,412.2579040527344
raw_data/High_Pressure_PXRD/Data/Cell_29/1 GPa/UOTe-1GPa-10deg_rot_054.tif,1.0,12,139.03808506851752,978.8254137746931,23,8.055235298401811,3.7650453038354605,0.8840440898873112,30.555677355046985,244.30435180664062,696.0,37.368255615234375,113.48307037353516,135,976,143,981,600.5609130859375
raw_data/High_Pressure_PXRD/Data/Cell_29/1 GPa/UOTe-1GPa-10deg_rot_054.tif,1.0,13,158.04931601333487,685.4859945587615,42,11.096730092634422,4.828204722571156,0.9003813752242218,65.10075399094488,621.3571166992188,4950.0,89.77391815185547,828.4432983398438,155,681,162,692,401.196044921875
raw_data/High_Pressure_PXRD/Data/Cell_29/1 GPa/UOTe-1GPa-10deg_rot_054.tif,1.0,14,169.11083962683253,119.80749296608914,48,12.76073433134886,4.809255358422164,0.9262624184787382,-41.84515783937537,281.375,1261.0,34.861331939697266,166.19451904296875,164,116,175,125,531.44189453125
raw_data/High_Pressure_PXRD/Data/Cell_29/1 GPa/UOTe-1GPa-10deg_rot_054.tif,1.0,15,170.95299837925447,403.76711133275154,27,9.056352399562186,3.780178758754721,0.9087199575026903,-67.63129096787789,297.0740661621094,1086.0,43.49716567993164,176.71658325195312,169,400,174,409,366.1032409667969
raw_data/High_Pressure_PXRD/Data/Cell_29/1 GPa/UOTe-1GPa-10deg_rot_054.tif,1.0,16,224.1382887450277,878.2229155292099,38,13.173881462917617,3.709698989349042,0.9595333568284291,40.35701712199425,337.3947448730469,1450.0,40.80905532836914,190.88087463378906,219,874,230,883,473.7806396484375
raw_data/High_Pressure_PXRD/Data/Cell_29/1 GPa/UOTe-1GPa-10deg_rot_054.tif,1.0,17,236.72088782348715,591.8228392744512,139,20.162595096508095,9.043085950389072,0.8937787984845991,75.21796958831902,3775.46044921875,91362.0,505.2200012207031,12319.5732421875,232,581,242,603,291.93896484375
raw_data/High_Pressure_PXRD/Data/Cell_29/1 GPa/UOTe-1GPa-10deg_rot_054.tif,1.0,18,241.01493453355155,25.68821603927987,27,9.448454140646358,3.642414136863205,0.922706285123754,-28.283451826434646,181.0370330810547,476.0,25.098411560058594,75.88021087646484,237,23,246,29,567.445556640625
raw_data/High_Pressure_PXRD/Data/Cell_29/1 GPa/UOTe-1GPa-10deg_rot_054.tif,1.0,19,246.33026281550872,311.9360655737705,170,37.907521769321356,6.281405597810564,0.986175633507706,-50.98953604960264,226.05882263183594,1332.0,25.36878776550293,174.55821228027344,238,294,262,324,342.5390625
raw_data/High_Pressure_PXRD/Data/Cell_29/1 GPa/UOTe-1GPa-10deg_rot_054.tif,1.0,20,269.7228346456693,272.41496062992127,8,4.242640687119285,2.449489742783178,0.816496580927726,-45.0,158.75,322.0,16.288951873779297,38.311073303222656,268,271,272,275,351.7557678222656
raw_data/High_Pressure_PXRD/Data/Cell_29/1 GPa/UOTe-1GPa-10deg_rot_054.tif,1.0,21,269.6015964593377,548.4504070180985,26,7.829493173053266,4.13967468233888,0.8487911260834722,85.21835808522847,486.6538391113281,2135.0,76.47688293457031,354.44488525390625,268,545,272,553,249.01901245117188
raw_data/High_Pressure_PXRD/Data/Cell_29/1 GPa/UOTe-1GPa-10deg_rot_054.tif,1.0,22,333.6884414015304,735.2897122656285,58,15.138212453756967,5.341582378081042,0.9356783040565025,41.63258386782155,1926.465576171875,23731.0,255.08889770507812,3196.27685546875,328,731,341,741,292.310546875
raw_data/High_Pressure_PXRD/Data/Cell_29/1 GPa/UOTe-1GPa-10deg_rot_054.tif,1.0,23,350.59177215189874,979.756329113924,6,3.8297084310253524,1.8856180831641272,0.8703882797784891,0.0,105.33333587646484,132.0,10.604493141174316,14.988683700561523,349,979,353,981,503.9061279296875
raw_data/High_Pressure_PXRD/Data/Cell_29/1 GPa/UOTe-1GPa-10deg_rot_054.tif,1.0,24,365.9305506738772,691.4694776912436,107,17.939371841932488,8.203279533799128,0.8893238208973596,39.5564047476307,4546.8505859375,116175.0,645.7798461914062,15667.3408203125,358,685,375,699,235.98678588867188
raw_data/High_Pressure_PXRD/Data/Cell_29/1 GPa/UOTe-1GPa-10deg_rot_054.tif,1.0,25,369.64024084295033,136.52232814851982,13,6.081683435644867,2.774800375008483,0.8898489141605724,-20.139931534478222,153.3076934814453,300.0,15.689692497253418,35.478214263916016,367,135,373,139,416.46112060546875
raw_data/High_Pressure_PXRD/Data/Cell_29/1 GPa/UOTe-1GPa-10deg_rot_054.tif,1.0,26,384.4445945945946,133.9652027027027,11,4.967994363003793,2.848231107005645,0.8193342786072867,-59.305229832982604,269.0909118652344,602.0,31.308635711669922,76.21745300292969,383,132,387,137,414.18438720703125
raw_data/High_Pressure_PXRD/Data/Cell_29/1 GPa/UOTe-1GPa-10deg_rot_054.tif,1.0,27,388.0155393053017,935.9872029250457,5,2.5298221281347035,2.5298221281347035,0.0,-45.0,218.8000030517578,347.0,24.659381866455078,41.95332336425781,387,935,390,938,452.14263916015625
raw_data/High_Pressure_PXRD/Data/Cell_29/1 GPa/UOTe-1GPa-10deg_rot_054.tif,1.0,28,445.0229990800368,46.36039558417663,45,12.7692040659846,4.756725750652581,0.9280259922650105,-6.245521594263863,96.62222290039062,145.0,8.49258804321289,15.108592987060547,439,44,452,50,486.7010498046875
raw_data/High_Pressure_PXRD/Data/Cell_29/1 GPa/UOTe-1GPa-10deg_rot_054.tif,1.0,29,457.83544558438945,835.7921947294307,38,12.800190085646825,3.9652239290259264,0.9508087447534211,8.351264229816563,261.631591796875,942.0,30.217185974121094,121.94792938232422,453,834,465,839,338.9638671875
raw_data/High_Pressure_PXRD/Data/Cell_29/1 GPa/UOTe-1GPa-10deg_rot_054.tif,1.0,30,476.1981216365034,285.0781162341305,85,15.814438111546975,6.864109844943872,0.9008932609472103,-6.701403270741249,2264.800048828125,48698.0,358.3133239746094,8206.0234375,468,282,485,289,242.48728942871094
raw_data/High_Pressure_PXRD/Data/Cell_29/1 GPa/UOTe-1GPa-10deg_rot_054.tif,1.0,31,496.2941340281782,792.9352291364631,202,24.851448548660606,10.93048929375109,0.898079538191939,1.6200663821342078,7075.2080078125,220294.0,950.9702758789062,29712.26171875,480,787,509,799,291.38525390625
raw_data/High_Pressure_PXRD/Data/Cell_29/1 GPa/UOTe-1GPa-10deg_rot_054.tif,1.0,32,544.6570490328385,197.03636527215474,97,16.325514667181565,7.626096349735752,0.8841899838419182,6.618680251497569,2291.752685546875,40747.0,305.3360290527344,5491.56884765625,536,193,553,201,334.2396545410156
raw_data/High_Pressure_PXRD/Data/Cell_29/1 GPa/UOTe-1GPa-10deg_rot_054.tif,1.0,33,595.939262472885,951.9804772234273,5,2.5298221281347035,2.5298221281347035,0.0,-45.0,92.19999694824219,108.0,7.581275939941406,9.712666511535645,595,951,598,954,461.81683349609375
raw_data/High_Pressure_PXRD/Data/Cell_29/1 GPa/UOTe-1GPa-10deg_rot_054.tif,1.0,34,610.5618497109826,105.9841204057149,46,11.44027539779204,5.136424704700712,0.893543130230547,12.06585684067642,996.6304321289062,6816.0,132.60049438476562,914.4745483398438,605,103,617,109,437.33343505859375
raw_data/High_Pressure_PXRD/Data/Cell_29/1 GPa/UOTe-1GPa-10deg_rot_054.tif,1.0,35,666.3910714285714,571.5066770186336,17,5.642747160029356,3.915220895555067,0.7201194248383056,-55.61530557002313,757.6470336914062,3465.0,122.53910827636719,579.0503540039062,664,569,669,575,180.14849853515625
raw_data/High_Pressure_PXRD/Data/Cell_29/1 GPa/UOTe-1GPa-10deg_rot_054.tif,1.0,36,675.8861972812826,10.396131056117113,20,8.4223111995389,3.2038530019527443,0.9248217742469711,20.976759504918483,286.8999938964844,954.0,43.82503890991211,156.313232421875,672,8,680,13,545.9952392578125
raw_data/High_Pressure_PXRD/Data/Cell_29/1 GPa/UOTe-1GPa-10deg_rot_054.tif,1.0,37,695.1144985515243,809.4235756656091,32,9.33837580915301,4.335289753525808,0.8857070789959638,-37.37244064847111,453.0625,2313.0,69.95101928710938,383.61663818359375,692,806,700,813,365.71478271484375
raw_data/High_Pressure_PXRD/Data/Cell_29/1 GPa/UOTe-1GPa-10deg_rot_054.tif,1.0,38,708.3927729860759,253.7299791420035,98,15.814084820764124,9.476010302909817,0.8005894044421741,88.10969871815887,1810.10205078125,34055.0,239.56983947753906,4588.83056640625,704,245,715,260,346.8727722167969
raw_data/High_Pressure_PXRD/Data/Cell_29/1 GPa/UOTe-1GPa-10deg_rot_054.tif,1.0,39,730.1407095610343,765.6484838072331,26,6.793662204867575,4.835764198615911,0.7023769168568493,-35.53767779197438,447.73077392578125,2106.0,55.86989212036133,278.9693603515625,728,763,734,769,352.2322082519531
raw_data/High_Pressure_PXRD/Data/Cell_29/1 GPa/UOTe-1GPa-10deg_rot_054.tif,1.0,40,733.9066060039727,485.412649295077,43,8.57062981537187,6.820118615275761,0.6056191220433398,61.109979263739476,4554.3486328125,60760.0,714.1907958984375,10239.9501953125,731,479,739,487,242.85296630859375
raw_data/High_Pressure_PXRD/Data/Cell_29/1 GPa/UOTe-1GPa-10deg_rot_054.tif,1.0,41,734.9776119402985,494.72089552238805,5,2.5298221281347035,2.5298221281347035,0.0,-45.0,134.0,274.0,15.405367851257324,32.51045227050781,734,494,737,497,242.4862823486328
raw_data/High_Pressure_PXRD/Data/Cell_29/1 GPa/UOTe-1GPa-10deg_rot_054.tif,1.0,42,762.3362644923382,717.9653330597316,182,27.641295109188235,9.40494273805985,0.9403351171534816,-51.354683525031184,910.39013671875,22148.0,117.72735595703125,2982.59814453125,751,706,772,732,342.6326904296875
raw_data/High_Pressure_PXRD/Data/Cell_29/1 GPa/UOTe-1GPa-10deg_rot_054.tif,1.0,43,777.1443925233644,163.39959501557632,34,9.106694748762536,4.766043388009625,0.8521141304974112,37.43885535303356,944.11767578125,4858.0,122.50338745117188,650.4788818359375,774,160,782,167,459.9666442871094
raw_data/High_Pressure_PXRD/Data/Cell_29/1 GPa/UOTe-1GPa-10deg_rot_054.tif,1.0,44,795.7514698871762,972.4414428730336,39,11.182023739979256,4.444243435462196,0.9176258425466085,-31.8710809273654,161.35897827148438,435.0,21.94948387145996,68.79805755615234,791,969,801,977,555.2317504882812
raw_data/High_Pressure_PXRD/Data/Cell_29/1 GPa/UOTe-1GPa-10deg_rot_054.tif,1.0,45,803.2261411325168,399.3441638076905,90,16.826131179653096,6.976526844286952,0.9099925788666836,67.5360123058823,2147.2333984375,30579.0,287.1284484863281,4119.92431640625,800,392,809,409,334.559326171875
raw_data/High_Pressure_PXRD/Data/Cell_29/1 GPa/UOTe-1GPa-10deg_rot_054.tif,1.0,46,825.5981941309255,920.790820165538,10,4.0,3.149603149604724,0.6164414002968978,-45.0,132.89999389648438,204.0,14.245244979858398,23.607175827026367,824,919,828,923,531.3663330078125
raw_data/High_Pressure_PXRD/Data/Cell_29/1 GPa/UOTe-1GPa-10deg_rot_054.tif,1.0,47,874.0022527596306,310.68528947961255,28,8.44229311073941,4.215270259294476,0.8664268982459018,58.87876136662073,634.1428833007812,3260.0,82.42999267578125,434.7767333984375,871,307,877,315,437.3811340332031
raw_data/High_Pressure_PXRD/Data/Cell_29/1 GPa/UOTe-1GPa-10deg_rot_054.tif,1.0,48,946.308452574126,217.90396813689335,29,9.515713385739062,3.9123053769013407,0.9115715036807253,55.86304203066536,233.7586212158203,714.0,34.601375579833984,115.84378814697266,943,214,950,222,545.704833984375
raw_data/High_Pressure_PXRD/Data/Cell_29/1 GPa/UOTe-1GPa-10deg_rot_054.tif,1.0,49,969.3192784926471,742.5194163602941,34,9.778675095259482,4.435271246317501,0.8912228621129019,-68.21623261123287,256.0,1051.0,31.280500411987305,137.86590576171875,967,738,973,747,531.525390625
raw_data/High_Pressure_PXRD/Data/Cell_29/1 GPa/UOTe-1GPa-10deg_rot_054.tif,1.0,50,972.7035060249166,456.28422629178294,73,13.349250480873014,6.974081971769367,0.8526806604934417,85.22867577920782,1006.0958862304688,10250.0,131.35707092285156,1378.25439453125,970,449,977,463,487.1242370605469
raw_data/High_Pressure_PXRD/Data/Cell_29/1 GPa/UOTe-1GPa-10deg_rot_054.tif,1.0,51,1003.9892933618844,696.1137580299786,34,9.249268596544477,4.860812793886579,0.8507720864578429,84.2495913832695,109.88235473632812,281.0,12.878806114196777,34.12923049926758,1002,692,1007,702,545.0538940429688
raw_data/High_Pressure_PXRD/Data/Cell_29/1 GPa/UOTe-1GPa-10deg_rot_054.tif,1.0,52,1041.7867132867134,655.020979020979,4,2.8284271247461903,1.7320508075688772,0.7905694150420949,90.0,71.5,81.0,7.50839376449585,9.274248123168945,1041,654,1043,657,567.7803955078125
raw_data/High_Pressure_PXRD/Data/Cell_29/1p5 GPa/UOTe-1p5GPa-10deg_056.tif,1.5,1,27.001531000074944,908.7926404933461,174,32.98985674813627,6.8296498613227286,0.9783361352792563,48.12174095433184,536.798828125,2891.0,87.17664337158203,484.1157531738281,17,899,40,924,627.5501098632812
raw_data/High_Pressure_PXRD/Data/Cell_29/1p5 GPa/UOTe-1p5GPa-10deg_056.tif,1.5,2,19.514427040395713,327.4843363561418,20,8.073753986796147,3.164568937579545,0.9199832980786447,-75.23060887022096,121.30000305175781,221.0,12.585997581481934,26.035343170166016,18,324,22,332,533.416259765625
raw_data/High_Pressure_PXRD/Data/Cell_29/1p5 GPa/UOTe-1p5GPa-10deg_056.tif,1.5,3,26.652563310685608,611.6371216800494,47,16.01919089683861,3.8619582782703823,0.9705044442799107,73.93033167222556,137.7872314453125,264.0,14.405400276184082,31.4312686920166,24,605,30,620,502.0171203613281
raw_data/High_Pressure_PXRD/Data/Cell_29/1p5 GPa/UOTe-1p5GPa-10deg_056.tif,1.5,4,58.815839416058395,565.2068613138686,59,17.102243388860316,4.347373263408077,0.9671519350852639,80.91463516032607,232.20338439941406,615.0,26.737274169921875,78.37582397460938,57,558,62,575,463.5714416503906
raw_data/High_Pressure_PXRD/Data/Cell_29/1p5 GPa/UOTe-1p5GPa-10deg_056.tif,1.5,5,69.7215785247218,563.0906275094643,32,9.497119699330527,4.334638671975789,0.8897664363271177,86.88459278039444,272.40625,755.0,32.025665283203125,97.12667083740234,68,559,73,569,452.77667236328125
raw_data/High_Pressure_PXRD/Data/Cell_29/1p5 GPa/UOTe-1p5GPa-10deg_056.tif,1.5,6,87.80126064001723,805.3065402435083,63,16.720622332638026,4.985191241749898,0.9545201933446661,50.63913955944576,294.6349182128906,1287.0,35.83580017089844,169.70187377929688,83,800,95,814,521.8624267578125
raw_data/High_Pressure_PXRD/Data/Cell_29/1p5 GPa/UOTe-1p5GPa-10deg_056.tif,1.5,7,89.85911255953873,518.6991727249938,51,14.192484773480972,4.654348169714217,0.9446969703457586,86.31954489833223,234.64706420898438,670.0,26.932016372680664,85.66032409667969,88,513,93,527,430.14801025390625
raw_data/High_Pressure_PXRD/Data/Cell_29/1p5 GPa/UOTe-1p5GPa-10deg_056.tif,1.5,8,101.60316801139061,515.4240033222592,65,13.630798764266508,6.066936259811453,0.8954856940251381,86.50197818944977,518.6461791992188,2959.0,65.13505554199219,394.44219970703125,99,509,105,523,418.381591796875
raw_data/High_Pressure_PXRD/Data/Cell_29/1p5 GPa/UOTe-1p5GPa-10deg_056.tif,1.5,9,106.51753735297234,802.9203136590017,66,17.471306033385936,4.90970103916892,0.9597033428448329,51.222995225611086,428.9545593261719,1582.0,53.726253509521484,209.22703552246094,101,796,113,811,505.75543212890625
raw_data/High_Pressure_PXRD/Data/Cell_29/1p5 GPa/UOTe-1p5GPa-10deg_056.tif,1.5,10,110.23881036513545,566.0945229681979,17,6.855577033074957,3.6229312742065125,0.8489552022010131,16.767115850619426,199.76470947265625,374.0,24.620895385742188,57.16309356689453,107,564,114,569,413.233642578125
raw_data/High_Pressure_PXRD/Data/Cell_29/1p5 GPa/UOTe-1p5GPa-10deg_056.tif,1.5,11,120.05707070707071,471.40858585858587,14,5.606119105813881,3.0237157840738176,0.8420753583206845,90.0,141.42857360839844,242.0,14.22212028503418,27.789018630981445,119,469,122,475,402.32379150390625
raw_data/High_Pressure_PXRD/Data/Cell_29/1p5 GPa/UOTe-1p5GPa-10deg_056.tif,1.5,12,146.8572892271663,137.69496487119437,42,13.836233020162082,3.930913360538191,0.9587938075714686,-43.33358984749489,162.6666717529297,347.0,18.166284561157227,43.032508850097656,142,133,153,143,533.3123168945312
raw_data/High_Pressure_PXRD/Data/Cell_29/1p5 GPa/UOTe-1p5GPa-10deg_056.tif,1.5,13,164.2195350080171,422.2735168359166,34,11.35401131576085,4.0189763604942,0.9352568779270889,-79.76930678229817,220.11764526367188,522.0,27.89217758178711,69.47254943847656,162,418,167,429,367.80419921875
raw_data/High_Pressure_PXRD/Data/Cell_29/1p5 GPa/UOTe-1p5GPa-10deg_056.tif,1.5,14,167.4157876230661,705.4881329113924,50,16.343843492205103,4.04795996797213,0.9688431962378101,57.341197161768505,227.52000427246094,712.0,26.96141815185547,91.19114685058594,163,700,173,714,402.857421875
raw_data/High_Pressure_PXRD/Data/Cell_29/1p5 GPa/UOTe-1p5GPa-10deg_056.tif,1.5,15,179.37583656216978,90.87671715392744,28,8.355881159484124,4.778316782410732,0.8203576883951916,5.508555809394607,101.39286041259766,186.0,10.083636283874512,21.448806762695312,175,88,184,94,547.5958862304688
raw_data/High_Pressure_PXRD/Data/Cell_29/1p5 GPa/UOTe-1p5GPa-10deg_056.tif,1.5,16,193.09120788824978,381.3738701725555,8,3.4641016151377544,2.8284271247461903,0.5773502691896258,90.0,152.125,232.0,19.362102508544922,33.050048828125,192,380,195,384,353.62152099609375
raw_data/High_Pressure_PXRD/Data/Cell_29/1p5 GPa/UOTe-1p5GPa-10deg_056.tif,1.5,17,213.43016660758596,39.57349639607704,34,8.10464861714888,5.334791421627459,0.7528094913446359,-59.01619333183167,497.8235168457031,1829.0,73.61074829101562,304.1953430175781,212,36,218,44,569.34033203125
raw_data/High_Pressure_PXRD/Data/Cell_29/1p5 GPa/UOTe-1p5GPa-10deg_056.tif,1.5,18,212.38773197336732,657.169712423856,17,6.721344403334447,3.0678599553894816,0.8897565210026093,90.0,415.23529052734375,2115.0,51.07878875732422,280.318359375,212,655,215,662,339.57598876953125
raw_data/High_Pressure_PXRD/Data/Cell_29/1p5 GPa/UOTe-1p5GPa-10deg_056.tif,1.5,19,233.4658112738441,328.1476453628063,312,63.98443754450626,8.081885124713342,0.9919907969265988,-53.03916757228365,1227.2564697265625,42578.0,160.6278076171875,5738.8369140625,225,291,264,341,343.9109191894531
raw_data/High_Pressure_PXRD/Data/Cell_29/1p5 GPa/UOTe-1p5GPa-10deg_056.tif,1.5,20,240.66639658237153,606.7656707687615,152,22.149862361614357,8.943416874706266,0.9148611873247029,69.5514053630094,2890.58544921875,45159.0,353.4731140136719,5072.50830078125,235,595,247,618,293.1574401855469
raw_data/High_Pressure_PXRD/Data/Cell_29/1p5 GPa/UOTe-1p5GPa-10deg_056.tif,1.5,21,245.84752167148255,895.4197229013855,48,17.88342978930763,3.4734541043964957,0.9809565091899421,32.31132275625567,281.1875,715.0,33.454742431640625,92.00054168701172,239,891,254,901,475.455078125
raw_data/High_Pressure_PXRD/Data/Cell_29/1p5 GPa/UOTe-1p5GPa-10deg_056.tif,1.5,22,255.35716801690737,285.385170834801,23,6.89753839674296,4.227973498813158,0.7901073757870329,-53.40550946271312,246.86956787109375,736.0,34.49140548706055,118.035888671875,253,283,259,289,353.4648742675781
raw_data/High_Pressure_PXRD/Data/Cell_29/1p5 GPa/UOTe-1p5GPa-10deg_056.tif,1.5,23,260.0,395.8953722334004,5,2.5298221281347035,2.5298221281347035,0.0,-45.0,99.4000015258789,132.0,10.731148719787598,16.5250244140625,259,395,262,398,284.97064208984375
raw_data/High_Pressure_PXRD/Data/Cell_29/1p5 GPa/UOTe-1p5GPa-10deg_056.tif,1.5,24,271.2041962488079,561.7183426936526,29,9.303356199504032,3.984721242143225,0.903631824913271,71.66993153672853,325.4137878417969,1224.0,49.476226806640625,200.9982452392578,269,558,274,567,250.27467346191406
raw_data/High_Pressure_PXRD/Data/Cell_29/1p5 GPa/UOTe-1p5GPa-10deg_056.tif,1.5,25,274.0168269230769,371.03365384615387,5,2.5298221281347035,2.5298221281347035,0.0,-45.0,83.19999694824219,105.0,7.635235786437988,11.972210884094238,273,370,276,373,284.7701110839844
raw_data/High_Pressure_PXRD/Data/Cell_29/1p5 GPa/UOTe-1p5GPa-10deg_056.tif,1.5,26,284.89357429718876,239.46234939759037,12,4.8607479883182965,3.1155195918807777,0.7675786521898157,-36.65037788300319,166.0,326.0,20.243154525756836,48.90058135986328,283,238,288,242,367.0081481933594
raw_data/High_Pressure_PXRD/Data/Cell_29/1p5 GPa/UOTe-1p5GPa-10deg_056.tif,1.5,27,300.719878296146,515.2640973630831,23,6.609484738581983,4.412236460467576,0.7445548086340221,-80.82778288067863,428.6956481933594,2243.0,67.0678482055664,372.993408203125,299,512,304,519,214.59754943847656
raw_data/High_Pressure_PXRD/Data/Cell_29/1p5 GPa/UOTe-1p5GPa-10deg_056.tif,1.5,28,339.8162023695165,467.3605507524816,13,4.898746818435677,3.3498081318351556,0.7296608671767802,-70.20593457615851,240.23077392578125,754.0,35.449676513671875,122.08283233642578,338,465,342,470,180.64996337890625
raw_data/High_Pressure_PXRD/Data/Cell_29/1p5 GPa/UOTe-1p5GPa-10deg_056.tif,1.5,29,346.63148295968153,745.5221891536139,71,14.543641281072015,6.286366507115915,0.901757847363043,32.257963264589996,2664.35205078125,33159.0,328.4462890625,4468.2314453125,340,742,354,751,293.5335388183594
raw_data/High_Pressure_PXRD/Data/Cell_29/1p5 GPa/UOTe-1p5GPa-10deg_056.tif,1.5,30,351.42412451361866,680.0856031128404,13,6.735819733463726,2.551546457153855,0.9254774670316781,33.52900537501387,98.84615325927734,143.0,9.209392547607422,14.973694801330566,349,678,355,683,237.19717407226562
raw_data/High_Pressure_PXRD/Data/Cell_29/1p5 GPa/UOTe-1p5GPa-10deg_056.tif,1.5,31,356.64989293361884,684.6595289079229,8,4.242640687119285,2.449489742783178,0.816496580927726,45.0,116.75,272.0,12.187204360961914,32.37555694580078,355,683,359,687,237.11798095703125
raw_data/High_Pressure_PXRD/Data/Cell_29/1p5 GPa/UOTe-1p5GPa-10deg_056.tif,1.5,32,375.68706027549644,699.4196265817902,111,20.191662849813735,7.164650672557913,0.9349300304263686,34.45796545597394,2219.090087890625,33214.0,307.81866455078125,4476.1904296875,367,693,386,707,237.26205444335938
raw_data/High_Pressure_PXRD/Data/Cell_29/1p5 GPa/UOTe-1p5GPa-10deg_056.tif,1.5,33,401.40814168649223,377.28542162305047,26,7.612881274261928,4.3415172960386474,0.8214464224407272,-39.3280320499969,582.0,2974.0,93.07971954345703,496.4252014160156,398,375,405,381,180.86083984375
raw_data/High_Pressure_PXRD/Data/Cell_29/1p5 GPa/UOTe-1p5GPa-10deg_056.tif,1.5,34,425.06591173054585,47.92799070847851,18,5.28913906753229,4.283222569354137,0.5866857344558972,-31.58606299484275,191.3333282470703,812.0,21.42632293701172,105.08565521240234,424,46,429,51,488.5837707519531
raw_data/High_Pressure_PXRD/Data/Cell_29/1p5 GPa/UOTe-1p5GPa-10deg_056.tif,1.5,35,449.9791288566243,897.9119782214156,19,9.17662935482247,2.9019050004400464,0.9486832980505138,0.0,116.0,207.0,11.027923583984375,23.067583084106445,446,897,455,900,402.81280517578125
raw_data/High_Pressure_PXRD/Data/Cell_29/1p5 GPa/UOTe-1p5GPa-10deg_056.tif,1.5,36,462.8021392475134,286.5021874609382,77,12.286086381646633,8.115270393087627,0.7508038237910921,-13.766879746873673,3636.428466796875,51181.0,607.7883911132812,8624.8818359375,458,282,470,291,243.77638244628906
raw_data/High_Pressure_PXRD/Data/Cell_29/1p5 GPa/UOTe-1p5GPa-10deg_056.tif,1.5,37,465.2011642949547,833.142787839586,30,9.563820714895625,3.9911012125588714,0.9087630825116382,0.0,206.13333129882812,729.0,26.454526901245117,116.68690490722656,460,832,470,836,335.8846435546875
raw_data/High_Pressure_PXRD/Data/Cell_29/1p5 GPa/UOTe-1p5GPa-10deg_056.tif,1.5,38,485.1122211122211,235.87579087579087,11,4.51260859854213,2.9541957835039856,0.7559289460184544,0.0,273.0,504.0,28.804841995239258,52.61028289794922,483,235,488,238,292.5898742675781
raw_data/High_Pressure_PXRD/Data/Cell_29/1p5 GPa/UOTe-1p5GPa-10deg_056.tif,1.5,39,510.81279653296116,793.7106848992997,181,18.966397515394533,12.447074055054674,0.7545263011749386,-4.6870214558987096,7707.6298828125,184982.0,933.9185180664062,20790.728515625,500,787,520,801,292.8025817871094
raw_data/High_Pressure_PXRD/Data/Cell_29/1p5 GPa/UOTe-1p5GPa-10deg_056.tif,1.5,40,526.4549514232145,194.38298960286346,76,14.142349427605525,6.84550865009942,0.8750440794567728,4.405307605236219,771.9736938476562,5905.0,113.90097045898438,989.4779663085938,519,191,533,198,335.75555419921875
raw_data/High_Pressure_PXRD/Data/Cell_29/1p5 GPa/UOTe-1p5GPa-10deg_056.tif,1.5,41,546.8688391038696,748.5209775967413,14,5.861991847666786,3.1822708081267197,0.8398199092380411,-20.65650342552008,175.35714721679688,374.0,24.173267364501953,57.66896057128906,544,747,550,751,249.87222290039062
raw_data/High_Pressure_PXRD/Data/Cell_29/1p5 GPa/UOTe-1p5GPa-10deg_056.tif,1.5,42,580.8985294117647,703.0470588235294,5,2.5298221281347035,2.5298221281347035,0.0,-45.0,136.0,233.0,17.705379486083984,34.06178283691406,580,702,583,705,214.1127471923828
raw_data/High_Pressure_PXRD/Data/Cell_29/1p5 GPa/UOTe-1p5GPa-10deg_056.tif,1.5,43,589.1076067968874,100.01581705574083,47,11.912848563746946,4.963043246262948,0.909084105710656,9.011587333824219,669.8936157226562,3890.0,85.6459732055664,520.0323486328125,583,98,595,103,438.8110046386719
raw_data/High_Pressure_PXRD/Data/Cell_29/1p5 GPa/UOTe-1p5GPa-10deg_056.tif,1.5,44,607.1139721401436,652.0261713803293,5,2.5298221281347035,2.5298221281347035,0.0,-45.0,473.79998779296875,1167.0,74.83475494384766,191.7239990234375,606,651,609,654,180.65228271484375
raw_data/High_Pressure_PXRD/Data/Cell_29/1p5 GPa/UOTe-1p5GPa-10deg_056.tif,1.5,45,616.3090854811423,948.434471091651,27,7.736397860235204,4.677823230769465,0.7964902843165348,-27.181111085477223,372.1851806640625,1523.0,45.62055969238281,200.86334228515625,612,946,619,952,463.37286376953125
raw_data/High_Pressure_PXRD/Data/Cell_29/1p5 GPa/UOTe-1p5GPa-10deg_056.tif,1.5,46,642.5164345063539,892.7373228250244,51,10.422212448728477,6.337940576347277,0.7938462358393045,-14.268246806908389,641.88232421875,4485.0,81.75886535644531,600.2967529296875,637,890,648,897,418.27899169921875
raw_data/High_Pressure_PXRD/Data/Cell_29/1p5 GPa/UOTe-1p5GPa-10deg_056.tif,1.5,47,654.7588837209303,900.653023255814,20,6.484815998368867,3.840203310672391,0.8058028832560564,-15.913723288336557,268.75,718.0,31.53244400024414,92.13543701171875,652,899,659,903,429.88104248046875
raw_data/High_Pressure_PXRD/Data/Cell_29/1p5 GPa/UOTe-1p5GPa-10deg_056.tif,1.5,48,669.7170050761422,562.7858714043994,20,6.484815998368867,3.840203310672391,0.8058028832560564,-74.08627671166346,591.0,2804.0,94.59733581542969,467.75933837890625,668,560,672,567,181.002685546875
raw_data/High_Pressure_PXRD/Data/Cell_29/1p5 GPa/UOTe-1p5GPa-10deg_056.tif,1.5,49,711.0404183154325,799.7357263990955,32,8.28808427932367,4.930279807356562,0.8038266448822246,-37.82533397852643,331.6875,1322.0,44.15911865234375,173.47901916503906,708,797,715,804,367.34149169921875
raw_data/High_Pressure_PXRD/Data/Cell_29/1p5 GPa/UOTe-1p5GPa-10deg_056.tif,1.5,50,732.9180614051761,473.52263428005483,89,15.525782070252603,7.42420074348421,0.8782589707463092,78.48709645707589,2246.269775390625,22990.0,373.3760986328125,3871.23974609375,729,467,737,483,243.61077880859375
raw_data/High_Pressure_PXRD/Data/Cell_29/1p5 GPa/UOTe-1p5GPa-10deg_056.tif,1.5,51,744.016498399409,753.938561930559,25,8.49357404159168,3.7523326078587442,0.8971210162592628,-45.0,324.8800048828125,1398.0,48.1721305847168,229.6641082763672,741,751,748,758,353.6775817871094
raw_data/High_Pressure_PXRD/Data/Cell_29/1p5 GPa/UOTe-1p5GPa-10deg_056.tif,1.5,52,746.9195979899497,636.8710217755444,5,2.5298221281347035,2.5298221281347035,0.0,-45.0,119.4000015258789,172.0,12.94347858428955,20.234724044799805,746,636,749,639,284.8865966796875
raw_data/High_Pressure_PXRD/Data/Cell_29/1p5 GPa/UOTe-1p5GPa-10deg_056.tif,1.5,53,774.0434320422778,703.5837574503987,191,21.577430585405267,11.843333494705172,0.8359037932961351,-56.6955691162993,3270.3193359375,93572.0,436.36883544921875,12617.6982421875,765,695,781,716,344.1558837890625
raw_data/High_Pressure_PXRD/Data/Cell_29/1p5 GPa/UOTe-1p5GPa-10deg_056.tif,1.5,54,770.9710467706013,428.0311804008909,5,2.5298221281347035,2.5298221281347035,0.0,-45.0,89.80000305175781,102.0,6.767391204833984,8.903278350830078,770,427,773,430,293.60577392578125
raw_data/High_Pressure_PXRD/Data/Cell_29/1p5 GPa/UOTe-1p5GPa-10deg_056.tif,1.5,55,771.9859943977591,433.02941176470586,11,4.51260859854213,2.9541957835039856,0.7559289460184544,90.0,129.81817626953125,274.0,11.738183975219727,26.754802703857422,771,431,774,436,293.0437316894531
raw_data/High_Pressure_PXRD/Data/Cell_29/1p5 GPa/UOTe-1p5GPa-10deg_056.tif,1.5,56,797.418835203028,383.2639210085297,102,17.132569588624907,7.665880036262719,0.8943115261839804,62.64258969480646,2217.166748046875,34897.0,336.1497802734375,5878.18701171875,793,376,804,393,335.74639892578125
raw_data/High_Pressure_PXRD/Data/Cell_29/1p5 GPa/UOTe-1p5GPa-10deg_056.tif,1.5,57,808.7828837828838,663.3796203796204,14,5.860538938508136,3.080717131465902,0.8506877704240235,-69.96469782656881,214.5,499.0,29.877531051635742,78.07230377197266,807,661,811,667,353.7209167480469
raw_data/High_Pressure_PXRD/Data/Cell_29/1p5 GPa/UOTe-1p5GPa-10deg_056.tif,1.5,58,820.5390552995392,958.2101382488479,37,10.399307727022004,4.60036775258636,0.8968314064858626,-34.694044940657236,234.59458923339844,713.0,30.133333206176758,92.6750259399414,817,955,826,963,557.86962890625
raw_data/High_Pressure_PXRD/Data/Cell_29/1p5 GPa/UOTe-1p5GPa-10deg_056.tif,1.5,59,849.1469966797465,903.162088741322,16,4.898979485566356,4.0,0.5773502691896258,90.0,207.0625,535.0,24.155200958251953,68.39336395263672,848,901,852,906,533.5386962890625
raw_data/High_Pressure_PXRD/Data/Cell_29/1p5 GPa/UOTe-1p5GPa-10deg_056.tif,1.5,60,855.6425712267483,350.4332469978809,24,8.562768708028441,3.637931776210827,0.9052615968603136,-46.537021283169594,176.9583282470703,520.0,20.373838424682617,65.29070281982422,853,347,860,354,403.47998046875
raw_data/High_Pressure_PXRD/Data/Cell_29/1p5 GPa/UOTe-1p5GPa-10deg_056.tif,1.5,61,863.2344695292902,290.05710491367864,22,7.65047036426843,3.679187261873172,0.8767699968313137,48.96979669933076,308.0454406738281,955.0,36.83332824707031,124.1063003540039,861,287,867,294,438.9300842285156
raw_data/High_Pressure_PXRD/Data/Cell_29/1p5 GPa/UOTe-1p5GPa-10deg_056.tif,1.5,62,907.0858447488584,526.517808219178,8,3.4641016151377544,2.8284271247461903,0.5773502691896258,90.0,136.875,192.0,13.675300598144531,21.17901039123535,906,525,909,529,418.4388427734375
raw_data/High_Pressure_PXRD/Data/Cell_29/1p5 GPa/UOTe-1p5GPa-10deg_056.tif,1.5,63,970.1659880834161,430.50394736842105,67,13.295627254802293,6.419486830026346,0.875715798654162,77.62779090781271,601.1940307617188,3846.0,76.73087310791016,514.3666381835938,967,424,974,437,488.5555114746094
raw_data/High_Pressure_PXRD/Data/Cell_29/1p5 GPa/UOTe-1p5GPa-10deg_056.tif,1.5,64,982.8451786400308,717.2082212831349,18,7.269164959984554,3.1659814142532436,0.9001714205205985,-62.16577408487653,144.61111450195312,266.0,15.730623245239258,32.10575866699219,981,714,986,721,533.6842651367188
raw_data/High_Pressure_PXRD/Data/Cell_29/1p5 GPa/UOTe-1p5GPa-10deg_056.tif,1.5,65,1014.4171597633136,667.3026627218935,52,10.4271985362427,6.291360981017574,0.797468470464673,-81.99228019686717,325.0,1338.0,40.21002960205078,176.85147094726562,1012,663,1018,673,546.2603149414062
raw_data/High_Pressure_PXRD/Data/Cell_29/1p5 GPa/UOTe-1p5GPa-10deg_056.tif,1.5,66,1038.9561200923788,333.6035411855273,13,6.735819733463726,2.5515464571538558,0.925477467031678,56.47099462498614,99.92308044433594,136.0,11.593459129333496,18.717119216918945,1037,331,1042,337,576.9815673828125
raw_data/High_Pressure_PXRD/Data/Cell_29/3p9 GPa/UOTe-3p9GPa-10deg_060.tif,3.9,1,25.00046876831126,633.8083909527716,45,15.64769158755667,3.6791195713396334,0.9719658193896465,78.30510762596145,189.62222290039062,424.0,21.397844314575195,53.01497268676758,23,627,28,642,507.12652587890625
raw_data/High_Pressure_PXRD/Data/Cell_29/3p9 GPa/UOTe-3p9GPa-10deg_060.tif,3.9,2,37.58364762149482,934.4798537834769,227,34.176002485616756,8.762932889228438,0.9665691652548585,49.28760378112606,531.4669799804688,5366.0,96.89070129394531,901.6255493164062,24,918,48,945,634.1546020507812
raw_data/High_Pressure_PXRD/Data/Cell_29/3p9 GPa/UOTe-3p9GPa-10deg_060.tif,3.9,3,55.518402282453636,585.8116975748931,61,17.35225070277016,4.601994439127849,0.9641906101514456,84.97872638355102,287.2950744628906,759.0,33.89923858642578,97.53136444091797,53,577,59,594,468.5073547363281
raw_data/High_Pressure_PXRD/Data/Cell_29/3p9 GPa/UOTe-3p9GPa-10deg_060.tif,3.9,4,64.4949494949495,877.5353535353536,8,4.242640687119285,2.449489742783178,0.816496580927726,45.0,99.0,136.0,12.541313171386719,18.8857421875,63,876,67,880,580.371826171875
raw_data/High_Pressure_PXRD/Data/Cell_29/3p9 GPa/UOTe-3p9GPa-10deg_060.tif,3.9,5,68.5671902268761,882.5235602094241,8,4.242640687119285,2.449489742783178,0.816496580927726,45.0,71.625,89.0,7.946344375610352,10.960474967956543,67,881,71,885,580.4977416992188
raw_data/High_Pressure_PXRD/Data/Cell_29/3p9 GPa/UOTe-3p9GPa-10deg_060.tif,3.9,6,84.93524557956778,537.3220432220039,67,16.190002998934112,5.2632290166976246,0.9456826375112772,-88.18498748101936,379.8507385253906,1649.0,46.27610397338867,217.455810546875,83,529,88,545,434.3436279296875
raw_data/High_Pressure_PXRD/Data/Cell_29/3p9 GPa/UOTe-3p9GPa-10deg_060.tif,3.9,7,90.99166666666666,821.9694444444444,5,2.5298221281347035,2.5298221281347035,0.0,-45.0,72.0,80.0,5.935518741607666,7.014703750610352,90,821,93,824,527.6449584960938
raw_data/High_Pressure_PXRD/Data/Cell_29/3p9 GPa/UOTe-3p9GPa-10deg_060.tif,3.9,8,96.62578209910995,532.1595775930441,85,17.430909271096752,6.237874930109853,0.9337741579822204,-89.35385535456658,801.0117797851562,3842.0,103.06377410888672,513.2874755859375,94,523,100,541,422.5809326171875
raw_data/High_Pressure_PXRD/Data/Cell_29/3p9 GPa/UOTe-3p9GPa-10deg_060.tif,3.9,9,111.71938503691301,821.2098333206485,108,23.734439655034357,5.89262365108762,0.968690070306519,54.11892374237366,486.629638671875,3453.0,61.57851028442383,461.7563781738281,104,811,120,831,511.2104187011719
raw_data/High_Pressure_PXRD/Data/Cell_29/3p9 GPa/UOTe-3p9GPa-10deg_060.tif,3.9,10,110.45886224729666,565.8923366243536,14,6.683766638907472,2.781263522561938,0.9093087121712009,36.78379215445244,151.92857360839844,245.0,18.189571380615234,35.07352066040039,108,564,114,569,411.5670471191406
raw_data/High_Pressure_PXRD/Data/Cell_29/3p9 GPa/UOTe-3p9GPa-10deg_060.tif,3.9,11,125.06942336874052,149.45779590288316,59,18.758705782460066,4.111706600394938,0.9756823632089741,-42.70507733035537,178.7118682861328,464.0,20.371910095214844,58.81559371948242,119,143,132,157,538.9664916992188
raw_data/High_Pressure_PXRD/Data/Cell_29/3p9 GPa/UOTe-3p9GPa-10deg_060.tif,3.9,12,154.37384140061792,99.92198764160659,38,16.451497688144276,3.0484130551704705,0.9826825653856021,-38.33418886510611,102.21052551269531,206.0,10.227409362792969,24.14676856994629,148,95,161,106,554.48583984375
raw_data/High_Pressure_PXRD/Data/Cell_29/3p9 GPa/UOTe-3p9GPa-10deg_060.tif,3.9,13,156.08281903245071,436.4360939677484,38,12.071384449468585,3.9693024177623855,0.944392907750267,-75.03546277586808,264.368408203125,726.0,34.03929901123047,103.87158203125,154,431,159,443,371.1213073730469
raw_data/High_Pressure_PXRD/Data/Cell_29/3p9 GPa/UOTe-3p9GPa-10deg_060.tif,3.9,14,171.1375568066201,722.176897510683,49,15.130013978539063,4.159337257539623,0.9614710013315971,58.59237744743498,300.8775634765625,937.0,41.9581413269043,151.7604217529297,167,716,176,729,407.1662292480469
raw_data/High_Pressure_PXRD/Data/Cell_29/3p9 GPa/UOTe-3p9GPa-10deg_060.tif,3.9,15,186.18312553598523,47.892275216043274,115,23.69318172057372,6.297977446614463,0.9640243572471906,-34.458521517697214,395.4521789550781,2083.0,49.97332000732422,277.6203918457031,176,41,195,56,575.818359375
raw_data/High_Pressure_PXRD/Data/Cell_29/3p9 GPa/UOTe-3p9GPa-10deg_060.tif,3.9,16,184.97598821081831,389.31900138696255,39,13.267198765198561,3.858421935286066,0.9567765193664441,-62.19569663193259,295.79486083984375,864.0,36.54269790649414,111.42587280273438,181,384,189,396,357.03765869140625
raw_data/High_Pressure_PXRD/Data/Cell_29/3p9 GPa/UOTe-3p9GPa-10deg_060.tif,3.9,17,213.17856309773734,668.9948682062048,47,11.896652720387836,5.1106128667644395,0.9030268545030742,79.27290456515318,1824.25537109375,9976.0,240.91375732421875,1340.48291015625,212,663,218,675,342.6878356933594
raw_data/High_Pressure_PXRD/Data/Cell_29/3p9 GPa/UOTe-3p9GPa-10deg_060.tif,3.9,18,222.63718226376383,336.35757437592616,115,30.156112855580567,5.240688129708568,0.9847835705936998,-55.97906747578908,152.57391357421875,770.0,15.387771606445312,98.61054992675781,215,322,234,348,347.31201171875
raw_data/High_Pressure_PXRD/Data/Cell_29/3p9 GPa/UOTe-3p9GPa-10deg_060.tif,3.9,19,241.71602352230053,619.7671899917691,170,23.93806384171703,9.59125714892114,0.9162225612614892,69.52166302900567,3659.10595703125,54051.0,489.064697265625,7286.388671875,235,605,248,630,295.6820068359375
raw_data/High_Pressure_PXRD/Data/Cell_29/3p9 GPa/UOTe-3p9GPa-10deg_060.tif,3.9,20,241.57571359458152,294.52356071601355,38,12.880013076162045,3.7275644651843733,0.957206171533769,-45.0,271.97369384765625,842.0,32.513118743896484,108.45811462402344,237,290,247,300,356.69952392578125
raw_data/High_Pressure_PXRD/Data/Cell_29/3p9 GPa/UOTe-3p9GPa-10deg_060.tif,3.9,21,240.01184834123222,312.021327014218,5,2.5298221281347035,2.5298221281347035,0.0,-45.0,84.4000015258789,92.0,6.205315113067627,7.2845001220703125,239,311,242,314,346.74298095703125
raw_data/High_Pressure_PXRD/Data/Cell_29/3p9 GPa/UOTe-3p9GPa-10deg_060.tif,3.9,22,258.76215543304284,911.3604481593455,61,19.410285231807176,4.148257505826072,0.9768961839779805,31.942705893808178,460.9016418457031,1626.0,57.58824157714844,214.7578582763672,251,906,267,917,480.3932800292969
raw_data/High_Pressure_PXRD/Data/Cell_29/3p9 GPa/UOTe-3p9GPa-10deg_060.tif,3.9,23,270.5186193245082,572.6333663243845,34,10.181135242336918,4.338432185451814,0.9046644820282147,77.65617339693034,475.4705810546875,1697.0,74.44195556640625,280.4195251464844,268,568,274,578,252.13436889648438
raw_data/High_Pressure_PXRD/Data/Cell_29/3p9 GPa/UOTe-3p9GPa-10deg_060.tif,3.9,24,270.04761904761904,245.98343685300208,5,2.5298221281347035,2.5298221281347035,0.0,-45.0,96.5999984741211,136.0,8.61324691772461,13.22001838684082,269,245,272,248,370.503662109375
raw_data/High_Pressure_PXRD/Data/Cell_29/3p9 GPa/UOTe-3p9GPa-10deg_060.tif,3.9,25,291.994623655914,113.05734767025089,5,2.5298221281347035,2.5298221281347035,0.0,-45.0,111.5999984741211,143.0,10.1983003616333,14.434102058410645,291,112,294,115,468.46136474609375
raw_data/High_Pressure_PXRD/Data/Cell_29/3p9 GPa/UOTe-3p9GPa-10deg_060.tif,3.9,26,327.99786780383795,147.01492537313433,5,2.5298221281347035,2.5298221281347035,0.0,-45.0,93.80000305175781,111.0,7.662214756011963,9.982462882995605,327,146,330,149,422.1321716308594
raw_data/High_Pressure_PXRD/Data/Cell_29/3p9 GPa/UOTe-3p9GPa-10deg_060.tif,3.9,27,347.6457645764576,348.96919691969197,11,4.967994363003793,2.848231107005645,0.8193342786072867,-59.305229832982604,82.63636016845703,102.0,8.201194763183594,11.46634292602539,346,347,350,352,238.486328125
raw_data/High_Pressure_PXRD/Data/Cell_29/3p9 GPa/UOTe-3p9GPa-10deg_060.tif,3.9,28,354.5137050022297,755.0895688210238,87,16.298621240088906,6.853087017079765,0.9073062783428475,31.550034606572606,2989.93115234375,26959.0,398.564697265625,3631.72802734375,347,750,362,761,296.02423095703125
raw_data/High_Pressure_PXRD/Data/Cell_29/3p9 GPa/UOTe-3p9GPa-10deg_060.tif,3.9,29,382.2191783525117,707.3076257076257,121,19.463436866561622,8.286061403337431,0.904852846083128,30.975560129114168,3350.45458984375,64422.0,559.2573852539062,10857.2783203125,373,701,392,714,238.78515625
raw_data/High_Pressure_PXRD/Data/Cell_29/3p9 GPa/UOTe-3p9GPa-10deg_060.tif,3.9,30,394.2199210564787,380.2599775839384,31,9.164555364684604,4.286136557663521,0.8838945462458185,-39.47048152298591,661.9677124023438,3033.0,106.3573989868164,506.205322265625,391,377,399,384,181.86080932617188
raw_data/High_Pressure_PXRD/Data/Cell_29/3p9 GPa/UOTe-3p9GPa-10deg_060.tif,3.9,31,397.0953608247423,714.9974226804123,5,2.5298221281347035,2.5298221281347035,0.0,-45.0,77.5999984741211,106.0,7.351949214935303,12.140833854675293,396,714,399,717,238.10061645507812
raw_data/High_Pressure_PXRD/Data/Cell_29/3p9 GPa/UOTe-3p9GPa-10deg_060.tif,3.9,32,427.61002102312546,951.9576033637001,14,5.606119105813881,3.0237157840738176,0.8420753583206845,0.0,203.85714721679688,360.0,22.64361572265625,43.707000732421875,425,951,431,954,458.29052734375
raw_data/High_Pressure_PXRD/Data/Cell_29/3p9 GPa/UOTe-3p9GPa-10deg_060.tif,3.9,33,433.91022099447514,952.9254143646409,9,4.988876515698588,2.6666666666666665,0.8451542547285166,0.0,160.88888549804688,219.0,16.847278594970703,24.68636131286621,432,952,437,955,458.2012939453125
raw_data/High_Pressure_PXRD/Data/Cell_29/3p9 GPa/UOTe-3p9GPa-10deg_060.tif,3.9,34,451.442013948744,285.8635480513623,130,18.456234339908576,9.062509078346523,0.8711443630538872,-14.806512883619162,5934.91552734375,82473.0,918.134765625,13901.0859375,444,280,463,291,245.57803344726562
raw_data/High_Pressure_PXRD/Data/Cell_29/3p9 GPa/UOTe-3p9GPa-10deg_060.tif,3.9,35,490.5429804181879,843.9170262197146,21,9.039093727774988,3.0237157840738176,0.9423902944854217,0.0,143.4761962890625,268.0,14.170729637145996,31.026575088500977,486,843,495,846,343.40484619140625
raw_data/High_Pressure_PXRD/Data/Cell_29/3p9 GPa/UOTe-3p9GPa-10deg_060.tif,3.9,36,511.3190666508004,189.68054353044485,159,21.289244774470564,9.636540394533952,0.8916891381515184,0.12698770663668618,3065.446533203125,32162.0,408.4126281738281,4333.33349609375,501,185,524,195,338.452392578125
raw_data/High_Pressure_PXRD/Data/Cell_29/3p9 GPa/UOTe-3p9GPa-10deg_060.tif,3.9,37,527.0839361048862,796.688161420494,220,25.444175079162637,11.461797307408881,0.8927923632923731,-4.188763975250885,4559.74560546875,110928.0,610.8546752929688,14958.9912109375,509,790,536,804,295.2221984863281
raw_data/High_Pressure_PXRD/Data/Cell_29/3p9 GPa/UOTe-3p9GPa-10deg_060.tif,3.9,38,567.8109917953668,90.47227316602317,90,20.48156009066556,5.578797379639549,0.9621893454769805,7.703660471076448,920.888916015625,4910.0,119.2349853515625,657.3587036132812,559,88,579,94,443.2884216308594
raw_data/High_Pressure_PXRD/Data/Cell_29/3p9 GPa/UOTe-3p9GPa-10deg_060.tif,3.9,39,610.6812778603269,313.17236255572067,23,8.129802130606441,3.592799420557069,0.8970497833349765,24.62160137880957,117.0434799194336,205.0,14.017677307128906,28.83448028564453,607,311,615,316,237.88442993164062
raw_data/High_Pressure_PXRD/Data/Cell_29/3p9 GPa/UOTe-3p9GPa-10deg_060.tif,3.9,40,615.0050994390617,648.8154003059664,11,4.967994363003793,2.848231107005645,0.8193342786072867,-30.694770167017396,178.27272033691406,384.0,24.78753662109375,59.355186462402344,613,647,618,651,181.85098266601562
raw_data/High_Pressure_PXRD/Data/Cell_29/3p9 GPa/UOTe-3p9GPa-10deg_060.tif,3.9,41,663.4095615671641,890.1378964552239,85,18.735889939343842,5.914528983299425,0.9488660085236764,-24.51406801883753,504.4705810546875,2317.0,63.0609130859375,307.5677795410156,654,886,671,896,422.3052062988281
raw_data/High_Pressure_PXRD/Data/Cell_29/3p9 GPa/UOTe-3p9GPa-10deg_060.tif,3.9,42,673.7707036859741,555.568282842098,28,8.61936945059588,4.193330573010269,0.8736801027563506,-74.22461578975118,522.25,1850.0,82.7877197265625,306.5560607910156,672,552,677,561,182.10269165039062
raw_data/High_Pressure_PXRD/Data/Cell_29/3p9 GPa/UOTe-3p9GPa-10deg_060.tif,3.9,43,684.1935531764501,231.58693722625853,90,16.887696832964618,6.801798373222743,0.9153027667071385,30.789677199006316,3442.522216796875,35772.0,459.39337158203125,4820.3154296875,678,227,693,238,348.9853515625
raw_data/High_Pressure_PXRD/Data/Cell_29/3p9 GPa/UOTe-3p9GPa-10deg_060.tif,3.9,44,717.7204717679904,874.2930317360834,5,2.5298221281347035,2.5298221281347035,0.0,-45.0,3510.199951171875,6569.0,468.60919189453125,881.2896118164062,717,873,720,876,432.5282287597656
raw_data/High_Pressure_PXRD/Data/Cell_29/3p9 GPa/UOTe-3p9GPa-10deg_060.tif,3.9,45,725.3175118661004,265.29665251061704,45,8.359831485501223,7.016568240935267,0.5436387093488783,-77.67825514529532,177.91111755371094,401.0,18.79281234741211,48.8331298828125,722,261,730,270,346.9716796875
raw_data/High_Pressure_PXRD/Data/Cell_29/3p9 GPa/UOTe-3p9GPa-10deg_060.tif,3.9,46,727.1944095245138,793.0843008208237,45,14.970122587422757,3.871277275296402,0.9659844287129848,-37.73510086234923,300.5111083984375,935.0,39.04460906982422,121.0036392211914,722,789,734,799,370.843017578125
raw_data/High_Pressure_PXRD/Data/Cell_29/3p9 GPa/UOTe-3p9GPa-10deg_060.tif,3.9,47,733.4808841737705,462.26954562055175,100,16.857879296176073,7.635856575103949,0.8915335049962727,76.80268874107577,2245.260009765625,20040.0,339.7527770996094,2698.7724609375,730,456,738,473,245.56382751464844
raw_data/High_Pressure_PXRD/Data/Cell_29/3p9 GPa/UOTe-3p9GPa-10deg_060.tif,3.9,48,743.8171218427505,131.4237271224129,62,16.507439242697437,4.92606904177397,0.9544361850678716,28.380528167206176,1131.54833984375,5754.0,147.81788635253906,771.3475952148438,737,127,752,137,466.2060546875
raw_data/High_Pressure_PXRD/Data/Cell_29/3p9 GPa/UOTe-3p9GPa-10deg_060.tif,3.9,49,758.2541264912568,744.9852917143324,40,12.241368111487077,4.311485446927465,0.9359224379475864,-45.88186673069773,305.95001220703125,1025.0,36.8659782409668,133.14447021484375,754,741,763,751,356.74212646484375
raw_data/High_Pressure_PXRD/Data/Cell_29/3p9 GPa/UOTe-3p9GPa-10deg_060.tif,3.9,50,786.5675852506607,692.4753513294914,236,26.055002102270457,11.91524734953901,0.8893066729263605,-55.27133427869973,2933.771240234375,47272.0,390.7577819824219,6371.64453125,777,682,795,707,347.309326171875
raw_data/High_Pressure_PXRD/Data/Cell_29/3p9 GPa/UOTe-3p9GPa-10deg_060.tif,3.9,51,794.4757082668975,367.7137683072342,119,19.671759975091888,7.877471352755685,0.9163204980913736,62.07728601105184,2387.470703125,24764.0,316.88397216796875,3335.356689453125,790,360,802,379,338.53131103515625
raw_data/High_Pressure_PXRD/Data/Cell_29/3p9 GPa/UOTe-3p9GPa-10deg_060.tif,3.9,52,857.049113711203,270.582638548308,43,14.767758405317242,3.8996133061439746,0.9645055318210292,54.596930295617774,331.93023681640625,1275.0,39.78554153442383,167.00390625,853,265,862,277,443.3192138671875
raw_data/High_Pressure_PXRD/Data/Cell_29/3p9 GPa/UOTe-3p9GPa-10deg_060.tif,3.9,53,871.6762454511231,891.3931484502447,44,15.947310860664357,3.5764108167079467,0.9745283840337643,-41.77794307805861,181.11363220214844,493.0,20.682340621948242,62.727638244628906,867,886,879,897,538.838623046875
raw_data/High_Pressure_PXRD/Data/Cell_29/3p9 GPa/UOTe-3p9GPa-10deg_060.tif,3.9,54,971.7318547435029,407.5467896551181,94,19.775249288877923,6.254283814959268,0.9486697968823437,77.89501874091606,675.8404541015625,4001.0,86.72435760498047,535.27587890625,968,400,976,419,493.5240478515625
raw_data/High_Pressure_PXRD/Data/Cell_29/3p9 GPa/UOTe-3p9GPa-10deg_060.tif,3.9,55,1028.1135751623633,643.8065103754158,65,18.913338373896117,4.417522755363411,0.9723408237492948,-73.97840271603478,194.24615478515625,472.0,23.046829223632812,60.02967834472656,1025,636,1032,654,551.711181640625
raw_data/High_Pressure_PXRD/Data/Cell_29/5p0 GPa/UOTe-5p0GPa-10deg_062.tif,5.0,1,18.06414662084765,561.507827415044,8,3.4641016151377544,2.8284271247461903,0.5773502691896258,90.0,327.375,855.0,39.94671630859375,111.15607452392578,17,560,20,564,502.7379150390625
raw_data/High_Pressure_PXRD/Data/Cell_29/5p0 GPa/UOTe-5p0GPa-10deg_062.tif,5.0,2,28.027723830734967,928.6267082405345,202,26.91854167458302,9.810691978538424,0.9312196217702731,54.78225377398199,277.8465270996094,3131.0,46.923858642578125,524.7538452148438,19,918,38,941,638.1914672851562
raw_data/High_Pressure_PXRD/Data/Cell_29/5p0 GPa/UOTe-5p0GPa-10deg_062.tif,5.0,3,21.61298224127373,630.4576852418861,43,12.90357713431882,4.175260134742247,0.9462029187573039,86.10663184699561,189.88372802734375,609.0,21.508413314819336,78.10602569580078,20,625,24,638,510.53778076171875
raw_data/High_Pressure_PXRD/Data/Cell_29/5p0 GPa/UOTe-5p0GPa-10deg_062.tif,5.0,4,24.196466809421842,293.33190578158457,16,6.490340168018707,3.1425283615908546,0.8749653919296679,-48.5625081744509,116.75,198.0,12.107109069824219,23.067583084106445,22,291,27,297,541.7957153320312
raw_data/High_Pressure_PXRD/Data/Cell_29/5p0 GPa/UOTe-5p0GPa-10deg_062.tif,5.0,5,52.76036036036036,245.5159159159159,14,6.683766638907472,2.781263522561938,0.9093087121712009,-36.78379215445244,118.92857360839844,184.0,12.362452507019043,21.17901039123535,50,244,56,249,538.9134521484375
raw_data/High_Pressure_PXRD/Data/Cell_29/5p0 GPa/UOTe-5p0GPa-10deg_062.tif,5.0,6,52.76521448095052,581.4283483014448,55,14.004400729186381,5.027369706593812,0.9333433314416947,-88.09886216302739,325.9454650878906,1610.0,39.147438049316406,212.32968139648438,51,575,56,589,471.28289794921875
raw_data/High_Pressure_PXRD/Data/Cell_29/5p0 GPa/UOTe-5p0GPa-10deg_062.tif,5.0,7,56.96231493943473,240.6164199192463,8,3.4641016151377544,2.8284271247461903,0.5773502691896258,90.0,92.875,117.0,8.785242080688477,12.005935668945312,56,239,59,243,537.8356323242188
raw_data/High_Pressure_PXRD/Data/Cell_29/5p0 GPa/UOTe-5p0GPa-10deg_062.tif,5.0,8,77.04971002485502,873.089478044739,16,5.491121612710071,3.687490126688931,0.7409712228106841,37.5621589991806,75.4375,97.0,7.023135185241699,9.712666511535645,75,871,80,876,569.3763427734375
raw_data/High_Pressure_PXRD/Data/Cell_29/5p0 GPa/UOTe-5p0GPa-10deg_062.tif,5.0,9,82.81523542171749,532.6012930117818,57,12.623793338676972,5.756066448591076,0.8899953322383887,-79.95325481664285,412.47369384765625,2457.0,50.785606384277344,326.5884094238281,80,527,86,540,437.29510498046875
raw_data/High_Pressure_PXRD/Data/Cell_29/5p0 GPa/UOTe-5p0GPa-10deg_062.tif,5.0,10,94.62793281764178,530.7132783452284,55,11.244033680646295,6.200677447131706,0.8341988291067638,-79.94694036221445,425.4363708496094,2648.0,52.41896438598633,352.21905517578125,92,526,98,537,425.4432678222656
raw_data/High_Pressure_PXRD/Data/Cell_29/5p0 GPa/UOTe-5p0GPa-10deg_062.tif,5.0,11,107.15762001836958,819.4554985550751,103,19.34972370316234,6.933487756253543,0.9335969516157696,56.84528531988265,433.3883361816406,4108.0,54.422889709472656,550.1146850585938,101,811,114,828,514.57373046875
raw_data/High_Pressure_PXRD/Data/Cell_29/5p0 GPa/UOTe-5p0GPa-10deg_062.tif,5.0,12,110.33158544108575,566.0573719925972,17,6.855577033074957,3.6229312742065125,0.8489552022010131,16.767115850619426,190.7058868408203,392.0,20.8834228515625,48.02374267578125,107,564,114,569,412.8237609863281
raw_data/High_Pressure_PXRD/Data/Cell_29/5p0 GPa/UOTe-5p0GPa-10deg_062.tif,5.0,13,112.32077249175694,483.5939707960433,21,7.256318664367978,3.71657902143232,0.8588750325853228,-65.41674755722566,202.1904754638672,509.0,22.680553436279297,63.67192840576172,110,480,115,487,408.3983459472656
raw_data/High_Pressure_PXRD/Data/Cell_29/5p0 GPa/UOTe-5p0GPa-10deg_062.tif,5.0,14,137.55522088353413,768.6536144578313,8,4.242640687119285,2.449489742783178,0.816496580927726,45.0,124.5,232.0,12.03965950012207,26.574935913085938,136,767,140,771,461.05401611328125
raw_data/High_Pressure_PXRD/Data/Cell_29/5p0 GPa/UOTe-5p0GPa-10deg_062.tif,5.0,15,155.33997682502897,433.33823870220164,31,10.244380981854933,3.8851359831622374,0.9252960643159,-64.78588377417218,278.3870849609375,955.0,33.11967086791992,123.83650207519531,153,429,159,439,373.3680114746094
raw_data/High_Pressure_PXRD/Data/Cell_29/5p0 GPa/UOTe-5p0GPa-10deg_062.tif,5.0,16,166.93025914634146,718.8632621951219,44,12.701463408110959,4.517561785133763,0.9346106368101995,67.51663226389354,298.18182373046875,2407.0,35.29426193237305,319.7086181640625,164,713,171,725,409.6866455078125
raw_data/High_Pressure_PXRD/Data/Cell_29/5p0 GPa/UOTe-5p0GPa-10deg_062.tif,5.0,17,182.49324490297224,47.49447310243183,42,10.471844313328196,5.201637238927549,0.8679074203848909,-36.840201987768424,96.92857360839844,169.0,11.014272689819336,24.45029067993164,178,44,188,52,578.9290161132812
raw_data/High_Pressure_PXRD/Data/Cell_29/5p0 GPa/UOTe-5p0GPa-10deg_062.tif,5.0,18,184.80827557812393,386.04425993275237,42,11.898623254017624,4.543675481498791,0.9242178459271391,-59.80341421777686,346.9761962890625,1629.0,41.728492736816406,214.62295532226562,181,381,189,392,359.32818603515625
raw_data/High_Pressure_PXRD/Data/Cell_29/5p0 GPa/UOTe-5p0GPa-10deg_062.tif,5.0,19,212.3298796791444,669.4548796791444,8,3.4641016151377544,2.8284271247461903,0.5773502691896258,90.0,374.0,1191.0,46.59466552734375,155.53756713867188,212,668,215,672,344.50201416015625
raw_data/High_Pressure_PXRD/Data/Cell_29/5p0 GPa/UOTe-5p0GPa-10deg_062.tif,5.0,20,223.57152817794167,962.0717413852714,136,22.85018213535919,7.833075108427608,0.9394078878155051,32.975155974007286,1276.0294189453125,18882.0,168.48182678222656,2543.504638671875,213,953,233,969,541.10888671875
raw_data/High_Pressure_PXRD/Data/Cell_29/5p0 GPa/UOTe-5p0GPa-10deg_062.tif,5.0,21,225.89675730696524,327.18569143521887,187,43.868108243821915,6.142861791472513,0.9901472271666583,-59.66998907582097,110.32620239257812,299.0,9.756671905517578,35.20841598510742,216,306,239,345,350.4906921386719
raw_data/High_Pressure_PXRD/Data/Cell_29/5p0 GPa/UOTe-5p0GPa-10deg_062.tif,5.0,22,220.97149564050972,677.1995305164319,5,2.5298221281347035,2.5298221281347035,0.0,-45.0,596.4000244140625,1119.0,75.35411071777344,145.8249053955078,220,676,223,679,341.0623474121094
raw_data/High_Pressure_PXRD/Data/Cell_29/5p0 GPa/UOTe-5p0GPa-10deg_062.tif,5.0,23,239.59972131844,618.1835189753469,210,29.115183079679277,10.059608777145812,0.938414791446807,71.69975499600746,2723.70947265625,89208.0,363.5967712402344,12029.0029296875,233,600,246,631,297.9197998046875
raw_data/High_Pressure_PXRD/Data/Cell_29/5p0 GPa/UOTe-5p0GPa-10deg_062.tif,5.0,24,243.2660891883221,290.5971126082772,44,12.129107815438452,4.676346295544208,0.922688020110663,-45.8640160935488,354.2045593261719,1972.0,42.764244079589844,260.8930358886719,239,286,248,296,358.6668701171875
raw_data/High_Pressure_PXRD/Data/Cell_29/5p0 GPa/UOTe-5p0GPa-10deg_062.tif,5.0,25,251.40574860181536,909.5221875859539,62,16.34326719550631,4.923833001245479,0.953537002336831,36.28561330034322,351.8387145996094,2009.0,42.97304153442383,266.4238586425781,244,904,258,915,483.6560363769531
raw_data/High_Pressure_PXRD/Data/Cell_29/5p0 GPa/UOTe-5p0GPa-10deg_062.tif,5.0,26,269.02881108679793,244.88439095550692,13,4.8987468184356775,3.3498081318351556,0.7296608671767802,-19.794065423841484,210.92308044433594,579.0,23.773204803466797,73.11479949951172,267,244,272,248,372.69671630859375
raw_data/High_Pressure_PXRD/Data/Cell_29/5p0 GPa/UOTe-5p0GPa-10deg_062.tif,5.0,27,268.879472693032,570.6059484382102,35,9.14022077498765,4.861766381445065,0.8468014734865703,-87.87442019415128,439.971435546875,3172.0,68.62461853027344,529.306640625,267,566,272,576,254.0682830810547
raw_data/High_Pressure_PXRD/Data/Cell_29/5p0 GPa/UOTe-5p0GPa-10deg_062.tif,5.0,28,273.1484942886812,241.3214953271028,16,5.9966006892282255,3.3879610644084397,0.8251044156868004,-11.416827088958772,300.9375,1122.0,35.807029724121094,146.36448669433594,271,239,277,243,372.8055725097656
raw_data/High_Pressure_PXRD/Data/Cell_29/5p0 GPa/UOTe-5p0GPa-10deg_062.tif,5.0,29,291.2217374810319,110.45030349013658,23,10.051410917949958,3.070277752456761,0.9522057458500756,37.30275403914786,229.21739196777344,1057.0,26.17610740661621,137.73101806640625,287,107,295,114,472.6580810546875
raw_data/High_Pressure_PXRD/Data/Cell_29/5p0 GPa/UOTe-5p0GPa-10deg_062.tif,5.0,30,297.50023411893244,522.4484157952239,26,8.753871248332093,3.8008763784879687,0.9008194981240351,-80.63080491397228,246.42308044433594,1106.0,36.156593322753906,181.10076904296875,296,519,300,528,217.8264923095703
raw_data/High_Pressure_PXRD/Data/Cell_29/5p0 GPa/UOTe-5p0GPa-10deg_062.tif,5.0,31,328.64411348290133,144.60793763159805,116,20.393034754117032,7.344697771890877,0.932891638841186,-29.89633303568489,949.862060546875,8188.0,123.15386199951172,1099.5548095703125,320,139,339,151,424.8341064453125
raw_data/High_Pressure_PXRD/Data/Cell_29/5p0 GPa/UOTe-5p0GPa-10deg_062.tif,5.0,32,323.02701350675335,803.6613306653327,10,5.138093031466052,2.5298221281347035,0.8703882797784892,26.565051177077994,199.89999389648438,412.0,25.276540756225586,63.2335090637207,321,802,326,806,355.82012939453125
raw_data/High_Pressure_PXRD/Data/Cell_29/5p0 GPa/UOTe-5p0GPa-10deg_062.tif,5.0,33,351.56302345404055,754.7874233550551,97,17.43244902066907,7.237967804464047,0.9097297658355561,34.474318909437486,1874.690673828125,33168.0,248.31796264648438,4469.310546875,344,749,360,761,298.0291442871094
raw_data/High_Pressure_PXRD/Data/Cell_29/5p0 GPa/UOTe-5p0GPa-10deg_062.tif,5.0,34,357.83580612045364,94.46887221353148,115,21.649476739686737,6.851404585883424,0.9486026009735553,-21.530684071204842,711.5130615234375,5309.0,91.21928405761719,711.4528198242188,349,90,370,100,460.0241394042969
raw_data/High_Pressure_PXRD/Data/Cell_29/5p0 GPa/UOTe-5p0GPa-10deg_062.tif,5.0,35,378.8834823303534,706.2140757184857,86,22.57763787485864,5.118220853332197,0.9739659714963582,35.479237746406525,193.8023223876953,956.0,27.11492156982422,155.6387481689453,368,698,387,712,240.620849609375
raw_data/High_Pressure_PXRD/Data/Cell_29/5p0 GPa/UOTe-5p0GPa-10deg_062.tif,5.0,36,393.0982905982906,380.0968660968661,5,2.5298221281347035,2.5298221281347035,0.0,-45.0,140.39999389648438,211.0,18.447322845458984,30.35208511352539,392,379,395,382,183.5797119140625
raw_data/High_Pressure_PXRD/Data/Cell_29/5p0 GPa/UOTe-5p0GPa-10deg_062.tif,5.0,37,451.8918872513951,284.9695378451853,123,21.022686252335305,7.72284104549189,0.9300798255273489,-12.392186378506699,568.2113647460938,6226.0,90.21998596191406,1044.1116943359375,443,280,465,290,247.1754913330078
raw_data/High_Pressure_PXRD/Data/Cell_29/5p0 GPa/UOTe-5p0GPa-10deg_062.tif,5.0,38,455.967032967033,276.97362637362636,5,2.5298221281347035,2.5298221281347035,0.0,-45.0,91.0,128.0,9.780116081237793,16.019155502319336,455,276,458,279,254.11367797851562
raw_data/High_Pressure_PXRD/Data/Cell_29/5p0 GPa/UOTe-5p0GPa-10deg_062.tif,5.0,39,491.88333247371406,845.6148770621652,149,19.797265713789525,9.693328502077172,0.8719304989359373,-0.9752268061261045,3643.463134765625,64024.0,492.46990966796875,8631.5927734375,483,840,504,851,345.37237548828125
raw_data/High_Pressure_PXRD/Data/Cell_29/5p0 GPa/UOTe-5p0GPa-10deg_062.tif,5.0,40,499.6847457627119,880.7067435989902,36,9.083359721579916,5.364375712574911,0.8069851296832292,0.27646461798863864,385.1388854980469,2140.0,50.92967224121094,283.6907958984375,496,878,506,884,381.0149841308594
raw_data/High_Pressure_PXRD/Data/Cell_29/5p0 GPa/UOTe-5p0GPa-10deg_062.tif,5.0,41,510.0313005001924,188.51208156983455,150,26.49176970840226,7.377672317749796,0.9604393544638535,1.6792093864782502,346.5333251953125,1837.0,41.782901763916016,242.81666564941406,498,185,526,193,340.40447998046875
raw_data/High_Pressure_PXRD/Data/Cell_29/5p0 GPa/UOTe-5p0GPa-10deg_062.tif,5.0,42,521.1391922115511,797.8260097355611,185,28.883382933793847,8.470641539684973,0.9560295324586513,-3.5599505201180532,328.69189453125,1781.0,39.77727127075195,235.2623748779297,504,793,534,803,297.11468505859375
raw_data/High_Pressure_PXRD/Data/Cell_29/5p0 GPa/UOTe-5p0GPa-10deg_062.tif,5.0,43,615.1188647919477,649.4645636608903,28,7.40148957311176,4.814263783029271,0.759553137340301,-40.317497685299045,688.3571166992188,4002.0,110.84532928466797,669.6007080078125,612,647,619,653,183.6544647216797
raw_data/High_Pressure_PXRD/Data/Cell_29/5p0 GPa/UOTe-5p0GPa-10deg_062.tif,5.0,44,637.1704867674858,938.9004017013233,26,6.909846972363009,4.795787416963274,0.7199256663921934,-68.8373515756942,325.5384521484375,1061.0,39.15678405761719,138.40550231933594,636,936,641,943,459.4947509765625
raw_data/High_Pressure_PXRD/Data/Cell_29/5p0 GPa/UOTe-5p0GPa-10deg_062.tif,5.0,45,666.4892140023719,890.5832975504028,123,18.245655267016417,8.633305542934682,0.8809708806689335,-28.164267774134828,1590.43896484375,17188.0,209.56703186035156,2313.63818359375,658,885,675,897,424.531494140625
raw_data/High_Pressure_PXRD/Data/Cell_29/5p0 GPa/UOTe-5p0GPa-10deg_062.tif,5.0,46,674.448923076923,555.6779230769231,22,6.7414751252203455,4.062379396262225,0.7980471361014494,-82.7914241871274,590.9091186523438,3446.0,94.41337585449219,575.8464965820312,673,553,677,560,183.59283447265625
raw_data/High_Pressure_PXRD/Data/Cell_29/5p0 GPa/UOTe-5p0GPa-10deg_062.tif,5.0,47,682.9456167364881,228.91353904119606,109,22.025326103046687,6.561094367645275,0.9546006285733597,30.79677990180259,2133.00927734375,35961.0,282.61285400390625,4845.9462890625,674,223,695,237,351.3044128417969
raw_data/High_Pressure_PXRD/Data/Cell_29/5p0 GPa/UOTe-5p0GPa-10deg_062.tif,5.0,48,723.4960720887245,321.51940850277265,12,3.8297084310253524,3.8297084310253524,0.0,-45.0,360.6666564941406,952.0,47.64996337890625,144.84689331054688,722,320,726,324,305.2750244140625
raw_data/High_Pressure_PXRD/Data/Cell_29/5p0 GPa/UOTe-5p0GPa-10deg_062.tif,5.0,49,734.4062167005137,461.7040258033688,115,21.353115680275888,7.28031170056759,0.9400819933539943,75.82776476281438,1819.7825927734375,35846.0,301.2627258300781,6038.88427734375,731,453,740,476,247.53956604003906
raw_data/High_Pressure_PXRD/Data/Cell_29/5p0 GPa/UOTe-5p0GPa-10deg_062.tif,5.0,50,742.7559429217386,128.02740870590932,61,14.715446847612174,5.442977896372096,0.9290787679615807,30.03126730881185,1000.6393432617188,9052.0,130.1700897216797,1216.24169921875,737,124,751,134,469.29638671875
raw_data/High_Pressure_PXRD/Data/Cell_29/5p0 GPa/UOTe-5p0GPa-10deg_062.tif,5.0,51,771.0591715976332,416.9684418145957,5,2.5298221281347035,2.5298221281347035,0.0,-45.0,101.4000015258789,115.0,8.687440872192383,10.522055625915527,770,416,773,419,296.898681640625
raw_data/High_Pressure_PXRD/Data/Cell_29/5p0 GPa/UOTe-5p0GPa-10deg_062.tif,5.0,52,786.3876832844575,912.9824046920821,8,3.4641016151377544,2.8284271247461903,0.5773502691896258,0.0,213.125,610.0,24.500877380371094,77.97113037109375,785,912,789,915,502.5482482910156
raw_data/High_Pressure_PXRD/Data/Cell_29/5p0 GPa/UOTe-5p0GPa-10deg_062.tif,5.0,53,790.9778672032193,357.0623742454728,5,2.5298221281347035,2.5298221281347035,0.0,-45.0,99.4000015258789,147.0,8.309725761413574,14.703898429870605,790,356,793,359,341.2456359863281
raw_data/High_Pressure_PXRD/Data/Cell_29/5p0 GPa/UOTe-5p0GPa-10deg_062.tif,5.0,54,795.5305659369994,366.15517504385633,131,20.646837944888144,8.551759581441164,0.910189434907051,63.22420894305849,2001.679443359375,41227.0,265.34698486328125,5556.31982421875,791,360,804,379,341.2282409667969
raw_data/High_Pressure_PXRD/Data/Cell_29/5p0 GPa/UOTe-5p0GPa-10deg_062.tif,5.0,55,822.3132865188069,720.5509977056247,25,6.133815898011921,5.155686426587271,0.5417573775069718,-32.66809264376821,1150.6400146484375,7464.0,163.6273956298828,1252.3607177734375,820,718,826,724,394.0510559082031
raw_data/High_Pressure_PXRD/Data/Cell_29/5p0 GPa/UOTe-5p0GPa-10deg_062.tif,5.0,56,857.8106054546909,267.6992721746781,31,9.469552662087809,4.181222214397173,0.8972396990552735,53.281274360890286,403.32257080078125,1504.0,49.5511360168457,198.03048706054688,855,264,862,272,446.5906982421875
raw_data/High_Pressure_PXRD/Data/Cell_29/5p0 GPa/UOTe-5p0GPa-10deg_062.tif,5.0,57,874.3355878543675,891.5416606706001,37,11.638659630462138,4.1615876355455335,0.9338879149039448,-41.71660762492143,187.81080627441406,497.0,21.69308090209961,63.402130126953125,871,887,880,896,541.4888916015625
raw_data/High_Pressure_PXRD/Data/Cell_29/5p0 GPa/UOTe-5p0GPa-10deg_062.tif,5.0,58,910.0120336943442,503.44404332129966,8,3.4641016151377544,2.8284271247461903,0.5773502691896258,90.0,103.875,162.0,9.021313667297363,16.862268447875977,909,502,912,506,421.0158996582031
raw_data/High_Pressure_PXRD/Data/Cell_29/5p0 GPa/UOTe-5p0GPa-10deg_062.tif,5.0,59,921.2935483870967,165.43903225806451,42,11.69659886106565,4.678944638390448,0.9165037545628865,48.1743407815857,369.047607421875,1657.0,46.276485443115234,220.0188751220703,917,161,926,170,556.8602294921875
raw_data/High_Pressure_PXRD/Data/Cell_29/5p0 GPa/UOTe-5p0GPa-10deg_062.tif,5.0,60,973.6873295454545,405.81039772727274,78,14.427942113369534,6.918909181094199,0.8775149530282012,83.3152035724197,676.923095703125,4842.0,86.99547576904297,648.860107421875,971,399,978,414,496.6996765136719
raw_data/High_Pressure_PXRD/Data/Cell_29/5p0 GPa/UOTe-5p0GPa-10deg_062.tif,5.0,61,1030.2004023399243,644.0082850260727,91,17.585136300407164,6.694105102579714,0.9247116280626222,-68.73898996977024,415.1538391113281,2550.0,54.38730239868164,340.4829406738281,1026,636,1036,653,554.751953125
raw_data/High_Pressure_PXRD/Data/Cell_29/5p0 GPa/UOTe-5p0GPa-10deg_062.tif,5.0,62,1039.8977763026883,306.3949551941586,24,7.48194624318278,4.026775988128411,0.8428177953224391,60.30684242120005,125.54166412353516,246.0,17.150331497192383,37.43423843383789,1038,303,1043,310,586.45263671875
raw_data/High_Pressure_PXRD/Data/Cell_29/6p2 GPa/UOTe-6p2GPa-10deg_064.tif,6.2,1,19.24853652328837,628.2940951896156,38,9.024834190022368,5.467963810269317,0.795556278331103,-82.57713053126045,206.7894744873047,634.0,23.834373474121094,81.47848510742188,17,624,23,634,511.44525146484375
raw_data/High_Pressure_PXRD/Data/Cell_29/6p2 GPa/UOTe-6p2GPa-10deg_064.tif,6.2,2,24.39427500425967,925.4583404327824,80,13.902187271268513,8.325063908137873,0.8008752446940187,58.57759583391007,73.36250305175781,165.0,11.116451263427734,32.825218200683594,19,919,30,934,638.2684326171875
raw_data/High_Pressure_PXRD/Data/Cell_29/6p2 GPa/UOTe-6p2GPa-10deg_064.tif,6.2,3,24.24551896623593,288.745727386411,20,6.9339743293438865,3.687817782917155,0.8468400694118091,-45.0,119.94999694824219,222.0,12.545528411865234,26.305139541625977,22,286,28,292,542.681640625
raw_data/High_Pressure_PXRD/Data/Cell_29/6p2 GPa/UOTe-6p2GPa-10deg_064.tif,6.2,4,50.665470058789865,578.6507986056916,51,10.975383986334007,5.942114772955496,0.8407626941965644,-77.05993690888353,376.8823547363281,1945.0,46.10607147216797,257.65545654296875,48,574,55,585,472.20794677734375
raw_data/High_Pressure_PXRD/Data/Cell_29/6p2 GPa/UOTe-6p2GPa-10deg_064.tif,6.2,5,54.271343050494536,240.07652264445602,37,12.551629845273863,4.372958714696165,0.9373468177634988,-49.939534639574795,207.67567443847656,617.0,24.372814178466797,79.58990478515625,50,236,59,247,539.4310302734375
raw_data/High_Pressure_PXRD/Data/Cell_29/6p2 GPa/UOTe-6p2GPa-10deg_064.tif,6.2,6,72.86777563503425,871.0348189250263,87,13.7098519548165,8.174494558045245,0.8027990680758957,59.71171859900572,971.5287475585938,9371.0,127.6849594116211,1260.758056640625,69,865,79,878,570.4370727539062
raw_data/High_Pressure_PXRD/Data/Cell_29/6p2 GPa/UOTe-6p2GPa-10deg_064.tif,6.2,7,81.1786377008373,529.6114052953156,51,10.958984960620302,5.903933846932997,0.8424784857708713,-65.3109621589262,433.23529052734375,2161.0,53.58631134033203,286.6585693359375,78,525,85,536,437.8829040527344
raw_data/High_Pressure_PXRD/Data/Cell_29/6p2 GPa/UOTe-6p2GPa-10deg_064.tif,6.2,8,83.87254213483146,190.72752808988764,22,8.94427190999916,3.1596631267241406,0.9355247787045771,-45.00000000000001,129.4545440673828,265.0,13.820929527282715,32.10575866699219,81,188,88,195,543.0274047851562
raw_data/High_Pressure_PXRD/Data/Cell_29/6p2 GPa/UOTe-6p2GPa-10deg_064.tif,6.2,9,92.82518397383484,530.2166802943582,31,7.910236027932766,5.105797189647446,0.7637880659576886,-68.05440606387997,197.25807189941406,445.0,21.627216339111328,55.03844451904297,90,527,96,535,426.34466552734375
raw_data/High_Pressure_PXRD/Data/Cell_29/6p2 GPa/UOTe-6p2GPa-10deg_064.tif,6.2,10,103.88732266608613,818.1507202206016,86,12.962191068384746,8.543275242457998,0.7520624022489566,63.07808013429656,640.9534912109375,7994.0,82.44001770019531,1074.328857421875,99,813,110,825,515.2273559570312
raw_data/High_Pressure_PXRD/Data/Cell_29/6p2 GPa/UOTe-6p2GPa-10deg_064.tif,6.2,11,110.28851963746223,565.9691842900302,16,7.063169633132724,3.612358610879012,0.8593214222663437,16.440619832637406,206.875,411.0,23.025428771972656,50.58680725097656,107,564,114,569,412.03082275390625
raw_data/High_Pressure_PXRD/Data/Cell_29/6p2 GPa/UOTe-6p2GPa-10deg_064.tif,6.2,12,110.88280480598779,480.952137088832,25,7.43197667868774,4.429460762603226,0.8029841673595296,-65.80992919808163,203.0800018310547,683.0,24.01321792602539,87.27910614013672,108,478,114,485,409.3816833496094
raw_data/High_Pressure_PXRD/Data/Cell_29/6p2 GPa/UOTe-6p2GPa-10deg_064.tif,6.2,13,134.08323959505063,766.5871766029246,8,3.4641016151377544,2.8284271247461903,0.5773502691896258,90.0,111.125,189.0,10.269121170043945,20.774314880371094,133,765,136,769,462.0032958984375
raw_data/High_Pressure_PXRD/Data/Cell_29/6p2 GPa/UOTe-6p2GPa-10deg_064.tif,6.2,14,145.37990487514864,89.12232461355529,39,11.524795540915145,4.32440230106658,0.926933379474655,-37.26960773751819,172.5128173828125,517.0,19.885372161865234,66.36988830566406,140,86,150,94,567.9599609375
raw_data/High_Pressure_PXRD/Data/Cell_29/6p2 GPa/UOTe-6p2GPa-10deg_064.tif,6.2,15,154.5848353761115,431.8704638308099,27,7.773199927411632,4.392270543704174,0.8250545552965632,-54.01443843035214,308.22222900390625,1012.0,41.05900192260742,135.0667724609375,152,429,158,436,373.5239562988281
raw_data/High_Pressure_PXRD/Data/Cell_29/6p2 GPa/UOTe-6p2GPa-10deg_064.tif,6.2,16,163.84209921910886,716.5469683050069,30,7.497579770681091,5.038481674301662,0.7405380663294263,82.0681497734106,290.26666259765625,1176.0,34.45973205566406,153.64898681640625,162,713,167,721,410.1234436035156
raw_data/High_Pressure_PXRD/Data/Cell_29/6p2 GPa/UOTe-6p2GPa-10deg_064.tif,6.2,17,186.8540218470705,971.0587884806356,55,19.653002731906916,3.6089163204608923,0.9829950971550819,35.756591073180694,183.09091186523438,877.0,21.279569625854492,114.9332275390625,179,965,195,977,566.9279174804688
raw_data/High_Pressure_PXRD/Data/Cell_29/6p2 GPa/UOTe-6p2GPa-10deg_064.tif,6.2,18,184.27949986975776,384.17458973691066,36,9.271579522364071,4.9691180453007515,0.8442486975372564,-52.35973523177527,426.5555419921875,1719.0,65.38626098632812,283.4547424316406,181,381,188,389,359.7982177734375
raw_data/High_Pressure_PXRD/Data/Cell_29/6p2 GPa/UOTe-6p2GPa-10deg_064.tif,6.2,19,187.82594116750496,563.1173601585124,27,10.183515465690276,3.4585123513732206,0.940563200486305,82.72589256318676,243.0,702.0,30.85545539855957,89.57237243652344,186,559,190,569,333.8681640625
raw_data/High_Pressure_PXRD/Data/Cell_29/6p2 GPa/UOTe-6p2GPa-10deg_064.tif,6.2,20,191.15176302606423,624.3875511241257,71,21.020192785537244,4.3581408545347955,0.9782708173344778,71.89784313627031,581.9859008789062,2421.0,73.3826904296875,321.4622802734375,187,614,195,634,345.8551940917969
raw_data/High_Pressure_PXRD/Data/Cell_29/6p2 GPa/UOTe-6p2GPa-10deg_064.tif,6.2,21,218.5164675638893,961.2297998891073,158,19.934149728289917,10.333206865005952,0.8551582173572487,31.932963835888895,1255.6329345703125,29596.0,165.7684783935547,3988.803466796875,212,955,230,969,542.1868286132812
raw_data/High_Pressure_PXRD/Data/Cell_29/6p2 GPa/UOTe-6p2GPa-10deg_064.tif,6.2,22,215.89249304911957,679.4397590361446,14,6.492616542122757,2.7495847234154547,0.9058988669521836,56.164328189009574,154.14285278320312,293.0,15.66745662689209,34.39902877807617,214,677,219,683,345.96697998046875
raw_data/High_Pressure_PXRD/Data/Cell_29/6p2 GPa/UOTe-6p2GPa-10deg_064.tif,6.2,23,218.8541448058762,337.9533053515215,28,9.862565984300488,3.741002315926566,0.925268302036721,-56.57348303208103,136.14285278320312,269.0,13.239290237426758,31.16147232055664,216,334,223,343,349.52032470703125
raw_data/High_Pressure_PXRD/Data/Cell_29/6p2 GPa/UOTe-6p2GPa-10deg_064.tif,6.2,24,220.5296584781306,686.8196524865189,11,4.967994363003793,2.848231107005645,0.8193342786072867,59.305229832982604,151.72727966308594,278.0,15.341598510742188,32.37555694580078,219,685,223,690,345.7781677246094
raw_data/High_Pressure_PXRD/Data/Cell_29/6p2 GPa/UOTe-6p2GPa-10deg_064.tif,6.2,25,238.3121100014825,617.5325644550466,163,20.479301891659723,10.420727890550891,0.8608599600669536,74.89168664826903,3641.668701171875,102004.0,488.22100830078125,13755.1591796875,233,607,244,628,298.1333312988281
raw_data/High_Pressure_PXRD/Data/Cell_29/6p2 GPa/UOTe-6p2GPa-10deg_064.tif,6.2,26,243.60587046687226,288.1822822503456,42,9.601587170383665,5.543478937468667,0.816496580927726,-45.0,447.76190185546875,2439.0,68.93456268310547,404.86309814453125,240,285,248,293,359.33892822265625
raw_data/High_Pressure_PXRD/Data/Cell_29/6p2 GPa/UOTe-6p2GPa-10deg_064.tif,6.2,27,245.72283473851778,907.9116207770768,43,11.372949190468578,4.905322844205284,0.9022014334898223,36.443788274015255,394.4418640136719,3355.0,48.75156021118164,448.13165283203125,241,904,251,912,484.42999267578125
raw_data/High_Pressure_PXRD/Data/Cell_29/6p2 GPa/UOTe-6p2GPa-10deg_064.tif,6.2,28,267.77686584336885,569.4039272838843,25,6.475732183524657,4.873858090595478,0.6584387794994806,-76.60923352947033,521.47998046875,3147.0,82.32833862304688,525.091064453125,266,566,271,573,254.0290985107422
raw_data/High_Pressure_PXRD/Data/Cell_29/6p2 GPa/UOTe-6p2GPa-10deg_064.tif,6.2,29,272.79941771376036,239.7898406374502,29,8.509350362851828,4.322327390616609,0.8613863560602577,-33.66977865560662,450.0689697265625,1558.0,62.13920211791992,234.72279357910156,269,237,277,243,373.5184326171875
raw_data/High_Pressure_PXRD/Data/Cell_29/6p2 GPa/UOTe-6p2GPa-10deg_064.tif,6.2,30,292.05358697003606,109.56396866840731,30,10.598383556680252,3.7986604929955528,0.9335608843576203,39.51440103608333,268.1000061035156,1181.0,31.449254989624023,154.45838928222656,288,105,296,113,472.4861145019531
raw_data/High_Pressure_PXRD/Data/Cell_29/6p2 GPa/UOTe-6p2GPa-10deg_064.tif,6.2,31,296.6967292225201,521.5408042895442,26,6.909846972363009,4.795787416963274,0.7199256663921934,-68.8373515756942,358.6538391113281,1602.0,55.113670349121094,264.7376403808594,295,519,300,526,217.62864685058594
raw_data/High_Pressure_PXRD/Data/Cell_29/6p2 GPa/UOTe-6p2GPa-10deg_064.tif,6.2,32,320.76551503518874,803.9532949456174,13,5.65685424949238,2.9831876045638936,0.849643155168251,39.80557109226519,240.46153259277344,689.0,30.051158905029297,87.81869506835938,319,802,324,807,356.7433776855469
raw_data/High_Pressure_PXRD/Data/Cell_29/6p2 GPa/UOTe-6p2GPa-10deg_064.tif,6.2,33,331.68026324644984,141.294878327837,121,17.348030476040186,8.920484147600831,0.8576659248358567,-29.86654915384474,1719.156982421875,22712.0,226.93994140625,3058.8154296875,323,136,339,148,425.7760009765625
raw_data/High_Pressure_PXRD/Data/Cell_29/6p2 GPa/UOTe-6p2GPa-10deg_064.tif,6.2,34,348.8761791943534,754.2906633103202,72,12.20475514121818,7.596750529639304,0.7826660379579946,31.21821533642144,2251.125,50996.0,299.47998046875,6874.27490234375,344,750,356,760,298.3655700683594
raw_data/High_Pressure_PXRD/Data/Cell_29/6p2 GPa/UOTe-6p2GPa-10deg_064.tif,6.2,35,362.4386239139312,90.81921619985073,114,17.193834649703476,8.516216504079155,0.8687183437755006,-25.5034673328785,1245.8421630859375,13283.0,163.34034729003906,1787.1307373046875,353,86,370,97,461.3173522949219
raw_data/High_Pressure_PXRD/Data/Cell_29/6p2 GPa/UOTe-6p2GPa-10deg_064.tif,6.2,36,377.7080730973861,705.9521165857044,43,14.410726638496756,3.9720454275722283,0.9612634699965225,35.22853060872285,100.53488159179688,156.0,11.336935997009277,20.740591049194336,372,702,384,711,240.32774353027344
raw_data/High_Pressure_PXRD/Data/Cell_29/6p2 GPa/UOTe-6p2GPa-10deg_064.tif,6.2,37,394.07269155206285,39.9705304518664,5,2.5298221281347035,2.5298221281347035,0.0,-45.0,101.80000305175781,127.0,9.442870140075684,12.815323829650879,393,39,396,42,500.9441833496094
raw_data/High_Pressure_PXRD/Data/Cell_29/6p2 GPa/UOTe-6p2GPa-10deg_064.tif,6.2,38,425.2449315068493,836.7870600632244,17,4.7527082062880375,4.53818859340845,0.2970442628930021,90.0,1395.5882568359375,9017.0,183.13612365722656,1211.25048828125,424,835,429,840,345.62567138671875
raw_data/High_Pressure_PXRD/Data/Cell_29/6p2 GPa/UOTe-6p2GPa-10deg_064.tif,6.2,39,454.03338934755607,283.0903777306934,72,15.515995979995369,5.976614269926045,0.9228370807987673,-9.856995014614872,190.09722900390625,602.0,25.661563873291016,95.9463119506836,447,280,463,287,247.67637634277344
raw_data/High_Pressure_PXRD/Data/Cell_29/6p2 GPa/UOTe-6p2GPa-10deg_064.tif,6.2,40,462.9621301775148,895.1218934911243,5,2.5298221281347035,2.5298221281347035,0.0,-45.0,169.0,210.0,20.9294490814209,29.17172622680664,462,894,465,897,396.998779296875
raw_data/High_Pressure_PXRD/Data/Cell_29/6p2 GPa/UOTe-6p2GPa-10deg_064.tif,6.2,41,493.0003804595952,846.2145792116877,85,18.05241673925827,6.202561758136505,0.9391211341047251,2.9493002151131105,154.6117706298828,346.0,15.73071002960205,41.54862976074219,483,843,502,850,345.4558410644531
raw_data/High_Pressure_PXRD/Data/Cell_29/6p2 GPa/UOTe-6p2GPa-10deg_064.tif,6.2,42,513.4784919282062,186.8254286573749,72,19.097458991009724,4.874032815766729,0.9668832938955632,1.9121434762217635,138.51388549804688,294.0,13.572253227233887,34.53392791748047,505,185,524,190,341.3397216796875
raw_data/High_Pressure_PXRD/Data/Cell_29/6p2 GPa/UOTe-6p2GPa-10deg_064.tif,6.2,43,521.1063601635279,799.0241940888681,122,28.900150896389697,5.615158201452649,0.9809431214330505,-2.1190890479553333,122.30327606201172,408.0,11.566134452819824,50.04721450805664,506,796,534,803,297.5541076660156
raw_data/High_Pressure_PXRD/Data/Cell_29/6p2 GPa/UOTe-6p2GPa-10deg_064.tif,6.2,44,509.6760797342193,846.062292358804,12,5.9907335852038095,2.828427124746191,0.8815269611768738,0.0,200.6666717529297,370.0,21.94343376159668,44.78618621826172,507,845,513,848,345.1619873046875
raw_data/High_Pressure_PXRD/Data/Cell_29/6p2 GPa/UOTe-6p2GPa-10deg_064.tif,6.2,45,535.0362920857018,808.75026547567,77,16.283936145139315,6.123970425396826,0.9265894970333213,-5.266563941750887,207.90908813476562,924.0,29.071866989135742,149.73695373535156,528,805,544,812,308.70367431640625
raw_data/High_Pressure_PXRD/Data/Cell_29/6p2 GPa/UOTe-6p2GPa-10deg_064.tif,6.2,46,615.5966646077826,649.7698009217465,25,6.881860213634101,4.587286779786063,0.7454365671709939,-44.99999999999999,841.8800048828125,5657.0,136.73277282714844,948.6712646484375,613,647,619,653,183.15380859375
raw_data/High_Pressure_PXRD/Data/Cell_29/6p2 GPa/UOTe-6p2GPa-10deg_064.tif,6.2,47,637.8923912308767,940.5057491982666,70,11.385328491581404,8.025902532757003,0.7092731352217091,-42.20836435211374,1902.1285400390625,16766.0,251.87217712402344,2256.98095703125,636,936,646,946,460.4838562011719
raw_data/High_Pressure_PXRD/Data/Cell_29/6p2 GPa/UOTe-6p2GPa-10deg_064.tif,6.2,48,671.0152965150772,890.2098176283953,90,15.382078341027682,7.5058536323321166,0.8728654573888233,-27.69943589574832,430.74444580078125,2676.0,53.12139892578125,355.9962158203125,663,886,677,896,425.36077880859375
raw_data/High_Pressure_PXRD/Data/Cell_29/6p2 GPa/UOTe-6p2GPa-10deg_064.tif,6.2,49,675.0449826989619,555.3213575793271,22,6.159232041108927,4.458928400631589,0.6898605623642444,-58.79864793432187,617.4091186523438,3325.0,98.88188171386719,555.4431762695312,673,553,678,559,183.34527587890625
raw_data/High_Pressure_PXRD/Data/Cell_29/6p2 GPa/UOTe-6p2GPa-10deg_064.tif,6.2,50,682.3854173228347,226.86875196850394,92,15.719324188645592,7.9877749327026635,0.8612685731607891,31.751035870733535,2760.86962890625,64414.0,367.4397888183594,8684.203125,677,223,692,234,352.08917236328125
raw_data/High_Pressure_PXRD/Data/Cell_29/6p2 GPa/UOTe-6p2GPa-10deg_064.tif,6.2,51,726.0867774672746,317.65215472863656,31,9.727933602959151,4.169407288816891,0.9034936208648324,50.76879189709556,219.3225860595703,1293.0,30.988502502441406,211.95872497558594,723,315,731,323,309.0543518066406
raw_data/High_Pressure_PXRD/Data/Cell_29/6p2 GPa/UOTe-6p2GPa-10deg_064.tif,6.2,52,727.4875124875125,790.4105894105894,8,4.242640687119285,2.449489742783178,0.816496580927726,-45.0,125.125,183.0,14.408809661865234,24.618913650512695,726,789,730,793,368.869140625
raw_data/High_Pressure_PXRD/Data/Cell_29/6p2 GPa/UOTe-6p2GPa-10deg_064.tif,6.2,53,734.9984485877003,460.52939570116314,87,14.753022370383926,8.096022658545968,0.8359730845875001,76.13022365140537,2904.287353515625,68213.0,471.9710998535156,11496.6953125,731,456,740,471,247.39576721191406
raw_data/High_Pressure_PXRD/Data/Cell_29/6p2 GPa/UOTe-6p2GPa-10deg_064.tif,6.2,54,742.4724911721153,125.28442875042715,32,8.342553845855596,4.898524811512135,0.8094612555864745,29.582090355509642,548.6875,3632.0,69.22804260253906,485.2286376953125,738,123,746,129,470.48370361328125
raw_data/High_Pressure_PXRD/Data/Cell_29/6p2 GPa/UOTe-6p2GPa-10deg_064.tif,6.2,55,758.4189976689977,611.905303030303,28,12.265288967094264,3.059183701745069,0.9683959247359019,-68.11542166714185,122.57142639160156,254.0,14.820731163024902,36.92837142944336,756,607,762,618,284.01068115234375
raw_data/High_Pressure_PXRD/Data/Cell_29/6p2 GPa/UOTe-6p2GPa-10deg_064.tif,6.2,56,772.3205268935236,415.993413830955,11,4.967994363003793,2.848231107005645,0.8193342786072867,59.305229832982604,82.81818389892578,97.0,6.180788040161133,8.093889236450195,771,414,775,419,297.795654296875
raw_data/High_Pressure_PXRD/Data/Cell_29/6p2 GPa/UOTe-6p2GPa-10deg_064.tif,6.2,57,795.952674482027,364.4069404284252,103,15.287023000368409,8.894381344466249,0.81331357423692,61.62798025923204,2598.8154296875,51578.0,345.4846496582031,6952.65087890625,791,359,802,374,341.2565002441406
raw_data/High_Pressure_PXRD/Data/Cell_29/6p2 GPa/UOTe-6p2GPa-10deg_064.tif,6.2,58,822.9201378483668,730.6636200179802,37,14.66078619699256,3.323883241429196,0.9739601415008139,-58.49256326447514,180.3783721923828,476.0,20.174768447875977,59.22028732299805,819,725,828,737,399.20257568359375
raw_data/High_Pressure_PXRD/Data/Cell_29/6p2 GPa/UOTe-6p2GPa-10deg_064.tif,6.2,59,849.4514563106796,598.0764563106796,11,4.967994363003793,2.848231107005645,0.8193342786072867,-59.305229832982604,149.81817626953125,250.0,17.739107131958008,33.38729476928711,848,596,852,601,368.9005126953125
raw_data/High_Pressure_PXRD/Data/Cell_29/6p2 GPa/UOTe-6p2GPa-10deg_064.tif,6.2,60,858.2925985518906,265.41689460981496,26,7.144958846725348,4.5641231231568336,0.7693817353661786,69.5484604219854,478.0769348144531,2229.0,59.66129684448242,295.8316345214844,856,262,861,269,447.3847351074219
raw_data/High_Pressure_PXRD/Data/Cell_29/6p2 GPa/UOTe-6p2GPa-10deg_064.tif,6.2,61,908.3932370820669,834.8012917933131,12,3.8297084310253524,3.8297084310253524,0.0,-45.0,219.3333282470703,821.0,25.810510635375977,106.97423553466797,907,833,911,837,528.3687133789062
raw_data/High_Pressure_PXRD/Data/Cell_29/6p2 GPa/UOTe-6p2GPa-10deg_064.tif,6.2,62,912.0016638935108,501.13311148086524,5,2.5298221281347035,2.5298221281347035,0.0,-45.0,120.19999694824219,187.0,11.223526000976562,20.234722137451172,911,500,914,503,422.3153381347656
raw_data/High_Pressure_PXRD/Data/Cell_29/6p2 GPa/UOTe-6p2GPa-10deg_064.tif,6.2,63,922.0549266962155,162.62236617797478,43,8.891632978255673,6.113756560470759,0.72610356593873,59.586222092991854,682.093017578125,5118.0,88.49632263183594,686.9013671875,919,159,926,167,558.611572265625
raw_data/High_Pressure_PXRD/Data/Cell_29/6p2 GPa/UOTe-6p2GPa-10deg_064.tif,6.2,64,925.2928623988226,181.85356880058868,11,4.967994363003793,2.848231107005645,0.8193342786072867,59.305229832982604,123.54545593261719,187.0,13.158699989318848,21.71860122680664,924,180,928,185,549.0413208007812
raw_data/High_Pressure_PXRD/Data/Cell_29/6p2 GPa/UOTe-6p2GPa-10deg_064.tif,6.2,65,975.0251574764997,403.77833123364667,60,10.728046165333776,7.069348777725847,0.7521783525791809,-76.87487881515555,859.9166870117188,6391.0,111.68443298339844,857.8173217773438,972,399,979,409,497.4708251953125
raw_data/High_Pressure_PXRD/Data/Cell_29/6p2 GPa/UOTe-6p2GPa-10deg_064.tif,6.2,66,1032.3750177162565,643.0026456276279,81,14.735112269620965,7.01335082412451,0.8794659446598073,-61.479042308183075,522.6419677734375,3794.0,66.97444152832031,508.2962341308594,1029,636,1038,650,555.7984008789062
raw_data/High_Pressure_PXRD/Data/Cell_29/6p2 GPa/UOTe-6p2GPa-10deg_064.tif,6.2,67,1041.05439133506,302.8358841535201,21,8.226004473807071,3.123601555590147,0.9251003110799013,-87.48403288858539,202.23809814453125,512.0,28.3912410736084,82.28787231445312,1040,299,1043,307,587.9528198242188
raw_data/High_Pressure_PXRD/Data/Cell_29/7p4 GPa/UOTe-7p4GPa-10deg_066.tif,7.4,1,5.954631379962192,557.0604914933838,5,2.5298221281347035,2.5298221281347035,0.0,-45.0,105.80000305175781,171.0,10.225279808044434,19.020639419555664,5,556,8,559,513.9738159179688
raw_data/High_Pressure_PXRD/Data/Cell_29/7p4 GPa/UOTe-7p4GPa-10deg_066.tif,7.4,2,16.92561284868977,625.5691039729501,29,8.296525926522795,4.578811771778713,0.83391356251124,90.0,163.1724090576172,336.0,17.96471405029297,41.27883529663086,15,622,20,631,513.6906127929688
raw_data/High_Pressure_PXRD/Data/Cell_29/7p4 GPa/UOTe-7p4GPa-10deg_066.tif,7.4,3,23.269170579029733,285.80516431924883,14,4.74287342047822,3.6860255520522984,0.6292889820590859,-65.64235544728562,91.28571319580078,138.0,8.672024726867676,14.973694801330566,22,284,26,289,545.5088500976562
raw_data/High_Pressure_PXRD/Data/Cell_29/7p4 GPa/UOTe-7p4GPa-10deg_066.tif,7.4,4,48.642302259887,575.5814500941619,53,10.234172482164526,6.668847933341243,0.7585408267027227,-87.15224731251269,320.603759765625,1245.0,38.65977096557617,163.36166381835938,46,571,53,582,474.4007568359375
raw_data/High_Pressure_PXRD/Data/Cell_29/7p4 GPa/UOTe-7p4GPa-10deg_066.tif,7.4,5,53.9457747872551,236.42905204828816,33,9.000472913701719,4.735591912745979,0.8503922538939515,-56.01811347007273,153.1212158203125,318.0,17.013519287109375,39.25536346435547,51,233,58,241,542.4111328125
raw_data/High_Pressure_PXRD/Data/Cell_29/7p4 GPa/UOTe-7p4GPa-10deg_066.tif,7.4,6,68.87806258804324,868.9041431336151,131,19.217861114827215,9.038816915632282,0.882488391281732,47.834524603713966,579.8244018554688,5632.0,84.46142578125,756.3739013671875,62,864,78,880,572.8541259765625
raw_data/High_Pressure_PXRD/Data/Cell_29/7p4 GPa/UOTe-7p4GPa-10deg_066.tif,7.4,7,79.6204219848919,526.649335764522,50,9.602818039083687,6.719783159317639,0.7143662588172353,-85.54042331088051,383.8999938964844,1441.0,47.06596374511719,189.6667938232422,77,523,84,533,440.0594787597656
raw_data/High_Pressure_PXRD/Data/Cell_29/7p4 GPa/UOTe-7p4GPa-10deg_066.tif,7.4,8,84.3880918220947,186.8206599713056,14,4.74287342047822,3.6860255520522984,0.6292889820590859,-65.64235544728562,99.57142639160156,141.0,9.789753913879395,15.378389358520508,83,185,87,190,545.71826171875
raw_data/High_Pressure_PXRD/Data/Cell_29/7p4 GPa/UOTe-7p4GPa-10deg_066.tif,7.4,9,91.76945196211096,529.7366373477672,30,8.36443118969734,4.637128156465487,0.832259305936495,-85.82347899732325,197.06666564941406,516.0,21.759069442749023,64.75111389160156,90,526,95,535,428.01763916015625
raw_data/High_Pressure_PXRD/Data/Cell_29/7p4 GPa/UOTe-7p4GPa-10deg_066.tif,7.4,10,100.25483285497214,815.9946395407733,94,15.026705991688377,8.020560339654368,0.8456399695242881,50.121476194739365,504.0851135253906,3257.0,64.04934692382812,435.45123291015625,95,811,107,824,517.8192138671875
raw_data/High_Pressure_PXRD/Data/Cell_29/7p4 GPa/UOTe-7p4GPa-10deg_066.tif,7.4,11,110.38378720709309,566.0117162761242,16,7.063169633132724,3.612358610879012,0.8593214222663437,16.440619832637406,197.375,365.0,23.482816696166992,55.64548873901367,107,564,114,569,412.81427001953125
raw_data/High_Pressure_PXRD/Data/Cell_29/7p4 GPa/UOTe-7p4GPa-10deg_066.tif,7.4,12,109.82136602451838,477.65207238762406,28,7.206457415857476,4.895398931354448,0.7338539565650274,-77.8489544945545,183.5357208251953,488.0,22.876073837280273,76.38607788085938,108,475,113,482,411.4319152832031
raw_data/High_Pressure_PXRD/Data/Cell_29/7p4 GPa/UOTe-7p4GPa-10deg_066.tif,7.4,13,114.06367924528301,137.04245283018867,5,2.5298221281347035,2.5298221281347035,0.0,-45.0,84.80000305175781,100.0,7.932011604309082,9.982462882995605,113,136,116,139,555.6716918945312
raw_data/High_Pressure_PXRD/Data/Cell_29/7p4 GPa/UOTe-7p4GPa-10deg_066.tif,7.4,14,130.9503105590062,764.0434782608696,5,2.5298221281347035,2.5298221281347035,0.0,-45.0,96.5999984741211,128.0,8.444623947143555,12.680425643920898,130,763,133,766,463.862548828125
raw_data/High_Pressure_PXRD/Data/Cell_29/7p4 GPa/UOTe-7p4GPa-10deg_066.tif,7.4,15,145.3988575466698,85.72463341381544,62,9.958754186823462,8.003583332473632,0.5950709792774427,-56.72992341445362,273.8870849609375,1032.0,37.62570571899414,135.84243774414062,141,81,150,91,571.3799438476562
raw_data/High_Pressure_PXRD/Data/Cell_29/7p4 GPa/UOTe-7p4GPa-10deg_066.tif,7.4,16,147.62931798051372,768.696191319752,18,7.308405335537864,3.200239434657351,0.8990311022323352,60.07160693424007,125.44444274902344,223.0,12.200788497924805,25.360851287841797,146,766,151,773,453.0753173828125
raw_data/High_Pressure_PXRD/Data/Cell_29/7p4 GPa/UOTe-7p4GPa-10deg_066.tif,7.4,17,153.26173469387754,430.8099489795918,16,5.491121612710071,3.687490126688931,0.7409712228106841,-52.437841000819404,245.0,496.0,30.204538345336914,77.56643676757812,151,429,156,434,375.982421875
raw_data/High_Pressure_PXRD/Data/Cell_29/7p4 GPa/UOTe-7p4GPa-10deg_066.tif,7.4,18,160.6509467040673,713.4647615708275,26,7.102888430835227,4.770332958067293,0.7409096995241138,62.43583818659659,219.38461303710938,569.0,26.05091094970703,72.03561401367188,158,711,164,718,412.2335510253906
raw_data/High_Pressure_PXRD/Data/Cell_29/7p4 GPa/UOTe-7p4GPa-10deg_066.tif,7.4,19,176.65697674418604,34.45421511627907,17,5.642747160029356,3.9152208955550676,0.7201194248383055,-55.61530557002314,80.94117736816406,129.0,9.770196914672852,17.874006271362305,175,32,180,38,592.19091796875
raw_data/High_Pressure_PXRD/Data/Cell_29/7p4 GPa/UOTe-7p4GPa-10deg_066.tif,7.4,20,183.4673464959861,382.6934259058364,31,7.520960433340506,5.197572388980319,0.7227799201541143,-55.08532670592521,297.3548278808594,1026.0,36.6966552734375,133.54916381835938,181,380,187,387,361.74493408203125
raw_data/High_Pressure_PXRD/Data/Cell_29/7p4 GPa/UOTe-7p4GPa-10deg_066.tif,7.4,21,184.54627550765852,560.3783365763609,71,20.995040511289353,4.396192038473575,0.9778317953218577,79.53486866315738,282.2957763671875,1829.0,38.40180206298828,302.3404846191406,182,550,188,570,337.5314025878906
raw_data/High_Pressure_PXRD/Data/Cell_29/7p4 GPa/UOTe-7p4GPa-10deg_066.tif,7.4,22,189.96109839816933,630.9118993135012,5,2.5298221281347035,2.5298221281347035,0.0,-45.0,174.8000030517578,256.0,16.659923553466797,29.542694091796875,189,630,192,633,349.8297119140625
raw_data/High_Pressure_PXRD/Data/Cell_29/7p4 GPa/UOTe-7p4GPa-10deg_066.tif,7.4,23,192.9821693907875,638.9509658246657,5,2.5298221281347035,2.5298221281347035,0.0,-45.0,134.60000610351562,184.0,11.093125343322754,16.412609100341797,192,638,195,641,349.90570068359375
raw_data/High_Pressure_PXRD/Data/Cell_29/7p4 GPa/UOTe-7p4GPa-10deg_066.tif,7.4,24,214.46907025289295,960.483835070442,140,21.02870793934735,9.69662120585273,0.8873411611561973,35.5750747963885,982.0642700195312,20311.0,129.3001251220703,2736.274169921875,212,955,230,971,544.8899536132812
raw_data/High_Pressure_PXRD/Data/Cell_29/7p4 GPa/UOTe-7p4GPa-10deg_066.tif,7.4,25,214.9097455592895,684.9044647143543,15,7.728734264634367,2.529822128134704,0.944911182523068,63.43494882292201,138.86666870117188,238.0,11.422877311706543,22.4830265045166,213,682,218,689,350.4393005371094
raw_data/High_Pressure_PXRD/Data/Cell_29/7p4 GPa/UOTe-7p4GPa-10deg_066.tif,7.4,26,217.61935135135136,337.7995675675676,35,8.828743057956066,5.131677342070835,0.8137274296514515,-52.96074805275772,264.28570556640625,915.0,28.063312530517578,99.82463073730469,215,335,222,343,351.5382080078125
raw_data/High_Pressure_PXRD/Data/Cell_29/7p4 GPa/UOTe-7p4GPa-10deg_066.tif,7.4,27,236.85059391344888,616.4026965350487,157,21.06894182528335,10.127567333584306,0.8768922209821167,64.40195260499195,3374.465087890625,76750.0,451.7825012207031,10348.5771484375,230,605,244,626,300.03228759765625
raw_data/High_Pressure_PXRD/Data/Cell_29/7p4 GPa/UOTe-7p4GPa-10deg_066.tif,7.4,28,240.0857163969556,905.8196999926107,48,12.884716669356425,4.791273168233145,0.9282899919279778,38.74826632877081,281.9375,1489.0,33.69362258911133,196.54660034179688,235,902,246,911,486.8968505859375
raw_data/High_Pressure_PXRD/Data/Cell_29/7p4 GPa/UOTe-7p4GPa-10deg_066.tif,7.4,29,243.6208878669968,286.02370003537317,31,7.792647975623206,5.110529281428706,0.7549223278182196,-51.33615796816178,364.7742004394531,1366.0,46.054664611816406,179.41453552246094,240,283,247,290,361.770263671875
raw_data/High_Pressure_PXRD/Data/Cell_29/7p4 GPa/UOTe-7p4GPa-10deg_066.tif,7.4,30,248.9575221238938,789.1274336283186,5,2.5298221281347035,2.5298221281347035,0.0,-45.0,113.0,157.0,11.924997329711914,20.57196807861328,248,788,251,791,389.93450927734375
raw_data/High_Pressure_PXRD/Data/Cell_29/7p4 GPa/UOTe-7p4GPa-10deg_066.tif,7.4,31,250.40898155573376,396.92221331194867,11,4.967994363003793,2.848231107005645,0.8193342786072867,-59.305229832982604,113.36363983154297,184.0,11.750106811523438,22.4080810546875,249,395,253,400,293.1025085449219
raw_data/High_Pressure_PXRD/Data/Cell_29/7p4 GPa/UOTe-7p4GPa-10deg_066.tif,7.4,32,266.7124699085219,568.3059220028888,22,5.752469825293227,4.851514205136848,0.537318610054862,90.0,472.0454406738281,1933.0,74.20165252685547,320.5517272949219,265,566,270,572,255.81214904785156
raw_data/High_Pressure_PXRD/Data/Cell_29/7p4 GPa/UOTe-7p4GPa-10deg_066.tif,7.4,33,273.3986040609137,237.49733502538072,25,6.881860213634101,4.587286779786063,0.7454365671709939,-44.99999999999999,315.20001220703125,913.0,42.01133346557617,147.88209533691406,271,235,277,241,375.80023193359375
raw_data/High_Pressure_PXRD/Data/Cell_29/7p4 GPa/UOTe-7p4GPa-10deg_066.tif,7.4,34,273.0511111111111,570.96,5,2.5298221281347035,2.5298221281347035,0.0,-45.0,90.0,107.0,8.640226364135742,12.140833854675293,272,570,275,573,250.07559204101562
raw_data/High_Pressure_PXRD/Data/Cell_29/7p4 GPa/UOTe-7p4GPa-10deg_066.tif,7.4,35,280.63324390789177,712.0480661748268,76,14.675139357130492,7.389283029182513,0.8639813121373301,63.37808120545289,117.71052551269531,295.0,13.502683639526367,41.31256103515625,277,706,287,720,312.24786376953125
raw_data/High_Pressure_PXRD/Data/Cell_29/7p4 GPa/UOTe-7p4GPa-10deg_066.tif,7.4,36,289.9040647874163,854.369101386077,25,8.787917411179446,3.646108552181234,0.909866933783968,28.82950858378166,256.8399963378906,762.0,31.227575302124023,98.07095336914062,287,852,295,858,416.9604797363281
raw_data/High_Pressure_PXRD/Data/Cell_29/7p4 GPa/UOTe-7p4GPa-10deg_066.tif,7.4,37,294.0791366906475,109.63069544364508,8,3.4641016151377544,2.8284271247461903,0.5773502691896258,90.0,156.375,247.0,16.390125274658203,28.598407745361328,293,108,296,112,471.39471435546875
raw_data/High_Pressure_PXRD/Data/Cell_29/7p4 GPa/UOTe-7p4GPa-10deg_066.tif,7.4,38,295.79218638386726,520.1209956591022,27,6.79869268479038,5.028314888437673,0.6730463973541889,90.0,674.0370483398438,4592.0,108.48059844970703,769.0880737304688,294,517,299,524,219.3927001953125
raw_data/High_Pressure_PXRD/Data/Cell_29/7p4 GPa/UOTe-7p4GPa-10deg_066.tif,7.4,39,318.0752647503782,803.284417549168,11,4.967994363003793,2.848231107005645,0.8193342786072867,30.694770167017396,240.36363220214844,614.0,32.13335418701172,97.46391296386719,316,802,321,806,358.43084716796875
raw_data/High_Pressure_PXRD/Data/Cell_29/7p4 GPa/UOTe-7p4GPa-10deg_066.tif,7.4,40,333.1704619280039,138.82982125901617,94,14.383234916129652,8.472460121419305,0.8080957989135055,-31.368177477154592,638.627685546875,5459.0,81.58503723144531,731.5526733398438,326,133,339,144,428.6685791015625
raw_data/High_Pressure_PXRD/Data/Cell_29/7p4 GPa/UOTe-7p4GPa-10deg_066.tif,7.4,41,339.0898454746137,668.1721854304636,24,7.258372677890648,4.292684146307722,0.8063700073041844,-56.4528848292086,188.75,622.0,26.600229263305664,99.65601348876953,337,665,343,672,237.0433349609375
raw_data/High_Pressure_PXRD/Data/Cell_29/7p4 GPa/UOTe-7p4GPa-10deg_066.tif,7.4,42,345.62643740214867,753.2596501646601,74,15.859193382188016,6.037701964986954,0.9246958260706742,34.020009097872816,1001.2432250976562,13114.0,130.64886474609375,1764.197998046875,339,749,354,760,300.5127258300781
raw_data/High_Pressure_PXRD/Data/Cell_29/7p4 GPa/UOTe-7p4GPa-10deg_066.tif,7.4,43,362.48308255050296,89.10075650511264,55,11.811638877274616,5.95963532009781,0.8633788666166805,-18.699546550570577,218.70909118652344,824.0,24.916915893554688,106.56954193115234,357,86,368,93,463.94677734375
raw_data/High_Pressure_PXRD/Data/Cell_29/7p4 GPa/UOTe-7p4GPa-10deg_066.tif,7.4,44,392.51937984496124,909.5182724252492,8,4.242640687119285,2.449489742783178,0.816496580927726,-45.0,112.875,187.0,10.656953811645508,20.36962127685547,391,908,395,912,425.62835693359375
raw_data/High_Pressure_PXRD/Data/Cell_29/7p4 GPa/UOTe-7p4GPa-10deg_066.tif,7.4,45,430.6237040109902,945.8517169130135,140,18.594003055697886,9.759191865871973,0.8511904454849795,10.457257254808843,2376.14990234375,20015.0,315.8380126953125,2695.26513671875,424,941,442,952,452.73687744140625
raw_data/High_Pressure_PXRD/Data/Cell_29/7p4 GPa/UOTe-7p4GPa-10deg_066.tif,7.4,46,451.6139853884002,283.2229014462502,25,7.284273387253828,4.315015784414427,0.8056629447176349,-20.99360624790833,268.2799987792969,909.0,38.938350677490234,147.88209533691406,449,281,456,286,248.90560913085938
raw_data/High_Pressure_PXRD/Data/Cell_29/7p4 GPa/UOTe-7p4GPa-10deg_066.tif,7.4,47,455.029702970297,214.98267326732673,5,2.5298221281347035,2.5298221281347035,0.0,-45.0,80.80000305175781,111.0,7.756643772125244,12.815324783325195,454,214,457,217,317.28521728515625
raw_data/High_Pressure_PXRD/Data/Cell_29/7p4 GPa/UOTe-7p4GPa-10deg_066.tif,7.4,48,498.26370757180155,847.1137946040035,32,10.55743624427955,5.866475939435235,0.8314013371926073,35.53265294839398,143.625,259.0,14.446748733520508,29.947389602661133,494,842,503,850,346.8072509765625
raw_data/High_Pressure_PXRD/Data/Cell_29/7p4 GPa/UOTe-7p4GPa-10deg_066.tif,7.4,49,507.56039441248976,850.0410846343467,8,3.4641016151377544,2.8284271247461903,0.5773502691896258,0.0,152.125,237.0,13.087931632995605,22.3706111907959,506,849,510,852,349.99127197265625
raw_data/High_Pressure_PXRD/Data/Cell_29/7p4 GPa/UOTe-7p4GPa-10deg_066.tif,7.4,50,510.3136850783182,185.85119538334706,19,7.13908543895501,3.395074945791963,0.8796824186546829,-7.689677682584539,127.68421173095703,205.0,12.318331718444824,22.66288948059082,507,184,514,188,343.0464782714844
raw_data/High_Pressure_PXRD/Data/Cell_29/7p4 GPa/UOTe-7p4GPa-10deg_066.tif,7.4,51,523.0261538461539,849.9138461538462,5,2.5298221281347035,2.5298221281347035,0.0,-45.0,130.0,159.0,11.043662071228027,13.624712944030762,522,849,525,852,350.497314453125
raw_data/High_Pressure_PXRD/Data/Cell_29/7p4 GPa/UOTe-7p4GPa-10deg_066.tif,7.4,52,532.2655862726406,799.5352716873213,49,13.187273492050748,4.936922347881592,0.9272793245774172,-7.402713038140869,214.08163452148438,810.0,24.064176559448242,104.41117095947266,527,797,540,803,299.76446533203125
raw_data/High_Pressure_PXRD/Data/Cell_29/7p4 GPa/UOTe-7p4GPa-10deg_066.tif,7.4,53,538.7831223628692,811.3215189873417,14,4.742873420478221,3.686025552052299,0.629288982059086,-24.357644552714376,84.64286041259766,131.0,7.771097660064697,13.08512020111084,537,810,542,814,312.50677490234375
raw_data/High_Pressure_PXRD/Data/Cell_29/7p4 GPa/UOTe-7p4GPa-10deg_066.tif,7.4,54,537.96,925.0063157894737,5,2.5298221281347035,2.5298221281347035,0.0,-45.0,95.0,119.0,7.958990573883057,11.19654655456543,537,924,540,927,426.97857666015625
raw_data/High_Pressure_PXRD/Data/Cell_29/7p4 GPa/UOTe-7p4GPa-10deg_066.tif,7.4,55,555.5387773413693,745.896119726417,81,11.879875058144059,8.672157862616313,0.683460714781032,-16.288913838692476,2916.938232421875,54494.0,475.25787353515625,9183.529296875,551,742,563,751,248.8777313232422
raw_data/High_Pressure_PXRD/Data/Cell_29/7p4 GPa/UOTe-7p4GPa-10deg_066.tif,7.4,56,566.3557807037743,80.57081074291935,123,17.405799311975457,9.081305092976951,0.853104431456488,8.94763332351935,1941.9105224609375,26917.0,257.279296875,3626.33203125,557,76,575,86,454.0624694824219
raw_data/High_Pressure_PXRD/Data/Cell_29/7p4 GPa/UOTe-7p4GPa-10deg_066.tif,7.4,57,564.3035561160151,419.483026481715,19,5.271572221283754,4.5005385950383054,0.5207037318817047,-45.0,1043.4210205078125,5597.0,206.8970947265625,1252.0797119140625,562,417,567,422,117.84771728515625
raw_data/High_Pressure_PXRD/Data/Cell_29/7p4 GPa/UOTe-7p4GPa-10deg_066.tif,7.4,58,567.0460750853242,844.0298634812286,5,2.5298221281347035,2.5298221281347035,0.0,-45.0,234.39999389648438,381.0,22.294170379638672,38.55839157104492,566,843,569,846,349.8558044433594
raw_data/High_Pressure_PXRD/Data/Cell_29/7p4 GPa/UOTe-7p4GPa-10deg_066.tif,7.4,59,607.2425876010782,231.60163971248878,64,10.884843473492321,8.867330915082148,0.579953789919728,3.1514893223628713,139.125,408.0,17.382366180419922,62.896263122558594,600,227,613,237,314.7921142578125
raw_data/High_Pressure_PXRD/Data/Cell_29/7p4 GPa/UOTe-7p4GPa-10deg_066.tif,7.4,60,616.3719151620279,650.0579515887408,19,5.271572221283754,4.5005385950383054,0.5207037318817047,-45.0,667.5263061523438,3521.0,107.56353759765625,588.6618041992188,614,648,619,653,184.63624572753906
raw_data/High_Pressure_PXRD/Data/Cell_29/7p4 GPa/UOTe-7p4GPa-10deg_066.tif,7.4,61,641.1104623163977,941.3632313989887,62,11.683040491923805,6.94903468650621,0.8038761152672946,-16.391331364236027,267.93548583984375,1222.0,31.557466506958008,160.25900268554688,636,938,647,946,463.4830627441406
raw_data/High_Pressure_PXRD/Data/Cell_29/7p4 GPa/UOTe-7p4GPa-10deg_066.tif,7.4,62,672.0842977380327,890.6971330878486,42,11.288426437221949,5.634361698190112,0.8665286770680847,5.065249658601487e-17,181.04762268066406,517.0,19.773019790649414,64.8860092163086,666,888,677,894,426.759521484375
raw_data/High_Pressure_PXRD/Data/Cell_29/7p4 GPa/UOTe-7p4GPa-10deg_066.tif,7.4,63,682.2435122832098,225.19045182649262,93,17.88673272297584,6.933011064586013,0.9218249956595966,28.567171872079253,1429.0860595703125,24328.0,187.90673828125,3276.81103515625,674,220,692,231,354.621337890625
raw_data/High_Pressure_PXRD/Data/Cell_29/7p4 GPa/UOTe-7p4GPa-10deg_066.tif,7.4,64,675.964702688026,555.0534890035298,17,5.487954724560283,3.880570000581328,0.7071067811865475,-45.0,433.29412841796875,1741.0,68.073974609375,288.513427734375,674,553,679,558,185.0222625732422
raw_data/High_Pressure_PXRD/Data/Cell_29/7p4 GPa/UOTe-7p4GPa-10deg_066.tif,7.4,65,727.2278020378457,315.82180980106745,40,11.141048183102017,5.042523711575312,0.8917097672881339,53.443593953529934,206.10000610351562,1066.0,25.851543426513672,139.2148895263672,724,312,733,322,311.934326171875
raw_data/High_Pressure_PXRD/Data/Cell_29/7p4 GPa/UOTe-7p4GPa-10deg_066.tif,7.4,66,729.6469194312796,790.2061611374407,14,4.742873420478221,3.686025552052298,0.6292889820590861,-65.64235544728564,150.7142791748047,263.0,18.20884132385254,38.27735137939453,728,788,732,793,370.79815673828125
raw_data/High_Pressure_PXRD/Data/Cell_29/7p4 GPa/UOTe-7p4GPa-10deg_066.tif,7.4,67,735.8846230356078,459.71344969721645,83,13.173334818460532,8.161184037565102,0.7849784966263066,72.50602889642944,2604.349365234375,54349.0,408.794677734375,9159.0791015625,732,454,741,468,249.10386657714844
raw_data/High_Pressure_PXRD/Data/Cell_29/7p4 GPa/UOTe-7p4GPa-10deg_066.tif,7.4,68,762.0737333710728,609.3784319275403,53,15.137527533954497,4.521237641780279,0.9543541270708127,-73.91923765285249,266.6415100097656,1131.0,39.00592803955078,185.14772033691406,760,602,766,617,287.46087646484375
raw_data/High_Pressure_PXRD/Data/Cell_29/7p4 GPa/UOTe-7p4GPa-10deg_066.tif,7.4,69,768.9982394366198,401.9225352112676,5,2.5298221281347035,2.5298221281347035,0.0,-45.0,113.5999984741211,161.0,10.495076179504395,16.862268447875977,768,401,771,404,300.66864013671875
raw_data/High_Pressure_PXRD/Data/Cell_29/7p4 GPa/UOTe-7p4GPa-10deg_066.tif,7.4,70,772.99600266489,414.08627581612257,26,11.141067824967998,3.2409607610049975,0.9567528049919216,66.41946025588682,115.46154022216797,235.0,10.729592323303223,26.8447322845459,770,409,776,419,299.8383483886719
raw_data/High_Pressure_PXRD/Data/Cell_29/7p4 GPa/UOTe-7p4GPa-10deg_066.tif,7.4,71,776.0543648719289,496.49660219550447,15,6.465754045018948,2.9707130020303585,0.8882018505933833,-52.497539564588,127.53333282470703,222.0,15.917983055114746,31.869688034057617,774,494,779,500,284.9954528808594
raw_data/High_Pressure_PXRD/Data/Cell_29/7p4 GPa/UOTe-7p4GPa-10deg_066.tif,7.4,72,796.7812682106044,363.18576263598857,118,17.344386424080174,9.040790380971142,0.853403009711934,54.7906275567828,2195.940673828125,46728.0,291.4503479003906,6298.66455078125,791,356,804,373,343.7029724121094
raw_data/High_Pressure_PXRD/Data/Cell_29/7p4 GPa/UOTe-7p4GPa-10deg_066.tif,7.4,73,828.9961832061068,729.5095419847328,8,3.4641016151377544,2.8284271247461903,0.5773502691896258,90.0,131.0,181.0,13.732444763183594,21.808534622192383,828,728,831,732,404.4767761230469
raw_data/High_Pressure_PXRD/Data/Cell_29/7p4 GPa/UOTe-7p4GPa-10deg_066.tif,7.4,74,848.4504504504505,938.5609984984985,18,6.602734135503601,3.4866873039618276,0.8492025883226961,86.93425851108594,296.0,1200.0,40.231502532958984,197.96304321289062,848,936,852,943,559.3468627929688
raw_data/High_Pressure_PXRD/Data/Cell_29/7p4 GPa/UOTe-7p4GPa-10deg_066.tif,7.4,75,851.4289617486339,597.1673497267759,12,4.8607479883182965,3.1155195918807777,0.7675786521898157,-53.34962211699681,122.0,237.0,14.203651428222656,33.89316177368164,850,595,854,600,371.556396484375
raw_data/High_Pressure_PXRD/Data/Cell_29/7p4 GPa/UOTe-7p4GPa-10deg_066.tif,7.4,76,859.0967103402771,263.5569799227071,31,7.326487518234008,5.279296140768718,0.6933752452815365,90.0,342.2257995605469,1620.0,41.44419479370117,213.81356811523438,857,260,862,267,450.0476379394531
raw_data/High_Pressure_PXRD/Data/Cell_29/7p4 GPa/UOTe-7p4GPa-10deg_066.tif,7.4,77,908.9435897435898,839.0025641025641,5,2.5298221281347035,2.5298221281347035,0.0,-45.0,78.0,93.0,6.798867225646973,8.768380165100098,908,838,911,841,532.2473754882812
raw_data/High_Pressure_PXRD/Data/Cell_29/7p4 GPa/UOTe-7p4GPa-10deg_066.tif,7.4,78,915.5057670126874,501.7831603229527,16,8.772310604272432,3.351725922889494,0.9241291814722149,15.196857288147664,108.375,201.0,10.711756706237793,27.99136734008789,912,500,920,505,426.8907165527344
raw_data/High_Pressure_PXRD/Data/Cell_29/7p4 GPa/UOTe-7p4GPa-10deg_066.tif,7.4,79,922.7824115278661,160.0551811824539,49,9.264434424103387,6.711859302851924,0.6893001494656419,71.91334801003289,481.5306091308594,4359.0,68.95498657226562,730.6421508789062,920,155,927,164,561.8605346679688
raw_data/High_Pressure_PXRD/Data/Cell_29/7p4 GPa/UOTe-7p4GPa-10deg_066.tif,7.4,80,926.322073383809,176.83110075713455,12,4.8607479883182965,3.1155195918807777,0.7675786521898157,53.34962211699681,143.0833282470703,306.0,17.7615909576416,40.1322021484375,925,175,929,180,553.68505859375
raw_data/High_Pressure_PXRD/Data/Cell_29/7p4 GPa/UOTe-7p4GPa-10deg_066.tif,7.4,81,976.8244804729487,402.24043801504837,71,11.025563796975064,8.3285136695306,0.6552845675863145,82.31682917414929,628.957763671875,4229.0,85.00009155273438,566.3024291992188,973,397,982,408,500.4971923828125
raw_data/High_Pressure_PXRD/Data/Cell_29/7p4 GPa/UOTe-7p4GPa-10deg_066.tif,7.4,82,992.9153318077804,408.3661327231121,8,3.4641016151377544,2.8284271247461903,0.5773502691896258,90.0,109.25,153.0,10.690678596496582,16.592472076416016,992,407,995,411,514.3553466796875
raw_data/High_Pressure_PXRD/Data/Cell_29/7p4 GPa/UOTe-7p4GPa-10deg_066.tif,7.4,83,1034.7811402323696,642.5552553363956,62,12.039015456822211,6.586547374012013,0.8370671458288671,-59.919626873165896,358.1612854003906,1534.0,48.48174285888672,254.28302001953125,1031,637,1040,648,558.4894409179688
raw_data/High_Pressure_PXRD/Data/Cell_29/7p4 GPa/UOTe-7p4GPa-10deg_066.tif,7.4,84,1041.7515878616796,302.50388143966126,10,6.0,1.959591794226542,0.9451631252505217,90.0,141.6999969482422,353.0,19.96492576599121,55.47686767578125,1041,300,1043,306,589.1671142578125
raw_data/High_Pressure_PXRD/Data/Cell_29/8p5 GPa/UOTe-8p5GPa-10deg_068.tif,8.5,1,1.0044150110375276,472.9668874172185,5,2.5298221281347035,2.5298221281347035,0.0,-45.0,90.5999984741211,128.0,8.17482852935791,13.22001838684082,0,472,3,475,517.6834716796875
raw_data/High_Pressure_PXRD/Data/Cell_29/8p5 GPa/UOTe-8p5GPa-10deg_068.tif,8.5,2,15.108614232209739,622.3511786737167,27,7.878417013426454,4.394685587381117,0.8299664761090617,-58.164146552585436,168.11111450195312,366.0,20.70811653137207,56.6572265625,13,619,19,627,513.6776123046875
raw_data/High_Pressure_PXRD/Data/Cell_29/8p5 GPa/UOTe-8p5GPa-10deg_068.tif,8.5,3,23.76691729323308,281.32932330827066,14,4.742873420478221,3.686025552052299,0.629288982059086,-24.357644552714376,95.0,131.0,11.466343879699707,17.536760330200195,22,280,27,284,545.8941040039062
raw_data/High_Pressure_PXRD/Data/Cell_29/8p5 GPa/UOTe-8p5GPa-10deg_068.tif,8.5,4,32.87990281152378,920.7060048594238,36,8.681006761987627,5.2913274600692715,0.7927635869175879,89.64154667729667,160.05555725097656,468.0,31.48872947692871,100.72396087646484,31,917,36,926,629.1701049804688
raw_data/High_Pressure_PXRD/Data/Cell_29/8p5 GPa/UOTe-8p5GPa-10deg_068.tif,8.5,5,47.279120317095,572.285065848357,47,9.5447192680342,6.392773336715129,0.742567980076109,-58.16429921919752,332.8085021972656,1238.0,40.245574951171875,162.41737365722656,44,568,52,577,474.2304382324219
raw_data/High_Pressure_PXRD/Data/Cell_29/8p5 GPa/UOTe-8p5GPa-10deg_068.tif,8.5,6,54.70318653777301,232.14482635159328,34,8.81806673838796,4.924288721486673,0.829550447520996,-45.17784286650459,164.2941131591797,384.0,21.484514236450195,48.22608947753906,51,229,59,236,542.97998046875
raw_data/High_Pressure_PXRD/Data/Cell_29/8p5 GPa/UOTe-8p5GPa-10deg_068.tif,8.5,7,65.27586303558664,866.2836559350778,103,15.567076853646906,8.614314494361478,0.8329372144962536,55.16697713932358,692.6893310546875,7442.0,112.58757781982422,1250.674560546875,61,861,73,874,572.8106079101562
raw_data/High_Pressure_PXRD/Data/Cell_29/8p5 GPa/UOTe-8p5GPa-10deg_068.tif,8.5,8,78.62596484069502,522.9990479105036,56,10.155331794107544,6.992842654921274,0.7251525034466092,-57.773851167576055,525.1607055664062,2657.0,66.14766693115234,353.56805419921875,75,519,83,528,439.84490966796875
raw_data/High_Pressure_PXRD/Data/Cell_29/8p5 GPa/UOTe-8p5GPa-10deg_068.tif,8.5,9,85.79232505643341,182.29458239277653,19,7.063784069166314,3.536578396862734,0.8656420303771004,-46.76698419094776,93.2631607055664,139.0,11.173471450805664,18.8857421875,83,180,89,186,546.2182006835938
raw_data/High_Pressure_PXRD/Data/Cell_29/8p5 GPa/UOTe-8p5GPa-10deg_068.tif,8.5,10,96.94190167641496,813.2997977865234,78,12.417172081383875,8.1883982823039,0.7517559045509827,62.29611980014573,589.6282348632812,3835.0,76.85000610351562,513.2874755859375,93,809,103,820,517.9039916992188
raw_data/High_Pressure_PXRD/Data/Cell_29/8p5 GPa/UOTe-8p5GPa-10deg_068.tif,8.5,11,109.3035204567079,473.8564462416746,31,7.919711429274656,5.005337651760349,0.774960145564813,-61.01611359038939,271.2257995605469,832.0,36.482337951660156,134.22366333007812,107,470,113,478,411.1114807128906
raw_data/High_Pressure_PXRD/Data/Cell_29/8p5 GPa/UOTe-8p5GPa-10deg_068.tif,8.5,12,112.58245048364809,566.5974205435283,17,7.4940206537551735,3.100206563870983,0.9104174944771027,29.062318624205474,255.41175842285156,768.0,31.689165115356445,98.61054992675781,109,564,116,569,409.8473815917969
raw_data/High_Pressure_PXRD/Data/Cell_29/8p5 GPa/UOTe-8p5GPa-10deg_068.tif,8.5,13,116.62088535754825,132.08399545970488,11,4.967994363003793,2.848231107005645,0.8193342786072867,-59.305229832982604,80.09091186523438,108.0,9.120955467224121,13.82706069946289,115,130,119,135,556.129150390625
raw_data/High_Pressure_PXRD/Data/Cell_29/8p5 GPa/UOTe-8p5GPa-10deg_068.tif,8.5,14,127.93695777906304,761.0462695199537,11,4.51260859854213,2.9541957835039856,0.7559289460184544,90.0,157.18182373046875,321.0,16.482101440429688,38.58087158203125,127,759,130,764,463.6092529296875
raw_data/High_Pressure_PXRD/Data/Cell_29/8p5 GPa/UOTe-8p5GPa-10deg_068.tif,8.5,15,142.93354009747452,765.2051395657953,19,5.271572221283754,4.5005385950383054,0.5207037318817047,45.0,118.78947448730469,187.0,11.232047080993652,20.36962127685547,141,763,146,768,453.7467041015625
raw_data/High_Pressure_PXRD/Data/Cell_29/8p5 GPa/UOTe-8p5GPa-10deg_068.tif,8.5,16,147.79840070427701,81.15009903895532,54,10.235385177022073,6.6863590856742405,0.7571343834768747,-51.825136896745924,252.42591857910156,883.0,38.34917068481445,144.6782684326172,144,77,152,86,572.0701293945312
raw_data/High_Pressure_PXRD/Data/Cell_29/8p5 GPa/UOTe-8p5GPa-10deg_068.tif,8.5,17,151.12974597104616,632.2485659655832,22,7.051997151850005,4.08847369589618,0.8147865091092737,65.83582696782327,166.40908813476562,571.0,21.04411506652832,90.21314239501953,149,630,154,637,386.4224853515625
raw_data/High_Pressure_PXRD/Data/Cell_29/8p5 GPa/UOTe-8p5GPa-10deg_068.tif,8.5,18,152.87835926449787,428.7710648615882,21,6.982972487551756,3.866244405749417,0.832737882501079,-45.0,235.6666717529297,618.0,33.63621139526367,98.1384048461914,150,426,156,432,375.6065979003906
raw_data/High_Pressure_PXRD/Data/Cell_29/8p5 GPa/UOTe-8p5GPa-10deg_068.tif,8.5,19,157.0903361344538,297.05882352941177,5,2.5298221281347035,2.5298221281347035,0.0,-45.0,95.19999694824219,118.0,9.982463836669922,13.82706069946289,156,296,159,299,423.9874572753906
raw_data/High_Pressure_PXRD/Data/Cell_29/8p5 GPa/UOTe-8p5GPa-10deg_068.tif,8.5,20,157.87751004016064,708.9457831325301,5,2.5298221281347035,2.5298221281347035,0.0,-45.0,99.5999984741211,140.0,9.60474967956543,15.850533485412598,157,708,160,711,411.27947998046875
raw_data/High_Pressure_PXRD/Data/Cell_29/8p5 GPa/UOTe-8p5GPa-10deg_068.tif,8.5,21,164.01225490196077,436.95588235294116,5,2.5298221281347035,2.5298221281347035,0.0,-45.0,81.5999984741211,94.0,6.245784759521484,7.689194679260254,163,436,166,439,362.7862243652344
raw_data/High_Pressure_PXRD/Data/Cell_29/8p5 GPa/UOTe-8p5GPa-10deg_068.tif,8.5,22,170.62250415973378,930.7460482529118,32,11.99597938058878,3.441871395111798,0.957954921464582,38.82383371985067,150.25,601.0,20.74059295654297,96.7894287109375,167,928,177,936,544.9398193359375
raw_data/High_Pressure_PXRD/Data/Cell_29/8p5 GPa/UOTe-8p5GPa-10deg_068.tif,8.5,23,179.02227432590857,538.7907385697538,24,10.380269746013347,3.0550504633038935,0.9557090232103234,90.0,142.1666717529297,237.0,14.248616218566895,26.979629516601562,178,534,181,544,339.5952453613281
raw_data/High_Pressure_PXRD/Data/Cell_29/8p5 GPa/UOTe-8p5GPa-10deg_068.tif,8.5,24,182.28387891587468,563.911034846885,74,24.871162313659255,4.025050793382666,0.9868176585800638,81.53138836366598,153.56756591796875,300.0,15.804959297180176,35.61311340332031,180,552,186,575,339.2620544433594
raw_data/High_Pressure_PXRD/Data/Cell_29/8p5 GPa/UOTe-8p5GPa-10deg_068.tif,8.5,25,181.1004366812227,938.9803493449782,5,2.5298221281347035,2.5298221281347035,0.0,-45.0,91.5999984741211,120.0,10.893026351928711,15.681910514831543,180,938,183,941,545.0965576171875
raw_data/High_Pressure_PXRD/Data/Cell_29/8p5 GPa/UOTe-8p5GPa-10deg_068.tif,8.5,26,183.47191011235955,380.50251471375066,26,6.734174962535166,4.898979485566356,0.6861285904178069,-45.0,359.4230651855469,1198.0,43.65770721435547,156.6167449951172,181,378,187,384,361.4556884765625
raw_data/High_Pressure_PXRD/Data/Cell_29/8p5 GPa/UOTe-8p5GPa-10deg_068.tif,8.5,27,181.99091544374562,582.8965758211041,5,2.5298221281347035,2.5298221281347035,0.0,-45.0,286.20001220703125,512.0,33.64359664916992,64.07662200927734,181,582,184,585,342.9501037597656
raw_data/High_Pressure_PXRD/Data/Cell_29/8p5 GPa/UOTe-8p5GPa-10deg_068.tif,8.5,28,187.36633876642492,634.8680979392547,85,32.19936009697301,3.5173271056725866,0.9940158505725292,68.46505964881962,163.84706115722656,524.0,14.238631248474121,54.521339416503906,182,621,195,650,352.6737060546875
raw_data/High_Pressure_PXRD/Data/Cell_29/8p5 GPa/UOTe-8p5GPa-10deg_068.tif,8.5,29,213.78401548672565,961.2151548672566,50,12.098094445665335,5.921968488920011,0.8720055586375053,53.44271997523239,144.63999938964844,1188.0,19.48401641845703,195.7709503173828,212,956,221,967,544.0775146484375
raw_data/High_Pressure_PXRD/Data/Cell_29/8p5 GPa/UOTe-8p5GPa-10deg_068.tif,8.5,30,217.7095115681234,128.6452442159383,14,4.742873420478221,3.686025552052299,0.6292889820590859,24.357644552714387,111.14286041259766,175.0,12.853865623474121,24.11304473876953,216,127,221,131,494.1332702636719
raw_data/High_Pressure_PXRD/Data/Cell_29/8p5 GPa/UOTe-8p5GPa-10deg_068.tif,8.5,31,217.58810198300284,335.32181303116147,14,4.742873420478221,3.686025552052298,0.6292889820590861,-65.64235544728564,126.07142639160156,217.0,10.83360767364502,20.1223087310791,216,333,220,338,351.6914978027344
raw_data/High_Pressure_PXRD/Data/Cell_29/8p5 GPa/UOTe-8p5GPa-10deg_068.tif,8.5,32,235.75132352864017,615.1186234952349,135,15.189262955137732,11.668909017388327,0.6401690732234186,76.46242294881071,4235.31103515625,86636.0,575.9878540039062,11682.1796875,230,609,243,624,298.8255615234375
raw_data/High_Pressure_PXRD/Data/Cell_29/8p5 GPa/UOTe-8p5GPa-10deg_068.tif,8.5,33,244.4239091876552,283.7135509045761,30,7.366721185262403,5.13877169508061,0.7165208690435821,-50.145883366957186,375.8666687011719,1406.0,45.839515686035156,184.67556762695312,242,281,248,288,361.3431396484375
raw_data/High_Pressure_PXRD/Data/Cell_29/8p5 GPa/UOTe-8p5GPa-10deg_068.tif,8.5,34,243.33536121673004,551.0076045627377,11,4.967994363003793,2.848231107005645,0.8193342786072867,59.305229832982604,119.54545593261719,203.0,14.486221313476562,28.665857315063477,242,549,246,554,275.2422790527344
raw_data/High_Pressure_PXRD/Data/Cell_29/8p5 GPa/UOTe-8p5GPa-10deg_068.tif,8.5,35,249.00594018844737,78.00368701351906,28,6.8365392559192495,5.256336931842419,0.6394179729750878,37.44757544371216,174.35714721679688,450.0,20.540651321411133,57.33171463012695,246,76,253,82,518.3919677734375
raw_data/High_Pressure_PXRD/Data/Cell_29/8p5 GPa/UOTe-8p5GPa-10deg_068.tif,8.5,36,257.2434367541766,906.9971360381861,14,4.742873420478221,3.686025552052298,0.6292889820590861,65.64235544728564,149.64285278320312,383.0,15.600007057189941,47.07945251464844,256,905,260,910,477.4092102050781
raw_data/High_Pressure_PXRD/Data/Cell_29/8p5 GPa/UOTe-8p5GPa-10deg_068.tif,8.5,37,265.58379487179485,365.93415384615383,33,7.369871885217812,5.735760294406345,0.6279280798476864,-42.48107772073652,147.72727966308594,294.0,17.83926010131836,43.33603286743164,263,363,270,370,293.3477478027344
raw_data/High_Pressure_PXRD/Data/Cell_29/8p5 GPa/UOTe-8p5GPa-10deg_068.tif,8.5,38,265.84707794502157,566.5899936400255,28,6.828095943935426,5.171503912711283,0.6529674779691439,76.5727893297407,505.3928527832031,2670.0,79.68626403808594,444.6580505371094,264,564,269,571,254.94920349121094
raw_data/High_Pressure_PXRD/Data/Cell_29/8p5 GPa/UOTe-8p5GPa-10deg_068.tif,8.5,39,274.44918910876356,235.10727570302038,25,7.116456281221612,4.4849135997766405,0.7764188311876593,-34.27772888682791,268.8399963378906,847.0,39.22163772583008,136.7530059814453,271,233,278,239,375.76409912109375
raw_data/High_Pressure_PXRD/Data/Cell_29/8p5 GPa/UOTe-8p5GPa-10deg_068.tif,8.5,40,286.23024268823895,853.26892760838,26,7.67727246507488,4.35078268616236,0.8239177291339937,44.32207001194667,370.8461608886719,2153.0,50.16524887084961,285.5793762207031,283,851,290,857,417.1577453613281
raw_data/High_Pressure_PXRD/Data/Cell_29/8p5 GPa/UOTe-8p5GPa-10deg_068.tif,8.5,41,294.0637867026662,255.75835302058724,30,11.6726287956719,3.33579297562498,0.9582955308389218,-47.739461418900405,98.76667022705078,137.0,8.332210540771484,13.489814758300781,290,252,299,261,346.8714294433594
raw_data/High_Pressure_PXRD/Data/Cell_29/8p5 GPa/UOTe-8p5GPa-10deg_068.tif,8.5,42,294.4251428571429,108.92628571428571,10,4.0,3.149603149604724,0.6164414002968978,45.0,175.0,318.0,18.791311264038086,38.04127883911133,293,107,297,111,470.87017822265625
raw_data/High_Pressure_PXRD/Data/Cell_29/8p5 GPa/UOTe-8p5GPa-10deg_068.tif,8.5,43,295.59981069569335,518.5415049692381,32,6.910158200998827,5.840298677051427,0.5344883724417774,-69.7064710497594,660.3125,4151.0,106.05313873291016,694.7255249023438,293,516,299,523,218.43438720703125
raw_data/High_Pressure_PXRD/Data/Cell_29/8p5 GPa/UOTe-8p5GPa-10deg_068.tif,8.5,44,314.90153846153845,802.1227972027972,14,5.656854249492381,3.1558174334820754,0.8299250027587322,45.00000000000001,255.35714721679688,1089.0,34.07141876220703,177.3910675048828,313,800,318,805,358.1476135253906
raw_data/High_Pressure_PXRD/Data/Cell_29/8p5 GPa/UOTe-8p5GPa-10deg_068.tif,8.5,45,318.9272844272844,129.56949806949808,12,4.8607479883182965,3.1155195918807777,0.7675786521898157,36.65037788300319,129.5,215.0,12.61297607421875,24.14676856994629,317,128,322,132,441.473876953125
raw_data/High_Pressure_PXRD/Data/Cell_29/8p5 GPa/UOTe-8p5GPa-10deg_068.tif,8.5,46,324.9144111192392,739.1836137527432,11,4.967994363003793,2.848231107005645,0.8193342786072867,30.694770167017396,248.5454559326172,779.0,28.67198944091797,100.22932434082031,323,738,328,742,300.0298156738281
raw_data/High_Pressure_PXRD/Data/Cell_29/8p5 GPa/UOTe-8p5GPa-10deg_068.tif,8.5,47,333.48326572008114,137.45081135902637,17,5.642747160029356,3.9152208955550667,0.7201194248383057,-34.38469442997687,116.0,191.0,11.567517280578613,20.90921401977539,331,135,337,140,428.24163818359375
raw_data/High_Pressure_PXRD/Data/Cell_29/8p5 GPa/UOTe-8p5GPa-10deg_068.tif,8.5,48,344.9383387740297,682.424011606819,18,7.95737954313309,2.8697850724544813,0.9327033575351915,37.75763321983852,153.1666717529297,563.0,20.43144989013672,89.53865051269531,342,680,349,686,242.12692260742188
raw_data/High_Pressure_PXRD/Data/Cell_29/8p5 GPa/UOTe-8p5GPa-10deg_068.tif,8.5,49,346.49443561208267,757.9538950715421,8,3.4641016151377544,2.8284271247461903,0.5773502691896258,0.0,78.625,91.0,7.356164932250977,9.44287109375,345,757,349,760,302.64453125
raw_data/High_Pressure_PXRD/Data/Cell_29/8p5 GPa/UOTe-8p5GPa-10deg_068.tif,8.5,50,349.5456088247773,79.03351718285957,17,4.7527082062880375,4.53818859340845,0.2970442628930021,90.0,138.64706420898438,280.0,14.116694450378418,33.18494415283203,348,77,353,82,476.0487365722656
raw_data/High_Pressure_PXRD/Data/Cell_29/8p5 GPa/UOTe-8p5GPa-10deg_068.tif,8.5,51,425.17278645185195,945.8218653038875,110,15.902389631896995,9.531502567036199,0.8004680023572706,26.595443083975272,1643.699951171875,47746.0,217.24151611328125,6436.12548828125,424,941,439,954,453.0525817871094
raw_data/High_Pressure_PXRD/Data/Cell_29/8p5 GPa/UOTe-8p5GPa-10deg_068.tif,8.5,52,452.06138613861384,282.0118811881188,11,4.51260859854213,2.9541957835039856,0.7559289460184544,0.0,91.81818389892578,153.0,9.97939682006836,20.403345108032227,450,281,455,284,248.826171875
raw_data/High_Pressure_PXRD/Data/Cell_29/8p5 GPa/UOTe-8p5GPa-10deg_068.tif,8.5,53,475.86786160900374,228.35014589412256,21,8.225358666790736,3.4874157920957627,0.9056699453403014,21.572778914028184,114.23809814453125,187.0,10.69228458404541,20.36962127685547,472,226,480,231,299.89739990234375
raw_data/High_Pressure_PXRD/Data/Cell_29/8p5 GPa/UOTe-8p5GPa-10deg_068.tif,8.5,54,492.47951441578147,844.0091047040971,8,3.4641016151377544,2.8284271247461903,0.5773502691896258,0.0,82.375,97.0,6.154727935791016,8.093889236450195,491,843,495,846,343.00018310546875
raw_data/High_Pressure_PXRD/Data/Cell_29/8p5 GPa/UOTe-8p5GPa-10deg_068.tif,8.5,55,498.4564574433125,848.932303647716,37,9.762741551906206,4.804358955455014,0.870532086524719,8.437534214676873,411.2162170410156,1866.0,50.46284484863281,246.7287139892578,494,847,504,852,347.90966796875
raw_data/High_Pressure_PXRD/Data/Cell_29/8p5 GPa/UOTe-8p5GPa-10deg_068.tif,8.5,56,510.5503950203495,853.8589897055302,31,14.03879032299579,3.2397736304299114,0.9730076190373811,-1.8417431945802472,134.74192810058594,207.0,10.827390670776367,18.8857421875,504,852,517,856,352.923828125
raw_data/High_Pressure_PXRD/Data/Cell_29/8p5 GPa/UOTe-8p5GPa-10deg_068.tif,8.5,57,506.92063492063494,180.00396825396825,5,2.5298221281347035,2.5298221281347035,0.0,-45.0,100.80000305175781,134.0,8.606501579284668,13.08512020111084,506,179,509,182,347.87677001953125
raw_data/High_Pressure_PXRD/Data/Cell_29/8p5 GPa/UOTe-8p5GPa-10deg_068.tif,8.5,58,525.6280487804878,853.0088075880759,12,5.9907335852038095,2.828427124746191,0.8815269611768738,0.0,123.0,179.0,9.568401336669922,15.738119125366211,523,852,529,855,352.6117248535156
raw_data/High_Pressure_PXRD/Data/Cell_29/8p5 GPa/UOTe-8p5GPa-10deg_068.tif,8.5,59,531.2268310911809,800.1603139013453,18,6.238202974551183,3.803621918340924,0.7926088911262771,34.15302341917982,148.6666717529297,296.0,15.41024112701416,35.07352066040039,529,798,535,803,299.0649108886719
raw_data/High_Pressure_PXRD/Data/Cell_29/8p5 GPa/UOTe-8p5GPa-10deg_068.tif,8.5,60,555.5949102440661,746.7092277926095,118,13.896856918663051,11.02987660376324,0.6083149010539302,-29.486680308781303,9294.5087890625,230996.0,1561.79345703125,38945.7734375,550,741,564,754,248.7752227783203
raw_data/High_Pressure_PXRD/Data/Cell_29/8p5 GPa/UOTe-8p5GPa-10deg_068.tif,8.5,61,564.5929101315949,78.56483771118297,156,18.61490441691222,11.133467747962245,0.8014257539394978,13.80874050549952,3706.987060546875,79544.0,496.0207214355469,10725.482421875,555,73,576,85,454.5372619628906
raw_data/High_Pressure_PXRD/Data/Cell_29/8p5 GPa/UOTe-8p5GPa-10deg_068.tif,8.5,62,564.586554124093,419.1525248037909,16,4.898979485566356,4.0,0.5773502691896258,90.0,844.125,4678.0,137.44857788085938,783.9268798828125,563,417,567,422,117.09211730957031
raw_data/High_Pressure_PXRD/Data/Cell_29/8p5 GPa/UOTe-8p5GPa-10deg_068.tif,8.5,63,583.8984375,834.078125,5,2.5298221281347035,2.5298221281347035,0.0,-45.0,102.4000015258789,136.0,8.876298904418945,13.489814758300781,583,833,586,836,342.52020263671875
raw_data/High_Pressure_PXRD/Data/Cell_29/8p5 GPa/UOTe-8p5GPa-10deg_068.tif,8.5,64,616.6109274943194,650.2615162156579,14,4.742873420478221,3.686025552052298,0.6292889820590861,-65.64235544728564,691.5714111328125,2819.0,111.50776672363281,470.12005615234375,615,648,619,653,183.91531372070312
raw_data/High_Pressure_PXRD/Data/Cell_29/8p5 GPa/UOTe-8p5GPa-10deg_068.tif,8.5,65,664.5222270933801,875.4455063568611,39,11.105255353194465,4.485061381765285,0.9148171070954403,86.95178735183741,292.4358825683594,1156.0,36.6170654296875,151.08592224121094,663,870,668,881,408.7421569824219
raw_data/High_Pressure_PXRD/Data/Cell_29/8p5 GPa/UOTe-8p5GPa-10deg_068.tif,8.5,66,668.5076263107721,890.9361296472831,22,9.397946212028003,3.753908647839526,0.9167596633485353,10.791723882118273,95.36363983154297,130.0,9.688139915466309,15.850533485412598,665,889,674,894,424.8305358886719
raw_data/High_Pressure_PXRD/Data/Cell_29/8p5 GPa/UOTe-8p5GPa-10deg_068.tif,8.5,67,676.3027960314392,554.9541296224713,16,4.898979485566356,4.0,0.5773502691896258,90.0,485.0625,1676.0,76.6811752319336,277.38433837890625,675,553,679,558,184.44384765625
raw_data/High_Pressure_PXRD/Data/Cell_29/8p5 GPa/UOTe-8p5GPa-10deg_068.tif,8.5,68,682.8144642180993,223.75350246118893,19,6.27506632630675,3.833479458809703,0.7917026722706746,52.06803089907354,139.0,223.0,12.3928804397583,21.17901039123535,681,221,686,227,354.615966796875
raw_data/High_Pressure_PXRD/Data/Cell_29/8p5 GPa/UOTe-8p5GPa-10deg_068.tif,8.5,69,730.2326530612245,790.88,18,6.200412278954441,3.7150775430989205,0.8006246620082804,-43.16169905660554,136.11111450195312,316.0,16.881006240844727,47.21435546875,728,789,734,794,370.6753845214844
raw_data/High_Pressure_PXRD/Data/Cell_29/8p5 GPa/UOTe-8p5GPa-10deg_068.tif,8.5,70,736.4166679107634,459.3942194288103,76,11.034105758070014,8.898117101896409,0.5913440017150644,-84.81990200278788,2644.065673828125,39070.0,440.37371826171875,6582.52392578125,732,454,741,465,248.6937713623047
raw_data/High_Pressure_PXRD/Data/Cell_29/8p5 GPa/UOTe-8p5GPa-10deg_068.tif,8.5,71,742.7821958456973,664.4652818991098,14,4.742873420478221,3.686025552052299,0.629288982059086,-24.357644552714376,120.35713958740234,207.0,13.696980476379395,29.003103256225586,741,663,746,667,293.5224914550781
raw_data/High_Pressure_PXRD/Data/Cell_29/8p5 GPa/UOTe-8p5GPa-10deg_068.tif,8.5,72,765.4275256222547,607.2733737711776,42,15.723600500856795,3.638686936005088,0.9728549766518104,-70.69229479631299,113.83333587646484,221.0,13.368566513061523,31.53244400024414,762,600,769,615,288.7398681640625
raw_data/High_Pressure_PXRD/Data/Cell_29/8p5 GPa/UOTe-8p5GPa-10deg_068.tif,8.5,73,766.1148060174188,478.972288202692,5,2.5298221281347035,2.5298221281347035,0.0,-45.0,252.60000610351562,457.0,36.89464569091797,71.32740020751953,765,478,768,481,275.2777404785156
raw_data/High_Pressure_PXRD/Data/Cell_29/8p5 GPa/UOTe-8p5GPa-10deg_068.tif,8.5,74,774.234410430839,415.85714285714283,22,6.906710879824218,4.077735074145264,0.8071094241007183,30.49045857419747,160.36363220214844,458.0,17.227108001708984,56.92702102661133,771,414,778,419,299.2876281738281
raw_data/High_Pressure_PXRD/Data/Cell_29/8p5 GPa/UOTe-8p5GPa-10deg_068.tif,8.5,75,790.9043359974428,693.6076536970077,302,25.5473934961174,15.592586847157838,0.7921398416491394,-56.47936108234575,5511.07958984375,198820.0,688.2342529296875,24934.03515625,782,681,801,707,351.5924072265625
raw_data/High_Pressure_PXRD/Data/Cell_29/8p5 GPa/UOTe-8p5GPa-10deg_068.tif,8.5,76,797.6313395173614,362.60678999182574,108,16.720953774013847,9.347848417953859,0.829133976077645,38.21494043290022,2084.22216796875,33693.0,276.1789855957031,4540.13232421875,793,357,808,369,344.3599548339844
raw_data/High_Pressure_PXRD/Data/Cell_29/8p5 GPa/UOTe-8p5GPa-10deg_068.tif,8.5,77,826.8071654373024,741.716894977169,27,8.777111101666945,4.0354281192245685,0.8880394630130081,-55.67776846720967,105.44444274902344,157.0,9.499077796936035,16.18777847290039,824,738,830,746,408.5871887207031
raw_data/High_Pressure_PXRD/Data/Cell_29/8p5 GPa/UOTe-8p5GPa-10deg_068.tif,8.5,78,848.9245021556148,939.9380517347568,46,10.995363228175203,5.41665697046537,0.8702382897760363,-82.82751948532959,423.5652160644531,2489.0,60.24228286743164,351.57830810546875,848,935,854,946,559.0455322265625
raw_data/High_Pressure_PXRD/Data/Cell_29/8p5 GPa/UOTe-8p5GPa-10deg_068.tif,8.5,79,851.9691675231244,597.4696813977389,8,3.4641016151377544,2.8284271247461903,0.5773502691896258,90.0,121.625,182.0,14.438319206237793,24.618913650512695,851,596,854,600,371.07781982421875
raw_data/High_Pressure_PXRD/Data/Cell_29/8p5 GPa/UOTe-8p5GPa-10deg_068.tif,8.5,80,860.2502801397403,263.1100784391273,36,7.819897983622294,5.8855177327513095,0.6584396024092999,75.57765379143981,421.4166564941406,2082.0,55.8459587097168,345.0020446777344,858,259,864,267,449.988037109375
raw_data/High_Pressure_PXRD/Data/Cell_29/8p5 GPa/UOTe-8p5GPa-10deg_068.tif,8.5,81,858.9793103448276,400.0390804597701,5,2.5298221281347035,2.5298221281347035,0.0,-45.0,87.0,99.0,8.532308578491211,10.454607009887695,858,399,861,402,386.5624694824219
raw_data/High_Pressure_PXRD/Data/Cell_29/8p5 GPa/UOTe-8p5GPa-10deg_068.tif,8.5,82,868.5142735406903,267.25394120153385,17,6.43519733231875,3.360672201667223,0.8528028654224418,30.96375653207352,138.05882263183594,272.0,13.823092460632324,31.83596420288086,866,265,872,270,454.1843566894531
raw_data/High_Pressure_PXRD/Data/Cell_29/8p5 GPa/UOTe-8p5GPa-10deg_068.tif,8.5,83,910.2347696879643,839.6201089648341,20,6.9339743293438865,3.687817782917155,0.8468400694118091,-45.0,100.94999694824219,161.0,11.970524787902832,22.42681884765625,908,837,914,843,532.5735473632812
raw_data/High_Pressure_PXRD/Data/Cell_29/8p5 GPa/UOTe-8p5GPa-10deg_068.tif,8.5,84,914.5031503150315,500.07110711071107,12,4.8607479883182965,3.1155195918807777,0.7675786521898157,-53.34962211699681,92.58333587646484,121.0,9.29392147064209,14.332928657531738,913,498,917,503,424.5497131347656
raw_data/High_Pressure_PXRD/Data/Cell_29/8p5 GPa/UOTe-8p5GPa-10deg_068.tif,8.5,85,953.0490196078431,870.562091503268,8,3.4641016151377544,2.8284271247461903,0.5773502691896258,90.0,76.5,100.0,8.810535430908203,12.815324783325195,952,869,955,873,583.0286865234375
raw_data/High_Pressure_PXRD/Data/Cell_29/8p5 GPa/UOTe-8p5GPa-10deg_068.tif,8.5,86,972.1896162528217,741.2046651617758,14,5.656854249492381,3.1558174334820754,0.8299250027587322,-45.00000000000001,94.92857360839844,138.0,11.003835678100586,18.54849624633789,970,739,975,744,532.4158935546875
raw_data/High_Pressure_PXRD/Data/Cell_29/8p5 GPa/UOTe-8p5GPa-10deg_068.tif,8.5,87,977.8312884259135,401.7934732998631,98,13.248756261866603,9.76563278600359,0.6757857814075473,84.169187488243,760.1428833007812,5677.0,112.28790283203125,910.5625610351562,973,394,983,408,500.3387756347656
raw_data/High_Pressure_PXRD/Data/Cell_29/8p5 GPa/UOTe-8p5GPa-10deg_068.tif,8.5,88,984.6236979166666,820.5494791666666,28,6.676183683170241,5.237229365663818,0.6201736729460422,-45.0,137.14285278320312,328.0,18.945964813232422,51.26129913330078,982,818,988,824,579.8855590820312
raw_data/High_Pressure_PXRD/Data/Cell_29/8p5 GPa/UOTe-8p5GPa-10deg_068.tif,8.5,89,1036.2329617909602,642.4477636612667,86,13.943057765436759,8.017221125746438,0.8181552780876649,-53.62541927916272,492.3953552246094,2781.0,71.64151000976562,464.5555114746094,1032,636,1042,649,558.9515991210938
raw_data/High_Pressure_PXRD/Data/Cell_29/8p5 GPa/UOTe-8p5GPa-10deg_068.tif,8.5,90,1041.7800766283524,299.96934865900386,10,6.0,1.959591794226542,0.9451631252505217,90.0,130.5,280.0,18.093215942382812,43.33603286743164,1041,297,1043,303,589.1315307617188
raw_data/High_Pressure_PXRD/Data/Cell_29/9p8 GPa/UOTe-9p8GPa_10deg_072.tif,9.8,1,12.57781717888101,619.3583530338849,35,8.180126947227862,5.765326748328467,0.7094093071592132,31.131079744092315,145.028564453125,420.0,15.559538841247559,52.74517822265625,9,616,17,624,516.0383911132812
raw_data/High_Pressure_PXRD/Data/Cell_29/9p8 GPa/UOTe-9p8GPa_10deg_072.tif,9.8,2,23.37272727272727,278.4357954545454,15,5.7681210284018105,3.289022452127339,0.8215011156099433,-66.08801985537882,117.33333587646484,193.0,12.320696830749512,22.527990341186523,22,276,26,282,547.9578857421875
raw_data/High_Pressure_PXRD/Data/Cell_29/9p8 GPa/UOTe-9p8GPa_10deg_072.tif,9.8,3,28.32861611798004,918.4853269775064,69,14.318575301123461,6.774741021014959,0.8809853664967155,28.604031696123414,97.28985595703125,258.0,15.65828800201416,46.76469421386719,22,914,35,924,631.5390625
raw_data/High_Pressure_PXRD/Data/Cell_29/9p8 GPa/UOTe-9p8GPa_10deg_072.tif,9.8,4,45.35512836726951,569.5292778550652,64,10.538475126688324,7.839896651370574,0.668256616556549,58.63167590101797,247.09375,1058.0,28.746421813964844,138.13571166992188,41,565,50,576,476.3421325683594
raw_data/High_Pressure_PXRD/Data/Cell_29/9p8 GPa/UOTe-9p8GPa_10deg_072.tif,9.8,5,54.99590223913361,228.9853651397629,33,8.387204525717044,5.053440532663029,0.7981053983530195,-57.13957120462693,207.06060791015625,629.0,24.302106857299805,81.20868682861328,52,226,59,234,544.6873168945312
raw_data/High_Pressure_PXRD/Data/Cell_29/9p8 GPa/UOTe-9p8GPa_10deg_072.tif,9.8,6,61.45815320414036,864.4677676708443,185,25.255920179064113,10.076287567658138,0.9169651318009532,44.87314655727846,396.3621520996094,3129.0,50.200157165527344,418.7238464355469,52,858,72,877,575.61767578125
raw_data/High_Pressure_PXRD/Data/Cell_29/9p8 GPa/UOTe-9p8GPa_10deg_072.tif,9.8,7,77.10566055215861,520.4882342041875,68,12.034296455456168,7.31041344989148,0.7943464727962439,83.72783067236197,317.4705810546875,1409.0,38.102779388427734,185.3500518798828,74,516,82,528,441.87847900390625
raw_data/High_Pressure_PXRD/Data/Cell_29/9p8 GPa/UOTe-9p8GPa_10deg_072.tif,9.8,8,86.244579358196,179.17562879444927,19,5.698742654826425,4.310742847725231,0.6540659410912815,-65.30064732250224,121.36842346191406,247.0,13.129494667053223,29.812490463256836,84,177,89,183,548.353271484375
raw_data/High_Pressure_PXRD/Data/Cell_29/9p8 GPa/UOTe-9p8GPa_10deg_072.tif,9.8,9,93.00037348272642,810.9798552754435,113,16.706756749650822,8.799021000513905,0.8500671043169657,43.95254723814914,379.11505126953125,2689.0,47.228675842285156,358.8290710449219,86,806,100,820,520.3984985351562
raw_data/High_Pressure_PXRD/Data/Cell_29/9p8 GPa/UOTe-9p8GPa_10deg_072.tif,9.8,10,89.41486617220252,524.9248629474363,44,11.303185745966715,5.20631929362925,0.8876045160933568,73.45897697448815,140.9545440673828,478.0,14.158171653747559,59.62498092651367,87,521,93,532,429.57012939453125
raw_data/High_Pressure_PXRD/Data/Cell_29/9p8 GPa/UOTe-9p8GPa_10deg_072.tif,9.8,11,110.0037519052644,404.090866455622,24,8.824347506156242,3.514699604918794,0.917257074634153,36.52007648896748,355.375,1605.0,44.4109992980957,211.6551971435547,106,401,114,407,424.748046875
raw_data/High_Pressure_PXRD/Data/Cell_29/9p8 GPa/UOTe-9p8GPa_10deg_072.tif,9.8,12,108.05883514313919,471.3974333662389,27,6.635317237498872,5.106277908033803,0.638573934630932,90.0,187.59259033203125,490.0,20.369619369506836,61.108863830566406,106,469,111,476,413.2845764160156
raw_data/High_Pressure_PXRD/Data/Cell_29/9p8 GPa/UOTe-9p8GPa_10deg_072.tif,9.8,13,112.90298336201951,566.7640275387263,30,11.298699767174039,3.7808648649240166,0.9423501954113186,12.942978200742246,581.0,4020.0,79.49324035644531,671.7927856445312,107,564,118,570,410.2799987792969
raw_data/High_Pressure_PXRD/Data/Cell_29/9p8 GPa/UOTe-9p8GPa_10deg_072.tif,9.8,14,118.04910714285714,128.99330357142858,5,2.5298221281347035,2.5298221281347035,0.0,-45.0,89.5999984741211,109.0,8.579522132873535,11.19654655456543,117,128,120,131,557.73828125
raw_data/High_Pressure_PXRD/Data/Cell_29/9p8 GPa/UOTe-9p8GPa_10deg_072.tif,9.8,15,141.01384649952254,762.6705581665325,105,16.43091346352639,8.371111849277213,0.8604864598557498,42.91919826269051,1017.2761840820312,11262.0,132.5072479248047,1514.5015869140625,134,758,148,771,454.7536926269531
raw_data/High_Pressure_PXRD/Data/Cell_29/9p8 GPa/UOTe-9p8GPa_10deg_072.tif,9.8,16,149.86125126135218,78.19828456104945,25,7.43197667868774,4.429460762603226,0.8029841673595296,-24.19007080191837,79.27999877929688,107.0,7.322271823883057,11.06164836883545,147,76,154,82,573.38916015625
raw_data/High_Pressure_PXRD/Data/Cell_29/9p8 GPa/UOTe-9p8GPa_10deg_072.tif,9.8,17,152.6901251117069,427.12823949955316,17,8.393582672640848,3.28954804174181,0.9200025936573992,-78.81282590798236,263.29412841796875,771.0,37.29140853881836,123.93767547607422,151,424,155,432,376.63116455078125
raw_data/High_Pressure_PXRD/Data/Cell_29/9p8 GPa/UOTe-9p8GPa_10deg_072.tif,9.8,18,179.46400625978092,565.974830464267,49,12.483470958581693,5.238948811195094,0.9076763638483291,85.22874937900485,156.4897918701172,394.0,16.14097785949707,48.15863800048828,177,560,183,573,342.9598693847656
raw_data/High_Pressure_PXRD/Data/Cell_29/9p8 GPa/UOTe-9p8GPa_10deg_072.tif,9.8,19,183.20558932792974,378.7551502870652,33,8.82769178794132,4.710172356629969,0.8457572761335076,-73.55707426505874,358.9090881347656,1613.0,45.43921661376953,212.5994873046875,181,375,186,384,362.8702697753906
raw_data/High_Pressure_PXRD/Data/Cell_29/9p8 GPa/UOTe-9p8GPa_10deg_072.tif,9.8,20,183.487902077996,633.6925704526046,24,11.06148049513638,2.8439574012565463,0.9663835833099284,68.16977357417574,146.375,214.0,10.401745796203613,16.669557571411133,181,629,187,639,356.4437561035156
raw_data/High_Pressure_PXRD/Data/Cell_29/9p8 GPa/UOTe-9p8GPa_10deg_072.tif,9.8,21,193.09603658536585,952.5335365853658,8,3.4641016151377544,2.8284271247461903,0.5773502691896258,90.0,82.0,101.0,8.24986457824707,12.64670181274414,192,951,195,955,549.216064453125
raw_data/High_Pressure_PXRD/Data/Cell_29/9p8 GPa/UOTe-9p8GPa_10deg_072.tif,9.8,22,215.27819107282693,967.1971417384495,57,12.584642641338176,6.5109556651958975,0.8557599359874078,43.07176314506803,89.6140365600586,166.0,9.06775951385498,18.885740280151367,212,962,222,973,549.1229248046875
raw_data/High_Pressure_PXRD/Data/Cell_29/9p8 GPa/UOTe-9p8GPa_10deg_072.tif,9.8,23,217.24924165824063,334.61678463094034,17,6.43519733231875,3.3606722016672244,0.8528028654224417,-59.03624346792648,116.35294342041016,171.0,10.569665908813477,17.94145393371582,215,332,220,338,352.8783264160156
raw_data/High_Pressure_PXRD/Data/Cell_29/9p8 GPa/UOTe-9p8GPa_10deg_072.tif,9.8,24,234.44142344335756,613.9532191437372,236,31.104844896626865,10.04801600717418,0.9463863333388245,66.60121996717992,2129.474609375,55175.0,282.8078308105469,7438.01416015625,227,597,242,628,300.9608154296875
raw_data/High_Pressure_PXRD/Data/Cell_29/9p8 GPa/UOTe-9p8GPa_10deg_072.tif,9.8,25,244.56712289908518,282.20587192397704,36,9.186142437386007,5.125339804121302,0.8298795711705046,-46.08960444237584,391.6944580078125,2371.0,49.07482147216797,314.852294921875,241,279,249,287,362.67083740234375
raw_data/High_Pressure_PXRD/Data/Cell_29/9p8 GPa/UOTe-9p8GPa_10deg_072.tif,9.8,26,247.70039292730846,399.67681728880154,10,4.0,3.149603149604724,0.6164414002968978,-45.0,101.80000305175781,143.0,8.984216690063477,14.569000244140625,246,398,250,402,293.8679504394531
raw_data/High_Pressure_PXRD/Data/Cell_29/9p8 GPa/UOTe-9p8GPa_10deg_072.tif,9.8,27,253.70809815221912,904.6504069871071,57,14.966995870836548,5.168159419274204,0.9384909897401461,30.578125286977922,295.28070068359375,1665.0,35.27021408081055,220.0188751220703,248,901,261,911,478.1459045410156
raw_data/High_Pressure_PXRD/Data/Cell_29/9p8 GPa/UOTe-9p8GPa_10deg_072.tif,9.8,28,264.7145274080758,565.3851793367922,32,7.805861210383289,5.22073086494923,0.743422676893257,59.85265619736469,277.0625,1225.0,41.098270416259766,200.9982452392578,262,562,268,570,256.7338562011719
raw_data/High_Pressure_PXRD/Data/Cell_29/9p8 GPa/UOTe-9p8GPa_10deg_072.tif,9.8,29,275.21290322580643,233.59354838709677,14,4.742873420478221,3.686025552052299,0.6292889820590859,-24.357644552714387,121.78571319580078,223.0,13.499451637268066,31.53244400024414,273,232,278,236,376.86932373046875
raw_data/High_Pressure_PXRD/Data/Cell_29/9p8 GPa/UOTe-9p8GPa_10deg_072.tif,9.8,30,280.9241634072143,718.6358105171664,52,12.042761166742396,5.7142258315175445,0.8802583826874917,-69.79359527552748,88.5,141.0,8.612728118896484,17.874006271362305,278,713,285,725,315.9682922363281
raw_data/High_Pressure_PXRD/Data/Cell_29/9p8 GPa/UOTe-9p8GPa_10deg_072.tif,9.8,31,283.09738388844073,852.4759709577042,36,11.094620205113559,4.304263752943501,0.9216764048214483,29.18805009054427,241.02777099609375,771.0,31.47061538696289,123.93767547607422,279,850,289,857,418.73529052734375
raw_data/High_Pressure_PXRD/Data/Cell_29/9p8 GPa/UOTe-9p8GPa_10deg_072.tif,9.8,32,294.7586953384327,517.9328907490259,36,10.881158948668952,4.228986941465475,0.9213845159214814,74.32441515410338,192.47222900390625,802.0,27.227880477905273,130.0081024169922,293,514,298,525,219.69241333007812
raw_data/High_Pressure_PXRD/Data/Cell_29/9p8 GPa/UOTe-9p8GPa_10deg_072.tif,9.8,33,321.58116883116884,128.37847866419295,28,6.0,5.8901508937395155,0.1904761904761901,0.0,154.0,283.0,16.052879333496094,33.454742431640625,319,126,325,132,442.06805419921875
raw_data/High_Pressure_PXRD/Data/Cell_29/9p8 GPa/UOTe-9p8GPa_10deg_072.tif,9.8,34,337.66059654631084,134.03061224489795,62,16.97698205655484,4.841996638586723,0.9584651994720158,-22.332176155841626,102.74193572998047,173.0,9.003363609313965,18.481046676635742,330,130,346,139,430.156005859375
raw_data/High_Pressure_PXRD/Data/Cell_29/9p8 GPa/UOTe-9p8GPa_10deg_072.tif,9.8,35,342.37276503521764,753.741556799711,47,20.931944607116165,3.1711987740418945,0.9884571904319435,35.8530338960791,117.80850982666016,244.0,10.900918006896973,27.923917770385742,336,749,352,761,301.92559814453125
raw_data/High_Pressure_PXRD/Data/Cell_29/9p8 GPa/UOTe-9p8GPa_10deg_072.tif,9.8,36,353.19758372839885,78.15935158281083,39,9.060812190931248,5.538013929696333,0.7914723109694213,-30.94169636528627,167.6666717529297,390.0,18.031387329101562,48.02374267578125,349,75,358,82,476.3306884765625
raw_data/High_Pressure_PXRD/Data/Cell_29/9p8 GPa/UOTe-9p8GPa_10deg_072.tif,9.8,37,368.3838963246229,703.0123220735076,51,18.179573049156854,3.6498842563117044,0.979638728994008,36.9931109397021,92.29412078857422,150.0,9.273587226867676,19.72885513305664,361,697,376,709,243.5972900390625
raw_data/High_Pressure_PXRD/Data/Cell_29/9p8 GPa/UOTe-9p8GPa_10deg_072.tif,9.8,38,380.0128205128205,712.0051282051282,5,2.5298221281347035,2.5298221281347035,0.0,-45.0,78.0,91.0,7.588021278381348,9.780116081237793,379,711,382,714,244.5009307861328
raw_data/High_Pressure_PXRD/Data/Cell_29/9p8 GPa/UOTe-9p8GPa_10deg_072.tif,9.8,39,387.8048951048951,26.63916083916084,14,4.742873420478221,3.686025552052299,0.6292889820590859,24.357644552714387,102.14286041259766,126.0,9.770480155944824,12.95022201538086,386,25,391,29,515.2381591796875
raw_data/High_Pressure_PXRD/Data/Cell_29/9p8 GPa/UOTe-9p8GPa_10deg_072.tif,9.8,40,429.6122988082074,950.037412458533,121,17.366885779200654,10.048889119371047,0.8155947438699235,8.677403289789284,134.5289306640625,275.0,13.42961311340332,32.37555694580078,424,945,440,957,456.5920715332031
raw_data/High_Pressure_PXRD/Data/Cell_29/9p8 GPa/UOTe-9p8GPa_10deg_072.tif,9.8,41,444.7847926267281,609.1718894009217,11,4.967994363003793,2.848231107005645,0.8193342786072867,30.694770167017396,394.5454406738281,1858.0,61.669918060302734,308.4109191894531,443,608,448,612,117.3552474975586
raw_data/High_Pressure_PXRD/Data/Cell_29/9p8 GPa/UOTe-9p8GPa_10deg_072.tif,9.8,42,461.1079799107143,278.87709263392856,70,24.2506306716207,3.969060674881912,0.9865154188667478,-11.560579711759294,102.4000015258789,175.0,10.866045951843262,23.607177734375,450,276,473,283,250.62396240234375
raw_data/High_Pressure_PXRD/Data/Cell_29/9p8 GPa/UOTe-9p8GPa_10deg_072.tif,9.8,43,474.99058637539525,227.6734693877551,44,12.171951159701248,4.727339335953406,0.9214994143163125,11.401856249953873,316.2727355957031,1780.0,37.71016311645508,235.12747192382812,469,225,481,231,301.21710205078125
raw_data/High_Pressure_PXRD/Data/Cell_29/9p8 GPa/UOTe-9p8GPa_10deg_072.tif,9.8,44,478.96349905601005,849.1472624292007,18,6.602734135503601,3.4866873039618276,0.8492025883226961,-3.065741488914062,88.27777862548828,116.0,6.857322692871094,10.522055625915527,476,848,483,852,349.4841003417969
raw_data/High_Pressure_PXRD/Data/Cell_29/9p8 GPa/UOTe-9p8GPa_10deg_072.tif,9.8,45,489.0303738317757,850.9719626168225,5,2.5298221281347035,2.5298221281347035,0.0,-45.0,85.5999984741211,93.0,6.448131561279297,7.419398307800293,488,850,491,853,350.77496337890625
raw_data/High_Pressure_PXRD/Data/Cell_29/9p8 GPa/UOTe-9p8GPa_10deg_072.tif,9.8,46,493.4924717691342,844.7383939774153,23,8.120248532119142,3.6393582697965283,0.8939417748057233,6.16452368236361,138.6086883544922,283.0,13.706825256347656,33.18494415283203,490,843,498,847,344.2846984863281
raw_data/High_Pressure_PXRD/Data/Cell_29/9p8 GPa/UOTe-9p8GPa_10deg_072.tif,9.8,47,504.47276544028284,803.0588885206055,79,23.6633023726102,4.49002030451962,0.9818331844258197,0.05986669869675594,114.56961822509766,212.0,10.474242210388184,23.607175827026367,492,801,516,806,301.45965576171875
raw_data/High_Pressure_PXRD/Data/Cell_29/9p8 GPa/UOTe-9p8GPa_10deg_072.tif,9.8,48,501.99028677150784,850.9246068455134,18,6.531972647421808,3.4995590551163605,0.8443713418650368,0.0,120.11111450195312,174.0,11.136591911315918,18.481046676635742,499,849,506,853,350.31317138671875
raw_data/High_Pressure_PXRD/Data/Cell_29/9p8 GPa/UOTe-9p8GPa_10deg_072.tif,9.8,49,509.0290162774239,179.80444573119732,153,34.76099562861245,7.415641280495873,0.9769797094595779,12.806889475737135,406.3529357910156,2771.0,49.789756774902344,368.8115539550781,500,175,534,186,347.8736572265625
raw_data/High_Pressure_PXRD/Data/Cell_29/9p8 GPa/UOTe-9p8GPa_10deg_072.tif,9.8,50,505.60828157349897,856.9801242236025,18,8.243216440440627,2.9814239699997196,0.9323014783382186,0.0,134.1666717529297,206.0,9.350085258483887,15.898711204528809,502,856,510,859,356.5208435058594
raw_data/High_Pressure_PXRD/Data/Cell_29/9p8 GPa/UOTe-9p8GPa_10deg_072.tif,9.8,51,512.8980755523877,856.9643620812544,9,4.988876515698588,2.6666666666666665,0.8451542547285166,0.0,155.88888549804688,234.0,11.261140823364258,18.5966739654541,511,856,516,859,356.6236572265625
raw_data/High_Pressure_PXRD/Data/Cell_29/9p8 GPa/UOTe-9p8GPa_10deg_072.tif,9.8,52,532.8107448107448,801.6135531135532,14,4.742873420478221,3.686025552052299,0.6292889820590859,24.357644552714387,117.0,215.0,10.791852951049805,24.011871337890625,531,800,536,804,301.3502502441406
raw_data/High_Pressure_PXRD/Data/Cell_29/9p8 GPa/UOTe-9p8GPa_10deg_072.tif,9.8,53,536.0013689253935,128.943189596167,12,4.320493798938574,3.590109871423003,0.5563486402641867,0.0,121.75,184.0,12.784411430358887,20.234724044799805,534,127,539,131,401.5858459472656
raw_data/High_Pressure_PXRD/Data/Cell_29/9p8 GPa/UOTe-9p8GPa_10deg_072.tif,9.8,54,547.778684067428,218.79662860250136,13,6.735819733463726,2.5515464571538558,0.925477467031678,-56.47099462498614,141.46153259277344,340.0,17.331817626953125,51.4299201965332,546,216,551,222,312.16204833984375
raw_data/High_Pressure_PXRD/Data/Cell_29/9p8 GPa/UOTe-9p8GPa_10deg_072.tif,9.8,55,556.5208516457827,747.1927155414251,156,20.097070751679265,10.197616211317206,0.861700025916276,-9.773339357180157,5484.1025390625,173830.0,888.4384765625,29306.287109375,547,742,569,753,249.6347198486328
raw_data/High_Pressure_PXRD/Data/Cell_29/9p8 GPa/UOTe-9p8GPa_10deg_072.tif,9.8,56,568.721802375135,77.75115063355872,186,32.038232123395375,7.842451583696999,0.9695775973970184,17.314514570086875,189.23655700683594,682.0,20.807676315307617,87.27910614013672,554,71,585,84,456.49151611328125
raw_data/High_Pressure_PXRD/Data/Cell_29/9p8 GPa/UOTe-9p8GPa_10deg_072.tif,9.8,57,564.8780306252659,419.3039132284134,23,6.809947678073499,4.297847546071611,0.7756907818199996,33.24576463553573,817.7391357421875,4238.0,133.0286102294922,709.73291015625,562,417,569,422,117.6985092163086
raw_data/High_Pressure_PXRD/Data/Cell_29/9p8 GPa/UOTe-9p8GPa_10deg_072.tif,9.8,58,602.6342996856445,221.6336011177087,61,12.62277068601333,6.321939837552981,0.8655421154649262,-77.7727274091696,93.86885070800781,151.0,9.838720321655273,19.560232162475586,600,215,607,228,322.26422119140625
raw_data/High_Pressure_PXRD/Data/Cell_29/9p8 GPa/UOTe-9p8GPa_10deg_072.tif,9.8,59,616.2245283018868,651.183962264151,16,7.400322982699045,2.869707258891805,0.9217513885332628,-40.673729104442636,198.75,578.0,28.41292381286621,92.40523529052734,613,649,619,655,184.8804473876953
raw_data/High_Pressure_PXRD/Data/Cell_29/9p8 GPa/UOTe-9p8GPa_10deg_072.tif,9.8,60,667.6598202824133,891.7567394094993,20,5.556341125566584,4.574611819197062,0.567586589848995,-26.011982848078297,155.8000030517578,313.0,16.160799026489258,37.36678695678711,665,890,671,895,425.72991943359375
raw_data/High_Pressure_PXRD/Data/Cell_29/9p8 GPa/UOTe-9p8GPa_10deg_072.tif,9.8,61,676.4346023688663,555.6587986463621,25,7.882567025713273,3.9738567016360578,0.8636264335916574,-82.96652570064875,472.79998779296875,2641.0,74.6189193725586,440.27386474609375,675,553,679,561,185.109375
raw_data/High_Pressure_PXRD/Data/Cell_29/9p8 GPa/UOTe-9p8GPa_10deg_072.tif,9.8,62,681.1950819672131,220.71311475409837,10,4.0,3.149603149604724,0.6164414002968978,45.0,122.0,177.0,8.077829360961914,13.104392051696777,680,219,684,223,356.95196533203125
raw_data/High_Pressure_PXRD/Data/Cell_29/9p8 GPa/UOTe-9p8GPa_10deg_072.tif,9.8,63,690.4888049258326,227.78477469913238,49,16.33811381658504,3.869785706526757,0.9715446866221125,36.22580761446243,145.83673095703125,285.0,11.012749671936035,23.510822296142578,684,223,698,234,355.7554626464844
raw_data/High_Pressure_PXRD/Data/Cell_29/9p8 GPa/UOTe-9p8GPa_10deg_072.tif,9.8,64,717.1540372670808,171.0310559006211,5,2.5298221281347035,2.5298221281347035,0.0,-45.0,161.0,243.0,18.05611801147461,27.923917770385742,716,170,719,173,418.70184326171875
raw_data/High_Pressure_PXRD/Data/Cell_29/9p8 GPa/UOTe-9p8GPa_10deg_072.tif,9.8,65,730.6472929936306,792.0425955414013,19,6.27506632630675,3.833479458809703,0.7917026722706746,-37.931969100926466,132.2105255126953,334.0,16.22327995300293,50.24956130981445,728,790,734,795,372.447265625
raw_data/High_Pressure_PXRD/Data/Cell_29/9p8 GPa/UOTe-9p8GPa_10deg_072.tif,9.8,66,736.821014686919,460.0118818347763,133,21.053291891894375,8.421227815056287,0.91651698274544,71.90789241507036,1795.879638671875,33853.0,286.4024658203125,5702.98828125,732,451,742,473,249.6448516845703
raw_data/High_Pressure_PXRD/Data/Cell_29/9p8 GPa/UOTe-9p8GPa_10deg_072.tif,9.8,67,745.5259631490787,118.8036013400335,30,10.345639486877944,4.038559870767555,0.9206608227932703,30.71806768568956,318.3999938964844,1223.0,38.36503601074219,160.39390563964844,740,115,749,122,478.16571044921875
raw_data/High_Pressure_PXRD/Data/Cell_29/9p8 GPa/UOTe-9p8GPa_10deg_072.tif,9.8,68,757.9716312056737,638.049645390071,5,2.5298221281347035,2.5298221281347035,0.0,-45.0,84.5999984741211,95.0,6.61000919342041,7.958991050720215,757,637,760,640,294.5267333984375
raw_data/High_Pressure_PXRD/Data/Cell_29/9p8 GPa/UOTe-9p8GPa_10deg_072.tif,9.8,69,760.9812834224599,632.9866310160428,5,2.5298221281347035,2.5298221281347035,0.0,-45.0,74.80000305175781,78.0,5.814110279083252,6.407662391662598,760,632,763,635,295.10943603515625
raw_data/High_Pressure_PXRD/Data/Cell_29/9p8 GPa/UOTe-9p8GPa_10deg_072.tif,9.8,70,767.4130843826892,607.1482124764799,42,10.797124569248234,4.9718359979318665,0.8876712286714514,-65.5743351770405,164.5,421.0,21.407855987548828,65.0883560180664,765,602,771,613,291.35430908203125
raw_data/High_Pressure_PXRD/Data/Cell_29/9p8 GPa/UOTe-9p8GPa_10deg_072.tif,9.8,71,775.4984031561149,418.0862295697915,46,15.401911915363788,4.438874252046004,0.957569392710007,66.60552859287033,115.71739196777344,212.0,10.656954765319824,23.607175827026367,772,413,780,427,300.46954345703125
raw_data/High_Pressure_PXRD/Data/Cell_29/9p8 GPa/UOTe-9p8GPa_10deg_072.tif,9.8,72,775.9595314164004,66.29641462548811,13,5.65685424949238,2.9831876045638936,0.849643155168251,39.80557109226519,216.6923065185547,637.0,25.56838607788086,82.28787231445312,774,64,779,69,537.3345947265625
raw_data/High_Pressure_PXRD/Data/Cell_29/9p8 GPa/UOTe-9p8GPa_10deg_072.tif,9.8,73,798.2245007992886,363.29984203407145,174,27.227869473663738,8.4477817119484,0.9506509865607303,57.43642727849557,1215.160888671875,21025.0,158.94102478027344,2831.242431640625,792,352,808,378,344.75885009765625
raw_data/High_Pressure_PXRD/Data/Cell_29/9p8 GPa/UOTe-9p8GPa_10deg_072.tif,9.8,74,826.9319938176197,483.8918083462133,5,2.5298221281347035,2.5298221281347035,0.0,-45.0,129.39999389648438,231.0,15.749361038208008,32.88142395019531,826,483,829,486,337.60546875
raw_data/High_Pressure_PXRD/Data/Cell_29/9p8 GPa/UOTe-9p8GPa_10deg_072.tif,9.8,75,849.0502866428926,941.7569177989437,46,10.69717588881986,5.5812873307420166,0.8530963862201828,-65.95609814969151,481.5869445800781,3131.0,61.45783615112305,418.8587646484375,848,936,855,947,560.8707275390625
raw_data/High_Pressure_PXRD/Data/Cell_29/9p8 GPa/UOTe-9p8GPa_10deg_072.tif,9.8,76,852.4829545454545,598.4779829545455,12,3.8297084310253524,3.8297084310253524,0.0,-45.0,117.33333587646484,173.0,13.714644432067871,23.101308822631836,851,597,855,601,372.3170166015625
raw_data/High_Pressure_PXRD/Data/Cell_29/9p8 GPa/UOTe-9p8GPa_10deg_072.tif,9.8,77,861.4743096423721,264.03655500226347,39,10.491668905402724,4.893054015285302,0.8845870154102673,33.329955744596205,226.56410217285156,1164.0,25.841644287109375,152.30001831054688,858,260,867,268,451.2528991699219
raw_data/High_Pressure_PXRD/Data/Cell_29/9p8 GPa/UOTe-9p8GPa_10deg_072.tif,9.8,78,910.3591549295775,841.8529929577464,11,4.967994363003793,2.848231107005645,0.8193342786072867,-59.305229832982604,103.2727279663086,159.0,10.154152870178223,17.67165756225586,909,840,913,845,534.515625
raw_data/High_Pressure_PXRD/Data/Cell_29/9p8 GPa/UOTe-9p8GPa_10deg_072.tif,9.8,79,972.9834938101789,742.4924346629987,8,3.4641016151377544,2.8284271247461903,0.5773502691896258,90.0,90.875,135.0,8.481720924377441,14.434102058410645,972,741,975,745,534.1524658203125
raw_data/High_Pressure_PXRD/Data/Cell_29/9p8 GPa/UOTe-9p8GPa_10deg_072.tif,9.8,80,978.7855878542363,403.0542508348388,114,17.182814410611584,8.825374698930565,0.8580199463624198,62.4283215486583,480.7105407714844,3647.0,60.60002899169922,487.7917175292969,974,394,985,412,501.58380126953125
raw_data/High_Pressure_PXRD/Data/Cell_29/9p8 GPa/UOTe-9p8GPa_10deg_072.tif,9.8,81,1036.788933482466,644.1869201921179,73,12.5982669720571,7.597995233208825,0.7976667627686819,-84.24280621078286,416.41094970703125,2201.0,52.66571807861328,293.4034729003906,1033,637,1041,651,560.1110229492188
raw_data/High_Pressure_PXRD/Data/Cell_29/9p8 GPa/UOTe-9p8GPa_10deg_072.tif,9.8,82,1041.7561327561327,300.2178932178932,8,4.898979485566356,1.9364916731037085,0.9185586535436918,90.0,173.25,334.0,25.23017120361328,52.44165802001953,1041,298,1043,303,589.4862670898438
raw_data/High_Pressure_PXRD/Data/Cell_29/9p8 GPa/UOTe-9p8GPa_10deg_073.tif,9.8,1,12.514668241779878,619.805867296712,36,9.174311217521248,5.069143045419806,0.8334886126172097,45.272195153140245,141.0833282470703,393.0,15.06737232208252,48.9680290222168,9,617,17,625,517.1698608398438
raw_data/High_Pressure_PXRD/Data/Cell_29/9p8 GPa/UOTe-9p8GPa_10deg_073.tif,9.8,2,23.27812828601472,278.27181913774973,17,5.8487650121869175,3.6612026138446656,0.7798401143947766,-76.03551064565954,111.88235473632812,207.0,12.436419486999512,24.41656494140625,22,276,26,282,549.136962890625
raw_data/High_Pressure_PXRD/Data/Cell_29/9p8 GPa/UOTe-9p8GPa_10deg_073.tif,9.8,3,28.48055263553086,919.0800420483556,70,16.306131764359208,6.465786372435136,0.9180239905358335,40.911806460247945,95.12857055664062,284.0,14.29037094116211,44.68501281738281,23,914,35,928,632.7169799804688
raw_data/High_Pressure_PXRD/Data/Cell_29/9p8 GPa/UOTe-9p8GPa_10deg_073.tif,9.8,4,45.31286641871021,569.7891319422556,62,10.407505078557337,7.575370049051977,0.6857090962543899,68.48358734222994,255.85484313964844,1039.0,29.927810668945312,135.57264709472656,42,566,50,576,477.4176940917969
raw_data/High_Pressure_PXRD/Data/Cell_29/9p8 GPa/UOTe-9p8GPa_10deg_073.tif,9.8,5,54.71834250941756,229.21950159374094,34,8.386845037322784,5.111889920100814,0.7927761798330489,-58.96448935434046,203.0,590.0,23.757944107055664,75.9476547241211,52,226,58,234,545.905517578125
raw_data/High_Pressure_PXRD/Data/Cell_29/9p8 GPa/UOTe-9p8GPa_10deg_073.tif,9.8,6,61.55584022676788,864.8638711347934,186,25.795874873302193,9.56600433891848,0.928698906659338,47.0409004653526,394.5107421875,3121.0,49.8477668762207,417.6446838378906,53,858,73,879,576.8424682617188
raw_data/High_Pressure_PXRD/Data/Cell_29/9p8 GPa/UOTe-9p8GPa_10deg_073.tif,9.8,7,77.01002963300661,520.6842945064965,68,12.467491467199233,7.115779709573358,0.8211261751534922,81.91790841443878,322.5735168457031,1429.0,38.72568130493164,188.0480194091797,74,516,81,529,442.9336853027344
raw_data/High_Pressure_PXRD/Data/Cell_29/9p8 GPa/UOTe-9p8GPa_10deg_073.tif,9.8,8,86.02504105090313,179.36412151067324,22,6.365325198089598,4.484499336171133,0.7096840669923417,-52.89620176442865,110.7272720336914,232.0,12.648233413696289,30.857952117919922,83,177,89,183,549.410888671875
raw_data/High_Pressure_PXRD/Data/Cell_29/9p8 GPa/UOTe-9p8GPa_10deg_073.tif,9.8,9,93.00148916862508,811.2060404402355,120,18.040763177289396,8.656133187442116,0.8773725837662338,47.39640214579172,358.14166259765625,2330.0,44.40959548950195,310.400634765625,86,806,101,821,521.3501586914062
raw_data/High_Pressure_PXRD/Data/Cell_29/9p8 GPa/UOTe-9p8GPa_10deg_073.tif,9.8,10,89.57756153405839,525.3192138904789,40,12.530238748836132,4.488108387412848,0.9336517107503038,77.26886742307055,131.02499389648438,439.0,12.818696975708008,54.36395263671875,87,521,93,533,430.3241271972656
raw_data/High_Pressure_PXRD/Data/Cell_29/9p8 GPa/UOTe-9p8GPa_10deg_073.tif,9.8,11,110.06421052631579,404.2293233082707,22,8.804358366697986,3.338327541681395,0.9253280075816461,33.134656123439676,302.2727355957031,1263.0,35.91969680786133,165.52003479003906,106,401,114,407,425.5970458984375
raw_data/High_Pressure_PXRD/Data/Cell_29/9p8 GPa/UOTe-9p8GPa_10deg_073.tif,9.8,12,108.04765751211632,471.4065024232633,27,6.635317237498872,5.106277908033803,0.638573934630932,90.0,183.40740966796875,451.0,19.775070190429688,55.847835540771484,106,469,111,476,414.2744445800781
raw_data/High_Pressure_PXRD/Data/Cell_29/9p8 GPa/UOTe-9p8GPa_10deg_073.tif,9.8,13,113.04783329386692,566.7894861472887,25,9.730457187395327,3.5181533400729723,0.9323484755026913,15.252651137335679,675.6799926757812,3937.0,89.94603729248047,526.2376708984375,109,564,118,569,410.6523132324219
raw_data/High_Pressure_PXRD/Data/Cell_29/9p8 GPa/UOTe-9p8GPa_10deg_073.tif,9.8,14,118.01503759398496,129.0,5,2.5298221281347035,2.5298221281347035,0.0,-45.0,79.80000305175781,101.0,7.2575201988220215,10.117361068725586,117,128,120,131,558.7279052734375
raw_data/High_Pressure_PXRD/Data/Cell_29/9p8 GPa/UOTe-9p8GPa_10deg_073.tif,9.8,15,123.0533088235294,757.9797794117648,5,2.5298221281347035,2.5298221281347035,0.0,-45.0,108.80000305175781,146.0,9.955483436584473,14.973694801330566,122,757,125,760,467.641357421875
raw_data/High_Pressure_PXRD/Data/Cell_29/9p8 GPa/UOTe-9p8GPa_10deg_073.tif,9.8,16,141.12518298862656,762.9162005930708,103,16.39440896558276,8.134998729266782,0.8682050048125144,50.856638508538694,1034.6019287109375,9308.0,134.84445190429688,1250.9105224609375,135,758,148,772,455.6617431640625
raw_data/High_Pressure_PXRD/Data/Cell_29/9p8 GPa/UOTe-9p8GPa_10deg_073.tif,9.8,17,149.28354430379747,78.32025316455696,10,4.0,3.149603149604724,0.6164414002968978,-45.0,79.0,96.0,7.2845001220703125,9.577768325805664,148,77,152,81,574.699462890625
raw_data/High_Pressure_PXRD/Data/Cell_29/9p8 GPa/UOTe-9p8GPa_10deg_073.tif,9.8,18,152.61588983050848,427.42394067796613,20,9.29720797126891,3.2805371418372715,0.9356791991126622,-78.91371081683396,236.0,630.0,30.610076904296875,100.16188049316406,151,424,155,433,377.5907897949219
raw_data/High_Pressure_PXRD/Data/Cell_29/9p8 GPa/UOTe-9p8GPa_10deg_073.tif,9.8,19,179.28577446987782,565.9521134672096,49,10.984924432529802,5.729526902536989,0.8532018239281586,87.36658119361633,145.3265380859375,359.0,15.028755187988281,43.43720245361328,177,561,183,572,343.95831298828125
raw_data/High_Pressure_PXRD/Data/Cell_29/9p8 GPa/UOTe-9p8GPa_10deg_073.tif,9.8,20,183.13306315433974,378.8675278622087,35,9.560403733759903,4.6170388556355535,0.8756570521965185,-72.90027238740338,338.3999938964844,1523.0,43.02672576904297,200.45864868164062,181,375,186,385,363.8468322753906
raw_data/High_Pressure_PXRD/Data/Cell_29/9p8 GPa/UOTe-9p8GPa_10deg_073.tif,9.8,21,184.1422300263389,635.2642669007902,22,9.470065801236164,2.9937404395556433,0.948716988164705,71.22714940637424,155.31817626953125,234.0,11.313050270080566,18.5966739654541,182,631,187,640,357.3251953125
raw_data/High_Pressure_PXRD/Data/Cell_29/9p8 GPa/UOTe-9p8GPa_10deg_073.tif,9.8,22,193.1413043478261,953.0304347826087,5,2.5298221281347035,2.5298221281347035,0.0,-45.0,92.0,125.0,11.129098892211914,16.693647384643555,192,952,195,955,550.5963745117188
raw_data/High_Pressure_PXRD/Data/Cell_29/9p8 GPa/UOTe-9p8GPa_10deg_073.tif,9.8,23,214.89833843463052,967.067774376913,47,11.158165890054793,5.551242534810912,0.8674611490399913,47.33252818968396,97.31914520263672,172.0,10.774630546569824,23.438554763793945,212,963,221,972,550.1401977539062
raw_data/High_Pressure_PXRD/Data/Cell_29/9p8 GPa/UOTe-9p8GPa_10deg_073.tif,9.8,24,217.2741379310345,334.4816091954023,14,6.683766638907472,2.781263522561938,0.9093087121712009,-53.216207845547565,124.28571319580078,204.0,11.639782905578613,22.39309310913086,215,332,220,338,353.9471130371094
raw_data/High_Pressure_PXRD/Data/Cell_29/9p8 GPa/UOTe-9p8GPa_10deg_073.tif,9.8,25,234.4316485332052,614.0985521693631,232,29.653028973375985,10.410533341382829,0.9363461254188138,67.10318480646396,2170.607666015625,53340.0,275.799560546875,7190.47607421875,227,598,242,628,301.9285888671875
raw_data/High_Pressure_PXRD/Data/Cell_29/9p8 GPa/UOTe-9p8GPa_10deg_073.tif,9.8,26,244.40590947191953,282.2667644593462,40,10.476483984384199,4.8982939198195705,0.8839659285360669,-53.24020018184801,357.8999938964844,2263.0,44.851951599121094,300.2832946777344,241,278,248,288,364.05889892578125
raw_data/High_Pressure_PXRD/Data/Cell_29/9p8 GPa/UOTe-9p8GPa_10deg_073.tif,9.8,27,246.55239520958085,399.9850299401198,8,3.4641016151377544,2.8284271247461903,0.5773502691896258,0.0,83.5,103.0,7.305578231811523,11.46634292602539,245,399,249,402,295.8603515625
raw_data/High_Pressure_PXRD/Data/Cell_29/9p8 GPa/UOTe-9p8GPa_10deg_073.tif,9.8,28,253.81006891718258,904.8713351244014,59,16.315103823512768,5.199891855234823,0.9478501089633697,32.36514970017257,290.2033996582031,1292.0,34.561363220214844,169.70187377929688,248,901,261,912,479.1792297363281
raw_data/High_Pressure_PXRD/Data/Cell_29/9p8 GPa/UOTe-9p8GPa_10deg_073.tif,9.8,29,264.7038202247191,565.4541573033708,31,7.896890339536595,4.994814914994615,0.7745570733780701,61.929895197589744,287.0967712402344,1234.0,42.93351364135742,202.68447875976562,262,562,268,570,257.63623046875
raw_data/High_Pressure_PXRD/Data/Cell_29/9p8 GPa/UOTe-9p8GPa_10deg_073.tif,9.8,30,274.8103207810321,233.73430962343096,14,5.656854249492381,3.1558174334820754,0.8299250027587322,-45.0,102.42857360839844,185.0,9.748801231384277,20.099824905395508,273,232,278,237,378.0226745605469
raw_data/High_Pressure_PXRD/Data/Cell_29/9p8 GPa/UOTe-9p8GPa_10deg_073.tif,9.8,31,280.650623885918,718.1151960784314,52,10.668493846436052,6.305800560227132,0.8066220595048952,-79.35519083874979,86.30769348144531,112.0,8.315044403076172,12.98394775390625,278,713,285,724,316.7508239746094
raw_data/High_Pressure_PXRD/Data/Cell_29/9p8 GPa/UOTe-9p8GPa_10deg_073.tif,9.8,32,282.8816169393648,852.474615014437,36,11.007088759340995,4.200769712777836,0.9243101326168401,28.959640989890307,230.88888549804688,646.0,26.290151596069336,82.28787231445312,278,850,288,857,419.859375
raw_data/High_Pressure_PXRD/Data/Cell_29/9p8 GPa/UOTe-9p8GPa_10deg_073.tif,9.8,33,294.60454057370765,517.7369228409265,31,9.638161651691304,4.015670684663694,0.9090702804801037,82.65035515184782,210.2903289794922,701.0,30.183467864990234,112.80857849121094,293,514,297,524,221.05186462402344
raw_data/High_Pressure_PXRD/Data/Cell_29/9p8 GPa/UOTe-9p8GPa_10deg_073.tif,9.8,34,321.6301192327631,128.51503369621565,25,6.180301161566535,5.179563451907827,0.5455531551937657,-53.646224699938834,154.32000732421875,243.0,16.020503997802734,27.923917770385742,319,126,325,132,442.9371337890625
raw_data/High_Pressure_PXRD/Data/Cell_29/9p8 GPa/UOTe-9p8GPa_10deg_073.tif,9.8,35,337.3723930717568,134.32007776599505,54,14.979922263567394,4.7646685248492515,0.9480671271655612,-22.181470549145303,104.77777862548828,156.0,9.277995109558105,16.18777847290039,331,131,345,139,430.972412109375
raw_data/High_Pressure_PXRD/Data/Cell_29/9p8 GPa/UOTe-9p8GPa_10deg_073.tif,9.8,36,342.73131583347265,754.0653736833306,53,20.65391911187797,3.4352315466704892,0.9860712461620813,34.00637118741514,112.84906005859375,221.0,10.249289512634277,24.821260452270508,336,749,352,761,302.969482421875
raw_data/High_Pressure_PXRD/Data/Cell_29/9p8 GPa/UOTe-9p8GPa_10deg_073.tif,9.8,37,352.9867587795049,78.2059585492228,41,8.873433148304922,6.092374944727547,0.7270486013717855,-28.823695364810778,169.46340942382812,459.0,18.27376365661621,57.33171463012695,349,75,358,82,477.4414978027344
raw_data/High_Pressure_PXRD/Data/Cell_29/9p8 GPa/UOTe-9p8GPa_10deg_073.tif,9.8,38,369.7718035563082,704.2933954276037,52,18.44932066836151,3.64002552338305,0.9803434368694034,37.24632139364747,90.84615325927734,157.0,9.104976654052734,16.862268447875977,363,699,378,711,244.84649658203125
raw_data/High_Pressure_PXRD/Data/Cell_29/9p8 GPa/UOTe-9p8GPa_10deg_073.tif,9.8,39,380.0,711.9871134020618,5,2.5298221281347035,2.5298221281347035,0.0,-45.0,77.5999984741211,91.0,6.704438209533691,7.958991050720215,379,711,382,714,245.4910430908203
raw_data/High_Pressure_PXRD/Data/Cell_29/9p8 GPa/UOTe-9p8GPa_10deg_073.tif,9.8,40,387.4055712936733,26.683191690273844,21,6.844455372120417,3.8511602400055156,0.8266825431633265,-9.730822501489943,100.85713958740234,155.0,9.616311073303223,16.997167587280273,384,25,391,29,516.3201904296875
raw_data/High_Pressure_PXRD/Data/Cell_29/9p8 GPa/UOTe-9p8GPa_10deg_073.tif,9.8,41,429.3888025812619,950.1524856596558,119,15.7333550313463,10.327535742384017,0.7544041120379195,11.294768540463288,140.63865661621094,324.0,14.250459671020508,38.985565185546875,424,945,439,957,457.7903747558594
raw_data/High_Pressure_PXRD/Data/Cell_29/9p8 GPa/UOTe-9p8GPa_10deg_073.tif,9.8,42,444.7552593209748,609.1455946677776,8,3.4641016151377544,2.8284271247461903,0.5773502691896258,90.0,600.125,2395.0,90.47075653076172,354.7071838378906,444,608,447,612,118.46273040771484
raw_data/High_Pressure_PXRD/Data/Cell_29/9p8 GPa/UOTe-9p8GPa_10deg_073.tif,9.8,43,459.99305643226865,279.010225981568,78,24.97041980625497,4.122646590453451,0.9862766293391984,-12.203976914251603,101.55128479003906,203.0,11.570112228393555,28.665857315063477,449,276,473,283,251.76754760742188
raw_data/High_Pressure_PXRD/Data/Cell_29/9p8 GPa/UOTe-9p8GPa_10deg_073.tif,9.8,44,475.0041281835992,227.69661349006438,44,11.54442778255313,5.030377676686872,0.9000722162871788,10.552132168975028,324.81817626953125,1826.0,37.80264663696289,241.33279418945312,469,225,481,231,302.0572204589844
raw_data/High_Pressure_PXRD/Data/Cell_29/9p8 GPa/UOTe-9p8GPa_10deg_073.tif,9.8,45,479.7224199288256,849.6963226571768,10,4.0,3.149603149604724,0.6164414002968978,-45.0,84.30000305175781,106.0,6.326723098754883,9.173073768615723,478,848,482,852,351.01104736328125
raw_data/High_Pressure_PXRD/Data/Cell_29/9p8 GPa/UOTe-9p8GPa_10deg_073.tif,9.8,46,493.68771234428084,844.8479614949038,24,8.903297144693031,3.6260124958372084,0.9133094746971795,12.846542890216286,147.1666717529297,339.0,14.861279487609863,40.73924255371094,490,843,498,848,345.360107421875
raw_data/High_Pressure_PXRD/Data/Cell_29/9p8 GPa/UOTe-9p8GPa_10deg_073.tif,9.8,47,493.46272098385856,851.0207532667179,14,5.606119105813881,3.0237157840738176,0.8420753583206845,0.0,92.92857360839844,109.0,7.467576026916504,9.712666511535645,491,850,497,853,351.587646484375
raw_data/High_Pressure_PXRD/Data/Cell_29/9p8 GPa/UOTe-9p8GPa_10deg_073.tif,9.8,48,505.9453914141414,803.0070496632997,86,23.594799028691916,5.099911096539862,0.9763611504069211,-0.13172639332238473,110.51162719726562,199.0,9.591102600097656,21.853500366210938,493,800,518,806,302.3262634277344
raw_data/High_Pressure_PXRD/Data/Cell_29/9p8 GPa/UOTe-9p8GPa_10deg_073.tif,9.8,49,508.71611686788987,179.80642963526319,140,29.59457115677338,7.38932841151399,0.9683270456133226,15.084205443451742,450.8143005371094,2678.0,55.7967643737793,356.2660217285156,499,175,528,186,349.0659484863281
raw_data/High_Pressure_PXRD/Data/Cell_29/9p8 GPa/UOTe-9p8GPa_10deg_073.tif,9.8,50,501.5830050647158,851.1108610016882,15,5.44427222102846,3.5295435627168024,0.7613815723014773,-3.327212523003297,118.46666717529297,153.0,10.926748275756836,15.513287544250488,499,850,505,854,351.5549011230469
raw_data/High_Pressure_PXRD/Data/Cell_29/9p8 GPa/UOTe-9p8GPa_10deg_073.tif,9.8,51,505.02425015954054,857.1429483088705,12,4.320493798938574,3.590109871423003,0.5563486402641867,0.0,130.5833282470703,179.0,9.353473663330078,13.297103881835938,503,856,508,860,357.6744689941406
raw_data/High_Pressure_PXRD/Data/Cell_29/9p8 GPa/UOTe-9p8GPa_10deg_073.tif,9.8,52,513.3441021788129,856.9932381667919,10,6.511528238439882,2.5298221281347035,0.9214426752509268,0.0,133.10000610351562,182.0,9.054235458374023,13.58617115020752,511,856,517,859,357.6282653808594
raw_data/High_Pressure_PXRD/Data/Cell_29/9p8 GPa/UOTe-9p8GPa_10deg_073.tif,9.8,53,531.9694835680751,184.01643192488262,5,2.5298221281347035,2.5298221281347035,0.0,-45.0,85.19999694824219,96.0,6.5020904541015625,7.958991050720215,531,183,534,186,346.44940185546875
raw_data/High_Pressure_PXRD/Data/Cell_29/9p8 GPa/UOTe-9p8GPa_10deg_073.tif,9.8,54,532.986013986014,801.9370629370629,5,2.5298221281347035,2.5298221281347035,0.0,-45.0,114.4000015258789,138.0,10.468095779418945,13.624712944030762,532,801,535,804,302.72576904296875
raw_data/High_Pressure_PXRD/Data/Cell_29/9p8 GPa/UOTe-9p8GPa_10deg_073.tif,9.8,55,535.6529041287614,128.8481455563331,13,4.898746818435677,3.3498081318351556,0.7296608671767802,19.794065423841488,109.92308044433594,159.0,12.465107917785645,20.740591049194336,534,127,539,131,402.6215515136719
raw_data/High_Pressure_PXRD/Data/Cell_29/9p8 GPa/UOTe-9p8GPa_10deg_073.tif,9.8,56,547.8597104343485,218.86520219670496,14,6.683766638907472,2.781263522561938,0.9093087121712009,-53.216207845547565,143.07142639160156,365.0,18.08116912841797,55.64548873901367,546,216,551,222,313.2120666503906
raw_data/High_Pressure_PXRD/Data/Cell_29/9p8 GPa/UOTe-9p8GPa_10deg_073.tif,9.8,57,556.6722244975387,747.2092267495217,157,21.063351700555703,9.979415541566022,0.8806427068376765,-12.635782276586399,5489.853515625,166746.0,920.190185546875,28111.595703125,547,742,570,754,250.87599182128906
raw_data/High_Pressure_PXRD/Data/Cell_29/9p8 GPa/UOTe-9p8GPa_10deg_073.tif,9.8,58,568.0882777710916,77.61848597905885,170,30.18687079912219,7.499418261683928,0.9686490534441683,16.861898631755377,195.50588989257812,583.0,21.651947021484375,73.92418670654297,554,71,583,83,457.33203125
raw_data/High_Pressure_PXRD/Data/Cell_29/9p8 GPa/UOTe-9p8GPa_10deg_073.tif,9.8,59,564.8352424289973,419.2594800983315,25,7.057516290634768,4.610538342474212,0.7571158976944927,35.148897961246504,764.760009765625,4302.0,118.00816345214844,720.5247802734375,562,416,569,422,118.72205352783203
raw_data/High_Pressure_PXRD/Data/Cell_29/9p8 GPa/UOTe-9p8GPa_10deg_073.tif,9.8,60,602.1144219308701,222.09713945172825,55,12.392792642491871,5.751220892981658,0.8857944031077487,-72.27179721072919,91.52727508544922,142.0,9.438578605651855,18.042627334594727,599,217,606,229,322.4535827636719
raw_data/High_Pressure_PXRD/Data/Cell_29/9p8 GPa/UOTe-9p8GPa_10deg_073.tif,9.8,61,616.1736674902929,651.2982703847512,17,7.218906868992993,3.038082317916847,0.9071298982486925,-41.88708546778711,166.64706420898438,447.0,23.041793823242188,70.31566619873047,613,649,619,655,185.95172119140625
raw_data/High_Pressure_PXRD/Data/Cell_29/9p8 GPa/UOTe-9p8GPa_10deg_073.tif,9.8,62,667.8144360902255,891.7221052631579,22,6.3971607766997085,4.435242419459034,0.72063542599406,-25.245559101602943,151.13636779785156,282.0,15.531681060791016,33.18494415283203,665,890,672,895,426.70916748046875
raw_data/High_Pressure_PXRD/Data/Cell_29/9p8 GPa/UOTe-9p8GPa_10deg_073.tif,9.8,63,676.4788535477106,555.4833974134917,20,6.0,4.09878030638384,0.7302967433402214,90.0,572.2000122070312,2576.0,91.4272232055664,429.3133850097656,675,553,679,559,186.06497192382812
raw_data/High_Pressure_PXRD/Data/Cell_29/9p8 GPa/UOTe-9p8GPa_10deg_073.tif,9.8,64,688.3341112012987,226.0588474025974,71,24.81467441105669,3.8237602387737666,0.9880563946820337,36.74182494808105,138.81689453125,282.0,10.157623291015625,23.22175407409668,679,218,698,234,357.1394348144531
raw_data/High_Pressure_PXRD/Data/Cell_29/9p8 GPa/UOTe-9p8GPa_10deg_073.tif,9.8,65,717.2006960556845,171.07192575406032,5,2.5298221281347035,2.5298221281347035,0.0,-45.0,172.39999389648438,288.0,18.40010643005371,33.99433517456055,716,170,719,173,419.69171142578125
raw_data/High_Pressure_PXRD/Data/Cell_29/9p8 GPa/UOTe-9p8GPa_10deg_073.tif,9.8,66,730.6967361740707,791.8476881233001,14,5.656854249492381,3.1558174334820754,0.8299250027587322,-45.0,157.57142639160156,334.0,20.427433013916016,50.08094024658203,729,790,734,795,373.175537109375
raw_data/High_Pressure_PXRD/Data/Cell_29/9p8 GPa/UOTe-9p8GPa_10deg_073.tif,9.8,67,736.7905858314022,459.89729884627843,129,19.836369236599648,8.510856978296403,0.9032792384834515,69.72250559558667,1866.55810546875,34062.0,309.21221923828125,5738.0615234375,732,450,742,471,250.6538848876953
raw_data/High_Pressure_PXRD/Data/Cell_29/9p8 GPa/UOTe-9p8GPa_10deg_073.tif,9.8,68,745.3669351018475,118.8564661297963,31,10.396509459862548,4.064004064006097,0.9204328055863215,36.86989764584402,340.4838562011719,1262.0,41.344112396240234,165.65492248535156,740,115,749,122,478.92926025390625
raw_data/High_Pressure_PXRD/Data/Cell_29/9p8 GPa/UOTe-9p8GPa_10deg_073.tif,9.8,69,767.617800245098,607.4632352941177,45,11.056574592234307,5.1769727810031645,0.8836088839135477,-65.59697826684261,145.06666564941406,383.0,16.884002685546875,47.07945251464844,765,603,772,613,292.6341857910156
raw_data/High_Pressure_PXRD/Data/Cell_29/9p8 GPa/UOTe-9p8GPa_10deg_073.tif,9.8,70,775.6662226450999,418.23558515699335,48,14.93017790250812,4.310782220782421,0.9574107259998091,66.31479528327534,109.47916412353516,192.0,9.268158912658691,17.424345016479492,772,413,780,426,301.5225524902344
raw_data/High_Pressure_PXRD/Data/Cell_29/9p8 GPa/UOTe-9p8GPa_10deg_073.tif,9.8,71,776.22805482648,66.44211140274132,15,4.822171018673366,4.0,0.5585038992742907,45.0,228.60000610351562,884.0,27.159494400024414,115.47281646728516,774,64,779,69,538.4380493164062
raw_data/High_Pressure_PXRD/Data/Cell_29/9p8 GPa/UOTe-9p8GPa_10deg_073.tif,9.8,72,798.2160735883286,363.21680588101896,172,26.30632848940376,8.789147873801623,0.9425348907301355,56.0307329695193,1230.6046142578125,21993.0,161.74993896484375,2961.82373046875,792,353,808,378,345.8343505859375
raw_data/High_Pressure_PXRD/Data/Cell_29/9p8 GPa/UOTe-9p8GPa_10deg_073.tif,9.8,73,826.9424920127796,483.89297124600637,5,2.5298221281347035,2.5298221281347035,0.0,-45.0,125.19999694824219,213.0,15.074869155883789,29.846216201782227,826,483,829,486,338.595458984375
raw_data/High_Pressure_PXRD/Data/Cell_29/9p8 GPa/UOTe-9p8GPa_10deg_073.tif,9.8,74,849.0847903513032,941.8436943500081,51,11.72985342253706,5.652020257896855,0.87625416823257,-70.96448452279992,484.4705810546875,3200.0,61.846832275390625,428.1667175292969,848,936,855,948,562.073486328125
raw_data/High_Pressure_PXRD/Data/Cell_29/9p8 GPa/UOTe-9p8GPa_10deg_073.tif,9.8,75,852.5312180143296,598.1125895598772,8,3.4641016151377544,2.8284271247461903,0.5773502691896258,0.0,122.125,162.0,14.265480041503906,21.077836990356445,851,597,855,600,373.18768310546875
raw_data/High_Pressure_PXRD/Data/Cell_29/9p8 GPa/UOTe-9p8GPa_10deg_073.tif,9.8,76,861.3249826829831,263.8435696144078,38,10.087012675362478,4.908310347475194,0.8736265428488532,30.053029578533273,227.94737243652344,1034.0,26.028242111206055,134.76324462890625,857,260,867,267,452.1782531738281
raw_data/High_Pressure_PXRD/Data/Cell_29/9p8 GPa/UOTe-9p8GPa_10deg_073.tif,9.8,77,910.6541353383459,841.6334586466165,10,4.0,3.149603149604724,0.6164414002968978,-45.0,106.4000015258789,156.0,11.449480056762695,17.266963958740234,909,840,913,844,535.5764770507812
raw_data/High_Pressure_PXRD/Data/Cell_29/9p8 GPa/UOTe-9p8GPa_10deg_073.tif,9.8,78,915.0627009646303,502.08199356913184,5,2.5298221281347035,2.5298221281347035,0.0,-45.0,124.4000015258789,154.0,11.924996376037598,15.91798210144043,914,501,917,504,426.48199462890625
raw_data/High_Pressure_PXRD/Data/Cell_29/9p8 GPa/UOTe-9p8GPa_10deg_073.tif,9.8,79,972.9735234215885,742.8696537678208,5,2.5298221281347035,2.5298221281347035,0.0,-45.0,98.19999694824219,150.0,10.157831192016602,16.45757484436035,972,742,975,745,535.3536376953125
raw_data/High_Pressure_PXRD/Data/Cell_29/9p8 GPa/UOTe-9p8GPa_10deg_073.tif,9.8,80,978.722740922741,402.8255892255892,111,17.341339711161364,8.688587689983208,0.8654280377093237,60.98091125343962,495.0,3418.0,62.5271110534668,456.9000244140625,974,393,985,411,502.56915283203125
raw_data/High_Pressure_PXRD/Data/Cell_29/9p8 GPa/UOTe-9p8GPa_10deg_073.tif,9.8,81,1036.853325474015,644.0192880767594,79,12.924471118093065,7.934873175836957,0.789351287720042,-85.54633656365613,386.5443115234375,1982.0,48.63676071166992,263.86077880859375,1033,637,1042,651,561.0467529296875
raw_data/High_Pressure_PXRD/Data/Cell_29/9p8 GPa/UOTe-9p8GPa_10deg_073.tif,9.8,82,1041.7509433962264,299.9607547169811,8,4.898979485566356,1.9364916731037085,0.9185586535436918,90.0,165.625,351.0,23.9865779876709,55.13962173461914,1041,298,1043,303,590.475830078125
