peak_group,group_two_theta,frame_count,frame_coverage_fraction,longest_consecutive_run,median_position,position_mad_deg,pressure_position_slope_deg_per_gpa,max_roi_area,mean_confidence_tier,tier_a_count,tier_b_count,tier_c_count,source_methods,matched_filter_scales,frames_present
1,2.048103,3,0.176471,1,2.0481,0,1.78393e-17,0,2,0,3,0,shoulder,,3.9GPa;6.2GPa;9.8GPa
2,2.095529,4,0.235294,2,2.08764,0.00790773,-0.000400365,0,2.25,1,3,0,matched;shoulder,2,1.5GPa;2.3GPa;7.4GPa;8.5GPa
3,2.121538,6,0.352941,4,2.11927,0.00790773,-0.00140915,0,2.2,2,8,0,matched;shoulder,2;3,1.5GPa;2.4GPa_decomp;3.9GPa;5GPa;6.2GPa;7.4GPa
4,2.147314,7,0.411765,3,2.1509,0.00790773,0.000361034,0,2.125,1,7,0,matched;shoulder,3,1GPa;2.3GPa;2.4GPa_decomp;7.4GPa;8.5GPa;9.8GPa;12.8GPa
5,2.174627,2,0.117647,1,2.17463,0,-3.48116e-17,0.0011586,2,0,2,0,matched;shoulder,2,2.3GPa;12.8GPa
6,2.316957,3,0.176471,1,2.31697,0,-0.00311926,0.00313714,2.33333,1,2,0,matched;shoulder,2,2.4GPa_decomp;5GPa;7.4GPa
7,2.343892,11,0.647059,6,2.3486,0,2.99282e-05,0.0122479,2.78947,15,4,0,matched;shoulder,2;3;5,1GPa;1.5GPa;2.3GPa;2.4GPa_decomp;3.9GPa;5GPa;6.2GPa;7.4GPa;8.5GPa;9.8GPa;12.8GPa
8,2.365762,10,0.588235,3,2.36441,0,0.000386581,0.00347281,3,12,0,0,matched;micro,5;8,1GPa;1.5GPa;2.3GPa;3.9GPa;5GPa;6.2GPa;7.4GPa;8.5GPa;9.8GPa;12.8GPa
9,2.398057,10,0.588235,3,2.39604,0,-0.000530634,0.00246475,2.94118,16,1,0,matched;micro;raw;residual;shoulder,8,1GPa;1.5GPa;2.3GPa;3.9GPa;5GPa;6.2GPa;7.4GPa;8.5GPa;9.8GPa;12.8GPa
10,2.427755,5,0.294118,1,2.42767,0,-0.000684154,0.00121418,2.6,3,2,0,raw;residual;shoulder,,1GPa;1.5GPa;5GPa;7.4GPa;12.8GPa
11,2.468614,4,0.235294,3,2.46721,0.00790773,-0.00479257,0.000468226,2,0,4,0,raw;shoulder,,2.3GPa;3.9GPa;5GPa;6.2GPa
12,2.502719,3,0.176471,2,2.49094,0,-0.00425943,0.00492679,2,0,3,0,raw;shoulder,,1GPa;3.9GPa;5GPa
13,2.538446,1,0.0588235,1,2.54629,0.00790773,,0.00142314,2,0,2,0,matched;shoulder,2,7.4GPa
14,2.585827,6,0.352941,1,2.58583,0,0.000329954,0.00248556,2.5,4,4,0,matched;micro;raw;shoulder,2;8,1GPa;1.5GPa;2.4GPa_decomp;6.2GPa;7.4GPa;12.8GPa
15,2.617174,5,0.294118,4,2.60164,0,-0.0014939,0.00284216,2.42857,3,4,0,matched;micro;raw;residual;shoulder,2;5,1.5GPa;2.3GPa;2.4GPa_decomp;3.9GPa;8.5GPa
16,2.648977,6,0.352941,2,2.64118,0.00790773,-0.00049268,0.0019452,2.375,3,5,0,matched;micro;raw;residual;shoulder,3;8,1GPa;2.3GPa;5GPa;8.5GPa;9.8GPa;12.8GPa
17,2.677380,8,0.470588,3,2.68072,0,-0.000664372,0.00251971,2.72727,8,3,0,bump;matched;micro;raw;shoulder,5,1GPa;1.5GPa;2.4GPa_decomp;3.9GPa;6.2GPa;7.4GPa;8.5GPa;9.8GPa
18,2.701215,10,0.588235,5,2.69654,0,-3.52384e-05,0.00347811,2.78571,11,3,0,bump;matched;micro;raw,3;5,1GPa;2.3GPa;2.4GPa_decomp;3.9GPa;5GPa;6.2GPa;7.4GPa;8.5GPa;9.8GPa;12.8GPa
19,2.735316,12,0.705882,6,2.73608,0.00790773,0.000139579,0.00297323,2.88889,16,2,0,matched;micro;raw;shoulder,2;3,1GPa;1.5GPa;2.3GPa;2.4GPa_decomp;3.9GPa;5GPa;6.2GPa;7.4GPa;8.5GPa;9.8GPa;10.4GPa;12.8GPa
20,2.763751,4,0.235294,2,2.76179,0.00199434,-2.80005e-05,0.00195518,2.5,2,2,0,matched;micro;raw;shoulder,2,0.7GPa;1.5GPa;6.2GPa;6.6GPa
21,2.805858,1,0.0588235,1,2.80586,0,,0.000330158,3,1,0,0,matched;micro;raw;shoulder,2,15.6GPa
22,2.833904,1,0.0588235,1,2.8339,0,,7.49123e-05,3,1,0,0,raw;shoulder,,6.6GPa
23,2.874323,9,0.529412,3,2.88115,0.00517403,-0.0010047,0.000785712,2.4,4,6,0,matched;micro;raw;residual;shoulder,2;3;5,0.7GPa;1GPa;1.3GPa;2.4GPa_decomp;5GPa;6.2GPa;6.6GPa;12.8GPa;13.3GPa
24,2.921953,10,0.588235,4,2.91804,0.0157243,-0.000752298,0.000499129,2.53846,7,6,0,matched;micro;raw;shoulder,2;3;5,0.7GPa;1.3GPa;1.5GPa;2.3GPa;6.2GPa;7.4GPa;8.5GPa;9.8GPa;10.4GPa;15.6GPa
25,2.956017,9,0.529412,3,2.94958,0.00174653,-0.000808194,0.00249302,2.5,5,5,0,bump;matched;micro;raw;shoulder,2;3,1.3GPa;1.5GPa;3.9GPa;5GPa;6.2GPa;7.4GPa;10.4GPa;12.8GPa;13.3GPa
26,2.988463,6,0.352941,2,2.98122,0,-0.00090394,0.000686731,2.77778,7,2,0,bump;matched;micro;raw;shoulder,3;5,1GPa;2.4GPa_decomp;5GPa;6.2GPa;12.8GPa;15.6GPa
27,3.015592,7,0.411765,2,3.02866,0.000784932,7.57651e-05,0.000670304,2.625,5,3,0,matched;micro;raw;shoulder,2;3;5,1.3GPa;1.5GPa;2.4GPa_decomp;6.2GPa;8.5GPa;9.8GPa;13.3GPa
28,3.063378,7,0.411765,2,3.05828,0.00201432,0.000876364,0.000316184,2.5,4,4,0,matched;micro;raw;shoulder,2;3;5,0.7GPa;1.5GPa;2.4GPa_decomp;6.6GPa;9.8GPa;10.4GPa;15.6GPa
29,3.112970,12,0.705882,5,3.10774,0.00663278,0.00117069,0.00195161,2.57143,8,6,0,bump;matched;micro;raw;residual;shoulder,2;3;8,0.7GPa;2.3GPa;2.4GPa_decomp;3.9GPa;5GPa;6.6GPa;7.4GPa;9.8GPa;10.4GPa;12.8GPa;13.3GPa;15.6GPa
30,3.137913,9,0.529412,3,3.1284,0.00484069,-0.000543544,0.00195202,2.66667,6,3,0,bump;matched;micro;raw;residual;shoulder,2;8,0.7GPa;1GPa;1.3GPa;2.3GPa;6.6GPa;7.4GPa;9.8GPa;10.4GPa;12.8GPa
31,3.163084,6,0.352941,2,3.16345,0.00727948,-0.00050681,0.00233199,2.66667,4,2,0,bump;matched;micro;raw;shoulder,3;5,0.7GPa;1GPa;6.6GPa;8.5GPa;12.8GPa;15.6GPa
32,3.189515,6,0.352941,2,3.19851,0.00411977,-0.000829737,0.00204083,2.71429,5,2,0,bump;matched;micro;raw;shoulder,2;3;5,1.3GPa;2.4GPa_decomp;6.2GPa;10.4GPa;13.3GPa;15.6GPa
33,3.226086,7,0.411765,4,3.22656,0.00770395,-0.000891448,0.000920476,2,0,7,0,matched;micro;raw;shoulder,2,1GPa;1.5GPa;3.9GPa;5GPa;6.2GPa;6.6GPa;12.8GPa
34,3.250114,4,0.235294,2,3.25234,0.00226366,0.00185224,0.000225185,2,0,4,0,matched;micro;raw;shoulder,2,0.7GPa;1GPa;2.3GPa;8.5GPa
35,3.296676,2,0.117647,1,3.29668,0,7.9811e-17,5.76291e-05,2,0,2,0,matched;micro;raw;shoulder,2,6.6GPa;10.4GPa
36,3.387777,14,0.823529,10,3.38662,0.00701169,0.000974614,0.00577826,2.3,6,14,0,matched;micro;raw;shoulder,2;3,0.7GPa;1GPa;1.3GPa;1.5GPa;2.3GPa;2.4GPa_decomp;3.9GPa;5GPa;6.2GPa;6.6GPa;9.8GPa;10.4GPa;12.8GPa;13.3GPa
37,3.412204,12,0.705882,9,3.40823,0,-0.000206537,0.000103855,2.33333,5,10,0,matched;micro;raw;shoulder,2;3;8,0.7GPa;1GPa;1.3GPa;1.5GPa;2.3GPa;2.4GPa_decomp;3.9GPa;5GPa;6.2GPa;8.5GPa;9.8GPa;12.8GPa
38,3.451904,13,0.764706,7,3.43986,0.0029544,-0.000258319,0.000613584,2.52632,10,9,0,matched;micro;raw;shoulder,2;3;5;8,1GPa;1.5GPa;2.3GPa;2.4GPa_decomp;3.9GPa;6.2GPa;6.6GPa;7.4GPa;8.5GPa;9.8GPa;10.4GPa;12.8GPa;15.6GPa
39,3.483751,6,0.352941,3,3.48314,0.00701169,0.00107207,0.00051334,2.375,3,5,0,matched;micro;raw;shoulder,2;5,2.4GPa_decomp;5GPa;7.4GPa;10.4GPa;12.8GPa;13.3GPa
40,3.511558,8,0.470588,4,3.51298,0.00595743,0.000114754,0.000885278,2.375,3,5,0,matched;micro;raw;residual;shoulder,2;5,0.7GPa;1GPa;1.3GPa;1.5GPa;3.9GPa;6.2GPa;9.8GPa;15.6GPa
41,3.540591,10,0.588235,5,3.54983,0.00701169,0.000290699,0.000599283,2.41667,5,7,0,matched;micro;raw;shoulder,2;3;5;8,0.7GPa;1GPa;1.3GPa;1.5GPa;2.3GPa;3.9GPa;5GPa;6.6GPa;7.4GPa;9.8GPa
42,3.575444,10,0.588235,5,3.57714,0.00505985,0.000867992,0.000532591,2.41667,5,7,0,bump;matched;micro;raw;residual;shoulder,2;3,0.7GPa;1GPa;1.5GPa;2.3GPa;2.4GPa_decomp;7.4GPa;8.5GPa;9.8GPa;10.4GPa;12.8GPa
43,3.614953,7,0.411765,4,3.6016,0.00358572,-0.00104316,0.00132291,2.5,4,4,0,bump;matched;micro;raw;residual;shoulder,2;8,0.7GPa;6.2GPa;8.5GPa;9.8GPa;10.4GPa;12.8GPa;15.6GPa
44,3.641747,7,0.411765,2,3.64546,0.00179516,-0.000685838,0.00156528,2.71429,5,2,0,matched;micro;raw;shoulder,2;3,1GPa;1.5GPa;2.3GPa;3.9GPa;5GPa;6.6GPa;15.6GPa
45,3.661283,7,0.411765,2,3.66128,0,2.5772e-07,0.000515815,2.71429,5,2,0,matched;micro;raw;residual;shoulder,2;5,1GPa;1.5GPa;2.4GPa_decomp;5GPa;10.4GPa;13.3GPa;15.6GPa
46,3.705986,8,0.470588,5,3.70335,0.00537321,0.000162802,0.00113889,2.4,4,6,0,matched;micro;raw;shoulder,2;3;8,0.7GPa;1.3GPa;1.5GPa;2.3GPa;2.4GPa_decomp;3.9GPa;7.4GPa;9.8GPa
47,3.742212,7,0.411765,3,3.74542,0.0107495,-0.000272127,0.00454491,2.77778,7,2,0,bump;matched;micro;raw;residual;shoulder,3;8,1GPa;2.4GPa_decomp;3.9GPa;5GPa;6.6GPa;10.4GPa;13.3GPa
48,3.779319,9,0.529412,6,3.77273,0.000740898,2.89509e-05,0.0112397,2.92857,13,1,0,bump;matched;micro;raw;residual;shoulder,5;8,1GPa;1.5GPa;2.3GPa;2.4GPa_decomp;3.9GPa;5GPa;6.2GPa;7.4GPa;15.6GPa
49,3.805815,13,0.764706,9,3.80362,0.00210239,-0.000303032,0.0112731,2.88889,16,2,0,bump;matched;micro;raw;residual;shoulder,2;3;5;8,1GPa;1.3GPa;1.5GPa;2.3GPa;2.4GPa_decomp;3.9GPa;5GPa;6.2GPa;6.6GPa;8.5GPa;9.8GPa;12.8GPa;13.3GPa
50,3.838014,10,0.588235,7,3.83525,0,-3.31234e-05,0.00968002,2.63636,7,4,0,matched;micro;raw;residual;shoulder,2;3;8,0.7GPa;1.3GPa;1.5GPa;2.3GPa;2.4GPa_decomp;3.9GPa;5GPa;6.2GPa;13.3GPa;15.6GPa
51,3.875309,2,0.117647,1,3.87865,0.00701169,0.00483565,0.00463558,2.5,1,1,0,matched;micro;raw;residual;shoulder,5;8,10.4GPa;13.3GPa
52,3.915661,6,0.352941,2,3.91433,0.000623655,-0.000541652,0.000610764,2.71429,5,2,0,bump;matched;micro;raw;residual;shoulder,2;8,0.7GPa;1GPa;2.3GPa;6.6GPa;10.4GPa;13.3GPa
53,3.948452,6,0.352941,3,3.96177,0,-0.000919638,0.000447753,2.28571,2,5,0,matched;micro;raw;shoulder,2;3,1GPa;1.5GPa;5GPa;6.2GPa;6.6GPa;15.6GPa
54,3.983820,3,0.176471,1,3.98382,0,-0.000826878,0.000720225,2.66667,2,1,0,bump;matched;micro;raw;residual;shoulder,5;8,0.7GPa;1.3GPa;8.5GPa
55,4.011113,9,0.529412,6,4.01187,0.00264717,0.00104517,0.000472733,2.18182,2,9,0,bump;matched;micro;raw;residual;shoulder,3,0.7GPa;5GPa;6.2GPa;6.6GPa;7.4GPa;8.5GPa;9.8GPa;12.8GPa;13.3GPa
56,4.051760,9,0.529412,3,4.05394,0.00272911,-0.000124409,0.00590629,2.3,3,7,0,bump;matched;micro;raw;shoulder,2,1.3GPa;1.5GPa;2.3GPa;3.9GPa;6.2GPa;8.5GPa;10.4GPa;13.3GPa;15.6GPa
57,4.080090,7,0.411765,4,4.08198,0.00631329,-9.24923e-05,0.00934548,2.25,2,6,0,matched;micro;raw;shoulder,2;3,1GPa;2.3GPa;6.6GPa;7.4GPa;8.5GPa;9.8GPa;13.3GPa
58,4.114567,7,0.411765,2,4.11993,0.0041259,0.000341337,0.0104251,2.55556,5,4,0,bump;matched;micro;raw;residual;shoulder,2;3;8,0.7GPa;1GPa;1.5GPa;2.4GPa_decomp;7.4GPa;12.8GPa;13.3GPa
59,4.142398,6,0.352941,2,4.14482,0.00728255,0.000938544,0.00958306,2.66667,4,2,0,bump;matched;micro;raw;shoulder,2;3;5,1GPa;1.5GPa;2.3GPa;6.6GPa;10.4GPa;15.6GPa
60,4.178640,9,0.529412,2,4.18015,0.00304247,-0.000310021,0.0036101,2.54545,6,5,0,matched;micro;raw;shoulder,3;5,1.3GPa;2.3GPa;3.9GPa;5GPa;7.4GPa;8.5GPa;10.4GPa;13.3GPa;15.6GPa
61,4.213437,8,0.470588,3,4.21482,0.00331333,-0.000131759,0.000863716,2.7,7,3,0,bump;matched;micro;raw;shoulder,2;3;5,0.7GPa;1.3GPa;2.3GPa;3.9GPa;5GPa;6.2GPa;7.4GPa;12.8GPa
62,4.247201,8,0.470588,5,4.25027,0.00790773,-2.27425e-05,0.000405297,2.6,6,4,0,bump;matched;micro;raw;shoulder,2;3;5,0.7GPa;1GPa;6.2GPa;9.8GPa;10.4GPa;12.8GPa;13.3GPa;15.6GPa
63,4.287192,6,0.352941,2,4.27831,0.000228357,0.000134709,0.000216415,2.28571,2,5,0,matched;micro;raw;shoulder,2;3,1GPa;1.3GPa;2.4GPa_decomp;5GPa;8.5GPa;12.8GPa
64,4.306370,3,0.176471,1,4.30636,0,0.001135,0.000317277,2.66667,2,1,0,matched;micro;raw;shoulder,2;3,0.7GPa;6.6GPa;13.3GPa
65,4.365336,10,0.588235,4,4.37298,0.00349918,0.000292133,0.000184001,2.3,3,7,0,bump;matched;micro;raw;shoulder,2;3;5,1GPa;1.3GPa;1.5GPa;2.3GPa;3.9GPa;7.4GPa;9.8GPa;10.4GPa;13.3GPa;15.6GPa
66,4.404522,1,0.0588235,1,4.40452,0,,0.000112663,3,1,0,0,matched;micro;shoulder,2,13.3GPa
67,4.432672,3,0.176471,2,4.43257,0,0.00258162,0.00160469,2.33333,1,2,0,matched;micro;raw;shoulder,2,10.4GPa;13.3GPa;15.6GPa
68,4.476145,11,0.647059,5,4.47578,0.00790773,0.000533281,0.00651849,2.42857,6,8,0,matched;micro;raw;shoulder,2;3;5,0.7GPa;1GPa;1.3GPa;1.5GPa;2.4GPa_decomp;6.2GPa;6.6GPa;7.4GPa;8.5GPa;9.8GPa;12.8GPa
69,4.509138,11,0.647059,4,4.50269,0.00318582,0.000743528,0.00879224,2.46667,7,8,0,matched;micro;raw;residual;shoulder,2;3;5;8,1GPa;1.3GPa;1.5GPa;2.3GPa;3.9GPa;5GPa;7.4GPa;8.5GPa;9.8GPa;10.4GPa;13.3GPa
70,4.532140,4,0.235294,2,4.54476,0.00219046,-0.000436031,0.00746781,2.4,2,3,0,bump;matched;micro;raw;residual;shoulder,3;8,3.9GPa;7.4GPa;10.4GPa;12.8GPa
71,4.572750,9,0.529412,2,4.56276,0,0.000111385,0.0048081,2.54545,6,5,0,matched;micro;raw;shoulder,2;3;5,0.7GPa;1GPa;2.3GPa;3.9GPa;6.2GPa;7.4GPa;8.5GPa;10.4GPa;12.8GPa
72,4.601735,8,0.470588,2,4.61021,0.00466455,-0.000408442,0.00243707,2.45455,5,6,0,matched;micro;raw;shoulder,2;3;5,1.3GPa;1.5GPa;2.4GPa_decomp;5GPa;6.2GPa;8.5GPa;9.8GPa;15.6GPa
73,4.634258,11,0.647059,5,4.63537,0.00755187,-0.000234646,0.00063341,2.41667,5,7,0,matched;micro;raw;shoulder,2;3;5;8,0.7GPa;1GPa;1.3GPa;1.5GPa;2.4GPa_decomp;6.6GPa;7.4GPa;8.5GPa;9.8GPa;10.4GPa;13.3GPa
74,4.673485,12,0.705882,5,4.67923,0.00915964,0.00123973,0.000257337,2.5,7,7,0,bump;matched;micro;raw;residual;shoulder,2;3;5;8,0.7GPa;1GPa;1.3GPa;1.5GPa;2.3GPa;5GPa;7.4GPa;8.5GPa;9.8GPa;12.8GPa;13.3GPa;15.6GPa
75,4.719060,4,0.235294,2,4.71698,0.00394005,-0.000303431,0.000458443,2.66667,4,2,0,matched;micro;raw;shoulder,2;3;5;8,1.3GPa;3.9GPa;5GPa;8.5GPa
76,4.744009,9,0.529412,4,4.75255,0.0025591,-0.000465546,0.000312012,2.72727,8,3,0,matched;micro;raw;residual;shoulder,2;3;8,0.7GPa;1.5GPa;2.3GPa;2.4GPa_decomp;5GPa;6.2GPa;6.6GPa;7.4GPa;10.4GPa
77,4.773523,8,0.470588,2,4.76913,0.000767008,-0.000605262,0.000314342,2.66667,6,3,0,matched;micro;raw;residual;shoulder,2;3;5,0.7GPa;1GPa;1.5GPa;2.3GPa;6.2GPa;6.6GPa;8.5GPa;13.3GPa
78,4.799983,7,0.411765,3,4.79999,0,6.97528e-05,0.000422781,2.25,2,6,0,bump;matched;micro;raw;residual;shoulder,2;3,1GPa;1.5GPa;2.3GPa;3.9GPa;6.6GPa;7.4GPa;8.5GPa
79,4.849123,9,0.529412,4,4.84744,0.00582992,0.0002018,0.000753101,2.27273,3,8,0,matched;micro;raw;residual;shoulder,3;5;8,0.7GPa;2.3GPa;2.4GPa_decomp;3.9GPa;7.4GPa;10.4GPa;12.8GPa;13.3GPa;15.6GPa
80,4.868031,11,0.647059,7,4.86527,0.00201892,0.000212784,0.000408797,2.57143,8,6,0,matched;micro;raw;residual;shoulder,2;3;5;8,1GPa;1.3GPa;2.3GPa;2.4GPa_decomp;3.9GPa;5GPa;6.2GPa;6.6GPa;7.4GPa;10.4GPa;12.8GPa
81,4.899852,11,0.647059,5,4.90235,0.00746534,-0.000984863,0.000877033,2.64286,9,5,0,bump;matched;micro;raw;shoulder,2;3;5;8,0.7GPa;1GPa;1.3GPa;2.4GPa_decomp;5GPa;7.4GPa;9.8GPa;10.4GPa;12.8GPa;13.3GPa;15.6GPa
82,4.935690,11,0.647059,5,4.94233,0.00701169,0.00023656,0.000533564,2.5,7,7,0,bump;matched;micro;raw;residual;shoulder,2;3,0.7GPa;1GPa;1.5GPa;2.4GPa_decomp;3.9GPa;5GPa;9.8GPa;10.4GPa;12.8GPa;13.3GPa;15.6GPa
83,4.966939,11,0.647059,5,4.97396,0.00551656,0.000267334,0.000250095,2.33333,5,10,0,matched;micro;raw;shoulder,2;3;5,0.7GPa;1GPa;1.3GPa;1.5GPa;2.3GPa;3.9GPa;5GPa;6.2GPa;8.5GPa;10.4GPa;12.8GPa
84,4.996627,7,0.411765,3,4.9935,0.00372447,0.000475819,0.00046498,2.28571,2,5,0,matched;micro;raw;shoulder,2;3,0.7GPa;1GPa;6.6GPa;7.4GPa;8.5GPa;10.4GPa;13.3GPa
85,5.023801,6,0.352941,2,5.03557,0.0016518,0.000740995,0.000434451,2.28571,2,5,0,matched;micro;raw;shoulder,2;3;5,2.3GPa;6.2GPa;6.6GPa;10.4GPa;12.8GPa;15.6GPa
86,5.064313,9,0.529412,6,5.06886,0.00523599,-0.00144519,0.000574889,2.66667,6,3,0,bump;matched;micro;raw;shoulder,2,1.3GPa;1.5GPa;2.3GPa;2.4GPa_decomp;3.9GPa;5GPa;6.6GPa;7.4GPa;8.5GPa
87,5.084672,3,0.176471,1,5.08467,0,-5.89338e-17,0.000146766,2.66667,2,1,0,micro;shoulder,,1.5GPa;3.9GPa;6.2GPa
88,5.127808,4,0.235294,2,5.13212,0.00161902,-0.000787656,0.000975237,2.4,2,3,0,matched;micro;raw;shoulder,2,1GPa;9.8GPa;10.4GPa;13.3GPa
89,5.160655,6,0.352941,3,5.16178,0.00196516,0.000161104,0.000635786,2.5,4,4,0,bump;matched;micro;raw;shoulder,2;3;5,0.7GPa;1GPa;6.6GPa;7.4GPa;8.5GPa;10.4GPa
90,5.188890,10,0.588235,4,5.18983,0.00554935,0.000455871,0.000710836,2.73333,11,4,0,bump;matched;micro;raw;shoulder,2;3;5,1GPa;1.3GPa;2.4GPa_decomp;3.9GPa;5GPa;6.2GPa;8.5GPa;10.4GPa;12.8GPa;15.6GPa
91,5.221552,5,0.294118,2,5.21454,0.00334097,0.00014328,0.000864171,2.5,4,4,0,matched;micro;raw;residual;shoulder,2;3;8,1GPa;2.3GPa;2.4GPa_decomp;12.8GPa;13.3GPa
92,5.248253,4,0.235294,1,5.25139,0.00856056,0.000395056,0.000238686,2.5,2,2,0,micro;raw;shoulder,,0.7GPa;2.3GPa;6.2GPa;10.4GPa
93,5.293820,8,0.470588,2,5.29027,0.0117449,-0.00107363,0.000324021,2.46154,6,7,0,matched;micro;raw;residual;shoulder,2;3;5,0.7GPa;1GPa;1.5GPa;2.4GPa_decomp;5GPa;6.6GPa;7.4GPa;9.8GPa
94,5.329199,10,0.588235,5,5.33007,0.00816067,-6.59501e-05,0.000525042,2.41667,5,7,0,bump;matched;micro;raw;residual;shoulder,2;3;5;8,0.7GPa;1GPa;1.3GPa;1.5GPa;2.3GPa;6.6GPa;9.8GPa;10.4GPa;13.3GPa;15.6GPa
95,5.358570,8,0.470588,5,5.35811,0.00457648,0.00031856,0.00063849,2.75,6,2,0,bump;matched;micro;raw;residual;shoulder,3;8,0.7GPa;1GPa;1.3GPa;1.5GPa;2.3GPa;3.9GPa;12.8GPa;15.6GPa
96,5.390218,8,0.470588,2,5.40058,0.000399896,0.000299277,0.000625038,2.6,6,4,0,matched;micro;raw;shoulder,2;3,1.5GPa;2.3GPa;5GPa;6.2GPa;7.4GPa;9.8GPa;12.8GPa;15.6GPa
97,5.425539,6,0.352941,2,5.42251,0.00571575,0.000284363,0.000801163,2.375,3,5,0,matched;micro;raw;shoulder,2;3,2.3GPa;2.4GPa_decomp;6.2GPa;6.6GPa;9.8GPa;15.6GPa
98,5.468507,6,0.352941,3,5.46424,0.00701169,0.00101514,0.000950869,2.375,3,5,0,matched;micro;raw;shoulder,2;5,0.7GPa;1.3GPa;8.5GPa;10.4GPa;12.8GPa;13.3GPa
99,5.499076,9,0.529412,4,5.50502,0.00667222,0.000691028,0.000766985,2.5,5,5,0,bump;matched;micro;raw;residual;shoulder,2;3;5,1GPa;1.3GPa;1.5GPa;2.3GPa;3.9GPa;5GPa;7.4GPa;10.4GPa;15.6GPa
100,5.553788,8,0.470588,3,5.54332,0.0111181,0.000629363,0.000324126,2.36364,4,7,0,matched;micro;raw;residual;shoulder,2;3;5;8,0.7GPa;5GPa;6.6GPa;7.4GPa;9.8GPa;12.8GPa;13.3GPa;15.6GPa
101,5.584541,12,0.705882,5,5.57872,0.00376697,0.000669402,0.000571411,2.35714,5,9,0,bump;matched;micro;raw;residual;shoulder,2;3;5,1GPa;1.3GPa;1.5GPa;2.3GPa;2.4GPa_decomp;5GPa;6.2GPa;7.4GPa;8.5GPa;10.4GPa;12.8GPa;13.3GPa
102,5.611709,10,0.588235,3,5.60658,0,0.000346263,0.000462346,2.53846,7,6,0,bump;matched;micro;raw;shoulder,2;3;5,0.7GPa;1GPa;2.3GPa;2.4GPa_decomp;5GPa;6.2GPa;7.4GPa;12.8GPa;13.3GPa;15.6GPa
103,5.659670,8,0.470588,3,5.65403,0.00629843,-0.00231757,0.000349241,2.4,4,6,0,bump;matched;micro;raw;residual;shoulder,2,1GPa;1.3GPa;2.3GPa;3.9GPa;5GPa;6.2GPa;9.8GPa;12.8GPa
104,5.688732,8,0.470588,3,5.69467,0.00901268,-6.42361e-05,0.000110416,2.33333,3,6,0,bump;matched;micro;raw;residual;shoulder,2,0.7GPa;1.3GPa;1.5GPa;5GPa;6.2GPa;6.6GPa;8.5GPa;15.6GPa
105,5.722733,4,0.235294,4,5.72791,0.00519349,0.00211152,0.00162801,2.5,2,2,0,bump;matched;micro;raw;residual;shoulder,2,7.4GPa;8.5GPa;9.8GPa;10.4GPa
106,5.766885,7,0.411765,3,5.76474,0.0070378,-0.000712886,0.00538735,2.375,3,5,0,bump;matched;micro;raw;residual;shoulder,2,1.3GPa;2.4GPa_decomp;3.9GPa;7.4GPa;8.5GPa;9.8GPa;13.3GPa
107,5.805716,6,0.352941,2,5.79637,0.00353196,-0.000394033,0.0123464,2.57143,4,3,0,bump;matched;micro;raw;residual;shoulder,5;8,1GPa;1.5GPa;6.2GPa;9.8GPa;10.4GPa;15.6GPa
108,5.840394,10,0.588235,4,5.84381,0.00511514,0.000659745,0.0144141,2.42857,6,8,0,bump;matched;micro;raw;residual;shoulder,2;5;8,0.7GPa;2.3GPa;2.4GPa_decomp;6.6GPa;7.4GPa;8.5GPa;10.4GPa;12.8GPa;13.3GPa;15.6GPa
109,5.875450,3,0.176471,2,5.88335,0.00790773,0.00093829,0.00921336,2.5,2,2,0,bump;matched;micro;raw;residual;shoulder,5,2.4GPa_decomp;3.9GPa;12.8GPa
110,5.915163,4,0.235294,2,5.91498,0.00790773,-0.00116371,0.0103468,2.5,2,2,0,bump;matched;micro;raw;residual;shoulder,8,1GPa;5GPa;6.2GPa;12.8GPa
111,5.953984,7,0.411765,3,5.95452,0.00701169,0.00126463,0.00731608,2.625,5,3,0,bump;matched;micro;raw;residual;shoulder,2;5,0.7GPa;7.4GPa;8.5GPa;9.8GPa;12.8GPa;13.3GPa;15.6GPa
112,5.994099,7,0.411765,3,5.98766,0.00150484,0.000272146,0.00364821,2.25,2,6,0,matched;micro;raw;shoulder,2;3;5,1.5GPa;2.4GPa_decomp;3.9GPa;6.6GPa;10.4GPa;12.8GPa;13.3GPa
113,6.026880,5,0.294118,2,6.0336,0,-5.03918e-06,0.00261824,2.57143,4,3,0,matched;micro;raw;shoulder,2;3,1GPa;1.5GPa;2.3GPa;10.4GPa;12.8GPa
114,6.049416,4,0.235294,2,6.04942,0,-0.000412889,0.000469564,2.6,3,2,0,matched;micro;raw;shoulder,3,1GPa;1.5GPa;2.3GPa;12.8GPa
115,6.096070,6,0.352941,1,6.08733,0.00628051,0.000337307,0.0061075,2.14286,1,6,0,bump;matched;micro;raw;shoulder,2;5,1GPa;1.5GPa;2.4GPa_decomp;6.2GPa;10.4GPa;13.3GPa
116,6.135492,8,0.470588,3,6.12849,0,-0.00110266,0.000788178,2.18182,2,9,0,matched;micro;raw;shoulder,2;5,1GPa;1.5GPa;2.3GPa;2.4GPa_decomp;5GPa;7.4GPa;8.5GPa;12.8GPa
117,6.165635,3,0.176471,2,6.16803,0.00790773,0.00422712,0.014788,2.25,1,3,0,matched;micro;raw;shoulder,2;3,1.5GPa;3.9GPa;5GPa
118,6.204448,5,0.294118,4,6.19176,0,-0.00252921,0.00109247,2.28571,2,5,0,matched;micro;raw;residual;shoulder,2,2.4GPa_decomp;3.9GPa;5GPa;6.2GPa;8.5GPa
119,6.231211,4,0.235294,2,6.22339,0,0.000670688,0.0048472,3,5,0,0,matched;micro;raw;shoulder,3;5,1GPa;2.4GPa_decomp;3.9GPa;9.8GPa
120,6.262012,8,0.470588,3,6.26292,0.00790773,-0.000495063,0.0175493,2.5,5,5,0,matched;micro;raw;residual;shoulder,2;3;5;8,1.5GPa;2.3GPa;3.9GPa;6.2GPa;7.4GPa;8.5GPa;9.8GPa;12.8GPa
121,6.299976,11,0.647059,4,6.28665,0.00299331,0.000487664,0.0261819,2.69231,9,4,0,bump;matched;micro;raw;residual;shoulder,2;3;5;8,0.7GPa;1.5GPa;2.3GPa;2.4GPa_decomp;3.9GPa;6.2GPa;7.4GPa;8.5GPa;10.4GPa;12.8GPa;15.6GPa
122,6.325754,6,0.352941,2,6.32572,0.00744588,0.00100101,0.0270855,2.28571,2,5,0,bump;matched;micro;raw;residual;shoulder,2;3;8,1GPa;1.3GPa;2.3GPa;2.4GPa_decomp;5GPa;15.6GPa
123,6.352891,4,0.235294,1,6.34991,0,0.0012554,0.0238639,2.16667,1,5,0,matched;micro;raw;shoulder,2;5,2.4GPa_decomp;5GPa;7.4GPa;9.8GPa
124,6.381548,3,0.176471,1,6.38154,0,-9.9264e-05,0.0179511,2.6,3,2,0,matched;micro;raw;shoulder,8,1.5GPa;5GPa;7.4GPa
125,6.434893,6,0.352941,2,6.42899,0.00446231,0.00105153,0.0215853,2.16667,1,5,0,matched;micro;raw;residual;shoulder,2;3;8,0.7GPa;1GPa;2.3GPa;6.2GPa;6.6GPa;8.5GPa
126,6.450539,7,0.411765,2,6.45271,0.00790773,0.000154554,0.00815163,2.25,2,6,0,matched;micro;raw;residual;shoulder,2;3;5,1GPa;1.5GPa;2.3GPa;6.2GPa;6.6GPa;9.8GPa;12.8GPa
127,6.487743,7,0.411765,2,6.49225,0,-0.000941779,0.0143416,2.375,3,5,0,matched;micro;raw;residual;shoulder,2;5,1GPa;1.5GPa;2.3GPa;3.9GPa;6.2GPa;7.4GPa;9.8GPa
128,6.521016,6,0.352941,2,6.51506,0.00699376,0.00073127,0.028928,2.5,4,4,0,bump;matched;micro;raw;residual;shoulder,2;3;5;8,1.5GPa;2.3GPa;5GPa;7.4GPa;12.8GPa;15.6GPa
129,6.545415,9,0.529412,3,6.5397,0.00362003,-0.000845138,0.023226,2.63636,7,4,0,matched;micro;raw;residual;shoulder,2;3;8,1GPa;2.3GPa;3.9GPa;5GPa;6.2GPa;7.4GPa;8.5GPa;10.4GPa;12.8GPa
130,6.589319,9,0.529412,2,6.58264,0.00701169,0.000686883,0.0171525,2.91667,11,1,0,bump;matched;micro;raw;shoulder,2;5;8,1GPa;2.3GPa;2.4GPa_decomp;5GPa;6.2GPa;7.4GPa;8.5GPa;10.4GPa;13.3GPa
131,6.619488,4,0.235294,1,6.61877,0.00144288,0.00171899,0.0113613,2.57143,4,3,0,bump;matched;micro;raw;residual;shoulder,3;8,1GPa;1.5GPa;2.4GPa_decomp;6.6GPa
132,6.650353,4,0.235294,3,6.63459,0.000174604,-0.00059204,0.025918,2.75,3,1,0,bump;matched;micro;raw;residual,2,1.5GPa;2.3GPa;2.4GPa_decomp;13.3GPa
133,6.663128,5,0.294118,1,6.66622,0.00393339,-8.40597e-05,0.018489,2.42857,3,4,0,matched;micro;raw;shoulder,5;8,1GPa;3.9GPa;6.6GPa;8.5GPa;12.8GPa
134,6.697968,5,0.294118,1,6.70576,0.00790773,0.000149185,0.0135134,2.625,5,3,0,bump;matched;micro;raw;residual;shoulder,2;3,2.3GPa;5GPa;7.4GPa;9.8GPa;12.8GPa
135,6.746372,4,0.235294,1,6.7453,0.00112952,0.0016076,0.0244495,2.6,3,2,0,bump;matched;micro;raw;residual;shoulder,2;8,3.9GPa;6.2GPa;8.5GPa;10.4GPa
136,6.774472,5,0.294118,2,6.76779,0.0066804,-7.37191e-05,0.0302108,2.5,3,3,0,bump;matched;raw;shoulder,3;5,0.7GPa;5GPa;7.4GPa;8.5GPa;10.4GPa
137,6.792781,4,0.235294,2,6.79274,0,0.000299535,0.0336666,2.4,2,3,0,bump;matched;micro;raw;residual;shoulder,3,5GPa;6.2GPa;7.4GPa;9.8GPa
138,6.824368,4,0.235294,1,6.82437,0.00783094,-0.000344464,0.0179174,2.42857,3,4,0,bump;matched;micro;raw;residual;shoulder,2;3;5;8,6.2GPa;7.4GPa;9.8GPa;13.3GPa
139,6.863027,7,0.411765,2,6.87182,0,-0.000226231,0.0255346,2.77778,7,2,0,bump;matched;micro;raw;residual;shoulder,2;3,1GPa;1.5GPa;2.4GPa_decomp;3.9GPa;8.5GPa;9.8GPa;12.8GPa
140,6.888298,7,0.411765,3,6.90068,0.00276802,-0.000957462,0.01758,2.28571,2,5,0,bump;matched;micro;raw;residual;shoulder,3;8,1.3GPa;1.5GPa;2.3GPa;3.9GPa;6.2GPa;9.8GPa;12.8GPa
141,6.933406,7,0.411765,3,6.93508,0.0031761,0.000763892,0.0149324,2.6,6,4,0,bump;matched;micro;raw;residual;shoulder,2;3;5;8,0.7GPa;2.3GPa;2.4GPa_decomp;7.4GPa;8.5GPa;9.8GPa;15.6GPa
142,6.967050,4,0.235294,4,6.97462,0.00790773,0.00185226,0.00312977,2.66667,4,2,0,bump;matched;micro;raw;residual;shoulder,2;3;8,2.4GPa_decomp;3.9GPa;5GPa;6.2GPa
143,6.998573,10,0.588235,5,7.01351,0.00701169,-0.00119074,0.00239266,2.33333,4,8,0,bump;matched;micro;raw;residual;shoulder,2;3;5;8,0.7GPa;1GPa;1.3GPa;2.3GPa;2.4GPa_decomp;3.9GPa;5GPa;6.2GPa;7.4GPa;15.6GPa
144,7.039095,6,0.352941,4,7.04335,0.00701169,0.00144587,0.0112701,2.5,3,3,0,bump;matched;micro;raw;shoulder,3;5,0.7GPa;1.5GPa;6.2GPa;6.6GPa;7.4GPa;8.5GPa
145,7.064327,3,0.176471,3,7.06161,0,0.00675719,0.0156695,2.66667,2,1,0,bump;matched;micro;shoulder,3,7.4GPa;8.5GPa;9.8GPa
146,7.100395,2,0.117647,1,7.09324,0,0.00263591,0.0236015,3,3,0,0,bump;matched;micro;raw;residual;shoulder,5;8,9.8GPa;12.8GPa
147,7.125125,5,0.294118,3,7.12506,0.000189444,0.00124722,0.0194189,2.2,1,4,0,matched;micro;raw;shoulder,2,0.7GPa;1GPa;2.4GPa_decomp;3.9GPa;5GPa
148,7.162105,5,0.294118,3,7.17231,0.00883654,-0.00101185,0.0129957,2.57143,4,3,0,matched;micro;raw;shoulder,2;3,1.3GPa;1.5GPa;2.3GPa;6.6GPa;7.4GPa
149,7.223982,8,0.470588,2,7.22322,0.0123552,0.00082504,0.00205354,2.22222,2,7,0,bump;matched;micro;raw;shoulder,2,0.7GPa;1.3GPa;2.4GPa_decomp;5GPa;6.6GPa;7.4GPa;9.8GPa;15.6GPa
150,7.260468,3,0.176471,1,7.25139,0.000123916,7.74814e-05,0.000453984,3,3,0,0,matched;micro;raw;shoulder,2,3.9GPa;10.4GPa;15.6GPa
151,7.307626,9,0.529412,6,7.31465,0.00673109,-0.000452572,0.000270572,2.36364,4,7,0,bump;matched;micro;raw;residual;shoulder,2;3;5,0.7GPa;1GPa;1.3GPa;1.5GPa;2.3GPa;2.4GPa_decomp;5GPa;13.3GPa;15.6GPa
152,7.338526,9,0.529412,4,7.33541,0.004939,-0.000298485,0.000611466,2.27273,3,8,0,bump;matched;micro;raw;shoulder,2;3,0.7GPa;1GPa;1.5GPa;2.3GPa;5GPa;7.4GPa;8.5GPa;9.8GPa;10.4GPa
153,7.373714,8,0.470588,4,7.36345,0.00135482,-0.000294185,0.00069595,2.54545,6,5,0,bump;matched;micro;raw;shoulder,2;3;5,1.5GPa;2.3GPa;3.9GPa;5GPa;6.6GPa;7.4GPa;8.5GPa;9.8GPa
154,7.396698,8,0.470588,5,7.39373,0,-0.000382312,0.000733475,2.55556,5,4,0,bump;matched;micro;raw;shoulder,2;5,3.9GPa;5GPa;6.2GPa;7.4GPa;8.5GPa;9.8GPa;10.4GPa;12.8GPa
155,7.439083,11,0.647059,5,7.44118,0.00641773,5.70395e-05,0.00104703,2.5625,9,7,0,bump;matched;micro;raw;shoulder,2;3;5;8,0.7GPa;2.4GPa_decomp;3.9GPa;5GPa;6.2GPa;6.6GPa;8.5GPa;9.8GPa;12.8GPa;13.3GPa;15.6GPa
156,7.457283,12,0.705882,7,7.45699,0,0.00030994,0.00080781,2.41176,7,10,0,matched;micro;raw;shoulder,2;8,1.3GPa;1.5GPa;2.3GPa;2.4GPa_decomp;3.9GPa;5GPa;6.2GPa;7.4GPa;8.5GPa;9.8GPa;12.8GPa;15.6GPa
157,7.488684,2,0.117647,1,7.48914,0.000520728,0.000110793,0.00056839,2,0,2,0,micro;raw;shoulder,,1GPa;10.4GPa
158,7.545056,5,0.294118,2,7.54576,0.00612691,0.000369554,0.0686224,2.4,2,3,0,matched;micro;raw;residual;shoulder,2;5,0.7GPa;2.3GPa;7.4GPa;13.3GPa;15.6GPa
159,7.583402,9,0.529412,2,7.5738,0.00610437,-0.000361701,0.0912399,2.4,4,6,0,bump;matched;micro;raw;residual;shoulder,2;3;5,1GPa;1.5GPa;2.4GPa_decomp;5GPa;7.4GPa;9.8GPa;10.4GPa;13.3GPa;15.6GPa
160,7.599661,11,0.647059,4,7.60185,0.00252019,0.000593545,0.0872416,2.54545,6,5,0,bump;matched;micro;raw;residual;shoulder,2;3;5;8,0.7GPa;1GPa;1.3GPa;1.5GPa;2.4GPa_decomp;3.9GPa;7.4GPa;8.5GPa;9.8GPa;12.8GPa;15.6GPa
161,7.646529,11,0.647059,8,7.64678,0.0111673,-0.000828852,0.0913934,2.53846,7,6,0,bump;matched;micro;raw;residual;shoulder,2;3;5,0.7GPa;1GPa;2.3GPa;6.6GPa;7.4GPa;8.5GPa;9.8GPa;10.4GPa;12.8GPa;13.3GPa;15.6GPa
162,7.678479,8,0.470588,4,7.69422,0.00579101,0.00114928,0.0750834,2.77778,7,2,0,bump;matched;micro;raw;residual;shoulder,5,0.7GPa;1GPa;3.9GPa;5GPa;6.2GPa;6.6GPa;8.5GPa;13.3GPa
163,7.714040,8,0.470588,3,7.71404,0.00399892,0.000564018,0.0514088,2.7,7,3,0,bump;matched;micro;raw;residual;shoulder,2;3;8,0.7GPa;1.3GPa;1.5GPa;3.9GPa;5GPa;6.2GPa;13.3GPa;15.6GPa
164,7.742859,6,0.352941,2,7.74209,0.000414735,0.000555321,0.0325229,2.33333,2,4,0,bump;matched;micro;raw;residual;shoulder,2;5,1.3GPa;5GPa;6.2GPa;7.4GPa;8.5GPa;10.4GPa
165,7.798503,9,0.529412,4,7.80156,0.00701169,-0.000540895,0.0852417,2.5,7,7,0,bump;matched;micro;raw;residual;shoulder,2;3;5;8,1GPa;1.5GPa;2.4GPa_decomp;3.9GPa;7.4GPa;8.5GPa;9.8GPa;10.4GPa;13.3GPa
166,7.822052,6,0.352941,2,7.82349,0.00273883,0.00109556,0.0856101,2.5,3,3,0,bump;matched;micro;raw;residual;shoulder,2;3;5,0.7GPa;1.5GPa;2.4GPa_decomp;8.5GPa;9.8GPa;12.8GPa
167,7.854346,7,0.411765,3,7.85427,0.00189347,-0.000350412,0.0563343,2.44444,4,5,0,bump;matched;micro;raw;residual;shoulder,2;3,1.3GPa;2.3GPa;2.4GPa_decomp;9.8GPa;10.4GPa;12.8GPa;15.6GPa
168,7.899779,5,0.294118,2,7.88401,0.00169072,-0.00229033,0.119556,2.2,1,4,0,matched;micro;raw;shoulder,2;8,1GPa;3.9GPa;6.6GPa;7.4GPa;10.4GPa
169,7.916476,5,0.294118,2,7.91564,0,8.97733e-05,0.120861,2.4,2,3,0,bump;matched;micro;raw;residual;shoulder,3;8,1.3GPa;3.9GPa;8.5GPa;9.8GPa;15.6GPa
170,7.963363,6,0.352941,3,7.97268,0.00622163,-9.23188e-05,0.0968515,2.5,3,3,0,bump;matched;micro;raw;residual;shoulder,2;5,0.7GPa;2.4GPa_decomp;5GPa;6.2GPa;6.6GPa;13.3GPa
171,8.006504,5,0.294118,2,7.99472,0.000211985,-3.01534e-05,0.212111,3,6,0,0,bump;matched;micro;raw;residual;shoulder,2;3;5,0.7GPa;1GPa;7.4GPa;8.5GPa;10.4GPa
172,8.041517,6,0.352941,1,8.03658,0.00558826,0.00054005,0.194434,2.85714,6,1,0,bump;matched;micro;raw;residual;shoulder,2;3;5;8,1GPa;1.5GPa;3.9GPa;6.6GPa;9.8GPa;12.8GPa
173,8.061055,6,0.352941,3,8.0738,0.00485093,-0.000443713,0.178031,2.85714,6,1,0,bump;matched;micro;raw;residual;shoulder,2;3,1.3GPa;1.5GPa;2.3GPa;6.6GPa;12.8GPa;13.3GPa
174,8.106667,5,0.294118,2,8.08961,0,0.00152317,0.053021,2.6,3,2,0,bump;matched;micro;raw;residual;shoulder,8,0.7GPa;2.3GPa;2.4GPa_decomp;6.2GPa;6.6GPa
175,8.130716,3,0.176471,1,8.12799,0.00701169,0.00238868,0.0243975,3,4,0,0,matched;micro;raw;shoulder,2;3,0.7GPa;3.9GPa;6.6GPa
176,8.168460,6,0.352941,2,8.15783,0.00701169,0.000444295,0.00215082,2.5,3,3,0,bump;matched;micro;raw;shoulder,2,0.7GPa;1GPa;2.3GPa;3.9GPa;5GPa;15.6GPa
177,8.193030,5,0.294118,2,8.19083,0.00632966,0.000388131,0.0025343,2.85714,6,1,0,bump;matched;micro;raw;residual;shoulder,2;3,1.3GPa;2.4GPa_decomp;5GPa;6.2GPa;10.4GPa
178,8.224169,8,0.470588,2,8.22404,0.00790773,0.000729509,0.00221859,2.7,7,3,0,bump;matched;micro;raw;residual;shoulder,2;3;5;8,1GPa;1.5GPa;2.4GPa_decomp;5GPa;6.2GPa;7.4GPa;8.5GPa;10.4GPa
179,8.253338,10,0.588235,4,8.24777,0.000838705,0.000379952,0.00228141,2.57143,8,6,0,bump;matched;micro;raw;residual;shoulder,2;3;5,1GPa;1.3GPa;1.5GPa;2.4GPa_decomp;3.9GPa;6.6GPa;7.4GPa;8.5GPa;9.8GPa;15.6GPa
180,8.280945,8,0.470588,4,8.2794,0,5.01463e-05,0.00586692,2.8,8,2,0,bump;matched;micro;raw;residual;shoulder,2;3;8,1GPa;2.3GPa;2.4GPa_decomp;5GPa;8.5GPa;9.8GPa;10.4GPa;12.8GPa
181,8.323819,7,0.411765,2,8.31103,0.00300815,0.000151807,0.0037553,2.5,4,4,0,bump;matched;micro;raw;residual;shoulder,3;5;8,0.7GPa;1GPa;2.3GPa;6.2GPa;9.8GPa;12.8GPa;13.3GPa
182,8.345839,7,0.411765,2,8.34509,0.00243212,1.81365e-05,0.00248455,2.14286,1,6,0,micro;raw;shoulder,,1.5GPa;3.9GPa;5GPa;7.4GPa;10.4GPa;13.3GPa;15.6GPa
183,8.374289,2,0.117647,1,8.37371,0.000576032,-9.84671e-05,0.00120603,2,0,2,0,matched;residual,3,3.9GPa;15.6GPa
184,8.420329,5,0.294118,3,8.41383,0.00790773,0.00121419,0.00112775,2.33333,2,4,0,matched;micro;raw;residual;shoulder,2;3,5GPa;6.2GPa;6.6GPa;9.8GPa;13.3GPa
185,8.440657,4,0.235294,1,8.45337,0.00391085,0.00154121,0.00119611,2.8,4,1,0,matched;micro;raw;residual;shoulder,2;3;8,3.9GPa;6.2GPa;8.5GPa;15.6GPa
186,8.478543,7,0.411765,4,8.485,0.000326667,0.000672902,0.000259502,2.33333,3,6,0,matched;micro;raw;residual;shoulder,2;3,0.7GPa;1.3GPa;2.3GPa;7.4GPa;8.5GPa;9.8GPa;10.4GPa
187,8.501226,2,0.117647,1,8.50872,0.00790773,-3.29194e-16,0.000653446,2.5,2,2,0,matched;micro;raw;shoulder,2;5,7.4GPa;9.8GPa
188,8.547506,4,0.235294,1,8.54826,0,0.000320778,0.000627265,2.4,2,3,0,matched;micro;raw;shoulder,2;3;8,2.3GPa;7.4GPa;9.8GPa;12.8GPa
189,8.572916,6,0.352941,3,8.56946,0.00538958,-0.000310327,0.000869102,2.42857,3,4,0,matched;micro;raw;residual;shoulder,2;3;5,1GPa;5GPa;9.8GPa;10.4GPa;12.8GPa;15.6GPa
190,8.605574,4,0.235294,1,8.59751,0.0018054,3.26696e-05,0.00291791,2.2,1,4,0,micro;raw;shoulder,,1GPa;3.9GPa;8.5GPa;15.6GPa
191,8.641886,6,0.352941,2,8.63958,0.0122446,0.000764822,0.00428004,2.57143,4,3,0,bump;matched;micro;raw;shoulder,2,1.5GPa;6.2GPa;7.4GPa;8.5GPa;10.4GPa;13.3GPa
192,8.674413,6,0.352941,2,8.67121,0.00357753,0.000359259,0.0055327,2.625,5,3,0,bump;matched;micro;raw;residual;shoulder,2;8,0.7GPa;1GPa;2.4GPa_decomp;9.8GPa;12.8GPa;15.6GPa
193,8.698683,6,0.352941,3,8.69314,0.00253811,-0.000512847,0.00766801,2.5,4,4,0,bump;matched;micro;raw;shoulder,2;3;5,1GPa;2.3GPa;2.4GPa_decomp;8.5GPa;9.8GPa;10.4GPa
194,8.729662,3,0.176471,3,8.73014,0.00790773,-0.000328462,0.00681877,2.75,3,1,0,matched;micro;raw;shoulder,2;8,2.3GPa;2.4GPa_decomp;3.9GPa
195,8.767421,5,0.294118,2,8.76968,0,-0.000262501,0.00369227,2.42857,3,4,0,bump;matched;micro;raw;shoulder,2;5,2.3GPa;5GPa;6.2GPa;12.8GPa;13.3GPa
196,8.803706,5,0.294118,2,8.80131,0.00655495,0.000912122,0.0111849,2.4,2,3,0,matched;micro;raw;shoulder,3,1GPa;5GPa;6.2GPa;9.8GPa;10.4GPa
197,8.840323,6,0.352941,3,8.83294,0.00790773,-0.00165694,0.0124578,2.4,4,6,0,bump;matched;micro;raw;residual;shoulder,2;3;5,2.3GPa;3.9GPa;5GPa;6.2GPa;7.4GPa;9.8GPa
198,8.869954,7,0.411765,3,8.86457,0,-0.000186662,0.0123375,2.55556,5,4,0,matched;micro;raw;shoulder,2;3,1.5GPa;3.9GPa;5GPa;7.4GPa;8.5GPa;9.8GPa;13.3GPa
199,8.892082,7,0.411765,3,8.8962,0,0.000224183,0.0151632,2.25,2,6,0,bump;matched;micro;raw;residual;shoulder,2;3;8,0.7GPa;1GPa;1.5GPa;5GPa;7.4GPa;8.5GPa;9.8GPa
200,8.924346,7,0.411765,2,8.93095,0.00701169,0.000448672,0.0118043,2.7,7,3,0,bump;matched;micro;raw;residual;shoulder,3;5;8,1GPa;1.3GPa;5GPa;6.2GPa;9.8GPa;12.8GPa;15.6GPa
201,8.962157,5,0.294118,2,8.95946,0,-0.000701742,0.00916375,2.5,3,3,0,bump;matched;micro;raw;shoulder,2;3,1GPa;1.5GPa;2.3GPa;9.8GPa;12.8GPa
202,8.990237,4,0.235294,1,8.99109,0,-6.72214e-05,0.00421623,2.5,2,2,0,bump;matched;micro;residual,3;8,2.3GPa;5GPa;9.8GPa;15.6GPa
203,9.046025,7,0.411765,4,9.04626,0.00790773,0.00103962,0.00308174,2.625,5,3,0,bump;matched;raw;residual;shoulder,3;5;8,1GPa;3.9GPa;5GPa;6.2GPa;6.6GPa;9.8GPa;15.6GPa
204,9.074369,8,0.470588,4,9.08599,0.00117203,0.000598103,0.00323411,2.58333,7,5,0,matched;micro;raw;shoulder,2;3,3.9GPa;5GPa;6.2GPa;7.4GPa;8.5GPa;9.8GPa;10.4GPa;15.6GPa
205,9.102263,8,0.470588,5,9.1018,0,-0.000646577,0.00464227,2.55556,5,4,0,bump;matched;micro;raw;shoulder,2;3;5;8,1GPa;1.5GPa;2.3GPa;6.2GPa;6.6GPa;7.4GPa;8.5GPa;9.8GPa
206,9.130544,6,0.352941,3,9.13192,0.00151611,-0.000318884,0.00592707,2.5,3,3,0,matched;micro;raw;residual;shoulder,2;3;8,1.5GPa;6.2GPa;6.6GPa;7.4GPa;10.4GPa;13.3GPa
207,9.170933,7,0.411765,3,9.16877,0.0103199,-0.000743984,0.00774026,2.75,6,2,0,bump;matched;micro;raw;residual;shoulder,2;3;5;8,2.3GPa;6.2GPa;6.6GPa;8.5GPa;9.8GPa;10.4GPa;13.3GPa
208,9.199949,4,0.235294,1,9.20052,0.00382278,0.00131884,0.00718383,2.8,4,1,0,bump;matched;micro;raw;shoulder,2;3,2.3GPa;7.4GPa;10.4GPa;13.3GPa
209,9.237447,4,0.235294,2,9.24336,0.000776746,0.000404915,0.00402144,2.75,3,1,0,bump;micro;raw;shoulder,,3.9GPa;7.4GPa;12.8GPa;13.3GPa
210,9.271309,5,0.294118,3,9.27063,0.0106778,0.000554129,0.0271544,2.2,1,4,0,bump;micro;raw;shoulder,,1GPa;7.4GPa;10.4GPa;12.8GPa;13.3GPa
211,9.306550,4,0.235294,2,9.3074,0.00530151,-0.000409835,0.0853754,2.2,1,4,0,bump;matched;micro;raw;shoulder,3,1.3GPa;1.5GPa;5GPa;8.5GPa
212,9.338494,4,0.235294,2,9.33288,0.00615302,-0.0025032,0.25382,2.5,2,2,0,bump;matched;micro;raw;shoulder,2;3,2.4GPa_decomp;6.2GPa;6.6GPa;8.5GPa
213,9.369401,5,0.294118,2,9.37066,0,-0.000187888,0.306996,2.5,3,3,0,bump;matched;micro;raw;residual;shoulder,2;3;8,1GPa;2.4GPa_decomp;5GPa;6.2GPa;9.8GPa
214,9.395331,8,0.470588,3,9.39684,0.0103644,0.000137864,0.328441,2.81818,9,2,0,bump;matched;micro;raw;residual;shoulder,2;3;5;8,0.7GPa;1.3GPa;1.5GPa;7.4GPa;8.5GPa;9.8GPa;13.3GPa;15.6GPa
215,9.433925,4,0.235294,1,9.42602,0.00790773,0.000463296,0.21523,2.25,1,3,0,bump;matched;micro;raw;shoulder,2,2.3GPa;3.9GPa;7.4GPa;12.8GPa
216,9.450095,3,0.176471,1,9.45294,0.00319606,0.00224275,0.214876,2.66667,2,1,0,bump;matched;micro;raw;residual;shoulder,5,2.3GPa;6.6GPa;8.5GPa
217,9.480984,5,0.294118,3,9.48137,0.000388121,0.000682223,0.148858,2.4,2,3,0,bump;matched;micro;raw;residual;shoulder,5;8,1GPa;6.6GPa;8.5GPa;9.8GPa;10.4GPa
218,9.513614,3,0.176471,1,9.513,0,0.000913107,0.184388,2.66667,2,1,0,bump;matched;micro;raw;residual;shoulder,5,1.5GPa;3.9GPa;13.3GPa
219,9.560449,1,0.0588235,1,9.56045,0,,0.117914,3,1,0,0,bump;matched;micro;raw;residual;shoulder,5,5GPa
220,9.592521,4,0.235294,2,9.59317,0.00109061,0.000534593,0.130843,2.2,1,4,0,bump;matched;micro;raw;residual;shoulder,2;3;5,0.7GPa;1.3GPa;1.5GPa;6.2GPa
221,9.633151,4,0.235294,2,9.63738,0.00214283,-8.29411e-05,0.140493,2.5,2,2,0,bump;matched;micro;raw;residual;shoulder,5,3.9GPa;7.4GPa;8.5GPa;15.6GPa
222,9.670377,4,0.235294,2,9.66329,0.00786985,0.000683882,0.268361,2.4,2,3,0,bump;matched;micro;raw;residual;shoulder,3;5,0.7GPa;1GPa;6.6GPa;9.8GPa
223,9.702888,4,0.235294,2,9.70407,0.00128467,0.000708221,0.318309,2.25,1,3,0,bump;matched;micro;raw;residual;shoulder,3;8,1.3GPa;1.5GPa;10.4GPa;12.8GPa
224,9.740329,4,0.235294,2,9.75023,0,0.00481287,0.282699,2.4,2,3,0,bump;micro;raw;shoulder,,1GPa;1.5GPa;2.3GPa;3.9GPa
225,9.766064,1,0.0588235,1,9.77396,0.00790773,,0.148968,3,2,0,0,matched;residual,3,3.9GPa
226,9.807335,7,0.411765,3,9.8135,0,-0.00129024,0.0321036,2.8,8,2,0,bump;matched;micro;raw;shoulder,2;3;5,1GPa;1.5GPa;2.3GPa;3.9GPa;5GPa;6.2GPa;7.4GPa
227,9.829355,6,0.352941,5,9.82931,0,-0.000738933,0.0549105,2.57143,4,3,0,bump;matched;micro;raw;shoulder,2;3,1GPa;2.3GPa;2.4GPa_decomp;3.9GPa;5GPa;6.2GPa
228,9.874274,4,0.235294,2,9.87676,0,-0.00257804,0.111128,2.8,4,1,0,matched;residual,2;3;5,1GPa;1.5GPa;2.4GPa_decomp;3.9GPa
229,9.917810,6,0.352941,1,9.91205,0.012156,0.00148533,0.152989,2.7,7,3,0,bump;matched;micro;raw;residual;shoulder,3;5;8,0.7GPa;1.5GPa;2.4GPa_decomp;6.2GPa;8.5GPa;15.6GPa
230,9.943391,4,0.235294,2,9.94189,0.00186736,0.00135759,0.167961,2.75,3,1,0,bump;matched;micro;raw;residual;shoulder,2;3;8,1.3GPa;1.5GPa;6.2GPa;9.8GPa
231,9.985616,3,0.176471,2,9.98747,0,0.00103993,0.123344,2.66667,2,1,0,matched;micro;raw;shoulder,2;8,2.3GPa;2.4GPa_decomp;9.8GPa
232,10.013829,5,0.294118,2,10.0139,0.00522574,-0.000463296,0.0652633,2.6,3,2,0,bump;matched;micro;raw;residual;shoulder,3;8,2.3GPa;3.9GPa;6.6GPa;7.4GPa;12.8GPa
233,10.055210,7,0.411765,2,10.0507,0.00260672,-0.000166455,0.0432794,2.375,3,5,0,bump;matched;micro;raw;residual;shoulder,2;3;8,1.5GPa;3.9GPa;5GPa;7.4GPa;8.5GPa;10.4GPa;12.8GPa
234,10.082301,2,0.117647,1,10.0824,0.00162926,0.00114904,0.0415261,3,3,0,0,bump;matched;micro;raw;residual;shoulder,3;5;8,5GPa;13.3GPa
235,10.101736,4,0.235294,2,10.0982,0,0.00227795,0.0399213,2.4,2,3,0,matched;micro;raw;residual;shoulder,3;8,2.3GPa;5GPa;6.2GPa;9.8GPa
236,10.136729,4,0.235294,2,10.1456,0,-0.000957868,0.0189187,2.6,3,2,0,bump;matched;micro;raw;residual;shoulder,3;5,3.9GPa;6.2GPa;7.4GPa;8.5GPa
237,10.168426,8,0.470588,4,10.1773,0.00490009,-0.000600114,0.018437,2.33333,3,6,0,bump;matched;micro;raw;residual;shoulder,2;3;5,0.7GPa;1GPa;1.3GPa;1.5GPa;3.9GPa;7.4GPa;8.5GPa;9.8GPa
238,10.206580,5,0.294118,2,10.2089,0,0.000364245,0.0166711,2.57143,4,3,0,matched;micro;raw;residual;shoulder,2;3;5;8,1GPa;1.5GPa;2.3GPa;8.5GPa;9.8GPa
239,10.243535,4,0.235294,1,10.2405,0.00226828,0.0013321,0.0223207,2.6,3,2,0,bump;matched;micro;raw;shoulder,3;5;8,0.7GPa;2.3GPa;9.8GPa;12.8GPa
240,10.281990,5,0.294118,2,10.2721,0,-0.000847576,0.0228144,2.2,1,4,0,matched;micro;raw;residual;shoulder,2,0.7GPa;1GPa;2.3GPa;9.8GPa;12.8GPa
241,10.328086,5,0.294118,2,10.3224,0.00279463,-0.000273421,0.00997097,2,0,5,0,bump;matched;micro;raw;residual;shoulder,2,1.5GPa;2.3GPa;3.9GPa;5GPa;15.6GPa
242,10.364363,4,0.235294,2,10.3512,0,-0.00204913,7.614e-05,2,0,4,0,matched;micro;raw;shoulder,2,0.7GPa;2.4GPa_decomp;5GPa;6.2GPa
243,10.435574,5,0.294118,1,10.4303,0.00975001,0.0016995,0.00433841,2,0,5,0,bump;matched;raw;residual;shoulder,2,0.7GPa;2.3GPa;6.2GPa;8.5GPa;12.8GPa
244,10.476643,2,0.117647,1,10.4766,0,-3.56318e-16,0.0436058,2,0,2,0,matched;shoulder,2,0.7GPa;10.4GPa
245,10.515759,2,0.117647,1,10.514,0.00466814,0.000639471,0.0935342,2.5,1,1,0,bump;matched;micro;raw;residual;shoulder,3,1GPa;15.6GPa
246,10.558034,2,0.117647,1,10.5509,0.00988774,0.00140252,0.0933062,3,2,0,0,bump;matched;residual,3;8,1.5GPa;15.6GPa
247,10.608767,9,0.529412,5,10.6201,0.00320836,0.00143247,0.0928907,2.81818,9,2,0,bump;matched;micro;raw;residual;shoulder,2;3;5;8,0.7GPa;1GPa;1.3GPa;1.5GPa;2.3GPa;3.9GPa;6.2GPa;7.4GPa;15.6GPa
248,10.646925,8,0.470588,5,10.6517,0,0.000228583,0.180973,3,10,0,0,bump;matched;micro;raw;residual;shoulder,2;3;5;8,2.3GPa;2.4GPa_decomp;3.9GPa;5GPa;6.2GPa;7.4GPa;8.5GPa;13.3GPa
249,10.673075,8,0.470588,8,10.673,0.00543874,0.000112868,0.203226,3,13,0,0,bump;matched;micro;raw;residual;shoulder,2;3;5;8,2.4GPa_decomp;3.9GPa;5GPa;6.2GPa;6.6GPa;7.4GPa;8.5GPa;9.8GPa
250,10.704100,7,0.411765,3,10.701,0.00185455,-0.00130743,0.187954,3,7,0,0,bump;matched;micro;raw;residual;shoulder,2;3;5;8,1GPa;5GPa;6.2GPa;7.4GPa;9.8GPa;10.4GPa;12.8GPa
251,10.733626,5,0.294118,2,10.7308,0.000864815,-0.000201976,0.110396,3,6,0,0,bump;matched;micro;raw;residual;shoulder,2;5;8,1GPa;1.5GPa;6.2GPa;12.8GPa;13.3GPa
252,10.762425,1,0.0588235,1,10.7624,0,,0.0644594,3,1,0,0,matched;micro;raw;shoulder,3,1.5GPa
253,10.816963,7,0.411765,1,10.8132,0.00333329,0.000586124,0.0438465,2.33333,3,6,0,bump;matched;micro;raw;residual;shoulder,2;3;5,0.7GPa;1.3GPa;2.3GPa;3.9GPa;7.4GPa;12.8GPa;15.6GPa
254,10.841502,2,0.117647,1,10.8415,0,9.41313e-16,0.0371393,2,0,2,0,micro;raw;shoulder,,6.2GPa;7.4GPa
255,10.883870,4,0.235294,2,10.8861,0.00281359,0.000595199,0.0699886,2.33333,2,4,0,bump;matched;micro;raw;residual;shoulder,2;5;8,0.7GPa;1GPa;3.9GPa;12.8GPa
256,10.904780,6,0.352941,2,10.9081,0.00330205,0.00109851,0.0643351,2.16667,1,5,0,bump;matched;micro;raw;residual;shoulder,5,1.3GPa;1.5GPa;5GPa;8.5GPa;9.8GPa;15.6GPa
257,10.956457,5,0.294118,3,10.9534,0.0140234,-4.74665e-05,0.043287,2.4,2,3,0,matched;micro;raw;shoulder,2;3;5,5GPa;6.2GPa;6.6GPa;10.4GPa;15.6GPa
258,10.991096,5,0.294118,2,10.9997,0.0158155,-0.00237451,0.10368,2.71429,5,2,0,bump;matched;micro;raw;residual;shoulder,3;5,1GPa;2.4GPa_decomp;5GPa;6.2GPa;7.4GPa
259,11.033150,8,0.470588,4,11.0313,0,-0.000381859,0.12126,2.81818,9,2,0,bump;matched;micro;raw;residual;shoulder,2;3;5;8,1GPa;1.5GPa;2.4GPa_decomp;3.9GPa;6.6GPa;7.4GPa;8.5GPa;9.8GPa
260,11.071070,5,0.294118,2,11.0708,0.00790773,-0.00155127,0.0887902,3,6,0,0,bump;matched;micro;raw;residual;shoulder,3;8,2.3GPa;2.4GPa_decomp;5GPa;8.5GPa;9.8GPa
261,11.096601,7,0.411765,3,11.0945,0.000438809,0.000190811,0.0439613,2.375,3,5,0,matched;micro;raw;shoulder,2;3,0.7GPa;2.3GPa;2.4GPa_decomp;5GPa;12.8GPa;13.3GPa;15.6GPa
262,11.126180,2,0.117647,1,11.1262,0,-6.24078e-16,0.0819865,2.5,1,1,0,matched;micro;raw;shoulder,2,2.4GPa_decomp;6.2GPa
263,11.150143,5,0.294118,1,11.1638,0.00983808,-0.00145099,0.144445,2.4,2,3,0,bump;matched;micro;raw;residual;shoulder,3;5,0.7GPa;1.3GPa;3.9GPa;6.6GPa;12.8GPa
264,11.200411,2,0.117647,2,11.1894,0,0.00718885,0.222228,3,3,0,0,bump;matched;micro;raw;residual;shoulder,5,3.9GPa;5GPa
265,11.245706,3,0.176471,2,11.2448,0.00790773,0.00372088,0.255169,2.5,2,2,0,bump;matched;micro;raw;residual;shoulder,2;3;5,2.3GPa;6.2GPa;6.6GPa
266,11.291496,5,0.294118,2,11.29,0.0101514,-0.000771451,0.247507,2.77778,7,2,0,bump;matched;micro;raw;residual;shoulder,2;3;5;8,1GPa;6.6GPa;7.4GPa;10.4GPa;12.8GPa
267,11.324044,7,0.411765,4,11.316,0,0.000329774,0.252593,2.75,6,2,0,bump;matched;micro;raw;residual;shoulder,3;5,1GPa;1.5GPa;3.9GPa;8.5GPa;9.8GPa;10.4GPa;12.8GPa
268,11.363412,1,0.0588235,1,11.3634,0,,0.209812,3,1,0,0,matched,5,1.5GPa
269,11.397018,1,0.0588235,1,11.403,0.00790773,,0.102171,3,2,0,0,bump;matched;micro;raw;residual;shoulder,3;8,2.3GPa
270,11.442408,2,0.117647,1,11.4425,0,-0.00119814,0.0797492,2.66667,2,1,0,bump;matched;micro;raw;shoulder,3,6.2GPa;12.8GPa
271,11.458774,3,0.176471,1,11.4583,2.56057e-05,0.000315786,0.0843485,2.66667,2,1,0,bump;matched;micro;raw;residual;shoulder,3;8,0.7GPa;3.9GPa;6.2GPa
272,11.499311,5,0.294118,1,11.5003,0.0104136,0.002044,0.0873771,2.6,3,2,0,bump;matched;micro;raw;residual;shoulder,8,1.3GPa;3.9GPa;6.6GPa;8.5GPa;15.6GPa
273,11.528085,4,0.235294,2,11.5216,0,5.09909e-05,0.0746171,2.8,4,1,0,bump;matched;micro;raw;shoulder,2;3;5,3.9GPa;5GPa;8.5GPa;10.4GPa
274,11.556451,4,0.235294,2,11.5564,0.00324522,0.000221405,0.072165,3,5,0,0,bump;matched;micro;raw;residual;shoulder,3;5;8,1GPa;5GPa;6.2GPa;10.4GPa
275,11.584929,3,0.176471,3,11.6006,0,0.00288472,0.0500371,3,3,0,0,bump;matched;micro;raw;residual;shoulder,3;5;8,6.2GPa;6.6GPa;7.4GPa
276,11.632226,3,0.176471,2,11.6323,0,-0.000963476,0.0310249,2.66667,2,1,0,bump;matched;micro;raw;shoulder,3,2.3GPa;7.4GPa;8.5GPa
277,11.663952,5,0.294118,3,11.6639,0,0.00123417,0.0425012,2.71429,5,2,0,bump;matched;micro;raw;shoulder,3;5,5GPa;7.4GPa;8.5GPa;9.8GPa;12.8GPa
278,11.710708,8,0.470588,3,11.7114,0.00701169,-8.70682e-05,0.0751457,2.4,4,6,0,bump;matched;micro;raw;residual;shoulder,3;5;8,0.7GPa;1.3GPa;3.9GPa;5GPa;9.8GPa;12.8GPa;13.3GPa;15.6GPa
279,11.753173,5,0.294118,2,11.7509,0.00790773,-0.000360142,0.0620435,2.33333,2,4,0,bump;matched;micro;raw;shoulder,3;5,0.7GPa;1GPa;5GPa;6.2GPa;13.3GPa
280,11.778156,3,0.176471,1,11.7825,0.00790773,0.001533,0.0238773,2.75,3,1,0,bump;matched;micro;raw;shoulder,3;5;8,1GPa;1.5GPa;8.5GPa
281,11.807565,4,0.235294,2,11.8062,0,-0.000997577,0.0123047,2.25,1,3,0,matched;micro;raw;shoulder,2;8,1.3GPa;1.5GPa;3.9GPa;9.8GPa
282,11.837922,2,0.117647,1,11.8379,0,0.00608287,0.00483728,2.66667,2,1,0,bump;matched;micro;raw;residual;shoulder,3,1GPa;2.3GPa
283,11.880232,4,0.235294,1,11.8742,0.00473675,-0.000644779,0.00382838,2,0,4,0,matched;micro;raw;shoulder,2;3,0.7GPa;6.2GPa;7.4GPa;12.8GPa
284,11.929870,6,0.352941,2,11.9269,0.00585912,-0.000308684,0.00194345,2.5,4,4,0,bump;matched;micro;raw;shoulder,2;3,1GPa;1.3GPa;3.9GPa;7.4GPa;8.5GPa;13.3GPa
285,11.967093,6,0.352941,2,11.9644,0.00701169,-0.000407314,0.00336594,2.5,4,4,0,bump;matched;micro;raw;shoulder,2;3;8,0.7GPa;3.9GPa;5GPa;9.8GPa;10.4GPa;15.6GPa
286,12.004774,3,0.176471,2,12.0052,0.00665532,0.000452149,0.00298188,3,3,0,0,bump;matched;micro;raw;shoulder,3;5,1.3GPa;5GPa;6.2GPa
287,12.030774,4,0.235294,1,12.0277,0,-0.000408473,0.00274235,2.4,2,3,0,matched;micro;raw;residual;shoulder,2;3;5,1GPa;1.5GPa;3.9GPa;6.2GPa
288,12.062840,7,0.411765,4,12.0603,0.000995889,-6.82935e-06,0.00208733,2.25,2,6,0,bump;matched;micro;raw;shoulder,2;3,1.5GPa;2.3GPa;7.4GPa;10.4GPa;12.8GPa;13.3GPa;15.6GPa
289,12.093826,6,0.352941,3,12.1034,0.0033845,-0.000112547,0.00254745,2.57143,4,3,0,bump;matched;micro;raw;shoulder,2;3;5,0.7GPa;1.3GPa;3.9GPa;7.4GPa;8.5GPa;9.8GPa
290,12.141705,8,0.470588,2,12.1384,0,-0.00109959,0.00296373,2.7,7,3,0,bump;matched;micro;raw;residual;shoulder,3;5;8,1GPa;2.3GPa;2.4GPa_decomp;5GPa;6.6GPa;8.5GPa;9.8GPa;12.8GPa
291,12.171766,7,0.411765,4,12.17,0.00173525,-0.00072362,0.00181386,2.375,3,5,0,matched;micro;raw;residual;shoulder,3;8,1GPa;1.3GPa;1.5GPa;2.3GPa;6.6GPa;12.8GPa;15.6GPa
292,12.202149,4,0.235294,1,12.2016,0,0.000566186,0.00098613,2.4,2,3,0,matched;micro;raw;residual;shoulder,2;5,2.3GPa;6.2GPa;7.4GPa;12.8GPa
293,12.248820,5,0.294118,2,12.2463,0.00274497,-0.000935906,0.00143054,2.5,3,3,0,bump;matched;micro;raw;shoulder,2,1.5GPa;5GPa;9.8GPa;10.4GPa;15.6GPa
294,12.280555,4,0.235294,2,12.2762,0.00453707,0.00246745,0.000975892,2.75,3,1,0,matched;micro;raw;shoulder,2;8,0.7GPa;1.3GPa;3.9GPa;5GPa
295,12.312070,8,0.470588,3,12.2997,0.00315715,-0.000453911,0.000217464,2.5,5,5,0,matched;micro;raw;shoulder,2;3;5,1GPa;2.3GPa;3.9GPa;5GPa;6.2GPa;7.4GPa;10.4GPa;15.6GPa
296,12.341471,8,0.470588,4,12.3282,0.000427034,-0.000445899,0.000220458,2.55556,5,4,0,matched;micro;raw;residual;shoulder,2;3;8,1.5GPa;3.9GPa;5GPa;6.2GPa;6.6GPa;9.8GPa;10.4GPa;15.6GPa
297,12.364165,3,0.176471,1,12.3756,0,-0.00103717,0.00047327,2.33333,1,2,0,micro;raw;shoulder,,1GPa;9.8GPa;12.8GPa
298,12.398860,7,0.411765,4,12.3978,0.00642797,0.000100847,0.000502729,2.5,4,4,0,matched;micro;raw;residual;shoulder,3;8,0.7GPa;2.3GPa;6.2GPa;6.6GPa;7.4GPa;8.5GPa;13.3GPa
299,12.435389,9,0.529412,3,12.4389,0.0010517,-0.000212812,0.00119709,2.75,9,3,0,bump;matched;micro;raw;residual;shoulder,2;3;5;8,0.7GPa;1GPa;5GPa;6.2GPa;7.4GPa;8.5GPa;9.8GPa;12.8GPa;15.6GPa
300,12.457224,10,0.588235,6,12.4547,0.000740394,0.000344176,0.000830779,2.54545,6,5,0,matched;micro;raw;residual;shoulder,2;3;5,0.7GPa;1GPa;1.5GPa;3.9GPa;6.6GPa;7.4GPa;8.5GPa;9.8GPa;10.4GPa;12.8GPa
301,12.484556,9,0.529412,3,12.4863,0,-0.000474635,0.00111731,2.2,2,8,0,bump;matched;micro;raw;residual;shoulder,2;3;8,1GPa;1.3GPa;2.3GPa;3.9GPa;5GPa;6.2GPa;7.4GPa;9.8GPa;13.3GPa
302,12.517073,6,0.352941,2,12.5179,0.00790876,0.000271665,0.00118909,2.71429,5,2,0,bump;matched;micro;raw;residual;shoulder,2;5;8,0.7GPa;1.3GPa;3.9GPa;9.8GPa;10.4GPa;15.6GPa
303,12.552228,9,0.529412,4,12.5521,0.00253043,-0.000739962,0.00172671,2.45455,5,6,0,bump;matched;micro;raw;residual;shoulder,2;3;5,1GPa;1.3GPa;1.5GPa;2.3GPa;6.6GPa;9.8GPa;10.4GPa;12.8GPa;15.6GPa
304,12.593728,6,0.352941,2,12.597,0,-0.000198863,0.00191442,2.28571,2,5,0,bump;matched;micro;raw;shoulder,2;3;5,0.7GPa;1GPa;1.5GPa;3.9GPa;8.5GPa;12.8GPa
305,12.640937,10,0.588235,3,12.6286,0.0117044,-8.48081e-05,0.00329955,2.42857,6,8,0,bump;matched;micro;raw;residual;shoulder,2;3;5,1.3GPa;1.5GPa;2.3GPa;5GPa;6.2GPa;7.4GPa;9.8GPa;10.4GPa;13.3GPa;15.6GPa
306,12.669776,8,0.470588,2,12.6702,0.00590315,0.000447177,0.0029115,2.375,3,5,0,bump;matched;micro;raw;shoulder,2;3,0.7GPa;1GPa;1.5GPa;2.3GPa;6.2GPa;7.4GPa;8.5GPa;12.8GPa
307,12.692701,9,0.529412,3,12.6923,0.000424978,-0.000315576,0.00153744,2.33333,3,6,0,bump;matched;micro;raw;residual;shoulder,2;5;8,1.5GPa;2.3GPa;3.9GPa;5GPa;6.6GPa;9.8GPa;12.8GPa;13.3GPa;15.6GPa
308,12.733688,4,0.235294,1,12.7235,0.0015796,0.000584347,0.000397133,2.5,2,2,0,matched;micro;raw;shoulder,3,1GPa;3.9GPa;10.4GPa;13.3GPa
309,12.761990,5,0.294118,2,12.7667,0.00426774,0.000435453,0.00041595,2.66667,4,2,0,bump;matched;micro;raw;shoulder,2;3,0.7GPa;7.4GPa;8.5GPa;10.4GPa;13.3GPa
310,12.799138,8,0.470588,2,12.8026,0.00190371,-5.84912e-05,0.00100111,2.36364,4,7,0,bump;matched;micro;raw;shoulder,2;3;5,2.3GPa;3.9GPa;5GPa;6.6GPa;8.5GPa;9.8GPa;13.3GPa;15.6GPa
311,12.831839,7,0.411765,2,12.8185,0.000111618,0.000225814,0.00518557,2.57143,4,3,0,bump;matched;micro;raw;residual;shoulder,2;5,0.7GPa;1.3GPa;3.9GPa;6.2GPa;8.5GPa;9.8GPa;12.8GPa
312,12.857159,6,0.352941,2,12.8606,0.00526466,0.000202661,0.0117177,2.16667,1,5,0,bump;matched;micro;raw;shoulder,2;5;8,0.7GPa;6.2GPa;8.5GPa;10.4GPa;12.8GPa;15.6GPa
313,12.898443,8,0.470588,2,12.8887,0.00696662,-5.4907e-05,0.0144088,2.8,8,2,0,bump;matched;micro;raw;residual;shoulder,2;3;5;8,0.7GPa;1GPa;1.5GPa;5GPa;6.6GPa;8.5GPa;12.8GPa;13.3GPa
314,12.913992,4,0.235294,2,12.9291,0.00159035,-0.000255636,0.0141969,2.4,2,3,0,bump;matched;micro;raw;residual;shoulder,2;5,1.3GPa;1.5GPa;3.9GPa;9.8GPa
315,12.953746,4,0.235294,1,12.945,0.000201742,0.000168918,0.00697415,2.4,2,3,0,matched;micro;raw;residual;shoulder,2;5;8,3.9GPa;7.4GPa;10.4GPa;13.3GPa
316,12.984518,6,0.352941,2,12.9766,0.00378593,-5.56363e-05,0.00203183,2.57143,4,3,0,bump;matched;micro;raw;residual;shoulder,2;3;5;8,2.3GPa;5GPa;7.4GPa;10.4GPa;13.3GPa;15.6GPa
317,13.025021,3,0.176471,1,13.0289,0.0109543,-0.00185736,0.00142671,2.66667,2,1,0,micro;raw;shoulder,,6.2GPa;10.4GPa;13.3GPa
318,13.056941,3,0.176471,2,13.0569,0,0.000102144,0.00143654,2,0,3,0,matched;micro;raw;shoulder,2,0.7GPa;1GPa;6.6GPa
319,13.087343,3,0.176471,1,13.1031,0,-0.000740282,0.00162673,2.4,2,3,0,bump;matched;micro;raw;residual;shoulder,2;8,2.3GPa;3.9GPa;8.5GPa
320,13.126742,5,0.294118,2,13.1271,0.00768347,-0.000649631,0.00319565,2.85714,6,1,0,bump;matched;micro;raw;residual;shoulder,3;5;8,0.7GPa;5GPa;8.5GPa;13.3GPa;15.6GPa
321,13.173823,13,0.764706,7,13.1691,0.0130597,-0.000994734,0.00601679,2.73684,14,5,0,bump;matched;micro;raw;residual;shoulder,2;3;5;8,0.7GPa;1.5GPa;2.3GPa;2.4GPa_decomp;3.9GPa;5GPa;6.2GPa;6.6GPa;8.5GPa;9.8GPa;10.4GPa;12.8GPa;13.3GPa
322,13.208500,9,0.529412,3,13.198,0.000828462,0.000190482,0.00474383,2.69231,9,4,0,bump;matched;micro;raw;residual;shoulder,2;3;8,1.3GPa;1.5GPa;2.4GPa_decomp;6.2GPa;7.4GPa;8.5GPa;9.8GPa;12.8GPa;15.6GPa
323,13.226833,6,0.352941,3,13.2296,0,0.000262674,0.00217751,2.5,3,3,0,bump;matched;micro;raw;shoulder,2;8,0.7GPa;2.4GPa_decomp;7.4GPa;8.5GPa;9.8GPa;12.8GPa
324,13.268590,7,0.411765,3,13.2722,0.00701169,0.000186993,0.00201628,2.5,4,4,0,bump;matched;micro;raw;residual;shoulder,2;8,0.7GPa;1GPa;1.3GPa;6.6GPa;7.4GPa;9.8GPa;13.3GPa
325,13.312011,6,0.352941,2,13.3094,0.0140234,0.000875403,0.00266608,2.42857,3,4,0,matched;micro;raw;shoulder,2;3;5,1.3GPa;1.5GPa;3.9GPa;6.2GPa;12.8GPa;15.6GPa
326,13.351751,8,0.470588,3,13.3459,0.00847864,0.00021333,0.00331355,2.8,8,2,0,bump;matched;micro;raw;residual;shoulder,3;5;8,0.7GPa;1GPa;1.3GPa;2.3GPa;3.9GPa;6.6GPa;7.4GPa;10.4GPa
327,13.384804,5,0.294118,2,13.3757,0.00375264,0.00154015,0.00605949,2.83333,5,1,0,bump;matched;micro;raw;residual;shoulder,2;3;5,1GPa;1.3GPa;2.3GPa;6.6GPa;7.4GPa
328,13.410347,7,0.411765,2,13.4216,0.002129,0.000841495,0.00710913,2.55556,5,4,0,bump;matched;micro;raw;residual;shoulder,2;3;5,0.7GPa;1.5GPa;6.2GPa;6.6GPa;8.5GPa;9.8GPa;15.6GPa
329,13.451058,3,0.176471,2,13.459,0.00790773,-0.00154527,0.00430048,2.75,3,1,0,matched;micro;residual,3;5,3.9GPa;8.5GPa;9.8GPa
330,13.494889,4,0.235294,2,13.4985,0.00683146,0.00134824,0.00674542,2,0,5,0,matched;micro;raw;shoulder,2,1GPa;1.3GPa;2.3GPa;10.4GPa
331,13.547301,5,0.294118,2,13.5337,0.0140234,0.00152576,0.012971,2.4,2,3,0,bump;matched;micro;raw;residual;shoulder,2;3;8,0.7GPa;1.3GPa;6.6GPa;13.3GPa;15.6GPa
332,13.577400,3,0.176471,1,13.5776,0.000884271,-0.000509021,0.0148954,2.5,2,2,0,bump;matched;micro;raw;residual;shoulder,2;5,1GPa;3.9GPa;10.4GPa
333,13.624605,4,0.235294,2,13.6092,0.00267636,0.000548648,0.0293738,2.75,3,1,0,bump;matched;micro;raw;residual;shoulder,2;3;5,1.3GPa;1.5GPa;5GPa;9.8GPa
334,13.654971,4,0.235294,1,13.6513,0.00701169,0.000155783,0.0248563,2.25,1,3,0,matched;micro;raw;shoulder,2,1GPa;6.6GPa;9.8GPa;15.6GPa
335,13.687771,5,0.294118,2,13.674,0.00150228,-0.000177374,0.0291753,3,5,0,0,bump;matched;micro;raw;residual;shoulder,2;3;8,0.7GPa;1GPa;2.3GPa;6.2GPa;10.4GPa
336,13.727006,8,0.470588,4,13.7357,0.00417864,-0.000350229,0.0221927,2.5,5,5,0,bump;matched;micro;raw;residual;shoulder,2;5,0.7GPa;1GPa;2.3GPa;3.9GPa;6.6GPa;7.4GPa;8.5GPa;9.8GPa
337,13.769559,8,0.470588,3,13.7721,0.0047731,0.00065655,0.0128756,2.44444,4,5,0,bump;matched;micro;raw;shoulder,2;3;5;8,1GPa;1.3GPa;1.5GPa;8.5GPa;9.8GPa;10.4GPa;13.3GPa;15.6GPa
338,13.814797,4,0.235294,1,13.8002,0.00118892,0.00134956,0.0202233,2.8,4,1,0,bump;matched;micro;raw;residual;shoulder,5;8,1.5GPa;6.6GPa;9.8GPa;12.8GPa
339,13.828375,2,0.117647,1,13.8294,0.00119763,0.000386333,0.0200964,3,2,0,0,bump;matched;shoulder,8,6.6GPa;12.8GPa
340,13.860063,7,0.411765,2,13.8703,0.00777154,-0.000106932,0.0154942,2.22222,2,7,0,bump;matched;micro;raw;residual;shoulder,2;5;8,0.7GPa;1.5GPa;2.3GPa;3.9GPa;5GPa;6.6GPa;10.4GPa
341,13.923019,5,0.294118,2,13.9124,0.0131478,-0.000191665,0.00389244,2.2,1,4,0,bump;matched;micro;raw;residual;shoulder,2;3;5,3.9GPa;6.2GPa;6.6GPa;8.5GPa;15.6GPa
342,13.950580,9,0.529412,3,13.9571,0.0113148,0.000756485,0.00423044,2.27273,3,8,0,bump;matched;micro;raw;residual;shoulder,2;3,0.7GPa;1GPa;2.3GPa;2.4GPa_decomp;3.9GPa;7.4GPa;10.4GPa;13.3GPa;15.6GPa
343,13.998443,4,0.235294,1,13.9965,0,0.000862038,0.00499633,2.25,1,3,0,matched;micro;raw;shoulder,2;3,0.7GPa;6.6GPa;10.4GPa;15.6GPa
344,14.030919,5,0.294118,3,14.0246,0.00414638,-0.00153503,0.00634334,2.6,3,2,0,bump;matched;micro;raw;residual;shoulder,2;5,0.7GPa;1GPa;1.3GPa;5GPa;9.8GPa
345,14.061432,7,0.411765,2,14.0526,0.000281101,-0.000769863,0.00586916,2.5,4,4,0,bump;matched;micro;raw;shoulder,3;8,0.7GPa;1.5GPa;2.4GPa_decomp;6.2GPa;10.4GPa;13.3GPa;15.6GPa
346,14.093080,5,0.294118,2,14.0947,0.00481407,0.000833217,0.0155518,3,7,0,0,bump;matched;raw;residual,5;8,1.3GPa;1.5GPa;6.2GPa;7.4GPa;8.5GPa
347,14.135506,14,0.823529,5,14.1311,0.00562512,0.000704222,0.0181036,2.8,16,4,0,bump;matched;micro;raw;residual;shoulder,2;3;5;8,0.7GPa;1GPa;1.3GPa;2.3GPa;2.4GPa_decomp;5GPa;6.2GPa;6.6GPa;7.4GPa;8.5GPa;10.4GPa;12.8GPa;13.3GPa;15.6GPa
348,14.174773,3,0.176471,2,14.1638,0.00102047,0.00158448,0.0147417,3,4,0,0,bump;matched;residual,5;8,9.8GPa;12.8GPa;13.3GPa
349,14.196527,11,0.647059,5,14.2102,0.010688,-0.000244241,0.00836899,2.1875,3,13,0,bump;matched;micro;raw;residual;shoulder,2;5;8,0.7GPa;1.3GPa;2.3GPa;6.2GPa;6.6GPa;7.4GPa;9.8GPa;10.4GPa;12.8GPa;13.3GPa;15.6GPa
350,14.246781,4,0.235294,1,14.2497,0.00790773,0.000103536,0.00696414,2.33333,2,4,0,bump;matched;micro;raw;residual;shoulder,2;3;8,1GPa;1.5GPa;3.9GPa;7.4GPa
351,14.288131,3,0.176471,1,14.2831,0.0061479,-0.00177292,0.00430791,2.5,2,2,0,matched;micro;raw;shoulder,2,1GPa;2.3GPa;6.6GPa
352,14.328387,4,0.235294,2,14.3331,0.0121668,7.90789e-06,0.00131506,3,5,0,0,bump;matched;micro;raw;residual;shoulder,2;3;8,5GPa;10.4GPa;13.3GPa;15.6GPa
353,14.376814,5,0.294118,3,14.3751,0.00790773,0.000625878,0.00160973,3,6,0,0,bump;matched;micro;raw;residual;shoulder,2;3;5,0.7GPa;5GPa;6.2GPa;6.6GPa;10.4GPa
354,14.403126,3,0.176471,1,14.4032,0,0.000241739,0.00127527,2.66667,2,1,0,bump;micro;raw;shoulder,,1.5GPa;10.4GPa;15.6GPa
355,14.460645,5,0.294118,2,14.4534,0.00899272,-0.00115277,0.0167156,2.66667,4,2,0,matched;micro;raw;residual;shoulder,5;8,1GPa;2.3GPa;5GPa;13.3GPa;15.6GPa
356,14.486595,8,0.470588,2,14.4873,0.00826922,-0.000230961,0.0423474,2.55556,5,4,0,bump;matched;micro;raw;residual;shoulder,2;5;8,1GPa;1.3GPa;3.9GPa;6.2GPa;6.6GPa;10.4GPa;13.3GPa;15.6GPa
357,14.525284,4,0.235294,1,14.5265,0,-0.000294321,0.0549271,2.8,4,1,0,bump;matched;micro;raw;residual;shoulder,3;5;8,1.5GPa;2.4GPa_decomp;7.4GPa;13.3GPa
358,14.543351,5,0.294118,3,14.5423,0,0.000109748,0.053175,2.4,2,3,0,bump;matched;micro;raw;residual;shoulder,3;8,2.4GPa_decomp;5GPa;6.2GPa;6.6GPa;13.3GPa
359,14.589767,4,0.235294,2,14.5898,0,0.00141747,0.0545821,2.6,3,2,0,bump;matched;micro;raw;residual;shoulder,3;5,2.3GPa;3.9GPa;8.5GPa;9.8GPa
360,14.607573,7,0.411765,3,14.6056,0,-0.000290373,0.0544624,2.625,5,3,0,bump;matched;micro;raw;residual;shoulder,2;3;5;8,1GPa;1.3GPa;2.3GPa;5GPa;8.5GPa;9.8GPa;10.4GPa
361,14.645699,4,0.235294,1,14.6416,0.00437168,0.000241315,0.0410353,2.8,4,1,0,bump;matched;micro;raw;residual;shoulder,2;5;8,0.7GPa;2.3GPa;3.9GPa;12.8GPa
362,14.684595,2,0.117647,1,14.6696,0.000787493,-0.00139613,0.020893,2,0,3,0,matched;micro;raw;shoulder,2,1.5GPa;6.6GPa
363,14.704957,4,0.235294,1,14.7005,0.00279669,-0.00107128,0.0142723,2.6,3,2,0,bump;matched;micro;raw;residual;shoulder,3;5;8,1.3GPa;3.9GPa;10.4GPa;15.6GPa
364,14.746793,6,0.352941,2,14.7479,0.00585041,-0.00108321,0.0108163,3,6,0,0,matched;micro;raw;shoulder,2;3;5;8,0.7GPa;1GPa;3.9GPa;5GPa;10.4GPa;13.3GPa
365,14.767833,3,0.176471,1,14.7658,0.00202916,-0.000308012,0.0238154,3,4,0,0,bump;matched;micro;raw;residual;shoulder,5;8,1GPa;5GPa;13.3GPa
366,14.811073,6,0.352941,2,14.8105,0.00701169,0.000649842,0.0293196,2.66667,4,2,0,bump;matched;micro;raw;residual;shoulder,2;5,1GPa;1.3GPa;6.2GPa;10.4GPa;13.3GPa;15.6GPa
367,14.856921,5,0.294118,2,14.8519,0.00669423,0.000170729,0.0171848,2.6,3,2,0,bump;matched;micro;raw;shoulder,2;3;5,0.7GPa;1GPa;1.5GPa;7.4GPa;15.6GPa
368,14.874469,6,0.352941,2,14.88,0.00553705,0.000833722,0.0106059,2.57143,4,3,0,matched;micro;raw;residual;shoulder,5;8,1.3GPa;1.5GPa;3.9GPa;7.4GPa;10.4GPa;13.3GPa
369,14.907328,3,0.176471,2,14.908,0.00195286,0.00376838,0.0052135,2.66667,2,1,0,bump;matched;micro;raw;residual;shoulder,2;3,8.5GPa;10.4GPa;12.8GPa
370,14.953430,4,0.235294,1,14.9535,0.00961944,0.000316957,0.00810056,2.75,6,2,0,bump;matched;micro;raw;shoulder,2;3;5,2.3GPa;9.8GPa;12.8GPa;15.6GPa
371,14.992362,2,0.117647,1,14.9852,0,-0.00134029,0.0059404,2.66667,2,1,0,bump;matched;micro;raw;residual;shoulder,5;8,3.9GPa;9.8GPa
372,15.021803,4,0.235294,2,15.0202,0.0034316,-0.000356689,0.00522294,2.5,3,3,0,bump;matched;micro;raw;residual;shoulder,2;3;8,0.7GPa;1GPa;1.5GPa;10.4GPa
373,15.058301,6,0.352941,4,15.0484,0,0.00138363,0.0068944,2.57143,4,3,0,bump;matched;micro;raw;residual;shoulder,3;5;8,1GPa;1.3GPa;1.5GPa;2.3GPa;3.9GPa;5GPa
374,15.089471,3,0.176471,1,15.08,0.00373677,-0.000923428,0.00913377,3,5,0,0,bump;matched;micro;raw;residual;shoulder,3;5;8,2.4GPa_decomp;5GPa;15.6GPa
375,15.128994,8,0.470588,4,15.1184,0.00670242,0.000421681,0.0102625,2.54545,6,5,0,bump;matched;micro;raw;residual;shoulder,2;3;8,2.3GPa;2.4GPa_decomp;6.2GPa;6.6GPa;7.4GPa;8.5GPa;10.4GPa;15.6GPa
376,15.144074,3,0.176471,2,15.1464,0.00311824,-0.00166576,0.00968715,2.66667,2,1,0,bump;matched;micro;raw;residual;shoulder,2;5,0.7GPa;1GPa;6.2GPa
377,15.182746,4,0.235294,2,15.1966,0.0099328,0.000362392,0.00476379,2.625,5,3,0,bump;matched;micro;raw;residual;shoulder,5;8,1GPa;7.4GPa;8.5GPa;10.4GPa
378,15.224341,8,0.470588,3,15.2382,0.00638906,-0.000303507,0.00173011,2.54545,6,5,0,bump;matched;micro;raw;residual;shoulder,2;3;8,0.7GPa;1.3GPa;1.5GPa;2.3GPa;7.4GPa;8.5GPa;13.3GPa;15.6GPa
379,15.260242,1,0.0588235,1,15.2619,0.00790773,,0.00391698,3,2,0,0,matched;micro;raw,3;5,8.5GPa
380,15.310089,8,0.470588,3,15.3015,0.00829739,-0.000566229,0.00447543,2.4,4,6,0,bump;matched;micro;raw;residual;shoulder,2;3;5;8,0.7GPa;1GPa;2.3GPa;3.9GPa;9.8GPa;12.8GPa;13.3GPa;15.6GPa
381,15.334081,5,0.294118,1,15.3331,0,-0.00054973,0.00351688,2.5,3,3,0,matched;micro;raw;residual;shoulder,2;3;5;8,1GPa;5GPa;9.8GPa;12.8GPa;15.6GPa
382,15.374653,4,0.235294,2,15.3805,0.00428361,0.000732255,0.00338885,2.6,3,2,0,bump;matched;micro;raw;residual;shoulder,3;5,0.7GPa;1GPa;2.3GPa;15.6GPa
383,15.415373,9,0.529412,5,15.4122,0.00701169,2.95449e-05,0.0015437,2.66667,8,4,0,bump;matched;micro;raw;residual;shoulder,2;3;5;8,0.7GPa;1GPa;1.3GPa;1.5GPa;2.3GPa;3.9GPa;7.4GPa;10.4GPa;15.6GPa
384,15.450470,4,0.235294,1,15.4549,0.0111386,0.00106866,0.00174557,2.4,2,3,0,matched;micro;raw;shoulder,2;3,2.3GPa;3.9GPa;10.4GPa;13.3GPa
385,15.505252,5,0.294118,2,15.4941,0.0111422,0.000311604,0.00168377,2.66667,4,2,0,bump;matched;micro;raw;residual;shoulder,2;3;5,1.3GPa;5GPa;6.6GPa;13.3GPa;15.6GPa
386,15.554339,3,0.176471,1,15.5538,0.000703013,0.000898609,0.00201891,2.5,2,2,0,bump;matched;micro;raw;shoulder,3;5,2.3GPa;6.2GPa;10.4GPa
387,15.575398,3,0.176471,1,15.5812,0.00249511,-3.99513e-05,0.00542357,3,4,0,0,matched;micro;raw;residual;shoulder,2;3;5,0.7GPa;6.2GPa;10.4GPa
388,15.620579,7,0.411765,2,15.6336,0.00365689,0.000758218,0.00662337,2.44444,4,5,0,bump;matched;micro;raw;residual;shoulder,2;3;5;8,1GPa;2.3GPa;3.9GPa;6.6GPa;7.4GPa;10.4GPa;15.6GPa
389,15.665225,9,0.529412,2,15.6652,7.27048e-05,0.000197102,0.0241072,2.33333,3,6,0,bump;matched;micro;raw;residual;shoulder,2;5;8,0.7GPa;1.5GPa;3.9GPa;5GPa;6.6GPa;7.4GPa;9.8GPa;13.3GPa;15.6GPa
390,15.718030,7,0.411765,3,15.7127,0.0087198,-0.000502577,0.153472,2.54545,6,5,0,matched;micro;raw;residual;shoulder,3;5,0.7GPa;1.3GPa;3.9GPa;6.2GPa;7.4GPa;8.5GPa;9.8GPa
391,15.744307,5,0.294118,2,15.7443,0,2.36311e-05,0.153972,2.8,4,1,0,bump;matched;micro;raw;residual;shoulder,2;5,2.3GPa;5GPa;6.6GPa;8.5GPa;9.8GPa
392,15.794869,4,0.235294,1,15.7916,0.000120328,-0.00089784,0.071552,2.5,2,2,0,matched;micro;raw;shoulder,2;3;5,1.3GPa;6.2GPa;10.4GPa;15.6GPa
393,15.819612,5,0.294118,3,15.8392,0.00840644,-0.00180807,0.0331251,2.4,2,3,0,bump;matched;micro;raw;shoulder,3,0.7GPa;1GPa;8.5GPa;9.8GPa;10.4GPa
394,15.855656,5,0.294118,2,15.8616,0.00661435,0.00121677,0.00392286,2.2,1,4,0,bump;matched;micro;raw;residual;shoulder,2;5,1.5GPa;3.9GPa;6.6GPa;7.4GPa;10.4GPa
395,15.902410,4,0.235294,1,15.8945,0.00790773,0.00154212,0.00657076,2,0,4,0,bump;matched;micro;raw;shoulder,2,1GPa;1.5GPa;8.5GPa;13.3GPa
396,15.934987,7,0.411765,4,15.9329,0.0137464,0.000141741,0.00743892,2.5,4,4,0,bump;matched;micro;raw;residual;shoulder,2;3;5;8,0.7GPa;1GPa;1.3GPa;1.5GPa;5GPa;12.8GPa;15.6GPa
397,15.974314,7,0.411765,2,15.9738,0.00790773,0.000738911,0.00645447,2.625,5,3,0,bump;matched;micro;raw;residual;shoulder,2;3;5;8,0.7GPa;2.3GPa;2.4GPa_decomp;6.2GPa;6.6GPa;10.4GPa;13.3GPa
398,16.015792,3,0.176471,3,16.0132,0.00271681,0.0037078,0.00442415,2.33333,1,2,0,bump;matched;micro;raw;shoulder,2,1.3GPa;1.5GPa;2.3GPa
399,16.051976,8,0.470588,2,16.0514,0.00834142,0.00029338,0.00486834,2.5,5,5,0,bump;matched;micro;raw;residual;shoulder,2;3;5;8,0.7GPa;1GPa;2.3GPa;3.9GPa;7.4GPa;8.5GPa;10.4GPa;15.6GPa
400,16.090863,4,0.235294,3,16.0922,0.00388986,0.000702171,0.00464656,2.66667,4,2,0,bump;matched;micro;raw;residual;shoulder,5;8,1.5GPa;8.5GPa;9.8GPa;10.4GPa
401,16.129739,7,0.411765,2,16.1397,0.00120172,0.000382108,0.00360651,2.375,3,5,0,bump;matched;micro;raw;shoulder,2;3;5,1GPa;2.3GPa;3.9GPa;5GPa;6.6GPa;12.8GPa;13.3GPa
402,16.163127,4,0.235294,1,16.1634,0.00790773,-0.000114577,0.00382461,2.5,3,3,0,bump;matched;micro;raw;residual;shoulder,3;5;8,1GPa;1.5GPa;3.9GPa;12.8GPa
403,16.195521,4,0.235294,2,16.2029,0.00925846,0.00139055,0.00709482,2.8,4,1,0,matched;micro;raw;residual;shoulder,2;3;5;8,1.5GPa;2.3GPa;5GPa;15.6GPa
404,16.224914,4,0.235294,1,16.2262,0,0.000309317,0.00913409,2.5,2,2,0,bump;matched;micro;raw;residual;shoulder,2;5,0.7GPa;1.5GPa;10.4GPa;13.3GPa
405,16.272369,6,0.352941,3,16.282,0.000148998,0.000726433,0.00937616,2.5,3,3,0,bump;matched;micro;raw;residual;shoulder,2;3;8,1.3GPa;2.3GPa;2.4GPa_decomp;3.9GPa;6.2GPa;15.6GPa
406,16.308298,6,0.352941,3,16.3174,0.00955083,-0.00112537,0.00744778,2.16667,1,5,0,bump;matched;micro;raw;residual;shoulder,2;5,6.2GPa;6.6GPa;7.4GPa;9.8GPa;13.3GPa;15.6GPa
407,16.339968,5,0.294118,2,16.3453,0,-0.000838754,0.00459145,2.2,1,4,0,matched;micro;raw;shoulder,2,1.5GPa;5GPa;6.2GPa;9.8GPa;15.6GPa
408,16.380408,3,0.176471,2,16.3805,0.00356882,0.00166201,0.00211919,2.33333,1,2,0,bump;matched;micro;raw;residual;shoulder,3;8,1GPa;6.2GPa;6.6GPa
409,16.420397,6,0.352941,2,16.4156,0.00701169,0.000407059,0.00317743,2.5,4,4,0,bump;matched;micro;raw;residual;shoulder,2;3;8,1.5GPa;3.9GPa;6.6GPa;8.5GPa;9.8GPa;13.3GPa
410,16.450294,4,0.235294,1,16.4506,0.0104238,0.00137338,0.00290089,2.6,3,2,0,bump;matched;micro;raw;residual;shoulder,2;3;8,0.7GPa;2.3GPa;10.4GPa;15.6GPa
411,16.494941,4,0.235294,1,16.4901,0.00790773,0.00132259,0.00328471,2.66667,4,2,0,bump;matched;micro;raw;residual;shoulder,5;8,5GPa;7.4GPa;10.4GPa;13.3GPa
412,16.534735,4,0.235294,1,16.5277,0.00701169,0.00120627,0.00410952,2.5,2,2,0,matched;micro;raw;residual;shoulder,3,0.7GPa;1.3GPa;6.2GPa;13.3GPa
413,16.558998,4,0.235294,3,16.5568,0.00701169,-0.000456902,0.00554762,2.5,3,3,0,bump;matched;micro;raw;shoulder,2;3;5;8,6.2GPa;12.8GPa;13.3GPa;15.6GPa
414,16.598284,5,0.294118,2,16.5825,0,0.000295782,0.00404592,2.33333,2,4,0,bump;matched;micro;raw;residual;shoulder,5,1GPa;1.5GPa;2.3GPa;7.4GPa;12.8GPa
415,16.618267,5,0.294118,2,16.6189,0.00473419,0.000344427,0.00480483,2.57143,4,3,0,bump;matched;micro;raw;shoulder,2;3;5,0.7GPa;2.3GPa;2.4GPa_decomp;7.4GPa;8.5GPa
416,16.649218,6,0.352941,2,16.661,0.000642083,-0.0003569,0.00357578,2.5,3,3,0,bump;matched;micro;raw;residual;shoulder,2;8,1GPa;1.3GPa;2.3GPa;3.9GPa;8.5GPa;10.4GPa
417,16.692989,4,0.235294,2,16.689,0.00422627,0.000185007,0.00288407,2.8,4,1,0,bump;matched;micro;raw;residual;shoulder,2;8,0.7GPa;1GPa;5GPa;9.8GPa
418,16.722747,6,0.352941,2,16.717,0.00781045,-0.000507743,0.00244789,3,7,0,0,bump;matched;micro;raw;residual;shoulder,2;3;5,1GPa;1.5GPa;3.9GPa;10.4GPa;12.8GPa;15.6GPa
419,16.744461,7,0.411765,3,16.7407,0,-0.00010143,0.00266813,2.55556,5,4,0,matched;micro;raw;residual;shoulder,2;3;8,1GPa;1.3GPa;1.5GPa;3.9GPa;6.2GPa;12.8GPa;15.6GPa
420,16.779132,5,0.294118,1,16.7881,0.0130679,-0.00160783,0.00248238,2.4,2,3,0,matched;micro;raw;shoulder,2;3,0.7GPa;1.3GPa;2.3GPa;7.4GPa;15.6GPa
421,16.835319,4,0.235294,1,16.8324,0.0108575,0.000285895,0.000438381,2.66667,4,2,0,matched;micro;raw;shoulder,5;8,1.3GPa;2.3GPa;6.6GPa;10.4GPa
422,16.853276,7,0.411765,4,16.8672,0.00410747,-0.000876067,0.000519313,2.375,3,5,0,matched;micro;raw;shoulder,2;3;5,0.7GPa;2.3GPa;3.9GPa;6.2GPa;6.6GPa;7.4GPa;8.5GPa
423,16.883130,4,0.235294,2,16.8842,0.00115769,0.000973514,0.000689887,2.25,1,3,0,matched;raw;residual;shoulder,2;3,2.3GPa;6.2GPa;13.3GPa;15.6GPa
424,16.920515,7,0.411765,3,16.9274,0.0030609,-0.00055545,0.000610428,2.22222,2,7,0,matched;micro;raw;shoulder,2;3;8,1GPa;1.3GPa;2.3GPa;2.4GPa_decomp;3.9GPa;6.6GPa;9.8GPa
425,16.964495,4,0.235294,2,16.9779,0.0055862,-0.0027745,0.0016565,2.8,4,1,0,bump;matched;micro;raw;residual;shoulder,3;5,1.3GPa;1.5GPa;3.9GPa;10.4GPa
426,17.006472,8,0.470588,3,17.0035,0.0080127,0.000711654,0.00267667,2.8,8,2,0,bump;matched;micro;raw;residual;shoulder,2;3;5;8,0.7GPa;1.3GPa;3.9GPa;5GPa;6.2GPa;7.4GPa;13.3GPa;15.6GPa
427,17.048059,6,0.352941,2,17.057,0.0106491,0.00181877,0.00306128,2.42857,3,4,0,bump;matched;micro;raw;residual;shoulder,3;5;8,0.7GPa;1GPa;5GPa;7.4GPa;9.8GPa;10.4GPa
428,17.094195,5,0.294118,2,17.0886,0.00706494,-0.00139306,0.00188713,2.6,3,2,0,bump;matched;micro;raw;residual;shoulder,2;5,1.5GPa;2.3GPa;5GPa;6.6GPa;7.4GPa
429,17.108903,3,0.176471,2,17.1123,0.00790773,0.00138004,0.00193762,2.5,2,2,0,bump;matched;micro;raw;residual;shoulder,3;5,1.5GPa;7.4GPa;8.5GPa
430,17.136900,4,0.235294,2,17.1518,0.000103432,-0.000704302,0.00115632,2.4,2,3,0,bump;matched;micro;raw;shoulder,2,2.3GPa;9.8GPa;13.3GPa;15.6GPa
431,17.181892,10,0.588235,7,17.1835,0.0103358,-0.000393759,0.00225573,2.63636,7,4,0,bump;matched;micro;raw;residual;shoulder,3;5;8,1.3GPa;2.3GPa;3.9GPa;7.4GPa;8.5GPa;9.8GPa;10.4GPa;12.8GPa;13.3GPa;15.6GPa
432,17.221147,8,0.470588,3,17.2219,0.00790773,0.000602712,0.00183914,2.5,5,5,0,bump;matched;micro;raw;residual;shoulder,2;3;5;8,0.7GPa;1GPa;1.3GPa;7.4GPa;8.5GPa;10.4GPa;12.8GPa;13.3GPa
433,17.266105,9,0.529412,4,17.264,0.0140234,0.000618663,0.00223702,2.45455,5,6,0,bump;matched;micro;raw;residual;shoulder,3;5,0.7GPa;1GPa;1.3GPa;1.5GPa;2.4GPa_decomp;9.8GPa;12.8GPa;13.3GPa;15.6GPa
434,17.309352,6,0.352941,3,17.306,0.0118145,0.000592086,0.0116162,2.42857,3,4,0,bump;matched;micro;raw;shoulder,2;5;8,1GPa;1.3GPa;3.9GPa;12.8GPa;13.3GPa;15.6GPa
435,17.325843,1,0.0588235,1,17.3258,0,,0.0160239,3,1,0,0,residual,,3.9GPa
436,17.356977,3,0.176471,1,17.3481,0,-0.000167422,0.0197696,3,3,0,0,bump;matched;micro;raw;residual;shoulder,3;5,0.7GPa;5GPa;15.6GPa
437,17.379604,2,0.117647,1,17.3832,0.00701169,0.00237684,0.024651,2.5,1,1,0,matched;micro;raw;shoulder,2,0.7GPa;6.6GPa
438,17.420556,4,0.235294,2,17.4125,0.00827281,0.000789354,0.0285546,2.5,2,2,0,bump;matched;micro;raw;residual;shoulder,2;5,1.3GPa;6.2GPa;10.4GPa;12.8GPa
439,17.449111,2,0.117647,1,17.4445,0.00790773,-0.00150623,0.0217049,3,2,0,0,bump;micro;shoulder,,2.3GPa;12.8GPa
440,17.473536,9,0.529412,4,17.484,0.00433276,0.000178941,0.0190939,2.9,9,1,0,bump;matched;micro;raw;residual;shoulder,3;5;8,0.7GPa;1GPa;1.3GPa;2.3GPa;7.4GPa;8.5GPa;9.8GPa;10.4GPa;13.3GPa
441,17.503778,8,0.470588,2,17.4998,0,0.000350487,0.0138695,2.77778,7,2,0,bump;matched;micro;raw;residual;shoulder,2;3;5;8,1GPa;1.5GPa;3.9GPa;6.6GPa;8.5GPa;9.8GPa;12.8GPa;15.6GPa
442,17.534510,3,0.176471,2,17.5379,0.00648993,0.0031853,0.00467595,2.75,3,1,0,bump;matched;micro;raw;shoulder,2;5,9.8GPa;12.8GPa;13.3GPa
443,17.578905,3,0.176471,1,17.5789,0,0.000306501,0.000790622,2.33333,1,2,0,bump;matched;micro;raw,3,5GPa;9.8GPa;12.8GPa
444,17.613207,5,0.294118,3,17.6145,0.0040194,-0.000914392,0.00281537,2.8,4,1,0,bump;matched;micro;raw;residual;shoulder,2;5;8,0.7GPa;1.3GPa;9.8GPa;10.4GPa;12.8GPa
445,17.651632,4,0.235294,1,17.6424,0.00021761,0.000701453,0.00397988,2.25,1,3,0,bump;matched;micro;raw;residual;shoulder,3;5;8,0.7GPa;6.2GPa;12.8GPa;15.6GPa
446,17.678080,5,0.294118,1,17.6847,0.0140234,5.70202e-05,0.00384456,2.28571,2,5,0,matched;micro;raw;residual;shoulder,2;3;8,0.7GPa;1.3GPa;8.5GPa;10.4GPa;13.3GPa
447,17.736115,6,0.352941,2,17.737,0.00370604,-0.00239937,0.00203858,2.57143,4,3,0,bump;matched;micro;raw;residual;shoulder,2;3;8,0.7GPa;1.3GPa;1.5GPa;3.9GPa;6.6GPa;7.4GPa
448,17.768766,3,0.176471,1,17.7687,0.00012186,-0.00140306,0.00402661,2.33333,1,2,0,matched;micro;shoulder,2,0.7GPa;5GPa;12.8GPa
449,17.795127,8,0.470588,3,17.7845,0,-0.000752285,0.00513325,2.81818,9,2,0,bump;matched;micro;raw;residual;shoulder,2;5;8,1GPa;2.3GPa;2.4GPa_decomp;5GPa;7.4GPa;9.8GPa;10.4GPa;12.8GPa
450,17.820944,7,0.411765,2,17.8284,0.0105001,0.000902088,0.00572984,2.625,5,3,0,matched;micro;raw;residual;shoulder,2;3;5;8,1GPa;2.3GPa;5GPa;6.2GPa;10.4GPa;13.3GPa;15.6GPa
451,17.878469,7,0.411765,3,17.867,0.0124228,0.000568849,0.00650938,2.55556,5,4,0,bump;matched;micro;raw;residual;shoulder,2;5;8,0.7GPa;1.5GPa;5GPa;6.2GPa;12.8GPa;13.3GPa;15.6GPa
452,17.918144,6,0.352941,2,17.917,0.00601989,-0.000888476,0.0073708,2.875,7,1,0,matched;micro;raw;shoulder,2;3;5,0.7GPa;1.3GPa;6.2GPa;7.4GPa;13.3GPa;15.6GPa
453,17.950069,6,0.352941,3,17.9426,0.00556778,-0.000471306,0.00713957,2.44444,4,5,0,bump;matched;micro;raw;residual;shoulder,2;5;8,2.3GPa;3.9GPa;6.6GPa;7.4GPa;8.5GPa;10.4GPa
454,17.985826,8,0.470588,3,17.9916,0.00790773,0.000281445,0.00726238,2.3,3,7,0,bump;matched;micro;raw;residual;shoulder,2;3;8,0.7GPa;1GPa;1.5GPa;5GPa;7.4GPa;9.8GPa;10.4GPa;12.8GPa
455,18.038674,7,0.411765,2,18.0493,0.00408904,-0.000822917,0.00453189,2.28571,2,5,0,matched;micro;raw;shoulder,2;3,1GPa;1.3GPa;2.3GPa;3.9GPa;10.4GPa;13.3GPa;15.6GPa
456,18.091791,7,0.411765,2,18.0961,0.00929071,0.000444669,0.000581572,2.5,4,4,0,bump;matched;micro;raw;shoulder,2;5,0.7GPa;1.5GPa;2.3GPa;6.2GPa;6.6GPa;12.8GPa;15.6GPa
457,18.118190,2,0.117647,1,18.118,0.00138298,0.00145577,0.000346761,2,0,2,0,raw;shoulder,,8.5GPa;10.4GPa
458,18.150338,3,0.176471,1,18.1549,0.00701169,0.0010685,0.00042812,2.5,2,2,0,bump;matched;micro;raw;shoulder,2;5,0.7GPa;1.3GPa;3.9GPa
459,18.194416,9,0.529412,2,18.1926,0.0109261,0.000896664,0.00096376,2.6,6,4,0,bump;matched;micro;raw;residual;shoulder,2;3;5,0.7GPa;1GPa;2.3GPa;3.9GPa;5GPa;6.6GPa;10.4GPa;12.8GPa;15.6GPa
460,18.225177,6,0.352941,2,18.2224,0.00488934,0.000264467,0.00364483,2.625,5,3,0,bump;matched;micro;raw;residual;shoulder,3;8,1GPa;5GPa;6.2GPa;8.5GPa;9.8GPa;13.3GPa
461,18.263288,7,0.411765,2,18.2593,0.00701169,-0.00167518,0.013073,2.625,5,3,0,bump;matched;micro;raw;residual;shoulder,2;5;8,0.7GPa;1.5GPa;5GPa;6.6GPa;9.8GPa;10.4GPa;13.3GPa
462,18.306453,5,0.294118,1,18.3064,0.00930761,0.000819079,0.0160067,2.4,2,3,0,bump;matched;micro;raw;residual;shoulder,2;5,1.3GPa;3.9GPa;6.2GPa;12.8GPa;15.6GPa
463,18.323915,6,0.352941,2,18.3438,0.010092,-0.000398389,0.0159657,2.42857,3,4,0,bump;matched;micro;raw;shoulder,2;3,1GPa;2.3GPa;5GPa;6.2GPa;7.4GPa;13.3GPa
464,18.374682,4,0.235294,3,18.3707,0.00106962,0.00168467,0.0147273,2.75,3,1,0,matched;micro;raw;residual;shoulder,2;5,2.3GPa;6.6GPa;7.4GPa;8.5GPa
465,18.401296,3,0.176471,1,18.4013,0.00144494,-0.00122171,0.0106552,2.33333,1,2,0,bump;matched;micro;raw;residual;shoulder,5,1.5GPa;8.5GPa;15.6GPa
466,18.440405,7,0.411765,5,18.4487,0.00682122,0.000327985,0.0103394,2.66667,6,3,0,bump;matched;micro;raw;residual;shoulder,3;5;8,0.7GPa;1GPa;1.3GPa;1.5GPa;2.3GPa;9.8GPa;10.4GPa
467,18.469820,7,0.411765,3,18.4804,0.00361798,0.000417812,0.00985096,3,9,0,0,bump;matched;micro;raw;residual;shoulder,2;3;8,1GPa;1.5GPa;2.3GPa;2.4GPa_decomp;5GPa;9.8GPa;15.6GPa
468,18.500920,8,0.470588,4,18.5041,0.00790773,0.00161425,0.00717333,2.625,5,3,0,bump;matched;micro;raw;residual;shoulder,3;5;8,1.5GPa;2.4GPa_decomp;3.9GPa;5GPa;6.2GPa;7.4GPa;10.4GPa;12.8GPa
469,18.538234,5,0.294118,2,18.5419,0.00701169,0.000323436,0.00379714,2.33333,2,4,0,bump;matched;micro;raw;residual;shoulder,2;8,2.3GPa;5GPa;6.6GPa;12.8GPa;13.3GPa
470,18.565381,4,0.235294,1,18.5753,0,4.78924e-05,0.00208497,2.2,1,4,0,bump;matched;micro;raw;residual;shoulder,2;3,0.7GPa;2.3GPa;6.2GPa;7.4GPa
471,18.601425,8,0.470588,4,18.5962,0.00509671,-7.16154e-05,0.00144268,2.375,3,5,0,bump;matched;micro;raw;shoulder,2;3;5,2.3GPa;5GPa;6.2GPa;6.6GPa;7.4GPa;10.4GPa;13.3GPa;15.6GPa
472,18.624088,6,0.352941,2,18.6235,0.000756262,0.000590868,0.000844245,2.16667,1,5,0,bump;matched;micro;raw;residual;shoulder,2;8,1.3GPa;1.5GPa;6.2GPa;7.4GPa;8.5GPa;10.4GPa
473,18.663778,5,0.294118,2,18.6543,0.00207166,0.00080117,0.00866209,2.42857,3,4,0,bump;matched;micro;raw;residual;shoulder,2;3;5;8,0.7GPa;7.4GPa;8.5GPa;10.4GPa;13.3GPa
474,18.691161,5,0.294118,2,18.686,0.00565584,-0.000601993,0.0232288,2.5,3,3,0,matched;micro;raw;shoulder,2;3;5,1GPa;5GPa;10.4GPa;13.3GPa;15.6GPa
475,18.733403,5,0.294118,2,18.7224,0.00478335,0.000722175,0.0299655,2.6,3,2,0,bump;matched;raw;shoulder,2,1GPa;1.3GPa;3.9GPa;12.8GPa;13.3GPa
476,18.749774,7,0.411765,3,18.7574,0.00730815,-0.000495979,0.031054,2.625,5,3,0,bump;matched;micro;raw;residual;shoulder,2;3;8,0.7GPa;1.3GPa;1.5GPa;2.3GPa;6.6GPa;10.4GPa;12.8GPa
477,18.779865,6,0.352941,2,18.7888,0.00790773,0.000374211,0.0285403,2.5,3,3,0,matched;micro;raw;shoulder,2,1.5GPa;2.3GPa;5GPa;9.8GPa;10.4GPa;15.6GPa
478,18.817388,6,0.352941,2,18.8206,0.0077613,0.000467,0.0270311,2.28571,2,5,0,bump;matched;micro;raw;residual;shoulder,3,1GPa;1.3GPa;5GPa;8.5GPa;10.4GPa;15.6GPa
479,18.850384,7,0.411765,3,18.8599,0.0026779,0.000288932,0.00909472,2.42857,3,4,0,bump;matched;micro;raw;shoulder,2;5,0.7GPa;5GPa;6.2GPa;6.6GPa;9.8GPa;10.4GPa;15.6GPa
480,18.880227,6,0.352941,3,18.8758,0,9.18204e-05,0.0157974,2.71429,5,2,0,bump;matched;micro;raw;residual;shoulder,2;3;5;8,3.9GPa;5GPa;6.2GPa;9.8GPa;10.4GPa;15.6GPa
481,18.918048,9,0.529412,4,18.9232,0.00701169,-0.000408554,0.000916391,2.57143,8,6,0,bump;matched;micro;raw;residual;shoulder,2;3;5;8,0.7GPa;1GPa;1.3GPa;1.5GPa;6.2GPa;7.4GPa;8.5GPa;9.8GPa;13.3GPa
482,18.946395,10,0.588235,3,18.939,0,-0.000494772,0.000470656,2.58333,7,5,0,matched;micro;raw;residual;shoulder,2;3;5;8,0.7GPa;1GPa;1.5GPa;2.3GPa;3.9GPa;5GPa;6.2GPa;7.4GPa;8.5GPa;9.8GPa
483,18.989525,9,0.529412,3,18.9865,0.00236454,-0.00011452,0.000322074,2.57143,8,6,0,bump;matched;micro;raw;residual;shoulder,2;3;5;8,1.3GPa;1.5GPa;2.3GPa;5GPa;6.6GPa;7.4GPa;8.5GPa;10.4GPa;15.6GPa
484,19.030144,9,0.529412,5,19.0339,0.0158155,0.000167018,0.000570962,2.23077,3,10,0,bump;matched;micro;raw;residual;shoulder,3;5,0.7GPa;1GPa;1.3GPa;1.5GPa;2.3GPa;6.2GPa;6.6GPa;9.8GPa;15.6GPa
485,19.074277,8,0.470588,3,19.0814,0.00563536,0.000523641,0.000602998,2.54545,6,5,0,matched;micro;raw;shoulder,3;8,0.7GPa;1GPa;1.3GPa;2.3GPa;3.9GPa;10.4GPa;13.3GPa;15.6GPa
486,19.102060,5,0.294118,1,19.101,0.00384327,0.000706115,0.00420567,2.6,3,2,0,matched;micro;raw;shoulder,3;5;8,0.7GPa;1.3GPa;2.3GPa;5GPa;6.6GPa
487,19.139074,6,0.352941,2,19.1439,0.000766504,0.000193697,0.000728381,2.125,1,7,0,matched;micro;raw;shoulder,2;3,1.5GPa;3.9GPa;5GPa;7.4GPa;12.8GPa;15.6GPa
488,19.171095,8,0.470588,3,19.1711,0.00511719,0.000374461,0.000634678,2.33333,3,6,0,bump;matched;micro;raw;residual;shoulder,2,1GPa;2.3GPa;3.9GPa;6.6GPa;8.5GPa;9.8GPa;10.4GPa;13.3GPa
489,19.198230,5,0.294118,2,19.1921,0,-0.000404543,0.000633687,2.8,4,1,0,matched;micro;raw;shoulder,3;8,5GPa;6.2GPa;7.4GPa;9.8GPa;13.3GPa
490,19.232065,8,0.470588,4,19.2272,0.00352991,-0.000503212,0.00112272,2.36364,4,7,0,bump;matched;micro;raw;residual;shoulder,2;5;8,0.7GPa;1GPa;1.3GPa;1.5GPa;3.9GPa;7.4GPa;13.3GPa;15.6GPa
491,19.264009,11,0.647059,4,19.2702,0.000923184,-0.000443877,0.00129343,2.85714,12,2,0,bump;matched;micro;raw;shoulder,2;5;8,0.7GPa;1GPa;1.3GPa;1.5GPa;3.9GPa;5GPa;6.2GPa;8.5GPa;9.8GPa;13.3GPa;15.6GPa
492,19.296973,3,0.176471,1,19.2973,0.0103849,-0.00130453,0.0010124,2.66667,2,1,0,matched;micro;raw;shoulder,3;8,0.7GPa;5GPa;10.4GPa
493,19.334402,2,0.117647,1,19.3299,0.00450737,-0.0016694,0.000236263,2,0,2,0,matched;raw;residual,5,5GPa;10.4GPa
494,19.363075,7,0.411765,2,19.3534,0.00321655,-0.000560497,9.02503e-05,2.14286,1,6,0,matched;micro;raw;residual;shoulder,2;3,1.3GPa;3.9GPa;6.2GPa;7.4GPa;10.4GPa;12.8GPa;15.6GPa
495,19.383063,6,0.352941,3,19.3819,0.000183818,0.00062515,0.0003059,2.33333,2,4,0,matched;micro;raw;shoulder,2;8,1.5GPa;5GPa;6.6GPa;10.4GPa;12.8GPa;13.3GPa
496,19.433868,9,0.529412,2,19.4293,0.00574391,-0.000284054,0.00013443,2.45455,5,6,0,matched;micro;raw;shoulder,2;3;5,0.7GPa;1GPa;1.5GPa;6.2GPa;7.4GPa;9.8GPa;10.4GPa;13.3GPa;15.6GPa
497,19.464641,9,0.529412,3,19.4656,0.00469528,7.68958e-06,0.000108102,2.55556,5,4,0,matched;micro;raw;residual;shoulder,2;3,0.7GPa;1.3GPa;1.5GPa;3.9GPa;6.2GPa;7.4GPa;8.5GPa;9.8GPa;15.6GPa
498,19.496949,6,0.352941,2,19.4937,0.0011111,0.000206197,0.000471116,2.85714,6,1,0,bump;matched;micro;raw;residual;shoulder,2;3,0.7GPa;1GPa;6.6GPa;8.5GPa;9.8GPa;13.3GPa
499,19.524285,9,0.529412,3,19.5357,0.00426518,-0.000123475,0.000752741,2.36364,4,7,0,bump;matched;micro;raw;residual;shoulder,2;8,1.5GPa;2.3GPa;2.4GPa_decomp;5GPa;7.4GPa;8.5GPa;10.4GPa;12.8GPa;15.6GPa
500,19.582545,10,0.588235,4,19.5875,0.00438192,-0.000451825,0.00148438,2.76923,10,3,0,bump;matched;micro;raw;residual;shoulder,2;3;5;8,0.7GPa;2.3GPa;5GPa;6.2GPa;6.6GPa;7.4GPa;9.8GPa;10.4GPa;12.8GPa;13.3GPa
501,19.611824,13,0.764706,6,19.6112,0.00790773,0.000375255,0.00140683,2.875,14,2,0,bump;matched;micro;raw;residual;shoulder,2;3;5,1GPa;1.3GPa;1.5GPa;2.3GPa;3.9GPa;5GPa;6.6GPa;8.5GPa;9.8GPa;10.4GPa;12.8GPa;13.3GPa;15.6GPa
502,19.660197,8,0.470588,2,19.662,0.00457854,0.000155153,0.000807844,2.33333,3,6,0,bump;matched;micro;raw;residual;shoulder,8,0.7GPa;1.3GPa;2.3GPa;6.6GPa;8.5GPa;9.8GPa;12.8GPa;15.6GPa
503,19.689975,3,0.176471,1,19.6823,0,0.00095601,0.000251019,2.33333,1,2,0,matched;micro;raw;shoulder,2,2.3GPa;6.2GPa;10.4GPa
504,19.714307,5,0.294118,2,19.714,0,-0.000625548,9.95203e-05,2.33333,2,4,0,matched;micro;raw;shoulder,2,1.5GPa;6.2GPa;7.4GPa;8.5GPa;12.8GPa
505,19.755142,9,0.529412,4,19.7461,0.000484375,0.000518951,0.000151718,2.63636,7,4,0,matched;micro;raw;shoulder,2;3,1GPa;1.3GPa;1.5GPa;2.3GPa;3.9GPa;6.6GPa;7.4GPa;9.8GPa;13.3GPa
506,19.784234,5,0.294118,2,19.7772,0,0.000597842,0.000526932,2.6,3,2,0,bump;matched;micro;raw;shoulder,2;3,0.7GPa;3.9GPa;6.2GPa;6.6GPa;9.8GPa
507,19.807016,4,0.235294,1,19.8022,0,-0.000223078,0.000658926,2.75,3,1,0,matched;micro;raw;shoulder,2;3,0.7GPa;2.4GPa_decomp;10.4GPa;15.6GPa
508,19.850884,9,0.529412,3,19.8443,0.0120603,0.00125781,0.000854304,2.45455,5,6,0,bump;matched;micro;raw;shoulder,2,0.7GPa;1.3GPa;1.5GPa;2.3GPa;3.9GPa;5GPa;8.5GPa;13.3GPa;15.6GPa
509,19.877637,4,0.235294,1,19.8723,0.000171015,0.000705361,0.000235899,2.66667,4,2,0,matched;micro;raw;residual;shoulder,3;5;8,0.7GPa;1.3GPa;9.8GPa;12.8GPa
510,19.902364,8,0.470588,6,19.9038,0.00341317,-0.000434067,0.00036296,2.22222,2,7,0,bump;matched;micro;raw;residual;shoulder,2;8,0.7GPa;1.5GPa;6.6GPa;7.4GPa;8.5GPa;9.8GPa;10.4GPa;12.8GPa
511,19.942969,7,0.411765,3,19.9468,0.00701169,0.00108169,0.000266835,2.625,5,3,0,matched;micro;raw;shoulder,2;3,0.7GPa;3.9GPa;5GPa;6.2GPa;7.4GPa;13.3GPa;15.6GPa
512,19.974941,7,0.411765,3,19.9828,0.000824874,0.000678372,0.00412462,2.25,2,6,0,bump;matched;micro;raw;shoulder,2;3;5,2.3GPa;5GPa;6.6GPa;7.4GPa;8.5GPa;10.4GPa;12.8GPa
513,19.998674,6,0.352941,2,19.9987,7.11723e-05,-0.000527453,0.00808904,2.66667,4,2,0,matched;micro;raw;shoulder,2;3,0.7GPa;1.3GPa;2.3GPa;5GPa;8.5GPa;9.8GPa
514,20.045809,5,0.294118,2,20.0303,0.00372653,-0.00116404,0.0174755,2.8,4,1,0,bump;matched;micro;raw;shoulder,3;5,1GPa;1.3GPa;5GPa;6.6GPa;15.6GPa
515,20.070543,8,0.470588,3,20.0732,0.00947197,-0.000124593,0.0238073,2.8,8,2,0,bump;matched;micro;raw;residual;shoulder,2;3;5,0.7GPa;1GPa;1.3GPa;2.3GPa;6.6GPa;12.8GPa;13.3GPa;15.6GPa
516,20.108952,7,0.411765,2,20.103,0.00767988,0.000563846,0.0289033,2.75,6,2,0,bump;matched;micro;raw;residual;shoulder,2;3;5;8,1.5GPa;2.3GPa;6.2GPa;6.6GPa;9.8GPa;10.4GPa;15.6GPa
517,20.144242,10,0.588235,5,20.141,0.0022478,-8.48975e-05,0.022392,2.38462,5,8,0,bump;matched;micro;raw;residual;shoulder,2;3;5;8,2.3GPa;2.4GPa_decomp;3.9GPa;5GPa;6.2GPa;7.4GPa;10.4GPa;12.8GPa;13.3GPa;15.6GPa
518,20.188756,8,0.470588,3,20.1884,0.0063993,-0.000559013,0.00380987,2.44444,4,5,0,matched;micro;raw;residual;shoulder,2;3,1.3GPa;2.3GPa;6.2GPa;7.4GPa;8.5GPa;9.8GPa;12.8GPa;15.6GPa
519,20.205970,6,0.352941,2,20.2089,0.00460721,0.000275995,0.00138667,2.55556,5,4,0,bump;matched;micro;raw;residual;shoulder,2;3;5,0.7GPa;2.4GPa_decomp;6.2GPa;8.5GPa;10.4GPa;12.8GPa
520,20.241382,8,0.470588,2,20.2434,0.0075232,-0.000521942,0.00149503,2.625,5,3,0,bump;matched;micro;raw;residual;shoulder,3;5;8,0.7GPa;1.3GPa;2.4GPa_decomp;5GPa;6.6GPa;7.4GPa;9.8GPa;12.8GPa
521,20.268231,8,0.470588,5,20.279,0.0114622,-0.00090354,0.00135672,2.55556,5,4,0,bump;matched;micro;raw;residual;shoulder,2;5,0.7GPa;1GPa;7.4GPa;9.8GPa;10.4GPa;12.8GPa;13.3GPa;15.6GPa
522,20.303217,7,0.411765,3,20.307,0.00787803,0.000683416,0.0127652,2.44444,4,5,0,bump;matched;micro;raw;shoulder,2;3;8,1GPa;1.3GPa;1.5GPa;2.4GPa_decomp;6.6GPa;9.8GPa;13.3GPa
523,20.361743,8,0.470588,3,20.3624,0,-0.000770858,0.0277147,2.63636,7,4,0,bump;matched;micro;raw;residual;shoulder,2;3;5;8,1GPa;1.5GPa;2.3GPa;3.9GPa;7.4GPa;9.8GPa;10.4GPa;12.8GPa
524,20.389239,8,0.470588,3,20.3912,0.0129409,0.000585119,0.0282567,2.45455,5,6,0,matched;micro;raw;shoulder,2;3,0.7GPa;1GPa;1.3GPa;2.3GPa;6.6GPa;8.5GPa;13.3GPa;15.6GPa
525,20.409954,3,0.176471,1,20.4099,0,-0.000432292,0.0186272,2.25,1,3,0,matched;micro;raw;shoulder,5,1GPa;1.5GPa;12.8GPa
526,20.464938,7,0.411765,3,20.4613,0.00790773,3.05451e-05,0.0156581,2.9,9,1,0,bump;matched;micro;raw;residual;shoulder,2;3;5;8,1.3GPa;5GPa;6.2GPa;6.6GPa;10.4GPa;12.8GPa;15.6GPa
527,20.492044,8,0.470588,3,20.4889,0,-0.000356521,0.0128312,2.6,6,4,0,matched;micro;raw;residual;shoulder,2;5;8,0.7GPa;1GPa;1.5GPa;2.3GPa;6.2GPa;6.6GPa;7.4GPa;9.8GPa
528,20.521963,9,0.529412,4,20.5206,0.00318788,-4.82607e-05,0.00734646,2.5,5,5,0,bump;matched;micro;raw;shoulder,2;3;5,1GPa;1.3GPa;1.5GPa;2.3GPa;6.2GPa;6.6GPa;8.5GPa;10.4GPa;15.6GPa
529,20.578217,8,0.470588,3,20.5707,0.00701169,-0.00139996,0.000574803,2.6,6,4,0,bump;matched;micro;raw;residual;shoulder,2;3;5,0.7GPa;1.5GPa;2.3GPa;6.6GPa;8.5GPa;9.8GPa;10.4GPa;15.6GPa
530,20.601307,5,0.294118,2,20.6015,0.00187504,0.000186871,0.000754216,2.42857,3,4,0,bump;matched;micro;raw;residual;shoulder,2;5;8,1.5GPa;7.4GPa;9.8GPa;10.4GPa;13.3GPa
531,20.629734,7,0.411765,2,20.6313,0.00170914,-0.000523403,0.00072128,2.375,3,5,0,bump;matched;micro;raw;shoulder,2;3,1.3GPa;2.4GPa_decomp;3.9GPa;6.6GPa;8.5GPa;9.8GPa;15.6GPa
532,20.666938,9,0.529412,3,20.6708,0.00790773,-0.000482729,0.0016273,2.57143,8,6,0,bump;matched;micro;raw;residual;shoulder,2;3;5,1GPa;1.3GPa;2.4GPa_decomp;3.9GPa;5GPa;7.4GPa;8.5GPa;12.8GPa;13.3GPa
533,20.701752,9,0.529412,2,20.6997,0.00514586,-0.00028252,0.00147971,2.61538,8,5,0,matched;micro;raw;residual;shoulder,2;3;5;8,0.7GPa;1GPa;1.5GPa;2.4GPa_decomp;5GPa;6.2GPa;7.4GPa;8.5GPa;15.6GPa
534,20.728529,9,0.529412,4,20.7277,0.00156168,0.000170705,0.00110398,2.77778,7,2,0,bump;matched;micro;raw;residual;shoulder,2;5;8,0.7GPa;1GPa;1.3GPa;1.5GPa;2.4GPa_decomp;5GPa;6.6GPa;9.8GPa;15.6GPa
535,20.768490,5,0.294118,2,20.7736,0.0102088,0.00046461,0.00098222,2.57143,4,3,0,matched;micro;raw;shoulder,2;3,2.3GPa;3.9GPa;5GPa;13.3GPa;15.6GPa
536,20.800652,11,0.647059,3,20.7973,0.00790773,0.000206295,0.000875673,2.64286,9,5,0,bump;matched;micro;raw;residual;shoulder,2;3;8,0.7GPa;1GPa;1.5GPa;2.3GPa;3.9GPa;5GPa;6.2GPa;7.4GPa;8.5GPa;9.8GPa;12.8GPa
537,20.829780,7,0.411765,5,20.8314,0.00549148,5.55357e-05,0.00128874,2.5,5,5,0,matched;micro;raw;shoulder,2;3;5;8,1.5GPa;6.6GPa;8.5GPa;9.8GPa;10.4GPa;12.8GPa;13.3GPa
538,20.868494,1,0.0588235,1,20.8606,0.00790773,,0.00100464,3,2,0,0,matched;micro;shoulder,2,12.8GPa
539,20.909842,11,0.647059,4,20.91,0.00592005,0.000219207,0.000609999,2.66667,10,5,0,bump;matched;micro;raw;residual;shoulder,2;3;5,0.7GPa;1GPa;1.3GPa;1.5GPa;3.9GPa;6.2GPa;7.4GPa;10.4GPa;12.8GPa;13.3GPa;15.6GPa
540,20.942003,11,0.647059,7,20.9428,0.00927126,0.0006814,0.000511011,2.5,6,6,0,bump;matched;micro;raw;shoulder,2;3;5;8,0.7GPa;1GPa;1.5GPa;3.9GPa;5GPa;6.2GPa;6.6GPa;7.4GPa;8.5GPa;9.8GPa;15.6GPa
541,20.980129,3,0.176471,1,20.9661,0,0.000369632,0.000439091,2.66667,2,1,0,matched;micro;raw;shoulder,3,1.3GPa;10.4GPa;13.3GPa
542,21.009260,7,0.411765,2,21.0082,0.00264922,0.000785179,0.000403557,2.6,6,4,0,bump;matched;micro;raw;residual;shoulder,2;5,0.7GPa;2.4GPa_decomp;6.2GPa;6.6GPa;8.5GPa;10.4GPa;13.3GPa
543,21.036149,7,0.411765,3,21.0394,0.0031167,8.73274e-05,0.000470196,2.75,6,2,0,bump;matched;micro;raw;residual;shoulder,2;3;8,1.5GPa;2.3GPa;6.6GPa;9.8GPa;12.8GPa;13.3GPa;15.6GPa
544,21.077226,8,0.470588,5,21.0783,0.0116097,0.00121255,0.000342202,2.63636,7,4,0,matched;micro;raw;residual;shoulder,2;5;8,0.7GPa;1.3GPa;2.3GPa;3.9GPa;5GPa;6.2GPa;6.6GPa;7.4GPa
545,21.115799,11,0.647059,5,21.1204,0.00117049,0.000234404,0.000864127,2.61538,8,5,0,bump;matched;micro;raw;residual;shoulder,2;3;5;8,1.3GPa;2.4GPa_decomp;3.9GPa;5GPa;6.2GPa;7.4GPa;9.8GPa;10.4GPa;12.8GPa;13.3GPa;15.6GPa
546,21.152403,12,0.705882,9,21.1532,0.00237734,-0.000324648,0.00171523,2.3125,5,11,0,matched;micro;raw;residual;shoulder,2;5;8,1GPa;1.3GPa;1.5GPa;2.3GPa;2.4GPa_decomp;3.9GPa;5GPa;6.2GPa;6.6GPa;8.5GPa;9.8GPa;12.8GPa
547,21.189583,13,0.764706,6,21.1905,0.00790773,-9.88171e-06,0.00279348,2.45,9,11,0,bump;matched;micro;raw;residual;shoulder,2;3;5;8,0.7GPa;1GPa;1.3GPa;1.5GPa;2.3GPa;2.4GPa_decomp;6.2GPa;7.4GPa;8.5GPa;9.8GPa;10.4GPa;12.8GPa;15.6GPa
548,21.240395,9,0.529412,2,21.2466,0.00148385,-0.000552656,0.000521,2.73333,11,4,0,bump;matched;micro;raw;residual;shoulder,2;3;5,0.7GPa;1.5GPa;2.3GPa;3.9GPa;6.2GPa;6.6GPa;8.5GPa;10.4GPa;12.8GPa
549,21.276275,11,0.647059,6,21.2797,0.00895534,-7.78881e-06,0.000568855,2.5,7,7,0,matched;micro;raw;shoulder,2;3,0.7GPa;1.3GPa;1.5GPa;2.3GPa;2.4GPa_decomp;3.9GPa;5GPa;7.4GPa;9.8GPa;13.3GPa;15.6GPa
550,21.316712,1,0.0588235,1,21.3167,0,,0.000371573,2,0,1,0,raw,,13.3GPa
551,21.373106,7,0.411765,4,21.3728,0.00179721,-0.00253709,0.000916363,2.33333,3,6,0,bump;matched;micro;raw;shoulder,2;3,1GPa;1.3GPa;1.5GPa;2.3GPa;3.9GPa;6.2GPa;10.4GPa
552,21.395200,8,0.470588,3,21.3904,0.0035893,0.00020778,0.001069,2.6,6,4,0,bump;matched;micro;raw;shoulder,2;3,2.4GPa_decomp;5GPa;6.6GPa;7.4GPa;8.5GPa;10.4GPa;12.8GPa;15.6GPa
553,21.418090,6,0.352941,3,21.4149,0,-0.000246336,0.00126489,2.66667,4,2,0,bump;matched;micro;raw;shoulder,2;5,0.7GPa;1GPa;1.3GPa;2.4GPa_decomp;6.6GPa;15.6GPa
554,21.446018,10,0.588235,4,21.4429,0.00505779,1.13144e-05,0.00394693,2.66667,8,4,0,bump;matched;micro;raw;residual;shoulder,2;3;5;8,1.3GPa;1.5GPa;2.3GPa;6.2GPa;6.6GPa;7.4GPa;8.5GPa;12.8GPa;13.3GPa;15.6GPa
555,21.475758,10,0.588235,5,21.471,0.00147361,0.000636234,0.0120874,2.69231,9,4,0,bump;matched;micro;raw;residual;shoulder,3;8,1GPa;1.5GPa;2.4GPa_decomp;3.9GPa;5GPa;6.2GPa;6.6GPa;8.5GPa;12.8GPa;15.6GPa
556,21.513302,13,0.764706,5,21.513,0.0119128,3.13095e-05,0.0192233,2.64706,11,6,0,bump;matched;micro;raw;residual;shoulder,2;3;5;8,0.7GPa;1GPa;1.3GPa;2.4GPa_decomp;3.9GPa;5GPa;6.2GPa;7.4GPa;9.8GPa;10.4GPa;12.8GPa;13.3GPa;15.6GPa
557,21.540847,12,0.705882,7,21.5448,0.01028,-0.000173465,0.0210803,2.625,10,6,0,bump;matched;micro;raw;residual;shoulder,2;3;5;8,1.3GPa;1.5GPa;2.3GPa;2.4GPa_decomp;3.9GPa;5GPa;6.2GPa;8.5GPa;9.8GPa;10.4GPa;12.8GPa;13.3GPa
558,21.574012,6,0.352941,3,21.5802,0.00295234,9.22573e-05,0.0127326,2.875,7,1,0,bump;matched;micro;raw;residual;shoulder,2;5;8,1GPa;1.3GPa;1.5GPa;5GPa;6.6GPa;10.4GPa
559,21.608964,6,0.352941,2,21.5972,0.00116025,0.000117615,0.0021487,2.42857,3,4,0,bump;matched;micro;raw;shoulder,2;3,0.7GPa;1GPa;1.5GPa;5GPa;12.8GPa;15.6GPa
560,21.629975,7,0.411765,3,21.6276,0,1.10882e-05,0.000920816,2.625,5,3,0,matched;micro;raw;shoulder,2,1.5GPa;2.3GPa;3.9GPa;5GPa;6.2GPa;7.4GPa;13.3GPa
561,21.665922,7,0.411765,2,21.6712,0.00701169,-0.000216336,0.000443852,2.5,4,4,0,matched;micro;raw;shoulder,2;3,1GPa;1.3GPa;2.4GPa_decomp;6.2GPa;8.5GPa;13.3GPa;15.6GPa
562,21.706648,7,0.411765,2,21.7067,0.00263898,-0.000214402,0.00418019,2.66667,6,3,0,bump;matched;micro;raw;residual;shoulder,2;5,0.7GPa;1.3GPa;1.5GPa;2.4GPa_decomp;3.9GPa;6.2GPa;9.8GPa
563,21.724422,8,0.470588,3,21.7234,0.000846891,-0.000324432,0.00527201,2.6,6,4,0,bump;matched;micro;raw;shoulder,2;3,1GPa;1.3GPa;2.3GPa;6.2GPa;7.4GPa;9.8GPa;10.4GPa;12.8GPa
564,21.760246,11,0.647059,6,21.7655,0.00790773,-0.000467814,0.00323253,2.42857,6,8,0,bump;matched;micro;raw;residual;shoulder,2;3;5,0.7GPa;1.3GPa;2.3GPa;5GPa;6.6GPa;8.5GPa;9.8GPa;10.4GPa;12.8GPa;13.3GPa;15.6GPa
565,21.798739,10,0.588235,3,21.7935,0.0077019,-0.000329639,0.000914405,2.63636,7,4,0,bump;matched;micro;raw;residual;shoulder,2;5,1.3GPa;2.3GPa;2.4GPa_decomp;5GPa;6.6GPa;7.4GPa;8.5GPa;10.4GPa;12.8GPa;15.6GPa
566,21.827572,6,0.352941,3,21.8253,0.00790773,-0.000439812,0.000698162,2.625,5,3,0,bump;matched;micro;raw;shoulder,2;5;8,1GPa;1.5GPa;2.3GPa;2.4GPa_decomp;6.2GPa;12.8GPa
567,21.851198,10,0.588235,5,21.8496,0.000533531,0.000120189,0.000661493,2.42857,6,8,0,bump;matched;micro;raw;shoulder,2;3;5;8,1GPa;1.5GPa;2.4GPa_decomp;3.9GPa;6.2GPa;6.6GPa;7.4GPa;8.5GPa;9.8GPa;13.3GPa
568,21.890376,7,0.411765,2,21.8862,0.00701169,-0.000274134,0.000551131,2.8,8,2,0,matched;micro;raw;residual;shoulder,2;3;5;8,1.5GPa;2.3GPa;3.9GPa;5GPa;8.5GPa;13.3GPa;15.6GPa
569,21.919529,5,0.294118,2,21.916,0.00369427,-0.000675191,0.000485239,2.5,3,3,0,bump;matched;micro;raw;residual;shoulder,2;3,1GPa;1.3GPa;2.3GPa;2.4GPa_decomp;12.8GPa
570,21.950967,7,0.411765,2,21.9538,0.00600556,8.12446e-05,0.000785412,2.5,4,4,0,bump;matched;micro;raw;shoulder,3;8,0.7GPa;1.3GPa;1.5GPa;3.9GPa;7.4GPa;9.8GPa;10.4GPa
571,21.977047,8,0.470588,2,21.9756,0,-8.33163e-05,0.000776111,2.44444,4,5,0,bump;matched;micro;raw;residual;shoulder,2;5,1.5GPa;2.3GPa;3.9GPa;6.2GPa;7.4GPa;10.4GPa;13.3GPa;15.6GPa
572,22.011887,10,0.588235,4,22.023,0.00886727,-0.000135971,0.000665784,2.53846,7,6,0,matched;micro;raw;residual;shoulder,2;5;8,0.7GPa;1.3GPa;2.3GPa;2.4GPa_decomp;5GPa;6.2GPa;8.5GPa;9.8GPa;10.4GPa;12.8GPa
573,22.048567,10,0.588235,3,22.0459,0.00707518,-0.000115254,0.000558198,2.46154,6,7,0,bump;matched;micro;raw;residual;shoulder,2;3;5,0.7GPa;1GPa;2.3GPa;2.4GPa_decomp;5GPa;6.2GPa;6.6GPa;9.8GPa;12.8GPa;13.3GPa
574,22.083248,11,0.647059,4,22.0705,0,0.000424171,0.000475181,2.5,6,6,0,matched;micro;raw;residual;shoulder,2;3;5,1GPa;1.5GPa;2.4GPa_decomp;3.9GPa;5GPa;6.6GPa;7.4GPa;8.5GPa;9.8GPa;12.8GPa;15.6GPa
575,22.109468,3,0.176471,1,22.1021,0,-0.00209025,0.000634015,2.33333,1,2,0,matched;micro;raw;shoulder,2;3,6.2GPa;8.5GPa;12.8GPa
576,22.151037,12,0.705882,3,22.1496,0.00855391,-3.72585e-05,0.000253607,2.73333,11,4,0,bump;matched;micro;raw;shoulder,2;3;8,0.7GPa;1.3GPa;1.5GPa;2.3GPa;3.9GPa;5GPa;6.2GPa;8.5GPa;9.8GPa;10.4GPa;13.3GPa;15.6GPa
577,22.198105,5,0.294118,2,22.197,0.00317763,-0.000108619,0.000962146,2.42857,3,4,0,bump;matched;micro;raw;residual;shoulder,2;5,1.3GPa;1.5GPa;5GPa;6.2GPa;12.8GPa
578,22.234110,14,0.823529,11,22.2286,0.0136168,0.00038014,0.000730056,2.63636,14,8,0,bump;matched;micro;raw;residual;shoulder,2;3;5,0.7GPa;1GPa;1.3GPa;1.5GPa;2.3GPa;2.4GPa_decomp;3.9GPa;5GPa;6.2GPa;6.6GPa;7.4GPa;10.4GPa;13.3GPa;15.6GPa
579,22.258317,4,0.235294,1,22.2682,0.00790773,-0.00123376,0.000834419,2.25,1,3,0,matched;micro;raw;shoulder,3;5,1GPa;2.4GPa_decomp;6.2GPa;10.4GPa
580,22.307337,5,0.294118,2,22.2998,0.00790773,0.00016475,0.000573756,2.5,3,3,0,matched;micro;raw;residual;shoulder,2;3,1GPa;1.5GPa;9.8GPa;12.8GPa;13.3GPa
581,22.325904,8,0.470588,3,22.3264,0.00286427,0.00017666,0.000574383,2.61538,8,5,0,bump;matched;micro;raw;residual;shoulder,2;3;5,0.7GPa;1GPa;1.3GPa;2.3GPa;2.4GPa_decomp;3.9GPa;8.5GPa;12.8GPa
582,22.359348,7,0.411765,3,22.3552,0.000719909,-0.00074774,0.000752306,2.33333,3,6,0,bump;matched;micro;raw;residual;shoulder,2;3;5;8,2.3GPa;5GPa;6.6GPa;7.4GPa;8.5GPa;13.3GPa;15.6GPa
583,22.402628,9,0.529412,3,22.3996,0.00701169,-0.000443373,0.00189219,2.6,6,4,0,bump;matched;micro;raw;residual;shoulder,2;3;5;8,0.7GPa;1GPa;2.3GPa;3.9GPa;6.2GPa;6.6GPa;7.4GPa;10.4GPa;15.6GPa
584,22.430551,11,0.647059,4,22.4184,0,0.000134217,0.00168262,2.69231,9,4,0,matched;micro;raw;shoulder,2;3;5,0.7GPa;1GPa;1.3GPa;1.5GPa;2.4GPa_decomp;3.9GPa;5GPa;8.5GPa;9.8GPa;12.8GPa;13.3GPa
585,22.451263,3,0.176471,1,22.4501,0,0.00018881,0.00164737,2.66667,2,1,0,matched;micro;raw;residual;shoulder,2;5,5GPa;12.8GPa;15.6GPa
586,22.502717,8,0.470588,2,22.5133,0,0.000105021,0.000460438,2.77778,7,2,0,bump;matched;micro;raw;shoulder,2,0.7GPa;1GPa;1.5GPa;6.2GPa;6.6GPa;9.8GPa;12.8GPa;13.3GPa
587,22.541835,8,0.470588,3,22.5449,0.00582174,0.000553541,0.00093433,2.72727,8,3,0,bump;matched;micro;raw;residual;shoulder,2;3;5;8,1GPa;1.5GPa;3.9GPa;6.2GPa;7.4GPa;8.5GPa;9.8GPa;13.3GPa
588,22.570914,13,0.764706,5,22.5766,0.00223755,5.48144e-05,0.000846804,2.58824,10,7,0,bump;matched;micro;raw;residual;shoulder,2;3;5;8,1GPa;1.3GPa;2.3GPa;3.9GPa;5GPa;6.2GPa;6.6GPa;7.4GPa;9.8GPa;10.4GPa;12.8GPa;13.3GPa;15.6GPa
589,22.603932,11,0.647059,5,22.6069,0.00134663,0.000360992,0.0014541,2.64286,9,5,0,matched;micro;raw;residual;shoulder,2;3;5,1GPa;1.3GPa;1.5GPa;2.4GPa_decomp;3.9GPa;5GPa;6.2GPa;6.6GPa;9.8GPa;10.4GPa;13.3GPa
590,22.635276,8,0.470588,3,22.6398,0.00246541,-0.000207067,0.00264896,2.3,3,7,0,bump;matched;micro;raw;residual;shoulder,2;3;5;8,1.3GPa;1.5GPa;2.4GPa_decomp;3.9GPa;5GPa;7.4GPa;8.5GPa;15.6GPa
591,22.663684,8,0.470588,4,22.663,0.00730047,0.00059585,0.00281711,2.66667,6,3,0,bump;matched;micro;raw;residual;shoulder,2;3;5;8,1.5GPa;2.4GPa_decomp;5GPa;6.6GPa;10.4GPa;12.8GPa;13.3GPa;15.6GPa
592,22.691018,5,0.294118,2,22.691,0.00371629,0.000226138,0.00211341,2.6,3,2,0,bump;matched;micro;raw;residual;shoulder,3;5,0.7GPa;6.2GPa;8.5GPa;13.3GPa;15.6GPa
593,22.736872,12,0.705882,5,22.7347,0.0158155,0.000294076,0.00186834,2.52381,11,10,0,bump;matched;micro;raw;residual;shoulder,2;3;5;8,1GPa;2.3GPa;2.4GPa_decomp;5GPa;6.2GPa;6.6GPa;7.4GPa;9.8GPa;10.4GPa;12.8GPa;13.3GPa;15.6GPa
594,22.778824,6,0.352941,2,22.7664,0.00524417,0.00204724,0.00215829,2.42857,3,4,0,matched;micro;raw;shoulder,2;3,0.7GPa;1.3GPa;3.9GPa;7.4GPa;8.5GPa;13.3GPa
595,22.804800,6,0.352941,3,22.8138,0,0.000490927,0.00125409,2.375,3,5,0,bump;matched;micro;raw;residual;shoulder,2;3;5,1.5GPa;3.9GPa;5GPa;7.4GPa;8.5GPa;9.8GPa
596,22.833158,8,0.470588,4,22.8312,0.00161083,7.08538e-05,0.0007601,2.6,6,4,0,bump;matched;micro;raw;residual;shoulder,2;3;5;8,2.4GPa_decomp;3.9GPa;5GPa;6.6GPa;8.5GPa;9.8GPa;10.4GPa;12.8GPa
597,22.867915,11,0.647059,3,22.8673,0.00799836,-0.000413059,0.00103128,2.8125,13,3,0,bump;matched;micro;raw;residual;shoulder,2;3;8,0.7GPa;1GPa;1.3GPa;2.3GPa;3.9GPa;6.2GPa;6.6GPa;8.5GPa;10.4GPa;13.3GPa;15.6GPa
598,22.899293,6,0.352941,3,22.8929,0,-0.000179209,0.00239158,2.75,6,2,0,matched;micro;raw;residual;shoulder,2;5;8,1GPa;2.3GPa;2.4GPa_decomp;3.9GPa;6.2GPa;8.5GPa
599,22.931405,10,0.588235,4,22.9294,0.00488166,0.000102597,0.00188913,2.28571,4,10,0,bump;matched;micro;raw;residual;shoulder,2;3;5,0.7GPa;1GPa;1.5GPa;2.4GPa_decomp;3.9GPa;5GPa;6.2GPa;9.8GPa;10.4GPa;13.3GPa
600,22.956818,10,0.588235,7,22.9574,0.00129747,0.000821106,0.00131428,2.54545,6,5,0,matched;micro;raw;residual;shoulder,2;5,0.7GPa;1GPa;1.3GPa;1.5GPa;2.3GPa;2.4GPa_decomp;3.9GPa;6.2GPa;7.4GPa;15.6GPa
601,22.991285,9,0.529412,3,23.0135,0.00587089,-0.00117566,0.000964281,2.36364,4,7,0,bump;matched;micro;raw;residual;shoulder,2,0.7GPa;1.3GPa;3.9GPa;6.6GPa;7.4GPa;9.8GPa;10.4GPa;12.8GPa;15.6GPa
602,23.045985,10,0.588235,3,23.051,0.0045683,-0.000610318,0.00134176,2.84615,11,2,0,bump;matched;micro;raw;residual;shoulder,2;3;5;8,0.7GPa;1GPa;1.5GPa;2.4GPa_decomp;5GPa;7.4GPa;8.5GPa;9.8GPa;12.8GPa;15.6GPa
603,23.075327,9,0.529412,3,23.0827,0.000984114,-0.00019975,0.00232583,2.63636,7,4,0,bump;matched;micro;raw;shoulder,2;3;5;8,1GPa;1.3GPa;2.4GPa_decomp;5GPa;6.2GPa;6.6GPa;9.8GPa;12.8GPa;15.6GPa
604,23.103817,8,0.470588,4,23.0985,0.000807978,0.000302377,0.00238829,2.88889,8,1,0,matched;micro;raw;shoulder,2;3;5,0.7GPa;2.3GPa;2.4GPa_decomp;6.2GPa;8.5GPa;9.8GPa;10.4GPa;12.8GPa
605,23.131958,10,0.588235,5,23.1398,0.00618425,-0.00121475,0.0014872,2.53846,7,6,0,bump;matched;micro;raw;residual;shoulder,2;3;5;8,1.3GPa;1.5GPa;2.3GPa;2.4GPa_decomp;3.9GPa;6.6GPa;7.4GPa;8.5GPa;13.3GPa;15.6GPa
606,23.166929,5,0.294118,3,23.1618,0,2.15219e-05,0.00101368,2.4,2,3,0,bump;matched;raw;residual;shoulder,2;3,1.5GPa;2.3GPa;2.4GPa_decomp;7.4GPa;15.6GPa
607,23.200952,10,0.588235,5,23.2025,0.00667631,-0.000397098,0.000956285,2.35714,5,9,0,bump;matched;micro;raw;shoulder,2;3;5,1GPa;1.3GPa;3.9GPa;6.2GPa;7.4GPa;9.8GPa;10.4GPa;12.8GPa;13.3GPa;15.6GPa
608,23.242852,10,0.588235,4,23.2408,0.0111099,-0.000832802,0.00204896,2.46154,6,7,0,bump;matched;micro;raw;residual;shoulder,2;3;5;8,0.7GPa;1GPa;1.3GPa;1.5GPa;3.9GPa;5GPa;6.6GPa;7.4GPa;8.5GPa;12.8GPa
609,23.273277,7,0.411765,3,23.2725,0.00752576,-8.11137e-05,0.00229053,2.90909,10,1,0,bump;matched;micro;raw;residual;shoulder,2;3;5;8,0.7GPa;1GPa;2.3GPa;5GPa;8.5GPa;9.8GPa;10.4GPa
610,23.308654,10,0.588235,4,23.3061,0.00701169,-0.00126962,0.00227818,2.78571,11,3,0,bump;matched;micro;raw;residual;shoulder,2;3;5;8,0.7GPa;1.3GPa;3.9GPa;5GPa;6.2GPa;6.6GPa;9.8GPa;10.4GPa;13.3GPa;15.6GPa
611,23.337686,10,0.588235,4,23.3361,0.000357394,-0.000779267,0.00246541,2.75,9,3,0,bump;matched;micro;raw;residual;shoulder,2;3;5,1GPa;2.3GPa;2.4GPa_decomp;5GPa;6.2GPa;7.4GPa;8.5GPa;9.8GPa;10.4GPa;13.3GPa
612,23.375730,7,0.411765,3,23.3727,0.00539829,0.000664051,0.00252659,3,8,0,0,bump;matched;micro;raw;shoulder,2;3;8,1GPa;1.5GPa;2.3GPa;6.2GPa;9.8GPa;10.4GPa;12.8GPa
613,23.407666,9,0.529412,6,23.4148,0,-0.000534427,0.00423333,2.53846,7,6,0,bump;matched;micro;raw;residual;shoulder,2;3;5,1.5GPa;2.4GPa_decomp;3.9GPa;5GPa;6.2GPa;6.6GPa;7.4GPa;12.8GPa;15.6GPa
614,23.443530,12,0.705882,5,23.4464,0.00183613,7.50647e-06,0.00354943,2.73333,11,4,0,bump;matched;micro;raw;residual;shoulder,2;5,0.7GPa;1GPa;1.3GPa;1.5GPa;2.4GPa_decomp;3.9GPa;6.2GPa;6.6GPa;7.4GPa;8.5GPa;9.8GPa;12.8GPa
615,23.467458,10,0.588235,3,23.4763,0.00174806,-0.000385412,0.00251589,2.45455,5,6,0,bump;matched;micro;raw;shoulder,2;8,0.7GPa;1GPa;1.5GPa;6.2GPa;7.4GPa;8.5GPa;9.8GPa;12.8GPa;13.3GPa;15.6GPa
616,23.501489,7,0.411765,2,23.5044,0.00533224,0.000136778,0.00176913,2.66667,6,3,0,bump;matched;micro;raw;residual;shoulder,2;3;5,2.3GPa;5GPa;6.2GPa;7.4GPa;9.8GPa;10.4GPa;15.6GPa
617,23.534252,11,0.647059,5,23.5324,0.00689904,-0.000377629,0.00406488,2.66667,10,5,0,bump;matched;micro;raw;residual;shoulder,2;3;5;8,0.7GPa;1GPa;1.3GPa;2.3GPa;2.4GPa_decomp;3.9GPa;5GPa;6.2GPa;8.5GPa;9.8GPa;15.6GPa
618,23.568904,9,0.529412,7,23.5605,0.00331486,0.000425773,0.00462431,2.72727,8,3,0,bump;matched;micro;raw;shoulder,2;3;5,2.4GPa_decomp;5GPa;7.4GPa;8.5GPa;9.8GPa;10.4GPa;12.8GPa;13.3GPa;15.6GPa
619,23.608418,12,0.705882,6,23.6046,0.011962,-0.000213352,0.00299741,2.61905,13,8,0,bump;matched;micro;raw;residual;shoulder,2;3;5;8,0.7GPa;1GPa;1.3GPa;1.5GPa;2.3GPa;2.4GPa_decomp;5GPa;6.6GPa;7.4GPa;10.4GPa;13.3GPa;15.6GPa
620,23.651548,5,0.294118,1,23.6441,0.00790773,0.000170006,0.00337707,2.75,6,2,0,bump;matched;micro;raw;residual;shoulder,2,1GPa;2.4GPa_decomp;6.2GPa;9.8GPa;12.8GPa
621,23.671823,13,0.764706,6,23.6702,0.00239679,5.00247e-05,0.00289931,2.64286,9,5,0,bump;matched;micro;raw;residual;shoulder,2;5;8,0.7GPa;1GPa;1.3GPa;1.5GPa;3.9GPa;6.2GPa;6.6GPa;7.4GPa;8.5GPa;9.8GPa;10.4GPa;13.3GPa;15.6GPa
622,23.706159,5,0.294118,2,23.708,0.00730303,0.000101884,0.00206022,2.66667,4,2,0,matched;micro;raw;shoulder,3;5,1.5GPa;2.3GPa;6.6GPa;7.4GPa;12.8GPa
623,23.735142,9,0.529412,5,23.7311,0.00237478,-0.00079949,0.00245556,2.7,7,3,0,matched;micro;raw;shoulder,2;3,1.3GPa;1.5GPa;2.3GPa;2.4GPa_decomp;9.8GPa;10.4GPa;12.8GPa;13.3GPa;15.6GPa
624,23.764485,10,0.588235,6,23.7786,0.00627232,0.000402867,0.00248299,2.84615,11,2,0,matched;micro;raw;shoulder,2;5,0.7GPa;2.3GPa;3.9GPa;6.2GPa;6.6GPa;7.4GPa;8.5GPa;9.8GPa;10.4GPa;13.3GPa
625,23.798081,4,0.235294,2,23.7944,0,0.000125614,0.00226247,2.25,1,3,0,matched;raw;shoulder,8,3.9GPa;6.2GPa;6.6GPa;8.5GPa
