peak_group,group_two_theta,frame_count,frames_present,max_roi_area,frame_coverage_fraction,tier_a_count,tier_b_count,tier_c_count,source_methods,matched_filter_scales,heatmap,matrix
1,2.048103,3,3.9GPa;6.2GPa;9.8GPa,0,0.176471,0,3,0,shoulder,,per_peak_heatmaps/peak_group_001_2.048deg_correlation.png,per_peak_matrices/peak_group_001_2.048deg_correlation.csv
2,2.095529,4,1.5GPa;2.3GPa;7.4GPa;8.5GPa,0,0.235294,1,3,0,matched;shoulder,2,per_peak_heatmaps/peak_group_002_2.096deg_correlation.png,per_peak_matrices/peak_group_002_2.096deg_correlation.csv
3,2.121538,6,1.5GPa;2.4GPa_decomp;3.9GPa;5GPa;6.2GPa;7.4GPa,0,0.352941,2,8,0,matched;shoulder,2;3,per_peak_heatmaps/peak_group_003_2.122deg_correlation.png,per_peak_matrices/peak_group_003_2.122deg_correlation.csv
4,2.147314,7,1GPa;2.3GPa;2.4GPa_decomp;7.4GPa;8.5GPa;9.8GPa;12.8GPa,0,0.411765,1,7,0,matched;shoulder,3,per_peak_heatmaps/peak_group_004_2.147deg_correlation.png,per_peak_matrices/peak_group_004_2.147deg_correlation.csv
5,2.174627,2,2.3GPa;12.8GPa,0.0011586,0.117647,0,2,0,matched;shoulder,2,per_peak_heatmaps/peak_group_005_2.175deg_correlation.png,per_peak_matrices/peak_group_005_2.175deg_correlation.csv
6,2.316957,3,2.4GPa_decomp;5GPa;7.4GPa,0.00313714,0.176471,1,2,0,matched;shoulder,2,per_peak_heatmaps/peak_group_006_2.317deg_correlation.png,per_peak_matrices/peak_group_006_2.317deg_correlation.csv
7,2.343892,11,1GPa;1.5GPa;2.3GPa;2.4GPa_decomp;3.9GPa;5GPa;6.2GPa;7.4GPa;8.5GPa;9.8GPa;12.8GPa,0.0122479,0.647059,15,4,0,matched;shoulder,2;3;5,per_peak_heatmaps/peak_group_007_2.344deg_correlation.png,per_peak_matrices/peak_group_007_2.344deg_correlation.csv
8,2.365762,10,1GPa;1.5GPa;2.3GPa;3.9GPa;5GPa;6.2GPa;7.4GPa;8.5GPa;9.8GPa;12.8GPa,0.00347281,0.588235,12,0,0,matched;micro,5;8,per_peak_heatmaps/peak_group_008_2.366deg_correlation.png,per_peak_matrices/peak_group_008_2.366deg_correlation.csv
9,2.398057,10,1GPa;1.5GPa;2.3GPa;3.9GPa;5GPa;6.2GPa;7.4GPa;8.5GPa;9.8GPa;12.8GPa,0.00246475,0.588235,16,1,0,matched;micro;raw;residual;shoulder,8,per_peak_heatmaps/peak_group_009_2.398deg_correlation.png,per_peak_matrices/peak_group_009_2.398deg_correlation.csv
10,2.427755,5,1GPa;1.5GPa;5GPa;7.4GPa;12.8GPa,0.00121418,0.294118,3,2,0,raw;residual;shoulder,,per_peak_heatmaps/peak_group_010_2.428deg_correlation.png,per_peak_matrices/peak_group_010_2.428deg_correlation.csv
11,2.468614,4,2.3GPa;3.9GPa;5GPa;6.2GPa,0.000468226,0.235294,0,4,0,raw;shoulder,,per_peak_heatmaps/peak_group_011_2.469deg_correlation.png,per_peak_matrices/peak_group_011_2.469deg_correlation.csv
12,2.502719,3,1GPa;3.9GPa;5GPa,0.00492679,0.176471,0,3,0,raw;shoulder,,per_peak_heatmaps/peak_group_012_2.503deg_correlation.png,per_peak_matrices/peak_group_012_2.503deg_correlation.csv
13,2.538446,1,7.4GPa,0.00142314,0.0588235,0,2,0,matched;shoulder,2,per_peak_heatmaps/peak_group_013_2.538deg_correlation.png,per_peak_matrices/peak_group_013_2.538deg_correlation.csv
14,2.585827,6,1GPa;1.5GPa;2.4GPa_decomp;6.2GPa;7.4GPa;12.8GPa,0.00248556,0.352941,4,4,0,matched;micro;raw;shoulder,2;8,per_peak_heatmaps/peak_group_014_2.586deg_correlation.png,per_peak_matrices/peak_group_014_2.586deg_correlation.csv
15,2.617174,5,1.5GPa;2.3GPa;2.4GPa_decomp;3.9GPa;8.5GPa,0.00284216,0.294118,3,4,0,matched;micro;raw;residual;shoulder,2;5,per_peak_heatmaps/peak_group_015_2.617deg_correlation.png,per_peak_matrices/peak_group_015_2.617deg_correlation.csv
16,2.648977,6,1GPa;2.3GPa;5GPa;8.5GPa;9.8GPa;12.8GPa,0.0019452,0.352941,3,5,0,matched;micro;raw;residual;shoulder,3;8,per_peak_heatmaps/peak_group_016_2.649deg_correlation.png,per_peak_matrices/peak_group_016_2.649deg_correlation.csv
17,2.677380,8,1GPa;1.5GPa;2.4GPa_decomp;3.9GPa;6.2GPa;7.4GPa;8.5GPa;9.8GPa,0.00251971,0.470588,8,3,0,bump;matched;micro;raw;shoulder,5,per_peak_heatmaps/peak_group_017_2.677deg_correlation.png,per_peak_matrices/peak_group_017_2.677deg_correlation.csv
18,2.701215,10,1GPa;2.3GPa;2.4GPa_decomp;3.9GPa;5GPa;6.2GPa;7.4GPa;8.5GPa;9.8GPa;12.8GPa,0.00347811,0.588235,11,3,0,bump;matched;micro;raw,3;5,per_peak_heatmaps/peak_group_018_2.701deg_correlation.png,per_peak_matrices/peak_group_018_2.701deg_correlation.csv
19,2.735316,12,1GPa;1.5GPa;2.3GPa;2.4GPa_decomp;3.9GPa;5GPa;6.2GPa;7.4GPa;8.5GPa;9.8GPa;10.4GPa;12.8GPa,0.00297323,0.705882,16,2,0,matched;micro;raw;shoulder,2;3,per_peak_heatmaps/peak_group_019_2.735deg_correlation.png,per_peak_matrices/peak_group_019_2.735deg_correlation.csv
20,2.763751,4,0.7GPa;1.5GPa;6.2GPa;6.6GPa,0.00195518,0.235294,2,2,0,matched;micro;raw;shoulder,2,per_peak_heatmaps/peak_group_020_2.764deg_correlation.png,per_peak_matrices/peak_group_020_2.764deg_correlation.csv
21,2.805858,1,15.6GPa,0.000330158,0.0588235,1,0,0,matched;micro;raw;shoulder,2,per_peak_heatmaps/peak_group_021_2.806deg_correlation.png,per_peak_matrices/peak_group_021_2.806deg_correlation.csv
22,2.833904,1,6.6GPa,7.49123e-05,0.0588235,1,0,0,raw;shoulder,,per_peak_heatmaps/peak_group_022_2.834deg_correlation.png,per_peak_matrices/peak_group_022_2.834deg_correlation.csv
23,2.874323,9,0.7GPa;1GPa;1.3GPa;2.4GPa_decomp;5GPa;6.2GPa;6.6GPa;12.8GPa;13.3GPa,0.000785712,0.529412,4,6,0,matched;micro;raw;residual;shoulder,2;3;5,per_peak_heatmaps/peak_group_023_2.874deg_correlation.png,per_peak_matrices/peak_group_023_2.874deg_correlation.csv
24,2.921953,10,0.7GPa;1.3GPa;1.5GPa;2.3GPa;6.2GPa;7.4GPa;8.5GPa;9.8GPa;10.4GPa;15.6GPa,0.000499129,0.588235,7,6,0,matched;micro;raw;shoulder,2;3;5,per_peak_heatmaps/peak_group_024_2.922deg_correlation.png,per_peak_matrices/peak_group_024_2.922deg_correlation.csv
25,2.956017,9,1.3GPa;1.5GPa;3.9GPa;5GPa;6.2GPa;7.4GPa;10.4GPa;12.8GPa;13.3GPa,0.00249302,0.529412,5,5,0,bump;matched;micro;raw;shoulder,2;3,per_peak_heatmaps/peak_group_025_2.956deg_correlation.png,per_peak_matrices/peak_group_025_2.956deg_correlation.csv
26,2.988463,6,1GPa;2.4GPa_decomp;5GPa;6.2GPa;12.8GPa;15.6GPa,0.000686731,0.352941,7,2,0,bump;matched;micro;raw;shoulder,3;5,per_peak_heatmaps/peak_group_026_2.988deg_correlation.png,per_peak_matrices/peak_group_026_2.988deg_correlation.csv
27,3.015592,7,1.3GPa;1.5GPa;2.4GPa_decomp;6.2GPa;8.5GPa;9.8GPa;13.3GPa,0.000670304,0.411765,5,3,0,matched;micro;raw;shoulder,2;3;5,per_peak_heatmaps/peak_group_027_3.016deg_correlation.png,per_peak_matrices/peak_group_027_3.016deg_correlation.csv
28,3.063378,7,0.7GPa;1.5GPa;2.4GPa_decomp;6.6GPa;9.8GPa;10.4GPa;15.6GPa,0.000316184,0.411765,4,4,0,matched;micro;raw;shoulder,2;3;5,per_peak_heatmaps/peak_group_028_3.063deg_correlation.png,per_peak_matrices/peak_group_028_3.063deg_correlation.csv
29,3.112970,12,0.7GPa;2.3GPa;2.4GPa_decomp;3.9GPa;5GPa;6.6GPa;7.4GPa;9.8GPa;10.4GPa;12.8GPa;13.3GPa;15.6GPa,0.00195161,0.705882,8,6,0,bump;matched;micro;raw;residual;shoulder,2;3;8,per_peak_heatmaps/peak_group_029_3.113deg_correlation.png,per_peak_matrices/peak_group_029_3.113deg_correlation.csv
30,3.137913,9,0.7GPa;1GPa;1.3GPa;2.3GPa;6.6GPa;7.4GPa;9.8GPa;10.4GPa;12.8GPa,0.00195202,0.529412,6,3,0,bump;matched;micro;raw;residual;shoulder,2;8,per_peak_heatmaps/peak_group_030_3.138deg_correlation.png,per_peak_matrices/peak_group_030_3.138deg_correlation.csv
31,3.163084,6,0.7GPa;1GPa;6.6GPa;8.5GPa;12.8GPa;15.6GPa,0.00233199,0.352941,4,2,0,bump;matched;micro;raw;shoulder,3;5,per_peak_heatmaps/peak_group_031_3.163deg_correlation.png,per_peak_matrices/peak_group_031_3.163deg_correlation.csv
32,3.189515,6,1.3GPa;2.4GPa_decomp;6.2GPa;10.4GPa;13.3GPa;15.6GPa,0.00204083,0.352941,5,2,0,bump;matched;micro;raw;shoulder,2;3;5,per_peak_heatmaps/peak_group_032_3.190deg_correlation.png,per_peak_matrices/peak_group_032_3.190deg_correlation.csv
33,3.226086,7,1GPa;1.5GPa;3.9GPa;5GPa;6.2GPa;6.6GPa;12.8GPa,0.000920476,0.411765,0,7,0,matched;micro;raw;shoulder,2,per_peak_heatmaps/peak_group_033_3.226deg_correlation.png,per_peak_matrices/peak_group_033_3.226deg_correlation.csv
34,3.250114,4,0.7GPa;1GPa;2.3GPa;8.5GPa,0.000225185,0.235294,0,4,0,matched;micro;raw;shoulder,2,per_peak_heatmaps/peak_group_034_3.250deg_correlation.png,per_peak_matrices/peak_group_034_3.250deg_correlation.csv
35,3.296676,2,6.6GPa;10.4GPa,5.76291e-05,0.117647,0,2,0,matched;micro;raw;shoulder,2,per_peak_heatmaps/peak_group_035_3.297deg_correlation.png,per_peak_matrices/peak_group_035_3.297deg_correlation.csv
36,3.387777,14,0.7GPa;1GPa;1.3GPa;1.5GPa;2.3GPa;2.4GPa_decomp;3.9GPa;5GPa;6.2GPa;6.6GPa;9.8GPa;10.4GPa;12.8GPa;13.3GPa,0.00577826,0.823529,6,14,0,matched;micro;raw;shoulder,2;3,per_peak_heatmaps/peak_group_036_3.388deg_correlation.png,per_peak_matrices/peak_group_036_3.388deg_correlation.csv
37,3.412204,12,0.7GPa;1GPa;1.3GPa;1.5GPa;2.3GPa;2.4GPa_decomp;3.9GPa;5GPa;6.2GPa;8.5GPa;9.8GPa;12.8GPa,0.000103855,0.705882,5,10,0,matched;micro;raw;shoulder,2;3;8,per_peak_heatmaps/peak_group_037_3.412deg_correlation.png,per_peak_matrices/peak_group_037_3.412deg_correlation.csv
38,3.451904,13,1GPa;1.5GPa;2.3GPa;2.4GPa_decomp;3.9GPa;6.2GPa;6.6GPa;7.4GPa;8.5GPa;9.8GPa;10.4GPa;12.8GPa;15.6GPa,0.000613584,0.764706,10,9,0,matched;micro;raw;shoulder,2;3;5;8,per_peak_heatmaps/peak_group_038_3.452deg_correlation.png,per_peak_matrices/peak_group_038_3.452deg_correlation.csv
39,3.483751,6,2.4GPa_decomp;5GPa;7.4GPa;10.4GPa;12.8GPa;13.3GPa,0.00051334,0.352941,3,5,0,matched;micro;raw;shoulder,2;5,per_peak_heatmaps/peak_group_039_3.484deg_correlation.png,per_peak_matrices/peak_group_039_3.484deg_correlation.csv
40,3.511558,8,0.7GPa;1GPa;1.3GPa;1.5GPa;3.9GPa;6.2GPa;9.8GPa;15.6GPa,0.000885278,0.470588,3,5,0,matched;micro;raw;residual;shoulder,2;5,per_peak_heatmaps/peak_group_040_3.512deg_correlation.png,per_peak_matrices/peak_group_040_3.512deg_correlation.csv
41,3.540591,10,0.7GPa;1GPa;1.3GPa;1.5GPa;2.3GPa;3.9GPa;5GPa;6.6GPa;7.4GPa;9.8GPa,0.000599283,0.588235,5,7,0,matched;micro;raw;shoulder,2;3;5;8,per_peak_heatmaps/peak_group_041_3.541deg_correlation.png,per_peak_matrices/peak_group_041_3.541deg_correlation.csv
42,3.575444,10,0.7GPa;1GPa;1.5GPa;2.3GPa;2.4GPa_decomp;7.4GPa;8.5GPa;9.8GPa;10.4GPa;12.8GPa,0.000532591,0.588235,5,7,0,bump;matched;micro;raw;residual;shoulder,2;3,per_peak_heatmaps/peak_group_042_3.575deg_correlation.png,per_peak_matrices/peak_group_042_3.575deg_correlation.csv
43,3.614953,7,0.7GPa;6.2GPa;8.5GPa;9.8GPa;10.4GPa;12.8GPa;15.6GPa,0.00132291,0.411765,4,4,0,bump;matched;micro;raw;residual;shoulder,2;8,per_peak_heatmaps/peak_group_043_3.615deg_correlation.png,per_peak_matrices/peak_group_043_3.615deg_correlation.csv
44,3.641747,7,1GPa;1.5GPa;2.3GPa;3.9GPa;5GPa;6.6GPa;15.6GPa,0.00156528,0.411765,5,2,0,matched;micro;raw;shoulder,2;3,per_peak_heatmaps/peak_group_044_3.642deg_correlation.png,per_peak_matrices/peak_group_044_3.642deg_correlation.csv
45,3.661283,7,1GPa;1.5GPa;2.4GPa_decomp;5GPa;10.4GPa;13.3GPa;15.6GPa,0.000515815,0.411765,5,2,0,matched;micro;raw;residual;shoulder,2;5,per_peak_heatmaps/peak_group_045_3.661deg_correlation.png,per_peak_matrices/peak_group_045_3.661deg_correlation.csv
46,3.705986,8,0.7GPa;1.3GPa;1.5GPa;2.3GPa;2.4GPa_decomp;3.9GPa;7.4GPa;9.8GPa,0.00113889,0.470588,4,6,0,matched;micro;raw;shoulder,2;3;8,per_peak_heatmaps/peak_group_046_3.706deg_correlation.png,per_peak_matrices/peak_group_046_3.706deg_correlation.csv
47,3.742212,7,1GPa;2.4GPa_decomp;3.9GPa;5GPa;6.6GPa;10.4GPa;13.3GPa,0.00454491,0.411765,7,2,0,bump;matched;micro;raw;residual;shoulder,3;8,per_peak_heatmaps/peak_group_047_3.742deg_correlation.png,per_peak_matrices/peak_group_047_3.742deg_correlation.csv
48,3.779319,9,1GPa;1.5GPa;2.3GPa;2.4GPa_decomp;3.9GPa;5GPa;6.2GPa;7.4GPa;15.6GPa,0.0112397,0.529412,13,1,0,bump;matched;micro;raw;residual;shoulder,5;8,per_peak_heatmaps/peak_group_048_3.779deg_correlation.png,per_peak_matrices/peak_group_048_3.779deg_correlation.csv
49,3.805815,13,1GPa;1.3GPa;1.5GPa;2.3GPa;2.4GPa_decomp;3.9GPa;5GPa;6.2GPa;6.6GPa;8.5GPa;9.8GPa;12.8GPa;13.3GPa,0.0112731,0.764706,16,2,0,bump;matched;micro;raw;residual;shoulder,2;3;5;8,per_peak_heatmaps/peak_group_049_3.806deg_correlation.png,per_peak_matrices/peak_group_049_3.806deg_correlation.csv
50,3.838014,10,0.7GPa;1.3GPa;1.5GPa;2.3GPa;2.4GPa_decomp;3.9GPa;5GPa;6.2GPa;13.3GPa;15.6GPa,0.00968002,0.588235,7,4,0,matched;micro;raw;residual;shoulder,2;3;8,per_peak_heatmaps/peak_group_050_3.838deg_correlation.png,per_peak_matrices/peak_group_050_3.838deg_correlation.csv
51,3.875309,2,10.4GPa;13.3GPa,0.00463558,0.117647,1,1,0,matched;micro;raw;residual;shoulder,5;8,per_peak_heatmaps/peak_group_051_3.875deg_correlation.png,per_peak_matrices/peak_group_051_3.875deg_correlation.csv
52,3.915661,6,0.7GPa;1GPa;2.3GPa;6.6GPa;10.4GPa;13.3GPa,0.000610764,0.352941,5,2,0,bump;matched;micro;raw;residual;shoulder,2;8,per_peak_heatmaps/peak_group_052_3.916deg_correlation.png,per_peak_matrices/peak_group_052_3.916deg_correlation.csv
53,3.948452,6,1GPa;1.5GPa;5GPa;6.2GPa;6.6GPa;15.6GPa,0.000447753,0.352941,2,5,0,matched;micro;raw;shoulder,2;3,per_peak_heatmaps/peak_group_053_3.948deg_correlation.png,per_peak_matrices/peak_group_053_3.948deg_correlation.csv
54,3.983820,3,0.7GPa;1.3GPa;8.5GPa,0.000720225,0.176471,2,1,0,bump;matched;micro;raw;residual;shoulder,5;8,per_peak_heatmaps/peak_group_054_3.984deg_correlation.png,per_peak_matrices/peak_group_054_3.984deg_correlation.csv
55,4.011113,9,0.7GPa;5GPa;6.2GPa;6.6GPa;7.4GPa;8.5GPa;9.8GPa;12.8GPa;13.3GPa,0.000472733,0.529412,2,9,0,bump;matched;micro;raw;residual;shoulder,3,per_peak_heatmaps/peak_group_055_4.011deg_correlation.png,per_peak_matrices/peak_group_055_4.011deg_correlation.csv
56,4.051760,9,1.3GPa;1.5GPa;2.3GPa;3.9GPa;6.2GPa;8.5GPa;10.4GPa;13.3GPa;15.6GPa,0.00590629,0.529412,3,7,0,bump;matched;micro;raw;shoulder,2,per_peak_heatmaps/peak_group_056_4.052deg_correlation.png,per_peak_matrices/peak_group_056_4.052deg_correlation.csv
57,4.080090,7,1GPa;2.3GPa;6.6GPa;7.4GPa;8.5GPa;9.8GPa;13.3GPa,0.00934548,0.411765,2,6,0,matched;micro;raw;shoulder,2;3,per_peak_heatmaps/peak_group_057_4.080deg_correlation.png,per_peak_matrices/peak_group_057_4.080deg_correlation.csv
58,4.114567,7,0.7GPa;1GPa;1.5GPa;2.4GPa_decomp;7.4GPa;12.8GPa;13.3GPa,0.0104251,0.411765,5,4,0,bump;matched;micro;raw;residual;shoulder,2;3;8,per_peak_heatmaps/peak_group_058_4.115deg_correlation.png,per_peak_matrices/peak_group_058_4.115deg_correlation.csv
59,4.142398,6,1GPa;1.5GPa;2.3GPa;6.6GPa;10.4GPa;15.6GPa,0.00958306,0.352941,4,2,0,bump;matched;micro;raw;shoulder,2;3;5,per_peak_heatmaps/peak_group_059_4.142deg_correlation.png,per_peak_matrices/peak_group_059_4.142deg_correlation.csv
60,4.178640,9,1.3GPa;2.3GPa;3.9GPa;5GPa;7.4GPa;8.5GPa;10.4GPa;13.3GPa;15.6GPa,0.0036101,0.529412,6,5,0,matched;micro;raw;shoulder,3;5,per_peak_heatmaps/peak_group_060_4.179deg_correlation.png,per_peak_matrices/peak_group_060_4.179deg_correlation.csv
61,4.213437,8,0.7GPa;1.3GPa;2.3GPa;3.9GPa;5GPa;6.2GPa;7.4GPa;12.8GPa,0.000863716,0.470588,7,3,0,bump;matched;micro;raw;shoulder,2;3;5,per_peak_heatmaps/peak_group_061_4.213deg_correlation.png,per_peak_matrices/peak_group_061_4.213deg_correlation.csv
62,4.247201,8,0.7GPa;1GPa;6.2GPa;9.8GPa;10.4GPa;12.8GPa;13.3GPa;15.6GPa,0.000405297,0.470588,6,4,0,bump;matched;micro;raw;shoulder,2;3;5,per_peak_heatmaps/peak_group_062_4.247deg_correlation.png,per_peak_matrices/peak_group_062_4.247deg_correlation.csv
63,4.287192,6,1GPa;1.3GPa;2.4GPa_decomp;5GPa;8.5GPa;12.8GPa,0.000216415,0.352941,2,5,0,matched;micro;raw;shoulder,2;3,per_peak_heatmaps/peak_group_063_4.287deg_correlation.png,per_peak_matrices/peak_group_063_4.287deg_correlation.csv
64,4.306370,3,0.7GPa;6.6GPa;13.3GPa,0.000317277,0.176471,2,1,0,matched;micro;raw;shoulder,2;3,per_peak_heatmaps/peak_group_064_4.306deg_correlation.png,per_peak_matrices/peak_group_064_4.306deg_correlation.csv
65,4.365336,10,1GPa;1.3GPa;1.5GPa;2.3GPa;3.9GPa;7.4GPa;9.8GPa;10.4GPa;13.3GPa;15.6GPa,0.000184001,0.588235,3,7,0,bump;matched;micro;raw;shoulder,2;3;5,per_peak_heatmaps/peak_group_065_4.365deg_correlation.png,per_peak_matrices/peak_group_065_4.365deg_correlation.csv
66,4.404522,1,13.3GPa,0.000112663,0.0588235,1,0,0,matched;micro;shoulder,2,per_peak_heatmaps/peak_group_066_4.405deg_correlation.png,per_peak_matrices/peak_group_066_4.405deg_correlation.csv
67,4.432672,3,10.4GPa;13.3GPa;15.6GPa,0.00160469,0.176471,1,2,0,matched;micro;raw;shoulder,2,per_peak_heatmaps/peak_group_067_4.433deg_correlation.png,per_peak_matrices/peak_group_067_4.433deg_correlation.csv
68,4.476145,11,0.7GPa;1GPa;1.3GPa;1.5GPa;2.4GPa_decomp;6.2GPa;6.6GPa;7.4GPa;8.5GPa;9.8GPa;12.8GPa,0.00651849,0.647059,6,8,0,matched;micro;raw;shoulder,2;3;5,per_peak_heatmaps/peak_group_068_4.476deg_correlation.png,per_peak_matrices/peak_group_068_4.476deg_correlation.csv
69,4.509138,11,1GPa;1.3GPa;1.5GPa;2.3GPa;3.9GPa;5GPa;7.4GPa;8.5GPa;9.8GPa;10.4GPa;13.3GPa,0.00879224,0.647059,7,8,0,matched;micro;raw;residual;shoulder,2;3;5;8,per_peak_heatmaps/peak_group_069_4.509deg_correlation.png,per_peak_matrices/peak_group_069_4.509deg_correlation.csv
70,4.532140,4,3.9GPa;7.4GPa;10.4GPa;12.8GPa,0.00746781,0.235294,2,3,0,bump;matched;micro;raw;residual;shoulder,3;8,per_peak_heatmaps/peak_group_070_4.532deg_correlation.png,per_peak_matrices/peak_group_070_4.532deg_correlation.csv
71,4.572750,9,0.7GPa;1GPa;2.3GPa;3.9GPa;6.2GPa;7.4GPa;8.5GPa;10.4GPa;12.8GPa,0.0048081,0.529412,6,5,0,matched;micro;raw;shoulder,2;3;5,per_peak_heatmaps/peak_group_071_4.573deg_correlation.png,per_peak_matrices/peak_group_071_4.573deg_correlation.csv
72,4.601735,8,1.3GPa;1.5GPa;2.4GPa_decomp;5GPa;6.2GPa;8.5GPa;9.8GPa;15.6GPa,0.00243707,0.470588,5,6,0,matched;micro;raw;shoulder,2;3;5,per_peak_heatmaps/peak_group_072_4.602deg_correlation.png,per_peak_matrices/peak_group_072_4.602deg_correlation.csv
73,4.634258,11,0.7GPa;1GPa;1.3GPa;1.5GPa;2.4GPa_decomp;6.6GPa;7.4GPa;8.5GPa;9.8GPa;10.4GPa;13.3GPa,0.00063341,0.647059,5,7,0,matched;micro;raw;shoulder,2;3;5;8,per_peak_heatmaps/peak_group_073_4.634deg_correlation.png,per_peak_matrices/peak_group_073_4.634deg_correlation.csv
74,4.673485,12,0.7GPa;1GPa;1.3GPa;1.5GPa;2.3GPa;5GPa;7.4GPa;8.5GPa;9.8GPa;12.8GPa;13.3GPa;15.6GPa,0.000257337,0.705882,7,7,0,bump;matched;micro;raw;residual;shoulder,2;3;5;8,per_peak_heatmaps/peak_group_074_4.673deg_correlation.png,per_peak_matrices/peak_group_074_4.673deg_correlation.csv
75,4.719060,4,1.3GPa;3.9GPa;5GPa;8.5GPa,0.000458443,0.235294,4,2,0,matched;micro;raw;shoulder,2;3;5;8,per_peak_heatmaps/peak_group_075_4.719deg_correlation.png,per_peak_matrices/peak_group_075_4.719deg_correlation.csv
76,4.744009,9,0.7GPa;1.5GPa;2.3GPa;2.4GPa_decomp;5GPa;6.2GPa;6.6GPa;7.4GPa;10.4GPa,0.000312012,0.529412,8,3,0,matched;micro;raw;residual;shoulder,2;3;8,per_peak_heatmaps/peak_group_076_4.744deg_correlation.png,per_peak_matrices/peak_group_076_4.744deg_correlation.csv
77,4.773523,8,0.7GPa;1GPa;1.5GPa;2.3GPa;6.2GPa;6.6GPa;8.5GPa;13.3GPa,0.000314342,0.470588,6,3,0,matched;micro;raw;residual;shoulder,2;3;5,per_peak_heatmaps/peak_group_077_4.774deg_correlation.png,per_peak_matrices/peak_group_077_4.774deg_correlation.csv
78,4.799983,7,1GPa;1.5GPa;2.3GPa;3.9GPa;6.6GPa;7.4GPa;8.5GPa,0.000422781,0.411765,2,6,0,bump;matched;micro;raw;residual;shoulder,2;3,per_peak_heatmaps/peak_group_078_4.800deg_correlation.png,per_peak_matrices/peak_group_078_4.800deg_correlation.csv
79,4.849123,9,0.7GPa;2.3GPa;2.4GPa_decomp;3.9GPa;7.4GPa;10.4GPa;12.8GPa;13.3GPa;15.6GPa,0.000753101,0.529412,3,8,0,matched;micro;raw;residual;shoulder,3;5;8,per_peak_heatmaps/peak_group_079_4.849deg_correlation.png,per_peak_matrices/peak_group_079_4.849deg_correlation.csv
80,4.868031,11,1GPa;1.3GPa;2.3GPa;2.4GPa_decomp;3.9GPa;5GPa;6.2GPa;6.6GPa;7.4GPa;10.4GPa;12.8GPa,0.000408797,0.647059,8,6,0,matched;micro;raw;residual;shoulder,2;3;5;8,per_peak_heatmaps/peak_group_080_4.868deg_correlation.png,per_peak_matrices/peak_group_080_4.868deg_correlation.csv
81,4.899852,11,0.7GPa;1GPa;1.3GPa;2.4GPa_decomp;5GPa;7.4GPa;9.8GPa;10.4GPa;12.8GPa;13.3GPa;15.6GPa,0.000877033,0.647059,9,5,0,bump;matched;micro;raw;shoulder,2;3;5;8,per_peak_heatmaps/peak_group_081_4.900deg_correlation.png,per_peak_matrices/peak_group_081_4.900deg_correlation.csv
82,4.935690,11,0.7GPa;1GPa;1.5GPa;2.4GPa_decomp;3.9GPa;5GPa;9.8GPa;10.4GPa;12.8GPa;13.3GPa;15.6GPa,0.000533564,0.647059,7,7,0,bump;matched;micro;raw;residual;shoulder,2;3,per_peak_heatmaps/peak_group_082_4.936deg_correlation.png,per_peak_matrices/peak_group_082_4.936deg_correlation.csv
83,4.966939,11,0.7GPa;1GPa;1.3GPa;1.5GPa;2.3GPa;3.9GPa;5GPa;6.2GPa;8.5GPa;10.4GPa;12.8GPa,0.000250095,0.647059,5,10,0,matched;micro;raw;shoulder,2;3;5,per_peak_heatmaps/peak_group_083_4.967deg_correlation.png,per_peak_matrices/peak_group_083_4.967deg_correlation.csv
84,4.996627,7,0.7GPa;1GPa;6.6GPa;7.4GPa;8.5GPa;10.4GPa;13.3GPa,0.00046498,0.411765,2,5,0,matched;micro;raw;shoulder,2;3,per_peak_heatmaps/peak_group_084_4.997deg_correlation.png,per_peak_matrices/peak_group_084_4.997deg_correlation.csv
85,5.023801,6,2.3GPa;6.2GPa;6.6GPa;10.4GPa;12.8GPa;15.6GPa,0.000434451,0.352941,2,5,0,matched;micro;raw;shoulder,2;3;5,per_peak_heatmaps/peak_group_085_5.024deg_correlation.png,per_peak_matrices/peak_group_085_5.024deg_correlation.csv
86,5.064313,9,1.3GPa;1.5GPa;2.3GPa;2.4GPa_decomp;3.9GPa;5GPa;6.6GPa;7.4GPa;8.5GPa,0.000574889,0.529412,6,3,0,bump;matched;micro;raw;shoulder,2,per_peak_heatmaps/peak_group_086_5.064deg_correlation.png,per_peak_matrices/peak_group_086_5.064deg_correlation.csv
87,5.084672,3,1.5GPa;3.9GPa;6.2GPa,0.000146766,0.176471,2,1,0,micro;shoulder,,per_peak_heatmaps/peak_group_087_5.085deg_correlation.png,per_peak_matrices/peak_group_087_5.085deg_correlation.csv
88,5.127808,4,1GPa;9.8GPa;10.4GPa;13.3GPa,0.000975237,0.235294,2,3,0,matched;micro;raw;shoulder,2,per_peak_heatmaps/peak_group_088_5.128deg_correlation.png,per_peak_matrices/peak_group_088_5.128deg_correlation.csv
89,5.160655,6,0.7GPa;1GPa;6.6GPa;7.4GPa;8.5GPa;10.4GPa,0.000635786,0.352941,4,4,0,bump;matched;micro;raw;shoulder,2;3;5,per_peak_heatmaps/peak_group_089_5.161deg_correlation.png,per_peak_matrices/peak_group_089_5.161deg_correlation.csv
90,5.188890,10,1GPa;1.3GPa;2.4GPa_decomp;3.9GPa;5GPa;6.2GPa;8.5GPa;10.4GPa;12.8GPa;15.6GPa,0.000710836,0.588235,11,4,0,bump;matched;micro;raw;shoulder,2;3;5,per_peak_heatmaps/peak_group_090_5.189deg_correlation.png,per_peak_matrices/peak_group_090_5.189deg_correlation.csv
91,5.221552,5,1GPa;2.3GPa;2.4GPa_decomp;12.8GPa;13.3GPa,0.000864171,0.294118,4,4,0,matched;micro;raw;residual;shoulder,2;3;8,per_peak_heatmaps/peak_group_091_5.222deg_correlation.png,per_peak_matrices/peak_group_091_5.222deg_correlation.csv
92,5.248253,4,0.7GPa;2.3GPa;6.2GPa;10.4GPa,0.000238686,0.235294,2,2,0,micro;raw;shoulder,,per_peak_heatmaps/peak_group_092_5.248deg_correlation.png,per_peak_matrices/peak_group_092_5.248deg_correlation.csv
93,5.293820,8,0.7GPa;1GPa;1.5GPa;2.4GPa_decomp;5GPa;6.6GPa;7.4GPa;9.8GPa,0.000324021,0.470588,6,7,0,matched;micro;raw;residual;shoulder,2;3;5,per_peak_heatmaps/peak_group_093_5.294deg_correlation.png,per_peak_matrices/peak_group_093_5.294deg_correlation.csv
94,5.329199,10,0.7GPa;1GPa;1.3GPa;1.5GPa;2.3GPa;6.6GPa;9.8GPa;10.4GPa;13.3GPa;15.6GPa,0.000525042,0.588235,5,7,0,bump;matched;micro;raw;residual;shoulder,2;3;5;8,per_peak_heatmaps/peak_group_094_5.329deg_correlation.png,per_peak_matrices/peak_group_094_5.329deg_correlation.csv
95,5.358570,8,0.7GPa;1GPa;1.3GPa;1.5GPa;2.3GPa;3.9GPa;12.8GPa;15.6GPa,0.00063849,0.470588,6,2,0,bump;matched;micro;raw;residual;shoulder,3;8,per_peak_heatmaps/peak_group_095_5.359deg_correlation.png,per_peak_matrices/peak_group_095_5.359deg_correlation.csv
96,5.390218,8,1.5GPa;2.3GPa;5GPa;6.2GPa;7.4GPa;9.8GPa;12.8GPa;15.6GPa,0.000625038,0.470588,6,4,0,matched;micro;raw;shoulder,2;3,per_peak_heatmaps/peak_group_096_5.390deg_correlation.png,per_peak_matrices/peak_group_096_5.390deg_correlation.csv
97,5.425539,6,2.3GPa;2.4GPa_decomp;6.2GPa;6.6GPa;9.8GPa;15.6GPa,0.000801163,0.352941,3,5,0,matched;micro;raw;shoulder,2;3,per_peak_heatmaps/peak_group_097_5.426deg_correlation.png,per_peak_matrices/peak_group_097_5.426deg_correlation.csv
98,5.468507,6,0.7GPa;1.3GPa;8.5GPa;10.4GPa;12.8GPa;13.3GPa,0.000950869,0.352941,3,5,0,matched;micro;raw;shoulder,2;5,per_peak_heatmaps/peak_group_098_5.469deg_correlation.png,per_peak_matrices/peak_group_098_5.469deg_correlation.csv
99,5.499076,9,1GPa;1.3GPa;1.5GPa;2.3GPa;3.9GPa;5GPa;7.4GPa;10.4GPa;15.6GPa,0.000766985,0.529412,5,5,0,bump;matched;micro;raw;residual;shoulder,2;3;5,per_peak_heatmaps/peak_group_099_5.499deg_correlation.png,per_peak_matrices/peak_group_099_5.499deg_correlation.csv
100,5.553788,8,0.7GPa;5GPa;6.6GPa;7.4GPa;9.8GPa;12.8GPa;13.3GPa;15.6GPa,0.000324126,0.470588,4,7,0,matched;micro;raw;residual;shoulder,2;3;5;8,per_peak_heatmaps/peak_group_100_5.554deg_correlation.png,per_peak_matrices/peak_group_100_5.554deg_correlation.csv
101,5.584541,12,1GPa;1.3GPa;1.5GPa;2.3GPa;2.4GPa_decomp;5GPa;6.2GPa;7.4GPa;8.5GPa;10.4GPa;12.8GPa;13.3GPa,0.000571411,0.705882,5,9,0,bump;matched;micro;raw;residual;shoulder,2;3;5,per_peak_heatmaps/peak_group_101_5.585deg_correlation.png,per_peak_matrices/peak_group_101_5.585deg_correlation.csv
102,5.611709,10,0.7GPa;1GPa;2.3GPa;2.4GPa_decomp;5GPa;6.2GPa;7.4GPa;12.8GPa;13.3GPa;15.6GPa,0.000462346,0.588235,7,6,0,bump;matched;micro;raw;shoulder,2;3;5,per_peak_heatmaps/peak_group_102_5.612deg_correlation.png,per_peak_matrices/peak_group_102_5.612deg_correlation.csv
103,5.659670,8,1GPa;1.3GPa;2.3GPa;3.9GPa;5GPa;6.2GPa;9.8GPa;12.8GPa,0.000349241,0.470588,4,6,0,bump;matched;micro;raw;residual;shoulder,2,per_peak_heatmaps/peak_group_103_5.660deg_correlation.png,per_peak_matrices/peak_group_103_5.660deg_correlation.csv
104,5.688732,8,0.7GPa;1.3GPa;1.5GPa;5GPa;6.2GPa;6.6GPa;8.5GPa;15.6GPa,0.000110416,0.470588,3,6,0,bump;matched;micro;raw;residual;shoulder,2,per_peak_heatmaps/peak_group_104_5.689deg_correlation.png,per_peak_matrices/peak_group_104_5.689deg_correlation.csv
105,5.722733,4,7.4GPa;8.5GPa;9.8GPa;10.4GPa,0.00162801,0.235294,2,2,0,bump;matched;micro;raw;residual;shoulder,2,per_peak_heatmaps/peak_group_105_5.723deg_correlation.png,per_peak_matrices/peak_group_105_5.723deg_correlation.csv
106,5.766885,7,1.3GPa;2.4GPa_decomp;3.9GPa;7.4GPa;8.5GPa;9.8GPa;13.3GPa,0.00538735,0.411765,3,5,0,bump;matched;micro;raw;residual;shoulder,2,per_peak_heatmaps/peak_group_106_5.767deg_correlation.png,per_peak_matrices/peak_group_106_5.767deg_correlation.csv
107,5.805716,6,1GPa;1.5GPa;6.2GPa;9.8GPa;10.4GPa;15.6GPa,0.0123464,0.352941,4,3,0,bump;matched;micro;raw;residual;shoulder,5;8,per_peak_heatmaps/peak_group_107_5.806deg_correlation.png,per_peak_matrices/peak_group_107_5.806deg_correlation.csv
108,5.840394,10,0.7GPa;2.3GPa;2.4GPa_decomp;6.6GPa;7.4GPa;8.5GPa;10.4GPa;12.8GPa;13.3GPa;15.6GPa,0.0144141,0.588235,6,8,0,bump;matched;micro;raw;residual;shoulder,2;5;8,per_peak_heatmaps/peak_group_108_5.840deg_correlation.png,per_peak_matrices/peak_group_108_5.840deg_correlation.csv
109,5.875450,3,2.4GPa_decomp;3.9GPa;12.8GPa,0.00921336,0.176471,2,2,0,bump;matched;micro;raw;residual;shoulder,5,per_peak_heatmaps/peak_group_109_5.875deg_correlation.png,per_peak_matrices/peak_group_109_5.875deg_correlation.csv
110,5.915163,4,1GPa;5GPa;6.2GPa;12.8GPa,0.0103468,0.235294,2,2,0,bump;matched;micro;raw;residual;shoulder,8,per_peak_heatmaps/peak_group_110_5.915deg_correlation.png,per_peak_matrices/peak_group_110_5.915deg_correlation.csv
111,5.953984,7,0.7GPa;7.4GPa;8.5GPa;9.8GPa;12.8GPa;13.3GPa;15.6GPa,0.00731608,0.411765,5,3,0,bump;matched;micro;raw;residual;shoulder,2;5,per_peak_heatmaps/peak_group_111_5.954deg_correlation.png,per_peak_matrices/peak_group_111_5.954deg_correlation.csv
112,5.994099,7,1.5GPa;2.4GPa_decomp;3.9GPa;6.6GPa;10.4GPa;12.8GPa;13.3GPa,0.00364821,0.411765,2,6,0,matched;micro;raw;shoulder,2;3;5,per_peak_heatmaps/peak_group_112_5.994deg_correlation.png,per_peak_matrices/peak_group_112_5.994deg_correlation.csv
113,6.026880,5,1GPa;1.5GPa;2.3GPa;10.4GPa;12.8GPa,0.00261824,0.294118,4,3,0,matched;micro;raw;shoulder,2;3,per_peak_heatmaps/peak_group_113_6.027deg_correlation.png,per_peak_matrices/peak_group_113_6.027deg_correlation.csv
114,6.049416,4,1GPa;1.5GPa;2.3GPa;12.8GPa,0.000469564,0.235294,3,2,0,matched;micro;raw;shoulder,3,per_peak_heatmaps/peak_group_114_6.049deg_correlation.png,per_peak_matrices/peak_group_114_6.049deg_correlation.csv
115,6.096070,6,1GPa;1.5GPa;2.4GPa_decomp;6.2GPa;10.4GPa;13.3GPa,0.0061075,0.352941,1,6,0,bump;matched;micro;raw;shoulder,2;5,per_peak_heatmaps/peak_group_115_6.096deg_correlation.png,per_peak_matrices/peak_group_115_6.096deg_correlation.csv
116,6.135492,8,1GPa;1.5GPa;2.3GPa;2.4GPa_decomp;5GPa;7.4GPa;8.5GPa;12.8GPa,0.000788178,0.470588,2,9,0,matched;micro;raw;shoulder,2;5,per_peak_heatmaps/peak_group_116_6.135deg_correlation.png,per_peak_matrices/peak_group_116_6.135deg_correlation.csv
117,6.165635,3,1.5GPa;3.9GPa;5GPa,0.014788,0.176471,1,3,0,matched;micro;raw;shoulder,2;3,per_peak_heatmaps/peak_group_117_6.166deg_correlation.png,per_peak_matrices/peak_group_117_6.166deg_correlation.csv
118,6.204448,5,2.4GPa_decomp;3.9GPa;5GPa;6.2GPa;8.5GPa,0.00109247,0.294118,2,5,0,matched;micro;raw;residual;shoulder,2,per_peak_heatmaps/peak_group_118_6.204deg_correlation.png,per_peak_matrices/peak_group_118_6.204deg_correlation.csv
119,6.231211,4,1GPa;2.4GPa_decomp;3.9GPa;9.8GPa,0.0048472,0.235294,5,0,0,matched;micro;raw;shoulder,3;5,per_peak_heatmaps/peak_group_119_6.231deg_correlation.png,per_peak_matrices/peak_group_119_6.231deg_correlation.csv
120,6.262012,8,1.5GPa;2.3GPa;3.9GPa;6.2GPa;7.4GPa;8.5GPa;9.8GPa;12.8GPa,0.0175493,0.470588,5,5,0,matched;micro;raw;residual;shoulder,2;3;5;8,per_peak_heatmaps/peak_group_120_6.262deg_correlation.png,per_peak_matrices/peak_group_120_6.262deg_correlation.csv
121,6.299976,11,0.7GPa;1.5GPa;2.3GPa;2.4GPa_decomp;3.9GPa;6.2GPa;7.4GPa;8.5GPa;10.4GPa;12.8GPa;15.6GPa,0.0261819,0.647059,9,4,0,bump;matched;micro;raw;residual;shoulder,2;3;5;8,per_peak_heatmaps/peak_group_121_6.300deg_correlation.png,per_peak_matrices/peak_group_121_6.300deg_correlation.csv
122,6.325754,6,1GPa;1.3GPa;2.3GPa;2.4GPa_decomp;5GPa;15.6GPa,0.0270855,0.352941,2,5,0,bump;matched;micro;raw;residual;shoulder,2;3;8,per_peak_heatmaps/peak_group_122_6.326deg_correlation.png,per_peak_matrices/peak_group_122_6.326deg_correlation.csv
123,6.352891,4,2.4GPa_decomp;5GPa;7.4GPa;9.8GPa,0.0238639,0.235294,1,5,0,matched;micro;raw;shoulder,2;5,per_peak_heatmaps/peak_group_123_6.353deg_correlation.png,per_peak_matrices/peak_group_123_6.353deg_correlation.csv
124,6.381548,3,1.5GPa;5GPa;7.4GPa,0.0179511,0.176471,3,2,0,matched;micro;raw;shoulder,8,per_peak_heatmaps/peak_group_124_6.382deg_correlation.png,per_peak_matrices/peak_group_124_6.382deg_correlation.csv
125,6.434893,6,0.7GPa;1GPa;2.3GPa;6.2GPa;6.6GPa;8.5GPa,0.0215853,0.352941,1,5,0,matched;micro;raw;residual;shoulder,2;3;8,per_peak_heatmaps/peak_group_125_6.435deg_correlation.png,per_peak_matrices/peak_group_125_6.435deg_correlation.csv
126,6.450539,7,1GPa;1.5GPa;2.3GPa;6.2GPa;6.6GPa;9.8GPa;12.8GPa,0.00815163,0.411765,2,6,0,matched;micro;raw;residual;shoulder,2;3;5,per_peak_heatmaps/peak_group_126_6.451deg_correlation.png,per_peak_matrices/peak_group_126_6.451deg_correlation.csv
127,6.487743,7,1GPa;1.5GPa;2.3GPa;3.9GPa;6.2GPa;7.4GPa;9.8GPa,0.0143416,0.411765,3,5,0,matched;micro;raw;residual;shoulder,2;5,per_peak_heatmaps/peak_group_127_6.488deg_correlation.png,per_peak_matrices/peak_group_127_6.488deg_correlation.csv
128,6.521016,6,1.5GPa;2.3GPa;5GPa;7.4GPa;12.8GPa;15.6GPa,0.028928,0.352941,4,4,0,bump;matched;micro;raw;residual;shoulder,2;3;5;8,per_peak_heatmaps/peak_group_128_6.521deg_correlation.png,per_peak_matrices/peak_group_128_6.521deg_correlation.csv
129,6.545415,9,1GPa;2.3GPa;3.9GPa;5GPa;6.2GPa;7.4GPa;8.5GPa;10.4GPa;12.8GPa,0.023226,0.529412,7,4,0,matched;micro;raw;residual;shoulder,2;3;8,per_peak_heatmaps/peak_group_129_6.545deg_correlation.png,per_peak_matrices/peak_group_129_6.545deg_correlation.csv
130,6.589319,9,1GPa;2.3GPa;2.4GPa_decomp;5GPa;6.2GPa;7.4GPa;8.5GPa;10.4GPa;13.3GPa,0.0171525,0.529412,11,1,0,bump;matched;micro;raw;shoulder,2;5;8,per_peak_heatmaps/peak_group_130_6.589deg_correlation.png,per_peak_matrices/peak_group_130_6.589deg_correlation.csv
131,6.619488,4,1GPa;1.5GPa;2.4GPa_decomp;6.6GPa,0.0113613,0.235294,4,3,0,bump;matched;micro;raw;residual;shoulder,3;8,per_peak_heatmaps/peak_group_131_6.619deg_correlation.png,per_peak_matrices/peak_group_131_6.619deg_correlation.csv
132,6.650353,4,1.5GPa;2.3GPa;2.4GPa_decomp;13.3GPa,0.025918,0.235294,3,1,0,bump;matched;micro;raw;residual,2,per_peak_heatmaps/peak_group_132_6.650deg_correlation.png,per_peak_matrices/peak_group_132_6.650deg_correlation.csv
133,6.663128,5,1GPa;3.9GPa;6.6GPa;8.5GPa;12.8GPa,0.018489,0.294118,3,4,0,matched;micro;raw;shoulder,5;8,per_peak_heatmaps/peak_group_133_6.663deg_correlation.png,per_peak_matrices/peak_group_133_6.663deg_correlation.csv
134,6.697968,5,2.3GPa;5GPa;7.4GPa;9.8GPa;12.8GPa,0.0135134,0.294118,5,3,0,bump;matched;micro;raw;residual;shoulder,2;3,per_peak_heatmaps/peak_group_134_6.698deg_correlation.png,per_peak_matrices/peak_group_134_6.698deg_correlation.csv
135,6.746372,4,3.9GPa;6.2GPa;8.5GPa;10.4GPa,0.0244495,0.235294,3,2,0,bump;matched;micro;raw;residual;shoulder,2;8,per_peak_heatmaps/peak_group_135_6.746deg_correlation.png,per_peak_matrices/peak_group_135_6.746deg_correlation.csv
136,6.774472,5,0.7GPa;5GPa;7.4GPa;8.5GPa;10.4GPa,0.0302108,0.294118,3,3,0,bump;matched;raw;shoulder,3;5,per_peak_heatmaps/peak_group_136_6.774deg_correlation.png,per_peak_matrices/peak_group_136_6.774deg_correlation.csv
137,6.792781,4,5GPa;6.2GPa;7.4GPa;9.8GPa,0.0336666,0.235294,2,3,0,bump;matched;micro;raw;residual;shoulder,3,per_peak_heatmaps/peak_group_137_6.793deg_correlation.png,per_peak_matrices/peak_group_137_6.793deg_correlation.csv
138,6.824368,4,6.2GPa;7.4GPa;9.8GPa;13.3GPa,0.0179174,0.235294,3,4,0,bump;matched;micro;raw;residual;shoulder,2;3;5;8,per_peak_heatmaps/peak_group_138_6.824deg_correlation.png,per_peak_matrices/peak_group_138_6.824deg_correlation.csv
139,6.863027,7,1GPa;1.5GPa;2.4GPa_decomp;3.9GPa;8.5GPa;9.8GPa;12.8GPa,0.0255346,0.411765,7,2,0,bump;matched;micro;raw;residual;shoulder,2;3,per_peak_heatmaps/peak_group_139_6.863deg_correlation.png,per_peak_matrices/peak_group_139_6.863deg_correlation.csv
140,6.888298,7,1.3GPa;1.5GPa;2.3GPa;3.9GPa;6.2GPa;9.8GPa;12.8GPa,0.01758,0.411765,2,5,0,bump;matched;micro;raw;residual;shoulder,3;8,per_peak_heatmaps/peak_group_140_6.888deg_correlation.png,per_peak_matrices/peak_group_140_6.888deg_correlation.csv
141,6.933406,7,0.7GPa;2.3GPa;2.4GPa_decomp;7.4GPa;8.5GPa;9.8GPa;15.6GPa,0.0149324,0.411765,6,4,0,bump;matched;micro;raw;residual;shoulder,2;3;5;8,per_peak_heatmaps/peak_group_141_6.933deg_correlation.png,per_peak_matrices/peak_group_141_6.933deg_correlation.csv
142,6.967050,4,2.4GPa_decomp;3.9GPa;5GPa;6.2GPa,0.00312977,0.235294,4,2,0,bump;matched;micro;raw;residual;shoulder,2;3;8,per_peak_heatmaps/peak_group_142_6.967deg_correlation.png,per_peak_matrices/peak_group_142_6.967deg_correlation.csv
143,6.998573,10,0.7GPa;1GPa;1.3GPa;2.3GPa;2.4GPa_decomp;3.9GPa;5GPa;6.2GPa;7.4GPa;15.6GPa,0.00239266,0.588235,4,8,0,bump;matched;micro;raw;residual;shoulder,2;3;5;8,per_peak_heatmaps/peak_group_143_6.999deg_correlation.png,per_peak_matrices/peak_group_143_6.999deg_correlation.csv
144,7.039095,6,0.7GPa;1.5GPa;6.2GPa;6.6GPa;7.4GPa;8.5GPa,0.0112701,0.352941,3,3,0,bump;matched;micro;raw;shoulder,3;5,per_peak_heatmaps/peak_group_144_7.039deg_correlation.png,per_peak_matrices/peak_group_144_7.039deg_correlation.csv
145,7.064327,3,7.4GPa;8.5GPa;9.8GPa,0.0156695,0.176471,2,1,0,bump;matched;micro;shoulder,3,per_peak_heatmaps/peak_group_145_7.064deg_correlation.png,per_peak_matrices/peak_group_145_7.064deg_correlation.csv
146,7.100395,2,9.8GPa;12.8GPa,0.0236015,0.117647,3,0,0,bump;matched;micro;raw;residual;shoulder,5;8,per_peak_heatmaps/peak_group_146_7.100deg_correlation.png,per_peak_matrices/peak_group_146_7.100deg_correlation.csv
147,7.125125,5,0.7GPa;1GPa;2.4GPa_decomp;3.9GPa;5GPa,0.0194189,0.294118,1,4,0,matched;micro;raw;shoulder,2,per_peak_heatmaps/peak_group_147_7.125deg_correlation.png,per_peak_matrices/peak_group_147_7.125deg_correlation.csv
148,7.162105,5,1.3GPa;1.5GPa;2.3GPa;6.6GPa;7.4GPa,0.0129957,0.294118,4,3,0,matched;micro;raw;shoulder,2;3,per_peak_heatmaps/peak_group_148_7.162deg_correlation.png,per_peak_matrices/peak_group_148_7.162deg_correlation.csv
149,7.223982,8,0.7GPa;1.3GPa;2.4GPa_decomp;5GPa;6.6GPa;7.4GPa;9.8GPa;15.6GPa,0.00205354,0.470588,2,7,0,bump;matched;micro;raw;shoulder,2,per_peak_heatmaps/peak_group_149_7.224deg_correlation.png,per_peak_matrices/peak_group_149_7.224deg_correlation.csv
150,7.260468,3,3.9GPa;10.4GPa;15.6GPa,0.000453984,0.176471,3,0,0,matched;micro;raw;shoulder,2,per_peak_heatmaps/peak_group_150_7.260deg_correlation.png,per_peak_matrices/peak_group_150_7.260deg_correlation.csv
151,7.307626,9,0.7GPa;1GPa;1.3GPa;1.5GPa;2.3GPa;2.4GPa_decomp;5GPa;13.3GPa;15.6GPa,0.000270572,0.529412,4,7,0,bump;matched;micro;raw;residual;shoulder,2;3;5,per_peak_heatmaps/peak_group_151_7.308deg_correlation.png,per_peak_matrices/peak_group_151_7.308deg_correlation.csv
152,7.338526,9,0.7GPa;1GPa;1.5GPa;2.3GPa;5GPa;7.4GPa;8.5GPa;9.8GPa;10.4GPa,0.000611466,0.529412,3,8,0,bump;matched;micro;raw;shoulder,2;3,per_peak_heatmaps/peak_group_152_7.339deg_correlation.png,per_peak_matrices/peak_group_152_7.339deg_correlation.csv
153,7.373714,8,1.5GPa;2.3GPa;3.9GPa;5GPa;6.6GPa;7.4GPa;8.5GPa;9.8GPa,0.00069595,0.470588,6,5,0,bump;matched;micro;raw;shoulder,2;3;5,per_peak_heatmaps/peak_group_153_7.374deg_correlation.png,per_peak_matrices/peak_group_153_7.374deg_correlation.csv
154,7.396698,8,3.9GPa;5GPa;6.2GPa;7.4GPa;8.5GPa;9.8GPa;10.4GPa;12.8GPa,0.000733475,0.470588,5,4,0,bump;matched;micro;raw;shoulder,2;5,per_peak_heatmaps/peak_group_154_7.397deg_correlation.png,per_peak_matrices/peak_group_154_7.397deg_correlation.csv
155,7.439083,11,0.7GPa;2.4GPa_decomp;3.9GPa;5GPa;6.2GPa;6.6GPa;8.5GPa;9.8GPa;12.8GPa;13.3GPa;15.6GPa,0.00104703,0.647059,9,7,0,bump;matched;micro;raw;shoulder,2;3;5;8,per_peak_heatmaps/peak_group_155_7.439deg_correlation.png,per_peak_matrices/peak_group_155_7.439deg_correlation.csv
156,7.457283,12,1.3GPa;1.5GPa;2.3GPa;2.4GPa_decomp;3.9GPa;5GPa;6.2GPa;7.4GPa;8.5GPa;9.8GPa;12.8GPa;15.6GPa,0.00080781,0.705882,7,10,0,matched;micro;raw;shoulder,2;8,per_peak_heatmaps/peak_group_156_7.457deg_correlation.png,per_peak_matrices/peak_group_156_7.457deg_correlation.csv
157,7.488684,2,1GPa;10.4GPa,0.00056839,0.117647,0,2,0,micro;raw;shoulder,,per_peak_heatmaps/peak_group_157_7.489deg_correlation.png,per_peak_matrices/peak_group_157_7.489deg_correlation.csv
158,7.545056,5,0.7GPa;2.3GPa;7.4GPa;13.3GPa;15.6GPa,0.0686224,0.294118,2,3,0,matched;micro;raw;residual;shoulder,2;5,per_peak_heatmaps/peak_group_158_7.545deg_correlation.png,per_peak_matrices/peak_group_158_7.545deg_correlation.csv
159,7.583402,9,1GPa;1.5GPa;2.4GPa_decomp;5GPa;7.4GPa;9.8GPa;10.4GPa;13.3GPa;15.6GPa,0.0912399,0.529412,4,6,0,bump;matched;micro;raw;residual;shoulder,2;3;5,per_peak_heatmaps/peak_group_159_7.583deg_correlation.png,per_peak_matrices/peak_group_159_7.583deg_correlation.csv
160,7.599661,11,0.7GPa;1GPa;1.3GPa;1.5GPa;2.4GPa_decomp;3.9GPa;7.4GPa;8.5GPa;9.8GPa;12.8GPa;15.6GPa,0.0872416,0.647059,6,5,0,bump;matched;micro;raw;residual;shoulder,2;3;5;8,per_peak_heatmaps/peak_group_160_7.600deg_correlation.png,per_peak_matrices/peak_group_160_7.600deg_correlation.csv
161,7.646529,11,0.7GPa;1GPa;2.3GPa;6.6GPa;7.4GPa;8.5GPa;9.8GPa;10.4GPa;12.8GPa;13.3GPa;15.6GPa,0.0913934,0.647059,7,6,0,bump;matched;micro;raw;residual;shoulder,2;3;5,per_peak_heatmaps/peak_group_161_7.647deg_correlation.png,per_peak_matrices/peak_group_161_7.647deg_correlation.csv
162,7.678479,8,0.7GPa;1GPa;3.9GPa;5GPa;6.2GPa;6.6GPa;8.5GPa;13.3GPa,0.0750834,0.470588,7,2,0,bump;matched;micro;raw;residual;shoulder,5,per_peak_heatmaps/peak_group_162_7.678deg_correlation.png,per_peak_matrices/peak_group_162_7.678deg_correlation.csv
163,7.714040,8,0.7GPa;1.3GPa;1.5GPa;3.9GPa;5GPa;6.2GPa;13.3GPa;15.6GPa,0.0514088,0.470588,7,3,0,bump;matched;micro;raw;residual;shoulder,2;3;8,per_peak_heatmaps/peak_group_163_7.714deg_correlation.png,per_peak_matrices/peak_group_163_7.714deg_correlation.csv
164,7.742859,6,1.3GPa;5GPa;6.2GPa;7.4GPa;8.5GPa;10.4GPa,0.0325229,0.352941,2,4,0,bump;matched;micro;raw;residual;shoulder,2;5,per_peak_heatmaps/peak_group_164_7.743deg_correlation.png,per_peak_matrices/peak_group_164_7.743deg_correlation.csv
165,7.798503,9,1GPa;1.5GPa;2.4GPa_decomp;3.9GPa;7.4GPa;8.5GPa;9.8GPa;10.4GPa;13.3GPa,0.0852417,0.529412,7,7,0,bump;matched;micro;raw;residual;shoulder,2;3;5;8,per_peak_heatmaps/peak_group_165_7.799deg_correlation.png,per_peak_matrices/peak_group_165_7.799deg_correlation.csv
166,7.822052,6,0.7GPa;1.5GPa;2.4GPa_decomp;8.5GPa;9.8GPa;12.8GPa,0.0856101,0.352941,3,3,0,bump;matched;micro;raw;residual;shoulder,2;3;5,per_peak_heatmaps/peak_group_166_7.822deg_correlation.png,per_peak_matrices/peak_group_166_7.822deg_correlation.csv
167,7.854346,7,1.3GPa;2.3GPa;2.4GPa_decomp;9.8GPa;10.4GPa;12.8GPa;15.6GPa,0.0563343,0.411765,4,5,0,bump;matched;micro;raw;residual;shoulder,2;3,per_peak_heatmaps/peak_group_167_7.854deg_correlation.png,per_peak_matrices/peak_group_167_7.854deg_correlation.csv
168,7.899779,5,1GPa;3.9GPa;6.6GPa;7.4GPa;10.4GPa,0.119556,0.294118,1,4,0,matched;micro;raw;shoulder,2;8,per_peak_heatmaps/peak_group_168_7.900deg_correlation.png,per_peak_matrices/peak_group_168_7.900deg_correlation.csv
169,7.916476,5,1.3GPa;3.9GPa;8.5GPa;9.8GPa;15.6GPa,0.120861,0.294118,2,3,0,bump;matched;micro;raw;residual;shoulder,3;8,per_peak_heatmaps/peak_group_169_7.916deg_correlation.png,per_peak_matrices/peak_group_169_7.916deg_correlation.csv
170,7.963363,6,0.7GPa;2.4GPa_decomp;5GPa;6.2GPa;6.6GPa;13.3GPa,0.0968515,0.352941,3,3,0,bump;matched;micro;raw;residual;shoulder,2;5,per_peak_heatmaps/peak_group_170_7.963deg_correlation.png,per_peak_matrices/peak_group_170_7.963deg_correlation.csv
171,8.006504,5,0.7GPa;1GPa;7.4GPa;8.5GPa;10.4GPa,0.212111,0.294118,6,0,0,bump;matched;micro;raw;residual;shoulder,2;3;5,per_peak_heatmaps/peak_group_171_8.007deg_correlation.png,per_peak_matrices/peak_group_171_8.007deg_correlation.csv
172,8.041517,6,1GPa;1.5GPa;3.9GPa;6.6GPa;9.8GPa;12.8GPa,0.194434,0.352941,6,1,0,bump;matched;micro;raw;residual;shoulder,2;3;5;8,per_peak_heatmaps/peak_group_172_8.042deg_correlation.png,per_peak_matrices/peak_group_172_8.042deg_correlation.csv
173,8.061055,6,1.3GPa;1.5GPa;2.3GPa;6.6GPa;12.8GPa;13.3GPa,0.178031,0.352941,6,1,0,bump;matched;micro;raw;residual;shoulder,2;3,per_peak_heatmaps/peak_group_173_8.061deg_correlation.png,per_peak_matrices/peak_group_173_8.061deg_correlation.csv
174,8.106667,5,0.7GPa;2.3GPa;2.4GPa_decomp;6.2GPa;6.6GPa,0.053021,0.294118,3,2,0,bump;matched;micro;raw;residual;shoulder,8,per_peak_heatmaps/peak_group_174_8.107deg_correlation.png,per_peak_matrices/peak_group_174_8.107deg_correlation.csv
175,8.130716,3,0.7GPa;3.9GPa;6.6GPa,0.0243975,0.176471,4,0,0,matched;micro;raw;shoulder,2;3,per_peak_heatmaps/peak_group_175_8.131deg_correlation.png,per_peak_matrices/peak_group_175_8.131deg_correlation.csv
176,8.168460,6,0.7GPa;1GPa;2.3GPa;3.9GPa;5GPa;15.6GPa,0.00215082,0.352941,3,3,0,bump;matched;micro;raw;shoulder,2,per_peak_heatmaps/peak_group_176_8.168deg_correlation.png,per_peak_matrices/peak_group_176_8.168deg_correlation.csv
177,8.193030,5,1.3GPa;2.4GPa_decomp;5GPa;6.2GPa;10.4GPa,0.0025343,0.294118,6,1,0,bump;matched;micro;raw;residual;shoulder,2;3,per_peak_heatmaps/peak_group_177_8.193deg_correlation.png,per_peak_matrices/peak_group_177_8.193deg_correlation.csv
178,8.224169,8,1GPa;1.5GPa;2.4GPa_decomp;5GPa;6.2GPa;7.4GPa;8.5GPa;10.4GPa,0.00221859,0.470588,7,3,0,bump;matched;micro;raw;residual;shoulder,2;3;5;8,per_peak_heatmaps/peak_group_178_8.224deg_correlation.png,per_peak_matrices/peak_group_178_8.224deg_correlation.csv
179,8.253338,10,1GPa;1.3GPa;1.5GPa;2.4GPa_decomp;3.9GPa;6.6GPa;7.4GPa;8.5GPa;9.8GPa;15.6GPa,0.00228141,0.588235,8,6,0,bump;matched;micro;raw;residual;shoulder,2;3;5,per_peak_heatmaps/peak_group_179_8.253deg_correlation.png,per_peak_matrices/peak_group_179_8.253deg_correlation.csv
180,8.280945,8,1GPa;2.3GPa;2.4GPa_decomp;5GPa;8.5GPa;9.8GPa;10.4GPa;12.8GPa,0.00586692,0.470588,8,2,0,bump;matched;micro;raw;residual;shoulder,2;3;8,per_peak_heatmaps/peak_group_180_8.281deg_correlation.png,per_peak_matrices/peak_group_180_8.281deg_correlation.csv
181,8.323819,7,0.7GPa;1GPa;2.3GPa;6.2GPa;9.8GPa;12.8GPa;13.3GPa,0.0037553,0.411765,4,4,0,bump;matched;micro;raw;residual;shoulder,3;5;8,per_peak_heatmaps/peak_group_181_8.324deg_correlation.png,per_peak_matrices/peak_group_181_8.324deg_correlation.csv
182,8.345839,7,1.5GPa;3.9GPa;5GPa;7.4GPa;10.4GPa;13.3GPa;15.6GPa,0.00248455,0.411765,1,6,0,micro;raw;shoulder,,per_peak_heatmaps/peak_group_182_8.346deg_correlation.png,per_peak_matrices/peak_group_182_8.346deg_correlation.csv
183,8.374289,2,3.9GPa;15.6GPa,0.00120603,0.117647,0,2,0,matched;residual,3,per_peak_heatmaps/peak_group_183_8.374deg_correlation.png,per_peak_matrices/peak_group_183_8.374deg_correlation.csv
184,8.420329,5,5GPa;6.2GPa;6.6GPa;9.8GPa;13.3GPa,0.00112775,0.294118,2,4,0,matched;micro;raw;residual;shoulder,2;3,per_peak_heatmaps/peak_group_184_8.420deg_correlation.png,per_peak_matrices/peak_group_184_8.420deg_correlation.csv
185,8.440657,4,3.9GPa;6.2GPa;8.5GPa;15.6GPa,0.00119611,0.235294,4,1,0,matched;micro;raw;residual;shoulder,2;3;8,per_peak_heatmaps/peak_group_185_8.441deg_correlation.png,per_peak_matrices/peak_group_185_8.441deg_correlation.csv
186,8.478543,7,0.7GPa;1.3GPa;2.3GPa;7.4GPa;8.5GPa;9.8GPa;10.4GPa,0.000259502,0.411765,3,6,0,matched;micro;raw;residual;shoulder,2;3,per_peak_heatmaps/peak_group_186_8.479deg_correlation.png,per_peak_matrices/peak_group_186_8.479deg_correlation.csv
187,8.501226,2,7.4GPa;9.8GPa,0.000653446,0.117647,2,2,0,matched;micro;raw;shoulder,2;5,per_peak_heatmaps/peak_group_187_8.501deg_correlation.png,per_peak_matrices/peak_group_187_8.501deg_correlation.csv
188,8.547506,4,2.3GPa;7.4GPa;9.8GPa;12.8GPa,0.000627265,0.235294,2,3,0,matched;micro;raw;shoulder,2;3;8,per_peak_heatmaps/peak_group_188_8.548deg_correlation.png,per_peak_matrices/peak_group_188_8.548deg_correlation.csv
189,8.572916,6,1GPa;5GPa;9.8GPa;10.4GPa;12.8GPa;15.6GPa,0.000869102,0.352941,3,4,0,matched;micro;raw;residual;shoulder,2;3;5,per_peak_heatmaps/peak_group_189_8.573deg_correlation.png,per_peak_matrices/peak_group_189_8.573deg_correlation.csv
190,8.605574,4,1GPa;3.9GPa;8.5GPa;15.6GPa,0.00291791,0.235294,1,4,0,micro;raw;shoulder,,per_peak_heatmaps/peak_group_190_8.606deg_correlation.png,per_peak_matrices/peak_group_190_8.606deg_correlation.csv
191,8.641886,6,1.5GPa;6.2GPa;7.4GPa;8.5GPa;10.4GPa;13.3GPa,0.00428004,0.352941,4,3,0,bump;matched;micro;raw;shoulder,2,per_peak_heatmaps/peak_group_191_8.642deg_correlation.png,per_peak_matrices/peak_group_191_8.642deg_correlation.csv
192,8.674413,6,0.7GPa;1GPa;2.4GPa_decomp;9.8GPa;12.8GPa;15.6GPa,0.0055327,0.352941,5,3,0,bump;matched;micro;raw;residual;shoulder,2;8,per_peak_heatmaps/peak_group_192_8.674deg_correlation.png,per_peak_matrices/peak_group_192_8.674deg_correlation.csv
193,8.698683,6,1GPa;2.3GPa;2.4GPa_decomp;8.5GPa;9.8GPa;10.4GPa,0.00766801,0.352941,4,4,0,bump;matched;micro;raw;shoulder,2;3;5,per_peak_heatmaps/peak_group_193_8.699deg_correlation.png,per_peak_matrices/peak_group_193_8.699deg_correlation.csv
194,8.729662,3,2.3GPa;2.4GPa_decomp;3.9GPa,0.00681877,0.176471,3,1,0,matched;micro;raw;shoulder,2;8,per_peak_heatmaps/peak_group_194_8.730deg_correlation.png,per_peak_matrices/peak_group_194_8.730deg_correlation.csv
195,8.767421,5,2.3GPa;5GPa;6.2GPa;12.8GPa;13.3GPa,0.00369227,0.294118,3,4,0,bump;matched;micro;raw;shoulder,2;5,per_peak_heatmaps/peak_group_195_8.767deg_correlation.png,per_peak_matrices/peak_group_195_8.767deg_correlation.csv
196,8.803706,5,1GPa;5GPa;6.2GPa;9.8GPa;10.4GPa,0.0111849,0.294118,2,3,0,matched;micro;raw;shoulder,3,per_peak_heatmaps/peak_group_196_8.804deg_correlation.png,per_peak_matrices/peak_group_196_8.804deg_correlation.csv
197,8.840323,6,2.3GPa;3.9GPa;5GPa;6.2GPa;7.4GPa;9.8GPa,0.0124578,0.352941,4,6,0,bump;matched;micro;raw;residual;shoulder,2;3;5,per_peak_heatmaps/peak_group_197_8.840deg_correlation.png,per_peak_matrices/peak_group_197_8.840deg_correlation.csv
198,8.869954,7,1.5GPa;3.9GPa;5GPa;7.4GPa;8.5GPa;9.8GPa;13.3GPa,0.0123375,0.411765,5,4,0,matched;micro;raw;shoulder,2;3,per_peak_heatmaps/peak_group_198_8.870deg_correlation.png,per_peak_matrices/peak_group_198_8.870deg_correlation.csv
199,8.892082,7,0.7GPa;1GPa;1.5GPa;5GPa;7.4GPa;8.5GPa;9.8GPa,0.0151632,0.411765,2,6,0,bump;matched;micro;raw;residual;shoulder,2;3;8,per_peak_heatmaps/peak_group_199_8.892deg_correlation.png,per_peak_matrices/peak_group_199_8.892deg_correlation.csv
200,8.924346,7,1GPa;1.3GPa;5GPa;6.2GPa;9.8GPa;12.8GPa;15.6GPa,0.0118043,0.411765,7,3,0,bump;matched;micro;raw;residual;shoulder,3;5;8,per_peak_heatmaps/peak_group_200_8.924deg_correlation.png,per_peak_matrices/peak_group_200_8.924deg_correlation.csv
201,8.962157,5,1GPa;1.5GPa;2.3GPa;9.8GPa;12.8GPa,0.00916375,0.294118,3,3,0,bump;matched;micro;raw;shoulder,2;3,per_peak_heatmaps/peak_group_201_8.962deg_correlation.png,per_peak_matrices/peak_group_201_8.962deg_correlation.csv
202,8.990237,4,2.3GPa;5GPa;9.8GPa;15.6GPa,0.00421623,0.235294,2,2,0,bump;matched;micro;residual,3;8,per_peak_heatmaps/peak_group_202_8.990deg_correlation.png,per_peak_matrices/peak_group_202_8.990deg_correlation.csv
203,9.046025,7,1GPa;3.9GPa;5GPa;6.2GPa;6.6GPa;9.8GPa;15.6GPa,0.00308174,0.411765,5,3,0,bump;matched;raw;residual;shoulder,3;5;8,per_peak_heatmaps/peak_group_203_9.046deg_correlation.png,per_peak_matrices/peak_group_203_9.046deg_correlation.csv
204,9.074369,8,3.9GPa;5GPa;6.2GPa;7.4GPa;8.5GPa;9.8GPa;10.4GPa;15.6GPa,0.00323411,0.470588,7,5,0,matched;micro;raw;shoulder,2;3,per_peak_heatmaps/peak_group_204_9.074deg_correlation.png,per_peak_matrices/peak_group_204_9.074deg_correlation.csv
205,9.102263,8,1GPa;1.5GPa;2.3GPa;6.2GPa;6.6GPa;7.4GPa;8.5GPa;9.8GPa,0.00464227,0.470588,5,4,0,bump;matched;micro;raw;shoulder,2;3;5;8,per_peak_heatmaps/peak_group_205_9.102deg_correlation.png,per_peak_matrices/peak_group_205_9.102deg_correlation.csv
206,9.130544,6,1.5GPa;6.2GPa;6.6GPa;7.4GPa;10.4GPa;13.3GPa,0.00592707,0.352941,3,3,0,matched;micro;raw;residual;shoulder,2;3;8,per_peak_heatmaps/peak_group_206_9.131deg_correlation.png,per_peak_matrices/peak_group_206_9.131deg_correlation.csv
207,9.170933,7,2.3GPa;6.2GPa;6.6GPa;8.5GPa;9.8GPa;10.4GPa;13.3GPa,0.00774026,0.411765,6,2,0,bump;matched;micro;raw;residual;shoulder,2;3;5;8,per_peak_heatmaps/peak_group_207_9.171deg_correlation.png,per_peak_matrices/peak_group_207_9.171deg_correlation.csv
208,9.199949,4,2.3GPa;7.4GPa;10.4GPa;13.3GPa,0.00718383,0.235294,4,1,0,bump;matched;micro;raw;shoulder,2;3,per_peak_heatmaps/peak_group_208_9.200deg_correlation.png,per_peak_matrices/peak_group_208_9.200deg_correlation.csv
209,9.237447,4,3.9GPa;7.4GPa;12.8GPa;13.3GPa,0.00402144,0.235294,3,1,0,bump;micro;raw;shoulder,,per_peak_heatmaps/peak_group_209_9.237deg_correlation.png,per_peak_matrices/peak_group_209_9.237deg_correlation.csv
210,9.271309,5,1GPa;7.4GPa;10.4GPa;12.8GPa;13.3GPa,0.0271544,0.294118,1,4,0,bump;micro;raw;shoulder,,per_peak_heatmaps/peak_group_210_9.271deg_correlation.png,per_peak_matrices/peak_group_210_9.271deg_correlation.csv
211,9.306550,4,1.3GPa;1.5GPa;5GPa;8.5GPa,0.0853754,0.235294,1,4,0,bump;matched;micro;raw;shoulder,3,per_peak_heatmaps/peak_group_211_9.307deg_correlation.png,per_peak_matrices/peak_group_211_9.307deg_correlation.csv
212,9.338494,4,2.4GPa_decomp;6.2GPa;6.6GPa;8.5GPa,0.25382,0.235294,2,2,0,bump;matched;micro;raw;shoulder,2;3,per_peak_heatmaps/peak_group_212_9.338deg_correlation.png,per_peak_matrices/peak_group_212_9.338deg_correlation.csv
213,9.369401,5,1GPa;2.4GPa_decomp;5GPa;6.2GPa;9.8GPa,0.306996,0.294118,3,3,0,bump;matched;micro;raw;residual;shoulder,2;3;8,per_peak_heatmaps/peak_group_213_9.369deg_correlation.png,per_peak_matrices/peak_group_213_9.369deg_correlation.csv
214,9.395331,8,0.7GPa;1.3GPa;1.5GPa;7.4GPa;8.5GPa;9.8GPa;13.3GPa;15.6GPa,0.328441,0.470588,9,2,0,bump;matched;micro;raw;residual;shoulder,2;3;5;8,per_peak_heatmaps/peak_group_214_9.395deg_correlation.png,per_peak_matrices/peak_group_214_9.395deg_correlation.csv
215,9.433925,4,2.3GPa;3.9GPa;7.4GPa;12.8GPa,0.21523,0.235294,1,3,0,bump;matched;micro;raw;shoulder,2,per_peak_heatmaps/peak_group_215_9.434deg_correlation.png,per_peak_matrices/peak_group_215_9.434deg_correlation.csv
216,9.450095,3,2.3GPa;6.6GPa;8.5GPa,0.214876,0.176471,2,1,0,bump;matched;micro;raw;residual;shoulder,5,per_peak_heatmaps/peak_group_216_9.450deg_correlation.png,per_peak_matrices/peak_group_216_9.450deg_correlation.csv
217,9.480984,5,1GPa;6.6GPa;8.5GPa;9.8GPa;10.4GPa,0.148858,0.294118,2,3,0,bump;matched;micro;raw;residual;shoulder,5;8,per_peak_heatmaps/peak_group_217_9.481deg_correlation.png,per_peak_matrices/peak_group_217_9.481deg_correlation.csv
218,9.513614,3,1.5GPa;3.9GPa;13.3GPa,0.184388,0.176471,2,1,0,bump;matched;micro;raw;residual;shoulder,5,per_peak_heatmaps/peak_group_218_9.514deg_correlation.png,per_peak_matrices/peak_group_218_9.514deg_correlation.csv
219,9.560449,1,5GPa,0.117914,0.0588235,1,0,0,bump;matched;micro;raw;residual;shoulder,5,per_peak_heatmaps/peak_group_219_9.560deg_correlation.png,per_peak_matrices/peak_group_219_9.560deg_correlation.csv
220,9.592521,4,0.7GPa;1.3GPa;1.5GPa;6.2GPa,0.130843,0.235294,1,4,0,bump;matched;micro;raw;residual;shoulder,2;3;5,per_peak_heatmaps/peak_group_220_9.593deg_correlation.png,per_peak_matrices/peak_group_220_9.593deg_correlation.csv
221,9.633151,4,3.9GPa;7.4GPa;8.5GPa;15.6GPa,0.140493,0.235294,2,2,0,bump;matched;micro;raw;residual;shoulder,5,per_peak_heatmaps/peak_group_221_9.633deg_correlation.png,per_peak_matrices/peak_group_221_9.633deg_correlation.csv
222,9.670377,4,0.7GPa;1GPa;6.6GPa;9.8GPa,0.268361,0.235294,2,3,0,bump;matched;micro;raw;residual;shoulder,3;5,per_peak_heatmaps/peak_group_222_9.670deg_correlation.png,per_peak_matrices/peak_group_222_9.670deg_correlation.csv
223,9.702888,4,1.3GPa;1.5GPa;10.4GPa;12.8GPa,0.318309,0.235294,1,3,0,bump;matched;micro;raw;residual;shoulder,3;8,per_peak_heatmaps/peak_group_223_9.703deg_correlation.png,per_peak_matrices/peak_group_223_9.703deg_correlation.csv
224,9.740329,4,1GPa;1.5GPa;2.3GPa;3.9GPa,0.282699,0.235294,2,3,0,bump;micro;raw;shoulder,,per_peak_heatmaps/peak_group_224_9.740deg_correlation.png,per_peak_matrices/peak_group_224_9.740deg_correlation.csv
225,9.766064,1,3.9GPa,0.148968,0.0588235,2,0,0,matched;residual,3,per_peak_heatmaps/peak_group_225_9.766deg_correlation.png,per_peak_matrices/peak_group_225_9.766deg_correlation.csv
226,9.807335,7,1GPa;1.5GPa;2.3GPa;3.9GPa;5GPa;6.2GPa;7.4GPa,0.0321036,0.411765,8,2,0,bump;matched;micro;raw;shoulder,2;3;5,per_peak_heatmaps/peak_group_226_9.807deg_correlation.png,per_peak_matrices/peak_group_226_9.807deg_correlation.csv
227,9.829355,6,1GPa;2.3GPa;2.4GPa_decomp;3.9GPa;5GPa;6.2GPa,0.0549105,0.352941,4,3,0,bump;matched;micro;raw;shoulder,2;3,per_peak_heatmaps/peak_group_227_9.829deg_correlation.png,per_peak_matrices/peak_group_227_9.829deg_correlation.csv
228,9.874274,4,1GPa;1.5GPa;2.4GPa_decomp;3.9GPa,0.111128,0.235294,4,1,0,matched;residual,2;3;5,per_peak_heatmaps/peak_group_228_9.874deg_correlation.png,per_peak_matrices/peak_group_228_9.874deg_correlation.csv
229,9.917810,6,0.7GPa;1.5GPa;2.4GPa_decomp;6.2GPa;8.5GPa;15.6GPa,0.152989,0.352941,7,3,0,bump;matched;micro;raw;residual;shoulder,3;5;8,per_peak_heatmaps/peak_group_229_9.918deg_correlation.png,per_peak_matrices/peak_group_229_9.918deg_correlation.csv
230,9.943391,4,1.3GPa;1.5GPa;6.2GPa;9.8GPa,0.167961,0.235294,3,1,0,bump;matched;micro;raw;residual;shoulder,2;3;8,per_peak_heatmaps/peak_group_230_9.943deg_correlation.png,per_peak_matrices/peak_group_230_9.943deg_correlation.csv
231,9.985616,3,2.3GPa;2.4GPa_decomp;9.8GPa,0.123344,0.176471,2,1,0,matched;micro;raw;shoulder,2;8,per_peak_heatmaps/peak_group_231_9.986deg_correlation.png,per_peak_matrices/peak_group_231_9.986deg_correlation.csv
232,10.013829,5,2.3GPa;3.9GPa;6.6GPa;7.4GPa;12.8GPa,0.0652633,0.294118,3,2,0,bump;matched;micro;raw;residual;shoulder,3;8,per_peak_heatmaps/peak_group_232_10.014deg_correlation.png,per_peak_matrices/peak_group_232_10.014deg_correlation.csv
233,10.055210,7,1.5GPa;3.9GPa;5GPa;7.4GPa;8.5GPa;10.4GPa;12.8GPa,0.0432794,0.411765,3,5,0,bump;matched;micro;raw;residual;shoulder,2;3;8,per_peak_heatmaps/peak_group_233_10.055deg_correlation.png,per_peak_matrices/peak_group_233_10.055deg_correlation.csv
234,10.082301,2,5GPa;13.3GPa,0.0415261,0.117647,3,0,0,bump;matched;micro;raw;residual;shoulder,3;5;8,per_peak_heatmaps/peak_group_234_10.082deg_correlation.png,per_peak_matrices/peak_group_234_10.082deg_correlation.csv
235,10.101736,4,2.3GPa;5GPa;6.2GPa;9.8GPa,0.0399213,0.235294,2,3,0,matched;micro;raw;residual;shoulder,3;8,per_peak_heatmaps/peak_group_235_10.102deg_correlation.png,per_peak_matrices/peak_group_235_10.102deg_correlation.csv
236,10.136729,4,3.9GPa;6.2GPa;7.4GPa;8.5GPa,0.0189187,0.235294,3,2,0,bump;matched;micro;raw;residual;shoulder,3;5,per_peak_heatmaps/peak_group_236_10.137deg_correlation.png,per_peak_matrices/peak_group_236_10.137deg_correlation.csv
237,10.168426,8,0.7GPa;1GPa;1.3GPa;1.5GPa;3.9GPa;7.4GPa;8.5GPa;9.8GPa,0.018437,0.470588,3,6,0,bump;matched;micro;raw;residual;shoulder,2;3;5,per_peak_heatmaps/peak_group_237_10.168deg_correlation.png,per_peak_matrices/peak_group_237_10.168deg_correlation.csv
238,10.206580,5,1GPa;1.5GPa;2.3GPa;8.5GPa;9.8GPa,0.0166711,0.294118,4,3,0,matched;micro;raw;residual;shoulder,2;3;5;8,per_peak_heatmaps/peak_group_238_10.207deg_correlation.png,per_peak_matrices/peak_group_238_10.207deg_correlation.csv
239,10.243535,4,0.7GPa;2.3GPa;9.8GPa;12.8GPa,0.0223207,0.235294,3,2,0,bump;matched;micro;raw;shoulder,3;5;8,per_peak_heatmaps/peak_group_239_10.244deg_correlation.png,per_peak_matrices/peak_group_239_10.244deg_correlation.csv
240,10.281990,5,0.7GPa;1GPa;2.3GPa;9.8GPa;12.8GPa,0.0228144,0.294118,1,4,0,matched;micro;raw;residual;shoulder,2,per_peak_heatmaps/peak_group_240_10.282deg_correlation.png,per_peak_matrices/peak_group_240_10.282deg_correlation.csv
241,10.328086,5,1.5GPa;2.3GPa;3.9GPa;5GPa;15.6GPa,0.00997097,0.294118,0,5,0,bump;matched;micro;raw;residual;shoulder,2,per_peak_heatmaps/peak_group_241_10.328deg_correlation.png,per_peak_matrices/peak_group_241_10.328deg_correlation.csv
242,10.364363,4,0.7GPa;2.4GPa_decomp;5GPa;6.2GPa,7.614e-05,0.235294,0,4,0,matched;micro;raw;shoulder,2,per_peak_heatmaps/peak_group_242_10.364deg_correlation.png,per_peak_matrices/peak_group_242_10.364deg_correlation.csv
243,10.435574,5,0.7GPa;2.3GPa;6.2GPa;8.5GPa;12.8GPa,0.00433841,0.294118,0,5,0,bump;matched;raw;residual;shoulder,2,per_peak_heatmaps/peak_group_243_10.436deg_correlation.png,per_peak_matrices/peak_group_243_10.436deg_correlation.csv
244,10.476643,2,0.7GPa;10.4GPa,0.0436058,0.117647,0,2,0,matched;shoulder,2,per_peak_heatmaps/peak_group_244_10.477deg_correlation.png,per_peak_matrices/peak_group_244_10.477deg_correlation.csv
245,10.515759,2,1GPa;15.6GPa,0.0935342,0.117647,1,1,0,bump;matched;micro;raw;residual;shoulder,3,per_peak_heatmaps/peak_group_245_10.516deg_correlation.png,per_peak_matrices/peak_group_245_10.516deg_correlation.csv
246,10.558034,2,1.5GPa;15.6GPa,0.0933062,0.117647,2,0,0,bump;matched;residual,3;8,per_peak_heatmaps/peak_group_246_10.558deg_correlation.png,per_peak_matrices/peak_group_246_10.558deg_correlation.csv
247,10.608767,9,0.7GPa;1GPa;1.3GPa;1.5GPa;2.3GPa;3.9GPa;6.2GPa;7.4GPa;15.6GPa,0.0928907,0.529412,9,2,0,bump;matched;micro;raw;residual;shoulder,2;3;5;8,per_peak_heatmaps/peak_group_247_10.609deg_correlation.png,per_peak_matrices/peak_group_247_10.609deg_correlation.csv
248,10.646925,8,2.3GPa;2.4GPa_decomp;3.9GPa;5GPa;6.2GPa;7.4GPa;8.5GPa;13.3GPa,0.180973,0.470588,10,0,0,bump;matched;micro;raw;residual;shoulder,2;3;5;8,per_peak_heatmaps/peak_group_248_10.647deg_correlation.png,per_peak_matrices/peak_group_248_10.647deg_correlation.csv
249,10.673075,8,2.4GPa_decomp;3.9GPa;5GPa;6.2GPa;6.6GPa;7.4GPa;8.5GPa;9.8GPa,0.203226,0.470588,13,0,0,bump;matched;micro;raw;residual;shoulder,2;3;5;8,per_peak_heatmaps/peak_group_249_10.673deg_correlation.png,per_peak_matrices/peak_group_249_10.673deg_correlation.csv
250,10.704100,7,1GPa;5GPa;6.2GPa;7.4GPa;9.8GPa;10.4GPa;12.8GPa,0.187954,0.411765,7,0,0,bump;matched;micro;raw;residual;shoulder,2;3;5;8,per_peak_heatmaps/peak_group_250_10.704deg_correlation.png,per_peak_matrices/peak_group_250_10.704deg_correlation.csv
251,10.733626,5,1GPa;1.5GPa;6.2GPa;12.8GPa;13.3GPa,0.110396,0.294118,6,0,0,bump;matched;micro;raw;residual;shoulder,2;5;8,per_peak_heatmaps/peak_group_251_10.734deg_correlation.png,per_peak_matrices/peak_group_251_10.734deg_correlation.csv
252,10.762425,1,1.5GPa,0.0644594,0.0588235,1,0,0,matched;micro;raw;shoulder,3,per_peak_heatmaps/peak_group_252_10.762deg_correlation.png,per_peak_matrices/peak_group_252_10.762deg_correlation.csv
253,10.816963,7,0.7GPa;1.3GPa;2.3GPa;3.9GPa;7.4GPa;12.8GPa;15.6GPa,0.0438465,0.411765,3,6,0,bump;matched;micro;raw;residual;shoulder,2;3;5,per_peak_heatmaps/peak_group_253_10.817deg_correlation.png,per_peak_matrices/peak_group_253_10.817deg_correlation.csv
254,10.841502,2,6.2GPa;7.4GPa,0.0371393,0.117647,0,2,0,micro;raw;shoulder,,per_peak_heatmaps/peak_group_254_10.842deg_correlation.png,per_peak_matrices/peak_group_254_10.842deg_correlation.csv
255,10.883870,4,0.7GPa;1GPa;3.9GPa;12.8GPa,0.0699886,0.235294,2,4,0,bump;matched;micro;raw;residual;shoulder,2;5;8,per_peak_heatmaps/peak_group_255_10.884deg_correlation.png,per_peak_matrices/peak_group_255_10.884deg_correlation.csv
256,10.904780,6,1.3GPa;1.5GPa;5GPa;8.5GPa;9.8GPa;15.6GPa,0.0643351,0.352941,1,5,0,bump;matched;micro;raw;residual;shoulder,5,per_peak_heatmaps/peak_group_256_10.905deg_correlation.png,per_peak_matrices/peak_group_256_10.905deg_correlation.csv
257,10.956457,5,5GPa;6.2GPa;6.6GPa;10.4GPa;15.6GPa,0.043287,0.294118,2,3,0,matched;micro;raw;shoulder,2;3;5,per_peak_heatmaps/peak_group_257_10.956deg_correlation.png,per_peak_matrices/peak_group_257_10.956deg_correlation.csv
258,10.991096,5,1GPa;2.4GPa_decomp;5GPa;6.2GPa;7.4GPa,0.10368,0.294118,5,2,0,bump;matched;micro;raw;residual;shoulder,3;5,per_peak_heatmaps/peak_group_258_10.991deg_correlation.png,per_peak_matrices/peak_group_258_10.991deg_correlation.csv
259,11.033150,8,1GPa;1.5GPa;2.4GPa_decomp;3.9GPa;6.6GPa;7.4GPa;8.5GPa;9.8GPa,0.12126,0.470588,9,2,0,bump;matched;micro;raw;residual;shoulder,2;3;5;8,per_peak_heatmaps/peak_group_259_11.033deg_correlation.png,per_peak_matrices/peak_group_259_11.033deg_correlation.csv
260,11.071070,5,2.3GPa;2.4GPa_decomp;5GPa;8.5GPa;9.8GPa,0.0887902,0.294118,6,0,0,bump;matched;micro;raw;residual;shoulder,3;8,per_peak_heatmaps/peak_group_260_11.071deg_correlation.png,per_peak_matrices/peak_group_260_11.071deg_correlation.csv
261,11.096601,7,0.7GPa;2.3GPa;2.4GPa_decomp;5GPa;12.8GPa;13.3GPa;15.6GPa,0.0439613,0.411765,3,5,0,matched;micro;raw;shoulder,2;3,per_peak_heatmaps/peak_group_261_11.097deg_correlation.png,per_peak_matrices/peak_group_261_11.097deg_correlation.csv
262,11.126180,2,2.4GPa_decomp;6.2GPa,0.0819865,0.117647,1,1,0,matched;micro;raw;shoulder,2,per_peak_heatmaps/peak_group_262_11.126deg_correlation.png,per_peak_matrices/peak_group_262_11.126deg_correlation.csv
263,11.150143,5,0.7GPa;1.3GPa;3.9GPa;6.6GPa;12.8GPa,0.144445,0.294118,2,3,0,bump;matched;micro;raw;residual;shoulder,3;5,per_peak_heatmaps/peak_group_263_11.150deg_correlation.png,per_peak_matrices/peak_group_263_11.150deg_correlation.csv
264,11.200411,2,3.9GPa;5GPa,0.222228,0.117647,3,0,0,bump;matched;micro;raw;residual;shoulder,5,per_peak_heatmaps/peak_group_264_11.200deg_correlation.png,per_peak_matrices/peak_group_264_11.200deg_correlation.csv
265,11.245706,3,2.3GPa;6.2GPa;6.6GPa,0.255169,0.176471,2,2,0,bump;matched;micro;raw;residual;shoulder,2;3;5,per_peak_heatmaps/peak_group_265_11.246deg_correlation.png,per_peak_matrices/peak_group_265_11.246deg_correlation.csv
266,11.291496,5,1GPa;6.6GPa;7.4GPa;10.4GPa;12.8GPa,0.247507,0.294118,7,2,0,bump;matched;micro;raw;residual;shoulder,2;3;5;8,per_peak_heatmaps/peak_group_266_11.291deg_correlation.png,per_peak_matrices/peak_group_266_11.291deg_correlation.csv
267,11.324044,7,1GPa;1.5GPa;3.9GPa;8.5GPa;9.8GPa;10.4GPa;12.8GPa,0.252593,0.411765,6,2,0,bump;matched;micro;raw;residual;shoulder,3;5,per_peak_heatmaps/peak_group_267_11.324deg_correlation.png,per_peak_matrices/peak_group_267_11.324deg_correlation.csv
268,11.363412,1,1.5GPa,0.209812,0.0588235,1,0,0,matched,5,per_peak_heatmaps/peak_group_268_11.363deg_correlation.png,per_peak_matrices/peak_group_268_11.363deg_correlation.csv
269,11.397018,1,2.3GPa,0.102171,0.0588235,2,0,0,bump;matched;micro;raw;residual;shoulder,3;8,per_peak_heatmaps/peak_group_269_11.397deg_correlation.png,per_peak_matrices/peak_group_269_11.397deg_correlation.csv
270,11.442408,2,6.2GPa;12.8GPa,0.0797492,0.117647,2,1,0,bump;matched;micro;raw;shoulder,3,per_peak_heatmaps/peak_group_270_11.442deg_correlation.png,per_peak_matrices/peak_group_270_11.442deg_correlation.csv
271,11.458774,3,0.7GPa;3.9GPa;6.2GPa,0.0843485,0.176471,2,1,0,bump;matched;micro;raw;residual;shoulder,3;8,per_peak_heatmaps/peak_group_271_11.459deg_correlation.png,per_peak_matrices/peak_group_271_11.459deg_correlation.csv
272,11.499311,5,1.3GPa;3.9GPa;6.6GPa;8.5GPa;15.6GPa,0.0873771,0.294118,3,2,0,bump;matched;micro;raw;residual;shoulder,8,per_peak_heatmaps/peak_group_272_11.499deg_correlation.png,per_peak_matrices/peak_group_272_11.499deg_correlation.csv
273,11.528085,4,3.9GPa;5GPa;8.5GPa;10.4GPa,0.0746171,0.235294,4,1,0,bump;matched;micro;raw;shoulder,2;3;5,per_peak_heatmaps/peak_group_273_11.528deg_correlation.png,per_peak_matrices/peak_group_273_11.528deg_correlation.csv
274,11.556451,4,1GPa;5GPa;6.2GPa;10.4GPa,0.072165,0.235294,5,0,0,bump;matched;micro;raw;residual;shoulder,3;5;8,per_peak_heatmaps/peak_group_274_11.556deg_correlation.png,per_peak_matrices/peak_group_274_11.556deg_correlation.csv
275,11.584929,3,6.2GPa;6.6GPa;7.4GPa,0.0500371,0.176471,3,0,0,bump;matched;micro;raw;residual;shoulder,3;5;8,per_peak_heatmaps/peak_group_275_11.585deg_correlation.png,per_peak_matrices/peak_group_275_11.585deg_correlation.csv
276,11.632226,3,2.3GPa;7.4GPa;8.5GPa,0.0310249,0.176471,2,1,0,bump;matched;micro;raw;shoulder,3,per_peak_heatmaps/peak_group_276_11.632deg_correlation.png,per_peak_matrices/peak_group_276_11.632deg_correlation.csv
277,11.663952,5,5GPa;7.4GPa;8.5GPa;9.8GPa;12.8GPa,0.0425012,0.294118,5,2,0,bump;matched;micro;raw;shoulder,3;5,per_peak_heatmaps/peak_group_277_11.664deg_correlation.png,per_peak_matrices/peak_group_277_11.664deg_correlation.csv
278,11.710708,8,0.7GPa;1.3GPa;3.9GPa;5GPa;9.8GPa;12.8GPa;13.3GPa;15.6GPa,0.0751457,0.470588,4,6,0,bump;matched;micro;raw;residual;shoulder,3;5;8,per_peak_heatmaps/peak_group_278_11.711deg_correlation.png,per_peak_matrices/peak_group_278_11.711deg_correlation.csv
279,11.753173,5,0.7GPa;1GPa;5GPa;6.2GPa;13.3GPa,0.0620435,0.294118,2,4,0,bump;matched;micro;raw;shoulder,3;5,per_peak_heatmaps/peak_group_279_11.753deg_correlation.png,per_peak_matrices/peak_group_279_11.753deg_correlation.csv
280,11.778156,3,1GPa;1.5GPa;8.5GPa,0.0238773,0.176471,3,1,0,bump;matched;micro;raw;shoulder,3;5;8,per_peak_heatmaps/peak_group_280_11.778deg_correlation.png,per_peak_matrices/peak_group_280_11.778deg_correlation.csv
281,11.807565,4,1.3GPa;1.5GPa;3.9GPa;9.8GPa,0.0123047,0.235294,1,3,0,matched;micro;raw;shoulder,2;8,per_peak_heatmaps/peak_group_281_11.808deg_correlation.png,per_peak_matrices/peak_group_281_11.808deg_correlation.csv
282,11.837922,2,1GPa;2.3GPa,0.00483728,0.117647,2,1,0,bump;matched;micro;raw;residual;shoulder,3,per_peak_heatmaps/peak_group_282_11.838deg_correlation.png,per_peak_matrices/peak_group_282_11.838deg_correlation.csv
283,11.880232,4,0.7GPa;6.2GPa;7.4GPa;12.8GPa,0.00382838,0.235294,0,4,0,matched;micro;raw;shoulder,2;3,per_peak_heatmaps/peak_group_283_11.880deg_correlation.png,per_peak_matrices/peak_group_283_11.880deg_correlation.csv
284,11.929870,6,1GPa;1.3GPa;3.9GPa;7.4GPa;8.5GPa;13.3GPa,0.00194345,0.352941,4,4,0,bump;matched;micro;raw;shoulder,2;3,per_peak_heatmaps/peak_group_284_11.930deg_correlation.png,per_peak_matrices/peak_group_284_11.930deg_correlation.csv
285,11.967093,6,0.7GPa;3.9GPa;5GPa;9.8GPa;10.4GPa;15.6GPa,0.00336594,0.352941,4,4,0,bump;matched;micro;raw;shoulder,2;3;8,per_peak_heatmaps/peak_group_285_11.967deg_correlation.png,per_peak_matrices/peak_group_285_11.967deg_correlation.csv
286,12.004774,3,1.3GPa;5GPa;6.2GPa,0.00298188,0.176471,3,0,0,bump;matched;micro;raw;shoulder,3;5,per_peak_heatmaps/peak_group_286_12.005deg_correlation.png,per_peak_matrices/peak_group_286_12.005deg_correlation.csv
287,12.030774,4,1GPa;1.5GPa;3.9GPa;6.2GPa,0.00274235,0.235294,2,3,0,matched;micro;raw;residual;shoulder,2;3;5,per_peak_heatmaps/peak_group_287_12.031deg_correlation.png,per_peak_matrices/peak_group_287_12.031deg_correlation.csv
288,12.062840,7,1.5GPa;2.3GPa;7.4GPa;10.4GPa;12.8GPa;13.3GPa;15.6GPa,0.00208733,0.411765,2,6,0,bump;matched;micro;raw;shoulder,2;3,per_peak_heatmaps/peak_group_288_12.063deg_correlation.png,per_peak_matrices/peak_group_288_12.063deg_correlation.csv
289,12.093826,6,0.7GPa;1.3GPa;3.9GPa;7.4GPa;8.5GPa;9.8GPa,0.00254745,0.352941,4,3,0,bump;matched;micro;raw;shoulder,2;3;5,per_peak_heatmaps/peak_group_289_12.094deg_correlation.png,per_peak_matrices/peak_group_289_12.094deg_correlation.csv
290,12.141705,8,1GPa;2.3GPa;2.4GPa_decomp;5GPa;6.6GPa;8.5GPa;9.8GPa;12.8GPa,0.00296373,0.470588,7,3,0,bump;matched;micro;raw;residual;shoulder,3;5;8,per_peak_heatmaps/peak_group_290_12.142deg_correlation.png,per_peak_matrices/peak_group_290_12.142deg_correlation.csv
291,12.171766,7,1GPa;1.3GPa;1.5GPa;2.3GPa;6.6GPa;12.8GPa;15.6GPa,0.00181386,0.411765,3,5,0,matched;micro;raw;residual;shoulder,3;8,per_peak_heatmaps/peak_group_291_12.172deg_correlation.png,per_peak_matrices/peak_group_291_12.172deg_correlation.csv
292,12.202149,4,2.3GPa;6.2GPa;7.4GPa;12.8GPa,0.00098613,0.235294,2,3,0,matched;micro;raw;residual;shoulder,2;5,per_peak_heatmaps/peak_group_292_12.202deg_correlation.png,per_peak_matrices/peak_group_292_12.202deg_correlation.csv
293,12.248820,5,1.5GPa;5GPa;9.8GPa;10.4GPa;15.6GPa,0.00143054,0.294118,3,3,0,bump;matched;micro;raw;shoulder,2,per_peak_heatmaps/peak_group_293_12.249deg_correlation.png,per_peak_matrices/peak_group_293_12.249deg_correlation.csv
294,12.280555,4,0.7GPa;1.3GPa;3.9GPa;5GPa,0.000975892,0.235294,3,1,0,matched;micro;raw;shoulder,2;8,per_peak_heatmaps/peak_group_294_12.281deg_correlation.png,per_peak_matrices/peak_group_294_12.281deg_correlation.csv
295,12.312070,8,1GPa;2.3GPa;3.9GPa;5GPa;6.2GPa;7.4GPa;10.4GPa;15.6GPa,0.000217464,0.470588,5,5,0,matched;micro;raw;shoulder,2;3;5,per_peak_heatmaps/peak_group_295_12.312deg_correlation.png,per_peak_matrices/peak_group_295_12.312deg_correlation.csv
296,12.341471,8,1.5GPa;3.9GPa;5GPa;6.2GPa;6.6GPa;9.8GPa;10.4GPa;15.6GPa,0.000220458,0.470588,5,4,0,matched;micro;raw;residual;shoulder,2;3;8,per_peak_heatmaps/peak_group_296_12.341deg_correlation.png,per_peak_matrices/peak_group_296_12.341deg_correlation.csv
297,12.364165,3,1GPa;9.8GPa;12.8GPa,0.00047327,0.176471,1,2,0,micro;raw;shoulder,,per_peak_heatmaps/peak_group_297_12.364deg_correlation.png,per_peak_matrices/peak_group_297_12.364deg_correlation.csv
298,12.398860,7,0.7GPa;2.3GPa;6.2GPa;6.6GPa;7.4GPa;8.5GPa;13.3GPa,0.000502729,0.411765,4,4,0,matched;micro;raw;residual;shoulder,3;8,per_peak_heatmaps/peak_group_298_12.399deg_correlation.png,per_peak_matrices/peak_group_298_12.399deg_correlation.csv
299,12.435389,9,0.7GPa;1GPa;5GPa;6.2GPa;7.4GPa;8.5GPa;9.8GPa;12.8GPa;15.6GPa,0.00119709,0.529412,9,3,0,bump;matched;micro;raw;residual;shoulder,2;3;5;8,per_peak_heatmaps/peak_group_299_12.435deg_correlation.png,per_peak_matrices/peak_group_299_12.435deg_correlation.csv
300,12.457224,10,0.7GPa;1GPa;1.5GPa;3.9GPa;6.6GPa;7.4GPa;8.5GPa;9.8GPa;10.4GPa;12.8GPa,0.000830779,0.588235,6,5,0,matched;micro;raw;residual;shoulder,2;3;5,per_peak_heatmaps/peak_group_300_12.457deg_correlation.png,per_peak_matrices/peak_group_300_12.457deg_correlation.csv
301,12.484556,9,1GPa;1.3GPa;2.3GPa;3.9GPa;5GPa;6.2GPa;7.4GPa;9.8GPa;13.3GPa,0.00111731,0.529412,2,8,0,bump;matched;micro;raw;residual;shoulder,2;3;8,per_peak_heatmaps/peak_group_301_12.485deg_correlation.png,per_peak_matrices/peak_group_301_12.485deg_correlation.csv
302,12.517073,6,0.7GPa;1.3GPa;3.9GPa;9.8GPa;10.4GPa;15.6GPa,0.00118909,0.352941,5,2,0,bump;matched;micro;raw;residual;shoulder,2;5;8,per_peak_heatmaps/peak_group_302_12.517deg_correlation.png,per_peak_matrices/peak_group_302_12.517deg_correlation.csv
303,12.552228,9,1GPa;1.3GPa;1.5GPa;2.3GPa;6.6GPa;9.8GPa;10.4GPa;12.8GPa;15.6GPa,0.00172671,0.529412,5,6,0,bump;matched;micro;raw;residual;shoulder,2;3;5,per_peak_heatmaps/peak_group_303_12.552deg_correlation.png,per_peak_matrices/peak_group_303_12.552deg_correlation.csv
304,12.593728,6,0.7GPa;1GPa;1.5GPa;3.9GPa;8.5GPa;12.8GPa,0.00191442,0.352941,2,5,0,bump;matched;micro;raw;shoulder,2;3;5,per_peak_heatmaps/peak_group_304_12.594deg_correlation.png,per_peak_matrices/peak_group_304_12.594deg_correlation.csv
305,12.640937,10,1.3GPa;1.5GPa;2.3GPa;5GPa;6.2GPa;7.4GPa;9.8GPa;10.4GPa;13.3GPa;15.6GPa,0.00329955,0.588235,6,8,0,bump;matched;micro;raw;residual;shoulder,2;3;5,per_peak_heatmaps/peak_group_305_12.641deg_correlation.png,per_peak_matrices/peak_group_305_12.641deg_correlation.csv
306,12.669776,8,0.7GPa;1GPa;1.5GPa;2.3GPa;6.2GPa;7.4GPa;8.5GPa;12.8GPa,0.0029115,0.470588,3,5,0,bump;matched;micro;raw;shoulder,2;3,per_peak_heatmaps/peak_group_306_12.670deg_correlation.png,per_peak_matrices/peak_group_306_12.670deg_correlation.csv
307,12.692701,9,1.5GPa;2.3GPa;3.9GPa;5GPa;6.6GPa;9.8GPa;12.8GPa;13.3GPa;15.6GPa,0.00153744,0.529412,3,6,0,bump;matched;micro;raw;residual;shoulder,2;5;8,per_peak_heatmaps/peak_group_307_12.693deg_correlation.png,per_peak_matrices/peak_group_307_12.693deg_correlation.csv
308,12.733688,4,1GPa;3.9GPa;10.4GPa;13.3GPa,0.000397133,0.235294,2,2,0,matched;micro;raw;shoulder,3,per_peak_heatmaps/peak_group_308_12.734deg_correlation.png,per_peak_matrices/peak_group_308_12.734deg_correlation.csv
309,12.761990,5,0.7GPa;7.4GPa;8.5GPa;10.4GPa;13.3GPa,0.00041595,0.294118,4,2,0,bump;matched;micro;raw;shoulder,2;3,per_peak_heatmaps/peak_group_309_12.762deg_correlation.png,per_peak_matrices/peak_group_309_12.762deg_correlation.csv
310,12.799138,8,2.3GPa;3.9GPa;5GPa;6.6GPa;8.5GPa;9.8GPa;13.3GPa;15.6GPa,0.00100111,0.470588,4,7,0,bump;matched;micro;raw;shoulder,2;3;5,per_peak_heatmaps/peak_group_310_12.799deg_correlation.png,per_peak_matrices/peak_group_310_12.799deg_correlation.csv
311,12.831839,7,0.7GPa;1.3GPa;3.9GPa;6.2GPa;8.5GPa;9.8GPa;12.8GPa,0.00518557,0.411765,4,3,0,bump;matched;micro;raw;residual;shoulder,2;5,per_peak_heatmaps/peak_group_311_12.832deg_correlation.png,per_peak_matrices/peak_group_311_12.832deg_correlation.csv
312,12.857159,6,0.7GPa;6.2GPa;8.5GPa;10.4GPa;12.8GPa;15.6GPa,0.0117177,0.352941,1,5,0,bump;matched;micro;raw;shoulder,2;5;8,per_peak_heatmaps/peak_group_312_12.857deg_correlation.png,per_peak_matrices/peak_group_312_12.857deg_correlation.csv
313,12.898443,8,0.7GPa;1GPa;1.5GPa;5GPa;6.6GPa;8.5GPa;12.8GPa;13.3GPa,0.0144088,0.470588,8,2,0,bump;matched;micro;raw;residual;shoulder,2;3;5;8,per_peak_heatmaps/peak_group_313_12.898deg_correlation.png,per_peak_matrices/peak_group_313_12.898deg_correlation.csv
314,12.913992,4,1.3GPa;1.5GPa;3.9GPa;9.8GPa,0.0141969,0.235294,2,3,0,bump;matched;micro;raw;residual;shoulder,2;5,per_peak_heatmaps/peak_group_314_12.914deg_correlation.png,per_peak_matrices/peak_group_314_12.914deg_correlation.csv
315,12.953746,4,3.9GPa;7.4GPa;10.4GPa;13.3GPa,0.00697415,0.235294,2,3,0,matched;micro;raw;residual;shoulder,2;5;8,per_peak_heatmaps/peak_group_315_12.954deg_correlation.png,per_peak_matrices/peak_group_315_12.954deg_correlation.csv
316,12.984518,6,2.3GPa;5GPa;7.4GPa;10.4GPa;13.3GPa;15.6GPa,0.00203183,0.352941,4,3,0,bump;matched;micro;raw;residual;shoulder,2;3;5;8,per_peak_heatmaps/peak_group_316_12.985deg_correlation.png,per_peak_matrices/peak_group_316_12.985deg_correlation.csv
317,13.025021,3,6.2GPa;10.4GPa;13.3GPa,0.00142671,0.176471,2,1,0,micro;raw;shoulder,,per_peak_heatmaps/peak_group_317_13.025deg_correlation.png,per_peak_matrices/peak_group_317_13.025deg_correlation.csv
318,13.056941,3,0.7GPa;1GPa;6.6GPa,0.00143654,0.176471,0,3,0,matched;micro;raw;shoulder,2,per_peak_heatmaps/peak_group_318_13.057deg_correlation.png,per_peak_matrices/peak_group_318_13.057deg_correlation.csv
319,13.087343,3,2.3GPa;3.9GPa;8.5GPa,0.00162673,0.176471,2,3,0,bump;matched;micro;raw;residual;shoulder,2;8,per_peak_heatmaps/peak_group_319_13.087deg_correlation.png,per_peak_matrices/peak_group_319_13.087deg_correlation.csv
320,13.126742,5,0.7GPa;5GPa;8.5GPa;13.3GPa;15.6GPa,0.00319565,0.294118,6,1,0,bump;matched;micro;raw;residual;shoulder,3;5;8,per_peak_heatmaps/peak_group_320_13.127deg_correlation.png,per_peak_matrices/peak_group_320_13.127deg_correlation.csv
321,13.173823,13,0.7GPa;1.5GPa;2.3GPa;2.4GPa_decomp;3.9GPa;5GPa;6.2GPa;6.6GPa;8.5GPa;9.8GPa;10.4GPa;12.8GPa;13.3GPa,0.00601679,0.764706,14,5,0,bump;matched;micro;raw;residual;shoulder,2;3;5;8,per_peak_heatmaps/peak_group_321_13.174deg_correlation.png,per_peak_matrices/peak_group_321_13.174deg_correlation.csv
322,13.208500,9,1.3GPa;1.5GPa;2.4GPa_decomp;6.2GPa;7.4GPa;8.5GPa;9.8GPa;12.8GPa;15.6GPa,0.00474383,0.529412,9,4,0,bump;matched;micro;raw;residual;shoulder,2;3;8,per_peak_heatmaps/peak_group_322_13.208deg_correlation.png,per_peak_matrices/peak_group_322_13.208deg_correlation.csv
323,13.226833,6,0.7GPa;2.4GPa_decomp;7.4GPa;8.5GPa;9.8GPa;12.8GPa,0.00217751,0.352941,3,3,0,bump;matched;micro;raw;shoulder,2;8,per_peak_heatmaps/peak_group_323_13.227deg_correlation.png,per_peak_matrices/peak_group_323_13.227deg_correlation.csv
324,13.268590,7,0.7GPa;1GPa;1.3GPa;6.6GPa;7.4GPa;9.8GPa;13.3GPa,0.00201628,0.411765,4,4,0,bump;matched;micro;raw;residual;shoulder,2;8,per_peak_heatmaps/peak_group_324_13.269deg_correlation.png,per_peak_matrices/peak_group_324_13.269deg_correlation.csv
325,13.312011,6,1.3GPa;1.5GPa;3.9GPa;6.2GPa;12.8GPa;15.6GPa,0.00266608,0.352941,3,4,0,matched;micro;raw;shoulder,2;3;5,per_peak_heatmaps/peak_group_325_13.312deg_correlation.png,per_peak_matrices/peak_group_325_13.312deg_correlation.csv
326,13.351751,8,0.7GPa;1GPa;1.3GPa;2.3GPa;3.9GPa;6.6GPa;7.4GPa;10.4GPa,0.00331355,0.470588,8,2,0,bump;matched;micro;raw;residual;shoulder,3;5;8,per_peak_heatmaps/peak_group_326_13.352deg_correlation.png,per_peak_matrices/peak_group_326_13.352deg_correlation.csv
327,13.384804,5,1GPa;1.3GPa;2.3GPa;6.6GPa;7.4GPa,0.00605949,0.294118,5,1,0,bump;matched;micro;raw;residual;shoulder,2;3;5,per_peak_heatmaps/peak_group_327_13.385deg_correlation.png,per_peak_matrices/peak_group_327_13.385deg_correlation.csv
328,13.410347,7,0.7GPa;1.5GPa;6.2GPa;6.6GPa;8.5GPa;9.8GPa;15.6GPa,0.00710913,0.411765,5,4,0,bump;matched;micro;raw;residual;shoulder,2;3;5,per_peak_heatmaps/peak_group_328_13.410deg_correlation.png,per_peak_matrices/peak_group_328_13.410deg_correlation.csv
329,13.451058,3,3.9GPa;8.5GPa;9.8GPa,0.00430048,0.176471,3,1,0,matched;micro;residual,3;5,per_peak_heatmaps/peak_group_329_13.451deg_correlation.png,per_peak_matrices/peak_group_329_13.451deg_correlation.csv
330,13.494889,4,1GPa;1.3GPa;2.3GPa;10.4GPa,0.00674542,0.235294,0,5,0,matched;micro;raw;shoulder,2,per_peak_heatmaps/peak_group_330_13.495deg_correlation.png,per_peak_matrices/peak_group_330_13.495deg_correlation.csv
331,13.547301,5,0.7GPa;1.3GPa;6.6GPa;13.3GPa;15.6GPa,0.012971,0.294118,2,3,0,bump;matched;micro;raw;residual;shoulder,2;3;8,per_peak_heatmaps/peak_group_331_13.547deg_correlation.png,per_peak_matrices/peak_group_331_13.547deg_correlation.csv
332,13.577400,3,1GPa;3.9GPa;10.4GPa,0.0148954,0.176471,2,2,0,bump;matched;micro;raw;residual;shoulder,2;5,per_peak_heatmaps/peak_group_332_13.577deg_correlation.png,per_peak_matrices/peak_group_332_13.577deg_correlation.csv
333,13.624605,4,1.3GPa;1.5GPa;5GPa;9.8GPa,0.0293738,0.235294,3,1,0,bump;matched;micro;raw;residual;shoulder,2;3;5,per_peak_heatmaps/peak_group_333_13.625deg_correlation.png,per_peak_matrices/peak_group_333_13.625deg_correlation.csv
334,13.654971,4,1GPa;6.6GPa;9.8GPa;15.6GPa,0.0248563,0.235294,1,3,0,matched;micro;raw;shoulder,2,per_peak_heatmaps/peak_group_334_13.655deg_correlation.png,per_peak_matrices/peak_group_334_13.655deg_correlation.csv
335,13.687771,5,0.7GPa;1GPa;2.3GPa;6.2GPa;10.4GPa,0.0291753,0.294118,5,0,0,bump;matched;micro;raw;residual;shoulder,2;3;8,per_peak_heatmaps/peak_group_335_13.688deg_correlation.png,per_peak_matrices/peak_group_335_13.688deg_correlation.csv
336,13.727006,8,0.7GPa;1GPa;2.3GPa;3.9GPa;6.6GPa;7.4GPa;8.5GPa;9.8GPa,0.0221927,0.470588,5,5,0,bump;matched;micro;raw;residual;shoulder,2;5,per_peak_heatmaps/peak_group_336_13.727deg_correlation.png,per_peak_matrices/peak_group_336_13.727deg_correlation.csv
337,13.769559,8,1GPa;1.3GPa;1.5GPa;8.5GPa;9.8GPa;10.4GPa;13.3GPa;15.6GPa,0.0128756,0.470588,4,5,0,bump;matched;micro;raw;shoulder,2;3;5;8,per_peak_heatmaps/peak_group_337_13.770deg_correlation.png,per_peak_matrices/peak_group_337_13.770deg_correlation.csv
338,13.814797,4,1.5GPa;6.6GPa;9.8GPa;12.8GPa,0.0202233,0.235294,4,1,0,bump;matched;micro;raw;residual;shoulder,5;8,per_peak_heatmaps/peak_group_338_13.815deg_correlation.png,per_peak_matrices/peak_group_338_13.815deg_correlation.csv
339,13.828375,2,6.6GPa;12.8GPa,0.0200964,0.117647,2,0,0,bump;matched;shoulder,8,per_peak_heatmaps/peak_group_339_13.828deg_correlation.png,per_peak_matrices/peak_group_339_13.828deg_correlation.csv
340,13.860063,7,0.7GPa;1.5GPa;2.3GPa;3.9GPa;5GPa;6.6GPa;10.4GPa,0.0154942,0.411765,2,7,0,bump;matched;micro;raw;residual;shoulder,2;5;8,per_peak_heatmaps/peak_group_340_13.860deg_correlation.png,per_peak_matrices/peak_group_340_13.860deg_correlation.csv
341,13.923019,5,3.9GPa;6.2GPa;6.6GPa;8.5GPa;15.6GPa,0.00389244,0.294118,1,4,0,bump;matched;micro;raw;residual;shoulder,2;3;5,per_peak_heatmaps/peak_group_341_13.923deg_correlation.png,per_peak_matrices/peak_group_341_13.923deg_correlation.csv
342,13.950580,9,0.7GPa;1GPa;2.3GPa;2.4GPa_decomp;3.9GPa;7.4GPa;10.4GPa;13.3GPa;15.6GPa,0.00423044,0.529412,3,8,0,bump;matched;micro;raw;residual;shoulder,2;3,per_peak_heatmaps/peak_group_342_13.951deg_correlation.png,per_peak_matrices/peak_group_342_13.951deg_correlation.csv
343,13.998443,4,0.7GPa;6.6GPa;10.4GPa;15.6GPa,0.00499633,0.235294,1,3,0,matched;micro;raw;shoulder,2;3,per_peak_heatmaps/peak_group_343_13.998deg_correlation.png,per_peak_matrices/peak_group_343_13.998deg_correlation.csv
344,14.030919,5,0.7GPa;1GPa;1.3GPa;5GPa;9.8GPa,0.00634334,0.294118,3,2,0,bump;matched;micro;raw;residual;shoulder,2;5,per_peak_heatmaps/peak_group_344_14.031deg_correlation.png,per_peak_matrices/peak_group_344_14.031deg_correlation.csv
345,14.061432,7,0.7GPa;1.5GPa;2.4GPa_decomp;6.2GPa;10.4GPa;13.3GPa;15.6GPa,0.00586916,0.411765,4,4,0,bump;matched;micro;raw;shoulder,3;8,per_peak_heatmaps/peak_group_345_14.061deg_correlation.png,per_peak_matrices/peak_group_345_14.061deg_correlation.csv
346,14.093080,5,1.3GPa;1.5GPa;6.2GPa;7.4GPa;8.5GPa,0.0155518,0.294118,7,0,0,bump;matched;raw;residual,5;8,per_peak_heatmaps/peak_group_346_14.093deg_correlation.png,per_peak_matrices/peak_group_346_14.093deg_correlation.csv
347,14.135506,14,0.7GPa;1GPa;1.3GPa;2.3GPa;2.4GPa_decomp;5GPa;6.2GPa;6.6GPa;7.4GPa;8.5GPa;10.4GPa;12.8GPa;13.3GPa;15.6GPa,0.0181036,0.823529,16,4,0,bump;matched;micro;raw;residual;shoulder,2;3;5;8,per_peak_heatmaps/peak_group_347_14.136deg_correlation.png,per_peak_matrices/peak_group_347_14.136deg_correlation.csv
348,14.174773,3,9.8GPa;12.8GPa;13.3GPa,0.0147417,0.176471,4,0,0,bump;matched;residual,5;8,per_peak_heatmaps/peak_group_348_14.175deg_correlation.png,per_peak_matrices/peak_group_348_14.175deg_correlation.csv
349,14.196527,11,0.7GPa;1.3GPa;2.3GPa;6.2GPa;6.6GPa;7.4GPa;9.8GPa;10.4GPa;12.8GPa;13.3GPa;15.6GPa,0.00836899,0.647059,3,13,0,bump;matched;micro;raw;residual;shoulder,2;5;8,per_peak_heatmaps/peak_group_349_14.197deg_correlation.png,per_peak_matrices/peak_group_349_14.197deg_correlation.csv
350,14.246781,4,1GPa;1.5GPa;3.9GPa;7.4GPa,0.00696414,0.235294,2,4,0,bump;matched;micro;raw;residual;shoulder,2;3;8,per_peak_heatmaps/peak_group_350_14.247deg_correlation.png,per_peak_matrices/peak_group_350_14.247deg_correlation.csv
351,14.288131,3,1GPa;2.3GPa;6.6GPa,0.00430791,0.176471,2,2,0,matched;micro;raw;shoulder,2,per_peak_heatmaps/peak_group_351_14.288deg_correlation.png,per_peak_matrices/peak_group_351_14.288deg_correlation.csv
352,14.328387,4,5GPa;10.4GPa;13.3GPa;15.6GPa,0.00131506,0.235294,5,0,0,bump;matched;micro;raw;residual;shoulder,2;3;8,per_peak_heatmaps/peak_group_352_14.328deg_correlation.png,per_peak_matrices/peak_group_352_14.328deg_correlation.csv
353,14.376814,5,0.7GPa;5GPa;6.2GPa;6.6GPa;10.4GPa,0.00160973,0.294118,6,0,0,bump;matched;micro;raw;residual;shoulder,2;3;5,per_peak_heatmaps/peak_group_353_14.377deg_correlation.png,per_peak_matrices/peak_group_353_14.377deg_correlation.csv
354,14.403126,3,1.5GPa;10.4GPa;15.6GPa,0.00127527,0.176471,2,1,0,bump;micro;raw;shoulder,,per_peak_heatmaps/peak_group_354_14.403deg_correlation.png,per_peak_matrices/peak_group_354_14.403deg_correlation.csv
355,14.460645,5,1GPa;2.3GPa;5GPa;13.3GPa;15.6GPa,0.0167156,0.294118,4,2,0,matched;micro;raw;residual;shoulder,5;8,per_peak_heatmaps/peak_group_355_14.461deg_correlation.png,per_peak_matrices/peak_group_355_14.461deg_correlation.csv
356,14.486595,8,1GPa;1.3GPa;3.9GPa;6.2GPa;6.6GPa;10.4GPa;13.3GPa;15.6GPa,0.0423474,0.470588,5,4,0,bump;matched;micro;raw;residual;shoulder,2;5;8,per_peak_heatmaps/peak_group_356_14.487deg_correlation.png,per_peak_matrices/peak_group_356_14.487deg_correlation.csv
357,14.525284,4,1.5GPa;2.4GPa_decomp;7.4GPa;13.3GPa,0.0549271,0.235294,4,1,0,bump;matched;micro;raw;residual;shoulder,3;5;8,per_peak_heatmaps/peak_group_357_14.525deg_correlation.png,per_peak_matrices/peak_group_357_14.525deg_correlation.csv
358,14.543351,5,2.4GPa_decomp;5GPa;6.2GPa;6.6GPa;13.3GPa,0.053175,0.294118,2,3,0,bump;matched;micro;raw;residual;shoulder,3;8,per_peak_heatmaps/peak_group_358_14.543deg_correlation.png,per_peak_matrices/peak_group_358_14.543deg_correlation.csv
359,14.589767,4,2.3GPa;3.9GPa;8.5GPa;9.8GPa,0.0545821,0.235294,3,2,0,bump;matched;micro;raw;residual;shoulder,3;5,per_peak_heatmaps/peak_group_359_14.590deg_correlation.png,per_peak_matrices/peak_group_359_14.590deg_correlation.csv
360,14.607573,7,1GPa;1.3GPa;2.3GPa;5GPa;8.5GPa;9.8GPa;10.4GPa,0.0544624,0.411765,5,3,0,bump;matched;micro;raw;residual;shoulder,2;3;5;8,per_peak_heatmaps/peak_group_360_14.608deg_correlation.png,per_peak_matrices/peak_group_360_14.608deg_correlation.csv
361,14.645699,4,0.7GPa;2.3GPa;3.9GPa;12.8GPa,0.0410353,0.235294,4,1,0,bump;matched;micro;raw;residual;shoulder,2;5;8,per_peak_heatmaps/peak_group_361_14.646deg_correlation.png,per_peak_matrices/peak_group_361_14.646deg_correlation.csv
362,14.684595,2,1.5GPa;6.6GPa,0.020893,0.117647,0,3,0,matched;micro;raw;shoulder,2,per_peak_heatmaps/peak_group_362_14.685deg_correlation.png,per_peak_matrices/peak_group_362_14.685deg_correlation.csv
363,14.704957,4,1.3GPa;3.9GPa;10.4GPa;15.6GPa,0.0142723,0.235294,3,2,0,bump;matched;micro;raw;residual;shoulder,3;5;8,per_peak_heatmaps/peak_group_363_14.705deg_correlation.png,per_peak_matrices/peak_group_363_14.705deg_correlation.csv
364,14.746793,6,0.7GPa;1GPa;3.9GPa;5GPa;10.4GPa;13.3GPa,0.0108163,0.352941,6,0,0,matched;micro;raw;shoulder,2;3;5;8,per_peak_heatmaps/peak_group_364_14.747deg_correlation.png,per_peak_matrices/peak_group_364_14.747deg_correlation.csv
365,14.767833,3,1GPa;5GPa;13.3GPa,0.0238154,0.176471,4,0,0,bump;matched;micro;raw;residual;shoulder,5;8,per_peak_heatmaps/peak_group_365_14.768deg_correlation.png,per_peak_matrices/peak_group_365_14.768deg_correlation.csv
366,14.811073,6,1GPa;1.3GPa;6.2GPa;10.4GPa;13.3GPa;15.6GPa,0.0293196,0.352941,4,2,0,bump;matched;micro;raw;residual;shoulder,2;5,per_peak_heatmaps/peak_group_366_14.811deg_correlation.png,per_peak_matrices/peak_group_366_14.811deg_correlation.csv
367,14.856921,5,0.7GPa;1GPa;1.5GPa;7.4GPa;15.6GPa,0.0171848,0.294118,3,2,0,bump;matched;micro;raw;shoulder,2;3;5,per_peak_heatmaps/peak_group_367_14.857deg_correlation.png,per_peak_matrices/peak_group_367_14.857deg_correlation.csv
368,14.874469,6,1.3GPa;1.5GPa;3.9GPa;7.4GPa;10.4GPa;13.3GPa,0.0106059,0.352941,4,3,0,matched;micro;raw;residual;shoulder,5;8,per_peak_heatmaps/peak_group_368_14.874deg_correlation.png,per_peak_matrices/peak_group_368_14.874deg_correlation.csv
369,14.907328,3,8.5GPa;10.4GPa;12.8GPa,0.0052135,0.176471,2,1,0,bump;matched;micro;raw;residual;shoulder,2;3,per_peak_heatmaps/peak_group_369_14.907deg_correlation.png,per_peak_matrices/peak_group_369_14.907deg_correlation.csv
370,14.953430,4,2.3GPa;9.8GPa;12.8GPa;15.6GPa,0.00810056,0.235294,6,2,0,bump;matched;micro;raw;shoulder,2;3;5,per_peak_heatmaps/peak_group_370_14.953deg_correlation.png,per_peak_matrices/peak_group_370_14.953deg_correlation.csv
371,14.992362,2,3.9GPa;9.8GPa,0.0059404,0.117647,2,1,0,bump;matched;micro;raw;residual;shoulder,5;8,per_peak_heatmaps/peak_group_371_14.992deg_correlation.png,per_peak_matrices/peak_group_371_14.992deg_correlation.csv
372,15.021803,4,0.7GPa;1GPa;1.5GPa;10.4GPa,0.00522294,0.235294,3,3,0,bump;matched;micro;raw;residual;shoulder,2;3;8,per_peak_heatmaps/peak_group_372_15.022deg_correlation.png,per_peak_matrices/peak_group_372_15.022deg_correlation.csv
373,15.058301,6,1GPa;1.3GPa;1.5GPa;2.3GPa;3.9GPa;5GPa,0.0068944,0.352941,4,3,0,bump;matched;micro;raw;residual;shoulder,3;5;8,per_peak_heatmaps/peak_group_373_15.058deg_correlation.png,per_peak_matrices/peak_group_373_15.058deg_correlation.csv
374,15.089471,3,2.4GPa_decomp;5GPa;15.6GPa,0.00913377,0.176471,5,0,0,bump;matched;micro;raw;residual;shoulder,3;5;8,per_peak_heatmaps/peak_group_374_15.089deg_correlation.png,per_peak_matrices/peak_group_374_15.089deg_correlation.csv
375,15.128994,8,2.3GPa;2.4GPa_decomp;6.2GPa;6.6GPa;7.4GPa;8.5GPa;10.4GPa;15.6GPa,0.0102625,0.470588,6,5,0,bump;matched;micro;raw;residual;shoulder,2;3;8,per_peak_heatmaps/peak_group_375_15.129deg_correlation.png,per_peak_matrices/peak_group_375_15.129deg_correlation.csv
376,15.144074,3,0.7GPa;1GPa;6.2GPa,0.00968715,0.176471,2,1,0,bump;matched;micro;raw;residual;shoulder,2;5,per_peak_heatmaps/peak_group_376_15.144deg_correlation.png,per_peak_matrices/peak_group_376_15.144deg_correlation.csv
377,15.182746,4,1GPa;7.4GPa;8.5GPa;10.4GPa,0.00476379,0.235294,5,3,0,bump;matched;micro;raw;residual;shoulder,5;8,per_peak_heatmaps/peak_group_377_15.183deg_correlation.png,per_peak_matrices/peak_group_377_15.183deg_correlation.csv
378,15.224341,8,0.7GPa;1.3GPa;1.5GPa;2.3GPa;7.4GPa;8.5GPa;13.3GPa;15.6GPa,0.00173011,0.470588,6,5,0,bump;matched;micro;raw;residual;shoulder,2;3;8,per_peak_heatmaps/peak_group_378_15.224deg_correlation.png,per_peak_matrices/peak_group_378_15.224deg_correlation.csv
379,15.260242,1,8.5GPa,0.00391698,0.0588235,2,0,0,matched;micro;raw,3;5,per_peak_heatmaps/peak_group_379_15.260deg_correlation.png,per_peak_matrices/peak_group_379_15.260deg_correlation.csv
380,15.310089,8,0.7GPa;1GPa;2.3GPa;3.9GPa;9.8GPa;12.8GPa;13.3GPa;15.6GPa,0.00447543,0.470588,4,6,0,bump;matched;micro;raw;residual;shoulder,2;3;5;8,per_peak_heatmaps/peak_group_380_15.310deg_correlation.png,per_peak_matrices/peak_group_380_15.310deg_correlation.csv
381,15.334081,5,1GPa;5GPa;9.8GPa;12.8GPa;15.6GPa,0.00351688,0.294118,3,3,0,matched;micro;raw;residual;shoulder,2;3;5;8,per_peak_heatmaps/peak_group_381_15.334deg_correlation.png,per_peak_matrices/peak_group_381_15.334deg_correlation.csv
382,15.374653,4,0.7GPa;1GPa;2.3GPa;15.6GPa,0.00338885,0.235294,3,2,0,bump;matched;micro;raw;residual;shoulder,3;5,per_peak_heatmaps/peak_group_382_15.375deg_correlation.png,per_peak_matrices/peak_group_382_15.375deg_correlation.csv
383,15.415373,9,0.7GPa;1GPa;1.3GPa;1.5GPa;2.3GPa;3.9GPa;7.4GPa;10.4GPa;15.6GPa,0.0015437,0.529412,8,4,0,bump;matched;micro;raw;residual;shoulder,2;3;5;8,per_peak_heatmaps/peak_group_383_15.415deg_correlation.png,per_peak_matrices/peak_group_383_15.415deg_correlation.csv
384,15.450470,4,2.3GPa;3.9GPa;10.4GPa;13.3GPa,0.00174557,0.235294,2,3,0,matched;micro;raw;shoulder,2;3,per_peak_heatmaps/peak_group_384_15.450deg_correlation.png,per_peak_matrices/peak_group_384_15.450deg_correlation.csv
385,15.505252,5,1.3GPa;5GPa;6.6GPa;13.3GPa;15.6GPa,0.00168377,0.294118,4,2,0,bump;matched;micro;raw;residual;shoulder,2;3;5,per_peak_heatmaps/peak_group_385_15.505deg_correlation.png,per_peak_matrices/peak_group_385_15.505deg_correlation.csv
386,15.554339,3,2.3GPa;6.2GPa;10.4GPa,0.00201891,0.176471,2,2,0,bump;matched;micro;raw;shoulder,3;5,per_peak_heatmaps/peak_group_386_15.554deg_correlation.png,per_peak_matrices/peak_group_386_15.554deg_correlation.csv
387,15.575398,3,0.7GPa;6.2GPa;10.4GPa,0.00542357,0.176471,4,0,0,matched;micro;raw;residual;shoulder,2;3;5,per_peak_heatmaps/peak_group_387_15.575deg_correlation.png,per_peak_matrices/peak_group_387_15.575deg_correlation.csv
388,15.620579,7,1GPa;2.3GPa;3.9GPa;6.6GPa;7.4GPa;10.4GPa;15.6GPa,0.00662337,0.411765,4,5,0,bump;matched;micro;raw;residual;shoulder,2;3;5;8,per_peak_heatmaps/peak_group_388_15.621deg_correlation.png,per_peak_matrices/peak_group_388_15.621deg_correlation.csv
389,15.665225,9,0.7GPa;1.5GPa;3.9GPa;5GPa;6.6GPa;7.4GPa;9.8GPa;13.3GPa;15.6GPa,0.0241072,0.529412,3,6,0,bump;matched;micro;raw;residual;shoulder,2;5;8,per_peak_heatmaps/peak_group_389_15.665deg_correlation.png,per_peak_matrices/peak_group_389_15.665deg_correlation.csv
390,15.718030,7,0.7GPa;1.3GPa;3.9GPa;6.2GPa;7.4GPa;8.5GPa;9.8GPa,0.153472,0.411765,6,5,0,matched;micro;raw;residual;shoulder,3;5,per_peak_heatmaps/peak_group_390_15.718deg_correlation.png,per_peak_matrices/peak_group_390_15.718deg_correlation.csv
391,15.744307,5,2.3GPa;5GPa;6.6GPa;8.5GPa;9.8GPa,0.153972,0.294118,4,1,0,bump;matched;micro;raw;residual;shoulder,2;5,per_peak_heatmaps/peak_group_391_15.744deg_correlation.png,per_peak_matrices/peak_group_391_15.744deg_correlation.csv
392,15.794869,4,1.3GPa;6.2GPa;10.4GPa;15.6GPa,0.071552,0.235294,2,2,0,matched;micro;raw;shoulder,2;3;5,per_peak_heatmaps/peak_group_392_15.795deg_correlation.png,per_peak_matrices/peak_group_392_15.795deg_correlation.csv
393,15.819612,5,0.7GPa;1GPa;8.5GPa;9.8GPa;10.4GPa,0.0331251,0.294118,2,3,0,bump;matched;micro;raw;shoulder,3,per_peak_heatmaps/peak_group_393_15.820deg_correlation.png,per_peak_matrices/peak_group_393_15.820deg_correlation.csv
394,15.855656,5,1.5GPa;3.9GPa;6.6GPa;7.4GPa;10.4GPa,0.00392286,0.294118,1,4,0,bump;matched;micro;raw;residual;shoulder,2;5,per_peak_heatmaps/peak_group_394_15.856deg_correlation.png,per_peak_matrices/peak_group_394_15.856deg_correlation.csv
395,15.902410,4,1GPa;1.5GPa;8.5GPa;13.3GPa,0.00657076,0.235294,0,4,0,bump;matched;micro;raw;shoulder,2,per_peak_heatmaps/peak_group_395_15.902deg_correlation.png,per_peak_matrices/peak_group_395_15.902deg_correlation.csv
396,15.934987,7,0.7GPa;1GPa;1.3GPa;1.5GPa;5GPa;12.8GPa;15.6GPa,0.00743892,0.411765,4,4,0,bump;matched;micro;raw;residual;shoulder,2;3;5;8,per_peak_heatmaps/peak_group_396_15.935deg_correlation.png,per_peak_matrices/peak_group_396_15.935deg_correlation.csv
397,15.974314,7,0.7GPa;2.3GPa;2.4GPa_decomp;6.2GPa;6.6GPa;10.4GPa;13.3GPa,0.00645447,0.411765,5,3,0,bump;matched;micro;raw;residual;shoulder,2;3;5;8,per_peak_heatmaps/peak_group_397_15.974deg_correlation.png,per_peak_matrices/peak_group_397_15.974deg_correlation.csv
398,16.015792,3,1.3GPa;1.5GPa;2.3GPa,0.00442415,0.176471,1,2,0,bump;matched;micro;raw;shoulder,2,per_peak_heatmaps/peak_group_398_16.016deg_correlation.png,per_peak_matrices/peak_group_398_16.016deg_correlation.csv
399,16.051976,8,0.7GPa;1GPa;2.3GPa;3.9GPa;7.4GPa;8.5GPa;10.4GPa;15.6GPa,0.00486834,0.470588,5,5,0,bump;matched;micro;raw;residual;shoulder,2;3;5;8,per_peak_heatmaps/peak_group_399_16.052deg_correlation.png,per_peak_matrices/peak_group_399_16.052deg_correlation.csv
400,16.090863,4,1.5GPa;8.5GPa;9.8GPa;10.4GPa,0.00464656,0.235294,4,2,0,bump;matched;micro;raw;residual;shoulder,5;8,per_peak_heatmaps/peak_group_400_16.091deg_correlation.png,per_peak_matrices/peak_group_400_16.091deg_correlation.csv
401,16.129739,7,1GPa;2.3GPa;3.9GPa;5GPa;6.6GPa;12.8GPa;13.3GPa,0.00360651,0.411765,3,5,0,bump;matched;micro;raw;shoulder,2;3;5,per_peak_heatmaps/peak_group_401_16.130deg_correlation.png,per_peak_matrices/peak_group_401_16.130deg_correlation.csv
402,16.163127,4,1GPa;1.5GPa;3.9GPa;12.8GPa,0.00382461,0.235294,3,3,0,bump;matched;micro;raw;residual;shoulder,3;5;8,per_peak_heatmaps/peak_group_402_16.163deg_correlation.png,per_peak_matrices/peak_group_402_16.163deg_correlation.csv
403,16.195521,4,1.5GPa;2.3GPa;5GPa;15.6GPa,0.00709482,0.235294,4,1,0,matched;micro;raw;residual;shoulder,2;3;5;8,per_peak_heatmaps/peak_group_403_16.196deg_correlation.png,per_peak_matrices/peak_group_403_16.196deg_correlation.csv
404,16.224914,4,0.7GPa;1.5GPa;10.4GPa;13.3GPa,0.00913409,0.235294,2,2,0,bump;matched;micro;raw;residual;shoulder,2;5,per_peak_heatmaps/peak_group_404_16.225deg_correlation.png,per_peak_matrices/peak_group_404_16.225deg_correlation.csv
405,16.272369,6,1.3GPa;2.3GPa;2.4GPa_decomp;3.9GPa;6.2GPa;15.6GPa,0.00937616,0.352941,3,3,0,bump;matched;micro;raw;residual;shoulder,2;3;8,per_peak_heatmaps/peak_group_405_16.272deg_correlation.png,per_peak_matrices/peak_group_405_16.272deg_correlation.csv
406,16.308298,6,6.2GPa;6.6GPa;7.4GPa;9.8GPa;13.3GPa;15.6GPa,0.00744778,0.352941,1,5,0,bump;matched;micro;raw;residual;shoulder,2;5,per_peak_heatmaps/peak_group_406_16.308deg_correlation.png,per_peak_matrices/peak_group_406_16.308deg_correlation.csv
407,16.339968,5,1.5GPa;5GPa;6.2GPa;9.8GPa;15.6GPa,0.00459145,0.294118,1,4,0,matched;micro;raw;shoulder,2,per_peak_heatmaps/peak_group_407_16.340deg_correlation.png,per_peak_matrices/peak_group_407_16.340deg_correlation.csv
408,16.380408,3,1GPa;6.2GPa;6.6GPa,0.00211919,0.176471,1,2,0,bump;matched;micro;raw;residual;shoulder,3;8,per_peak_heatmaps/peak_group_408_16.380deg_correlation.png,per_peak_matrices/peak_group_408_16.380deg_correlation.csv
409,16.420397,6,1.5GPa;3.9GPa;6.6GPa;8.5GPa;9.8GPa;13.3GPa,0.00317743,0.352941,4,4,0,bump;matched;micro;raw;residual;shoulder,2;3;8,per_peak_heatmaps/peak_group_409_16.420deg_correlation.png,per_peak_matrices/peak_group_409_16.420deg_correlation.csv
410,16.450294,4,0.7GPa;2.3GPa;10.4GPa;15.6GPa,0.00290089,0.235294,3,2,0,bump;matched;micro;raw;residual;shoulder,2;3;8,per_peak_heatmaps/peak_group_410_16.450deg_correlation.png,per_peak_matrices/peak_group_410_16.450deg_correlation.csv
411,16.494941,4,5GPa;7.4GPa;10.4GPa;13.3GPa,0.00328471,0.235294,4,2,0,bump;matched;micro;raw;residual;shoulder,5;8,per_peak_heatmaps/peak_group_411_16.495deg_correlation.png,per_peak_matrices/peak_group_411_16.495deg_correlation.csv
412,16.534735,4,0.7GPa;1.3GPa;6.2GPa;13.3GPa,0.00410952,0.235294,2,2,0,matched;micro;raw;residual;shoulder,3,per_peak_heatmaps/peak_group_412_16.535deg_correlation.png,per_peak_matrices/peak_group_412_16.535deg_correlation.csv
413,16.558998,4,6.2GPa;12.8GPa;13.3GPa;15.6GPa,0.00554762,0.235294,3,3,0,bump;matched;micro;raw;shoulder,2;3;5;8,per_peak_heatmaps/peak_group_413_16.559deg_correlation.png,per_peak_matrices/peak_group_413_16.559deg_correlation.csv
414,16.598284,5,1GPa;1.5GPa;2.3GPa;7.4GPa;12.8GPa,0.00404592,0.294118,2,4,0,bump;matched;micro;raw;residual;shoulder,5,per_peak_heatmaps/peak_group_414_16.598deg_correlation.png,per_peak_matrices/peak_group_414_16.598deg_correlation.csv
415,16.618267,5,0.7GPa;2.3GPa;2.4GPa_decomp;7.4GPa;8.5GPa,0.00480483,0.294118,4,3,0,bump;matched;micro;raw;shoulder,2;3;5,per_peak_heatmaps/peak_group_415_16.618deg_correlation.png,per_peak_matrices/peak_group_415_16.618deg_correlation.csv
416,16.649218,6,1GPa;1.3GPa;2.3GPa;3.9GPa;8.5GPa;10.4GPa,0.00357578,0.352941,3,3,0,bump;matched;micro;raw;residual;shoulder,2;8,per_peak_heatmaps/peak_group_416_16.649deg_correlation.png,per_peak_matrices/peak_group_416_16.649deg_correlation.csv
417,16.692989,4,0.7GPa;1GPa;5GPa;9.8GPa,0.00288407,0.235294,4,1,0,bump;matched;micro;raw;residual;shoulder,2;8,per_peak_heatmaps/peak_group_417_16.693deg_correlation.png,per_peak_matrices/peak_group_417_16.693deg_correlation.csv
418,16.722747,6,1GPa;1.5GPa;3.9GPa;10.4GPa;12.8GPa;15.6GPa,0.00244789,0.352941,7,0,0,bump;matched;micro;raw;residual;shoulder,2;3;5,per_peak_heatmaps/peak_group_418_16.723deg_correlation.png,per_peak_matrices/peak_group_418_16.723deg_correlation.csv
419,16.744461,7,1GPa;1.3GPa;1.5GPa;3.9GPa;6.2GPa;12.8GPa;15.6GPa,0.00266813,0.411765,5,4,0,matched;micro;raw;residual;shoulder,2;3;8,per_peak_heatmaps/peak_group_419_16.744deg_correlation.png,per_peak_matrices/peak_group_419_16.744deg_correlation.csv
420,16.779132,5,0.7GPa;1.3GPa;2.3GPa;7.4GPa;15.6GPa,0.00248238,0.294118,2,3,0,matched;micro;raw;shoulder,2;3,per_peak_heatmaps/peak_group_420_16.779deg_correlation.png,per_peak_matrices/peak_group_420_16.779deg_correlation.csv
421,16.835319,4,1.3GPa;2.3GPa;6.6GPa;10.4GPa,0.000438381,0.235294,4,2,0,matched;micro;raw;shoulder,5;8,per_peak_heatmaps/peak_group_421_16.835deg_correlation.png,per_peak_matrices/peak_group_421_16.835deg_correlation.csv
422,16.853276,7,0.7GPa;2.3GPa;3.9GPa;6.2GPa;6.6GPa;7.4GPa;8.5GPa,0.000519313,0.411765,3,5,0,matched;micro;raw;shoulder,2;3;5,per_peak_heatmaps/peak_group_422_16.853deg_correlation.png,per_peak_matrices/peak_group_422_16.853deg_correlation.csv
423,16.883130,4,2.3GPa;6.2GPa;13.3GPa;15.6GPa,0.000689887,0.235294,1,3,0,matched;raw;residual;shoulder,2;3,per_peak_heatmaps/peak_group_423_16.883deg_correlation.png,per_peak_matrices/peak_group_423_16.883deg_correlation.csv
424,16.920515,7,1GPa;1.3GPa;2.3GPa;2.4GPa_decomp;3.9GPa;6.6GPa;9.8GPa,0.000610428,0.411765,2,7,0,matched;micro;raw;shoulder,2;3;8,per_peak_heatmaps/peak_group_424_16.921deg_correlation.png,per_peak_matrices/peak_group_424_16.921deg_correlation.csv
425,16.964495,4,1.3GPa;1.5GPa;3.9GPa;10.4GPa,0.0016565,0.235294,4,1,0,bump;matched;micro;raw;residual;shoulder,3;5,per_peak_heatmaps/peak_group_425_16.964deg_correlation.png,per_peak_matrices/peak_group_425_16.964deg_correlation.csv
426,17.006472,8,0.7GPa;1.3GPa;3.9GPa;5GPa;6.2GPa;7.4GPa;13.3GPa;15.6GPa,0.00267667,0.470588,8,2,0,bump;matched;micro;raw;residual;shoulder,2;3;5;8,per_peak_heatmaps/peak_group_426_17.006deg_correlation.png,per_peak_matrices/peak_group_426_17.006deg_correlation.csv
427,17.048059,6,0.7GPa;1GPa;5GPa;7.4GPa;9.8GPa;10.4GPa,0.00306128,0.352941,3,4,0,bump;matched;micro;raw;residual;shoulder,3;5;8,per_peak_heatmaps/peak_group_427_17.048deg_correlation.png,per_peak_matrices/peak_group_427_17.048deg_correlation.csv
428,17.094195,5,1.5GPa;2.3GPa;5GPa;6.6GPa;7.4GPa,0.00188713,0.294118,3,2,0,bump;matched;micro;raw;residual;shoulder,2;5,per_peak_heatmaps/peak_group_428_17.094deg_correlation.png,per_peak_matrices/peak_group_428_17.094deg_correlation.csv
429,17.108903,3,1.5GPa;7.4GPa;8.5GPa,0.00193762,0.176471,2,2,0,bump;matched;micro;raw;residual;shoulder,3;5,per_peak_heatmaps/peak_group_429_17.109deg_correlation.png,per_peak_matrices/peak_group_429_17.109deg_correlation.csv
430,17.136900,4,2.3GPa;9.8GPa;13.3GPa;15.6GPa,0.00115632,0.235294,2,3,0,bump;matched;micro;raw;shoulder,2,per_peak_heatmaps/peak_group_430_17.137deg_correlation.png,per_peak_matrices/peak_group_430_17.137deg_correlation.csv
431,17.181892,10,1.3GPa;2.3GPa;3.9GPa;7.4GPa;8.5GPa;9.8GPa;10.4GPa;12.8GPa;13.3GPa;15.6GPa,0.00225573,0.588235,7,4,0,bump;matched;micro;raw;residual;shoulder,3;5;8,per_peak_heatmaps/peak_group_431_17.182deg_correlation.png,per_peak_matrices/peak_group_431_17.182deg_correlation.csv
432,17.221147,8,0.7GPa;1GPa;1.3GPa;7.4GPa;8.5GPa;10.4GPa;12.8GPa;13.3GPa,0.00183914,0.470588,5,5,0,bump;matched;micro;raw;residual;shoulder,2;3;5;8,per_peak_heatmaps/peak_group_432_17.221deg_correlation.png,per_peak_matrices/peak_group_432_17.221deg_correlation.csv
433,17.266105,9,0.7GPa;1GPa;1.3GPa;1.5GPa;2.4GPa_decomp;9.8GPa;12.8GPa;13.3GPa;15.6GPa,0.00223702,0.529412,5,6,0,bump;matched;micro;raw;residual;shoulder,3;5,per_peak_heatmaps/peak_group_433_17.266deg_correlation.png,per_peak_matrices/peak_group_433_17.266deg_correlation.csv
434,17.309352,6,1GPa;1.3GPa;3.9GPa;12.8GPa;13.3GPa;15.6GPa,0.0116162,0.352941,3,4,0,bump;matched;micro;raw;shoulder,2;5;8,per_peak_heatmaps/peak_group_434_17.309deg_correlation.png,per_peak_matrices/peak_group_434_17.309deg_correlation.csv
435,17.325843,1,3.9GPa,0.0160239,0.0588235,1,0,0,residual,,per_peak_heatmaps/peak_group_435_17.326deg_correlation.png,per_peak_matrices/peak_group_435_17.326deg_correlation.csv
436,17.356977,3,0.7GPa;5GPa;15.6GPa,0.0197696,0.176471,3,0,0,bump;matched;micro;raw;residual;shoulder,3;5,per_peak_heatmaps/peak_group_436_17.357deg_correlation.png,per_peak_matrices/peak_group_436_17.357deg_correlation.csv
437,17.379604,2,0.7GPa;6.6GPa,0.024651,0.117647,1,1,0,matched;micro;raw;shoulder,2,per_peak_heatmaps/peak_group_437_17.380deg_correlation.png,per_peak_matrices/peak_group_437_17.380deg_correlation.csv
438,17.420556,4,1.3GPa;6.2GPa;10.4GPa;12.8GPa,0.0285546,0.235294,2,2,0,bump;matched;micro;raw;residual;shoulder,2;5,per_peak_heatmaps/peak_group_438_17.421deg_correlation.png,per_peak_matrices/peak_group_438_17.421deg_correlation.csv
439,17.449111,2,2.3GPa;12.8GPa,0.0217049,0.117647,2,0,0,bump;micro;shoulder,,per_peak_heatmaps/peak_group_439_17.449deg_correlation.png,per_peak_matrices/peak_group_439_17.449deg_correlation.csv
440,17.473536,9,0.7GPa;1GPa;1.3GPa;2.3GPa;7.4GPa;8.5GPa;9.8GPa;10.4GPa;13.3GPa,0.0190939,0.529412,9,1,0,bump;matched;micro;raw;residual;shoulder,3;5;8,per_peak_heatmaps/peak_group_440_17.474deg_correlation.png,per_peak_matrices/peak_group_440_17.474deg_correlation.csv
441,17.503778,8,1GPa;1.5GPa;3.9GPa;6.6GPa;8.5GPa;9.8GPa;12.8GPa;15.6GPa,0.0138695,0.470588,7,2,0,bump;matched;micro;raw;residual;shoulder,2;3;5;8,per_peak_heatmaps/peak_group_441_17.504deg_correlation.png,per_peak_matrices/peak_group_441_17.504deg_correlation.csv
442,17.534510,3,9.8GPa;12.8GPa;13.3GPa,0.00467595,0.176471,3,1,0,bump;matched;micro;raw;shoulder,2;5,per_peak_heatmaps/peak_group_442_17.535deg_correlation.png,per_peak_matrices/peak_group_442_17.535deg_correlation.csv
443,17.578905,3,5GPa;9.8GPa;12.8GPa,0.000790622,0.176471,1,2,0,bump;matched;micro;raw,3,per_peak_heatmaps/peak_group_443_17.579deg_correlation.png,per_peak_matrices/peak_group_443_17.579deg_correlation.csv
444,17.613207,5,0.7GPa;1.3GPa;9.8GPa;10.4GPa;12.8GPa,0.00281537,0.294118,4,1,0,bump;matched;micro;raw;residual;shoulder,2;5;8,per_peak_heatmaps/peak_group_444_17.613deg_correlation.png,per_peak_matrices/peak_group_444_17.613deg_correlation.csv
445,17.651632,4,0.7GPa;6.2GPa;12.8GPa;15.6GPa,0.00397988,0.235294,1,3,0,bump;matched;micro;raw;residual;shoulder,3;5;8,per_peak_heatmaps/peak_group_445_17.652deg_correlation.png,per_peak_matrices/peak_group_445_17.652deg_correlation.csv
446,17.678080,5,0.7GPa;1.3GPa;8.5GPa;10.4GPa;13.3GPa,0.00384456,0.294118,2,5,0,matched;micro;raw;residual;shoulder,2;3;8,per_peak_heatmaps/peak_group_446_17.678deg_correlation.png,per_peak_matrices/peak_group_446_17.678deg_correlation.csv
447,17.736115,6,0.7GPa;1.3GPa;1.5GPa;3.9GPa;6.6GPa;7.4GPa,0.00203858,0.352941,4,3,0,bump;matched;micro;raw;residual;shoulder,2;3;8,per_peak_heatmaps/peak_group_447_17.736deg_correlation.png,per_peak_matrices/peak_group_447_17.736deg_correlation.csv
448,17.768766,3,0.7GPa;5GPa;12.8GPa,0.00402661,0.176471,1,2,0,matched;micro;shoulder,2,per_peak_heatmaps/peak_group_448_17.769deg_correlation.png,per_peak_matrices/peak_group_448_17.769deg_correlation.csv
449,17.795127,8,1GPa;2.3GPa;2.4GPa_decomp;5GPa;7.4GPa;9.8GPa;10.4GPa;12.8GPa,0.00513325,0.470588,9,2,0,bump;matched;micro;raw;residual;shoulder,2;5;8,per_peak_heatmaps/peak_group_449_17.795deg_correlation.png,per_peak_matrices/peak_group_449_17.795deg_correlation.csv
450,17.820944,7,1GPa;2.3GPa;5GPa;6.2GPa;10.4GPa;13.3GPa;15.6GPa,0.00572984,0.411765,5,3,0,matched;micro;raw;residual;shoulder,2;3;5;8,per_peak_heatmaps/peak_group_450_17.821deg_correlation.png,per_peak_matrices/peak_group_450_17.821deg_correlation.csv
451,17.878469,7,0.7GPa;1.5GPa;5GPa;6.2GPa;12.8GPa;13.3GPa;15.6GPa,0.00650938,0.411765,5,4,0,bump;matched;micro;raw;residual;shoulder,2;5;8,per_peak_heatmaps/peak_group_451_17.878deg_correlation.png,per_peak_matrices/peak_group_451_17.878deg_correlation.csv
452,17.918144,6,0.7GPa;1.3GPa;6.2GPa;7.4GPa;13.3GPa;15.6GPa,0.0073708,0.352941,7,1,0,matched;micro;raw;shoulder,2;3;5,per_peak_heatmaps/peak_group_452_17.918deg_correlation.png,per_peak_matrices/peak_group_452_17.918deg_correlation.csv
453,17.950069,6,2.3GPa;3.9GPa;6.6GPa;7.4GPa;8.5GPa;10.4GPa,0.00713957,0.352941,4,5,0,bump;matched;micro;raw;residual;shoulder,2;5;8,per_peak_heatmaps/peak_group_453_17.950deg_correlation.png,per_peak_matrices/peak_group_453_17.950deg_correlation.csv
454,17.985826,8,0.7GPa;1GPa;1.5GPa;5GPa;7.4GPa;9.8GPa;10.4GPa;12.8GPa,0.00726238,0.470588,3,7,0,bump;matched;micro;raw;residual;shoulder,2;3;8,per_peak_heatmaps/peak_group_454_17.986deg_correlation.png,per_peak_matrices/peak_group_454_17.986deg_correlation.csv
455,18.038674,7,1GPa;1.3GPa;2.3GPa;3.9GPa;10.4GPa;13.3GPa;15.6GPa,0.00453189,0.411765,2,5,0,matched;micro;raw;shoulder,2;3,per_peak_heatmaps/peak_group_455_18.039deg_correlation.png,per_peak_matrices/peak_group_455_18.039deg_correlation.csv
456,18.091791,7,0.7GPa;1.5GPa;2.3GPa;6.2GPa;6.6GPa;12.8GPa;15.6GPa,0.000581572,0.411765,4,4,0,bump;matched;micro;raw;shoulder,2;5,per_peak_heatmaps/peak_group_456_18.092deg_correlation.png,per_peak_matrices/peak_group_456_18.092deg_correlation.csv
457,18.118190,2,8.5GPa;10.4GPa,0.000346761,0.117647,0,2,0,raw;shoulder,,per_peak_heatmaps/peak_group_457_18.118deg_correlation.png,per_peak_matrices/peak_group_457_18.118deg_correlation.csv
458,18.150338,3,0.7GPa;1.3GPa;3.9GPa,0.00042812,0.176471,2,2,0,bump;matched;micro;raw;shoulder,2;5,per_peak_heatmaps/peak_group_458_18.150deg_correlation.png,per_peak_matrices/peak_group_458_18.150deg_correlation.csv
459,18.194416,9,0.7GPa;1GPa;2.3GPa;3.9GPa;5GPa;6.6GPa;10.4GPa;12.8GPa;15.6GPa,0.00096376,0.529412,6,4,0,bump;matched;micro;raw;residual;shoulder,2;3;5,per_peak_heatmaps/peak_group_459_18.194deg_correlation.png,per_peak_matrices/peak_group_459_18.194deg_correlation.csv
460,18.225177,6,1GPa;5GPa;6.2GPa;8.5GPa;9.8GPa;13.3GPa,0.00364483,0.352941,5,3,0,bump;matched;micro;raw;residual;shoulder,3;8,per_peak_heatmaps/peak_group_460_18.225deg_correlation.png,per_peak_matrices/peak_group_460_18.225deg_correlation.csv
461,18.263288,7,0.7GPa;1.5GPa;5GPa;6.6GPa;9.8GPa;10.4GPa;13.3GPa,0.013073,0.411765,5,3,0,bump;matched;micro;raw;residual;shoulder,2;5;8,per_peak_heatmaps/peak_group_461_18.263deg_correlation.png,per_peak_matrices/peak_group_461_18.263deg_correlation.csv
462,18.306453,5,1.3GPa;3.9GPa;6.2GPa;12.8GPa;15.6GPa,0.0160067,0.294118,2,3,0,bump;matched;micro;raw;residual;shoulder,2;5,per_peak_heatmaps/peak_group_462_18.306deg_correlation.png,per_peak_matrices/peak_group_462_18.306deg_correlation.csv
463,18.323915,6,1GPa;2.3GPa;5GPa;6.2GPa;7.4GPa;13.3GPa,0.0159657,0.352941,3,4,0,bump;matched;micro;raw;shoulder,2;3,per_peak_heatmaps/peak_group_463_18.324deg_correlation.png,per_peak_matrices/peak_group_463_18.324deg_correlation.csv
464,18.374682,4,2.3GPa;6.6GPa;7.4GPa;8.5GPa,0.0147273,0.235294,3,1,0,matched;micro;raw;residual;shoulder,2;5,per_peak_heatmaps/peak_group_464_18.375deg_correlation.png,per_peak_matrices/peak_group_464_18.375deg_correlation.csv
465,18.401296,3,1.5GPa;8.5GPa;15.6GPa,0.0106552,0.176471,1,2,0,bump;matched;micro;raw;residual;shoulder,5,per_peak_heatmaps/peak_group_465_18.401deg_correlation.png,per_peak_matrices/peak_group_465_18.401deg_correlation.csv
466,18.440405,7,0.7GPa;1GPa;1.3GPa;1.5GPa;2.3GPa;9.8GPa;10.4GPa,0.0103394,0.411765,6,3,0,bump;matched;micro;raw;residual;shoulder,3;5;8,per_peak_heatmaps/peak_group_466_18.440deg_correlation.png,per_peak_matrices/peak_group_466_18.440deg_correlation.csv
467,18.469820,7,1GPa;1.5GPa;2.3GPa;2.4GPa_decomp;5GPa;9.8GPa;15.6GPa,0.00985096,0.411765,9,0,0,bump;matched;micro;raw;residual;shoulder,2;3;8,per_peak_heatmaps/peak_group_467_18.470deg_correlation.png,per_peak_matrices/peak_group_467_18.470deg_correlation.csv
468,18.500920,8,1.5GPa;2.4GPa_decomp;3.9GPa;5GPa;6.2GPa;7.4GPa;10.4GPa;12.8GPa,0.00717333,0.470588,5,3,0,bump;matched;micro;raw;residual;shoulder,3;5;8,per_peak_heatmaps/peak_group_468_18.501deg_correlation.png,per_peak_matrices/peak_group_468_18.501deg_correlation.csv
469,18.538234,5,2.3GPa;5GPa;6.6GPa;12.8GPa;13.3GPa,0.00379714,0.294118,2,4,0,bump;matched;micro;raw;residual;shoulder,2;8,per_peak_heatmaps/peak_group_469_18.538deg_correlation.png,per_peak_matrices/peak_group_469_18.538deg_correlation.csv
470,18.565381,4,0.7GPa;2.3GPa;6.2GPa;7.4GPa,0.00208497,0.235294,1,4,0,bump;matched;micro;raw;residual;shoulder,2;3,per_peak_heatmaps/peak_group_470_18.565deg_correlation.png,per_peak_matrices/peak_group_470_18.565deg_correlation.csv
471,18.601425,8,2.3GPa;5GPa;6.2GPa;6.6GPa;7.4GPa;10.4GPa;13.3GPa;15.6GPa,0.00144268,0.470588,3,5,0,bump;matched;micro;raw;shoulder,2;3;5,per_peak_heatmaps/peak_group_471_18.601deg_correlation.png,per_peak_matrices/peak_group_471_18.601deg_correlation.csv
472,18.624088,6,1.3GPa;1.5GPa;6.2GPa;7.4GPa;8.5GPa;10.4GPa,0.000844245,0.352941,1,5,0,bump;matched;micro;raw;residual;shoulder,2;8,per_peak_heatmaps/peak_group_472_18.624deg_correlation.png,per_peak_matrices/peak_group_472_18.624deg_correlation.csv
473,18.663778,5,0.7GPa;7.4GPa;8.5GPa;10.4GPa;13.3GPa,0.00866209,0.294118,3,4,0,bump;matched;micro;raw;residual;shoulder,2;3;5;8,per_peak_heatmaps/peak_group_473_18.664deg_correlation.png,per_peak_matrices/peak_group_473_18.664deg_correlation.csv
474,18.691161,5,1GPa;5GPa;10.4GPa;13.3GPa;15.6GPa,0.0232288,0.294118,3,3,0,matched;micro;raw;shoulder,2;3;5,per_peak_heatmaps/peak_group_474_18.691deg_correlation.png,per_peak_matrices/peak_group_474_18.691deg_correlation.csv
475,18.733403,5,1GPa;1.3GPa;3.9GPa;12.8GPa;13.3GPa,0.0299655,0.294118,3,2,0,bump;matched;raw;shoulder,2,per_peak_heatmaps/peak_group_475_18.733deg_correlation.png,per_peak_matrices/peak_group_475_18.733deg_correlation.csv
476,18.749774,7,0.7GPa;1.3GPa;1.5GPa;2.3GPa;6.6GPa;10.4GPa;12.8GPa,0.031054,0.411765,5,3,0,bump;matched;micro;raw;residual;shoulder,2;3;8,per_peak_heatmaps/peak_group_476_18.750deg_correlation.png,per_peak_matrices/peak_group_476_18.750deg_correlation.csv
477,18.779865,6,1.5GPa;2.3GPa;5GPa;9.8GPa;10.4GPa;15.6GPa,0.0285403,0.352941,3,3,0,matched;micro;raw;shoulder,2,per_peak_heatmaps/peak_group_477_18.780deg_correlation.png,per_peak_matrices/peak_group_477_18.780deg_correlation.csv
478,18.817388,6,1GPa;1.3GPa;5GPa;8.5GPa;10.4GPa;15.6GPa,0.0270311,0.352941,2,5,0,bump;matched;micro;raw;residual;shoulder,3,per_peak_heatmaps/peak_group_478_18.817deg_correlation.png,per_peak_matrices/peak_group_478_18.817deg_correlation.csv
479,18.850384,7,0.7GPa;5GPa;6.2GPa;6.6GPa;9.8GPa;10.4GPa;15.6GPa,0.00909472,0.411765,3,4,0,bump;matched;micro;raw;shoulder,2;5,per_peak_heatmaps/peak_group_479_18.850deg_correlation.png,per_peak_matrices/peak_group_479_18.850deg_correlation.csv
480,18.880227,6,3.9GPa;5GPa;6.2GPa;9.8GPa;10.4GPa;15.6GPa,0.0157974,0.352941,5,2,0,bump;matched;micro;raw;residual;shoulder,2;3;5;8,per_peak_heatmaps/peak_group_480_18.880deg_correlation.png,per_peak_matrices/peak_group_480_18.880deg_correlation.csv
481,18.918048,9,0.7GPa;1GPa;1.3GPa;1.5GPa;6.2GPa;7.4GPa;8.5GPa;9.8GPa;13.3GPa,0.000916391,0.529412,8,6,0,bump;matched;micro;raw;residual;shoulder,2;3;5;8,per_peak_heatmaps/peak_group_481_18.918deg_correlation.png,per_peak_matrices/peak_group_481_18.918deg_correlation.csv
482,18.946395,10,0.7GPa;1GPa;1.5GPa;2.3GPa;3.9GPa;5GPa;6.2GPa;7.4GPa;8.5GPa;9.8GPa,0.000470656,0.588235,7,5,0,matched;micro;raw;residual;shoulder,2;3;5;8,per_peak_heatmaps/peak_group_482_18.946deg_correlation.png,per_peak_matrices/peak_group_482_18.946deg_correlation.csv
483,18.989525,9,1.3GPa;1.5GPa;2.3GPa;5GPa;6.6GPa;7.4GPa;8.5GPa;10.4GPa;15.6GPa,0.000322074,0.529412,8,6,0,bump;matched;micro;raw;residual;shoulder,2;3;5;8,per_peak_heatmaps/peak_group_483_18.990deg_correlation.png,per_peak_matrices/peak_group_483_18.990deg_correlation.csv
484,19.030144,9,0.7GPa;1GPa;1.3GPa;1.5GPa;2.3GPa;6.2GPa;6.6GPa;9.8GPa;15.6GPa,0.000570962,0.529412,3,10,0,bump;matched;micro;raw;residual;shoulder,3;5,per_peak_heatmaps/peak_group_484_19.030deg_correlation.png,per_peak_matrices/peak_group_484_19.030deg_correlation.csv
485,19.074277,8,0.7GPa;1GPa;1.3GPa;2.3GPa;3.9GPa;10.4GPa;13.3GPa;15.6GPa,0.000602998,0.470588,6,5,0,matched;micro;raw;shoulder,3;8,per_peak_heatmaps/peak_group_485_19.074deg_correlation.png,per_peak_matrices/peak_group_485_19.074deg_correlation.csv
486,19.102060,5,0.7GPa;1.3GPa;2.3GPa;5GPa;6.6GPa,0.00420567,0.294118,3,2,0,matched;micro;raw;shoulder,3;5;8,per_peak_heatmaps/peak_group_486_19.102deg_correlation.png,per_peak_matrices/peak_group_486_19.102deg_correlation.csv
487,19.139074,6,1.5GPa;3.9GPa;5GPa;7.4GPa;12.8GPa;15.6GPa,0.000728381,0.352941,1,7,0,matched;micro;raw;shoulder,2;3,per_peak_heatmaps/peak_group_487_19.139deg_correlation.png,per_peak_matrices/peak_group_487_19.139deg_correlation.csv
488,19.171095,8,1GPa;2.3GPa;3.9GPa;6.6GPa;8.5GPa;9.8GPa;10.4GPa;13.3GPa,0.000634678,0.470588,3,6,0,bump;matched;micro;raw;residual;shoulder,2,per_peak_heatmaps/peak_group_488_19.171deg_correlation.png,per_peak_matrices/peak_group_488_19.171deg_correlation.csv
489,19.198230,5,5GPa;6.2GPa;7.4GPa;9.8GPa;13.3GPa,0.000633687,0.294118,4,1,0,matched;micro;raw;shoulder,3;8,per_peak_heatmaps/peak_group_489_19.198deg_correlation.png,per_peak_matrices/peak_group_489_19.198deg_correlation.csv
490,19.232065,8,0.7GPa;1GPa;1.3GPa;1.5GPa;3.9GPa;7.4GPa;13.3GPa;15.6GPa,0.00112272,0.470588,4,7,0,bump;matched;micro;raw;residual;shoulder,2;5;8,per_peak_heatmaps/peak_group_490_19.232deg_correlation.png,per_peak_matrices/peak_group_490_19.232deg_correlation.csv
491,19.264009,11,0.7GPa;1GPa;1.3GPa;1.5GPa;3.9GPa;5GPa;6.2GPa;8.5GPa;9.8GPa;13.3GPa;15.6GPa,0.00129343,0.647059,12,2,0,bump;matched;micro;raw;shoulder,2;5;8,per_peak_heatmaps/peak_group_491_19.264deg_correlation.png,per_peak_matrices/peak_group_491_19.264deg_correlation.csv
492,19.296973,3,0.7GPa;5GPa;10.4GPa,0.0010124,0.176471,2,1,0,matched;micro;raw;shoulder,3;8,per_peak_heatmaps/peak_group_492_19.297deg_correlation.png,per_peak_matrices/peak_group_492_19.297deg_correlation.csv
493,19.334402,2,5GPa;10.4GPa,0.000236263,0.117647,0,2,0,matched;raw;residual,5,per_peak_heatmaps/peak_group_493_19.334deg_correlation.png,per_peak_matrices/peak_group_493_19.334deg_correlation.csv
494,19.363075,7,1.3GPa;3.9GPa;6.2GPa;7.4GPa;10.4GPa;12.8GPa;15.6GPa,9.02503e-05,0.411765,1,6,0,matched;micro;raw;residual;shoulder,2;3,per_peak_heatmaps/peak_group_494_19.363deg_correlation.png,per_peak_matrices/peak_group_494_19.363deg_correlation.csv
495,19.383063,6,1.5GPa;5GPa;6.6GPa;10.4GPa;12.8GPa;13.3GPa,0.0003059,0.352941,2,4,0,matched;micro;raw;shoulder,2;8,per_peak_heatmaps/peak_group_495_19.383deg_correlation.png,per_peak_matrices/peak_group_495_19.383deg_correlation.csv
496,19.433868,9,0.7GPa;1GPa;1.5GPa;6.2GPa;7.4GPa;9.8GPa;10.4GPa;13.3GPa;15.6GPa,0.00013443,0.529412,5,6,0,matched;micro;raw;shoulder,2;3;5,per_peak_heatmaps/peak_group_496_19.434deg_correlation.png,per_peak_matrices/peak_group_496_19.434deg_correlation.csv
497,19.464641,9,0.7GPa;1.3GPa;1.5GPa;3.9GPa;6.2GPa;7.4GPa;8.5GPa;9.8GPa;15.6GPa,0.000108102,0.529412,5,4,0,matched;micro;raw;residual;shoulder,2;3,per_peak_heatmaps/peak_group_497_19.465deg_correlation.png,per_peak_matrices/peak_group_497_19.465deg_correlation.csv
498,19.496949,6,0.7GPa;1GPa;6.6GPa;8.5GPa;9.8GPa;13.3GPa,0.000471116,0.352941,6,1,0,bump;matched;micro;raw;residual;shoulder,2;3,per_peak_heatmaps/peak_group_498_19.497deg_correlation.png,per_peak_matrices/peak_group_498_19.497deg_correlation.csv
499,19.524285,9,1.5GPa;2.3GPa;2.4GPa_decomp;5GPa;7.4GPa;8.5GPa;10.4GPa;12.8GPa;15.6GPa,0.000752741,0.529412,4,7,0,bump;matched;micro;raw;residual;shoulder,2;8,per_peak_heatmaps/peak_group_499_19.524deg_correlation.png,per_peak_matrices/peak_group_499_19.524deg_correlation.csv
500,19.582545,10,0.7GPa;2.3GPa;5GPa;6.2GPa;6.6GPa;7.4GPa;9.8GPa;10.4GPa;12.8GPa;13.3GPa,0.00148438,0.588235,10,3,0,bump;matched;micro;raw;residual;shoulder,2;3;5;8,per_peak_heatmaps/peak_group_500_19.583deg_correlation.png,per_peak_matrices/peak_group_500_19.583deg_correlation.csv
501,19.611824,13,1GPa;1.3GPa;1.5GPa;2.3GPa;3.9GPa;5GPa;6.6GPa;8.5GPa;9.8GPa;10.4GPa;12.8GPa;13.3GPa;15.6GPa,0.00140683,0.764706,14,2,0,bump;matched;micro;raw;residual;shoulder,2;3;5,per_peak_heatmaps/peak_group_501_19.612deg_correlation.png,per_peak_matrices/peak_group_501_19.612deg_correlation.csv
502,19.660197,8,0.7GPa;1.3GPa;2.3GPa;6.6GPa;8.5GPa;9.8GPa;12.8GPa;15.6GPa,0.000807844,0.470588,3,6,0,bump;matched;micro;raw;residual;shoulder,8,per_peak_heatmaps/peak_group_502_19.660deg_correlation.png,per_peak_matrices/peak_group_502_19.660deg_correlation.csv
503,19.689975,3,2.3GPa;6.2GPa;10.4GPa,0.000251019,0.176471,1,2,0,matched;micro;raw;shoulder,2,per_peak_heatmaps/peak_group_503_19.690deg_correlation.png,per_peak_matrices/peak_group_503_19.690deg_correlation.csv
504,19.714307,5,1.5GPa;6.2GPa;7.4GPa;8.5GPa;12.8GPa,9.95203e-05,0.294118,2,4,0,matched;micro;raw;shoulder,2,per_peak_heatmaps/peak_group_504_19.714deg_correlation.png,per_peak_matrices/peak_group_504_19.714deg_correlation.csv
505,19.755142,9,1GPa;1.3GPa;1.5GPa;2.3GPa;3.9GPa;6.6GPa;7.4GPa;9.8GPa;13.3GPa,0.000151718,0.529412,7,4,0,matched;micro;raw;shoulder,2;3,per_peak_heatmaps/peak_group_505_19.755deg_correlation.png,per_peak_matrices/peak_group_505_19.755deg_correlation.csv
506,19.784234,5,0.7GPa;3.9GPa;6.2GPa;6.6GPa;9.8GPa,0.000526932,0.294118,3,2,0,bump;matched;micro;raw;shoulder,2;3,per_peak_heatmaps/peak_group_506_19.784deg_correlation.png,per_peak_matrices/peak_group_506_19.784deg_correlation.csv
507,19.807016,4,0.7GPa;2.4GPa_decomp;10.4GPa;15.6GPa,0.000658926,0.235294,3,1,0,matched;micro;raw;shoulder,2;3,per_peak_heatmaps/peak_group_507_19.807deg_correlation.png,per_peak_matrices/peak_group_507_19.807deg_correlation.csv
508,19.850884,9,0.7GPa;1.3GPa;1.5GPa;2.3GPa;3.9GPa;5GPa;8.5GPa;13.3GPa;15.6GPa,0.000854304,0.529412,5,6,0,bump;matched;micro;raw;shoulder,2,per_peak_heatmaps/peak_group_508_19.851deg_correlation.png,per_peak_matrices/peak_group_508_19.851deg_correlation.csv
509,19.877637,4,0.7GPa;1.3GPa;9.8GPa;12.8GPa,0.000235899,0.235294,4,2,0,matched;micro;raw;residual;shoulder,3;5;8,per_peak_heatmaps/peak_group_509_19.878deg_correlation.png,per_peak_matrices/peak_group_509_19.878deg_correlation.csv
510,19.902364,8,0.7GPa;1.5GPa;6.6GPa;7.4GPa;8.5GPa;9.8GPa;10.4GPa;12.8GPa,0.00036296,0.470588,2,7,0,bump;matched;micro;raw;residual;shoulder,2;8,per_peak_heatmaps/peak_group_510_19.902deg_correlation.png,per_peak_matrices/peak_group_510_19.902deg_correlation.csv
511,19.942969,7,0.7GPa;3.9GPa;5GPa;6.2GPa;7.4GPa;13.3GPa;15.6GPa,0.000266835,0.411765,5,3,0,matched;micro;raw;shoulder,2;3,per_peak_heatmaps/peak_group_511_19.943deg_correlation.png,per_peak_matrices/peak_group_511_19.943deg_correlation.csv
512,19.974941,7,2.3GPa;5GPa;6.6GPa;7.4GPa;8.5GPa;10.4GPa;12.8GPa,0.00412462,0.411765,2,6,0,bump;matched;micro;raw;shoulder,2;3;5,per_peak_heatmaps/peak_group_512_19.975deg_correlation.png,per_peak_matrices/peak_group_512_19.975deg_correlation.csv
513,19.998674,6,0.7GPa;1.3GPa;2.3GPa;5GPa;8.5GPa;9.8GPa,0.00808904,0.352941,4,2,0,matched;micro;raw;shoulder,2;3,per_peak_heatmaps/peak_group_513_19.999deg_correlation.png,per_peak_matrices/peak_group_513_19.999deg_correlation.csv
514,20.045809,5,1GPa;1.3GPa;5GPa;6.6GPa;15.6GPa,0.0174755,0.294118,4,1,0,bump;matched;micro;raw;shoulder,3;5,per_peak_heatmaps/peak_group_514_20.046deg_correlation.png,per_peak_matrices/peak_group_514_20.046deg_correlation.csv
515,20.070543,8,0.7GPa;1GPa;1.3GPa;2.3GPa;6.6GPa;12.8GPa;13.3GPa;15.6GPa,0.0238073,0.470588,8,2,0,bump;matched;micro;raw;residual;shoulder,2;3;5,per_peak_heatmaps/peak_group_515_20.071deg_correlation.png,per_peak_matrices/peak_group_515_20.071deg_correlation.csv
516,20.108952,7,1.5GPa;2.3GPa;6.2GPa;6.6GPa;9.8GPa;10.4GPa;15.6GPa,0.0289033,0.411765,6,2,0,bump;matched;micro;raw;residual;shoulder,2;3;5;8,per_peak_heatmaps/peak_group_516_20.109deg_correlation.png,per_peak_matrices/peak_group_516_20.109deg_correlation.csv
517,20.144242,10,2.3GPa;2.4GPa_decomp;3.9GPa;5GPa;6.2GPa;7.4GPa;10.4GPa;12.8GPa;13.3GPa;15.6GPa,0.022392,0.588235,5,8,0,bump;matched;micro;raw;residual;shoulder,2;3;5;8,per_peak_heatmaps/peak_group_517_20.144deg_correlation.png,per_peak_matrices/peak_group_517_20.144deg_correlation.csv
518,20.188756,8,1.3GPa;2.3GPa;6.2GPa;7.4GPa;8.5GPa;9.8GPa;12.8GPa;15.6GPa,0.00380987,0.470588,4,5,0,matched;micro;raw;residual;shoulder,2;3,per_peak_heatmaps/peak_group_518_20.189deg_correlation.png,per_peak_matrices/peak_group_518_20.189deg_correlation.csv
519,20.205970,6,0.7GPa;2.4GPa_decomp;6.2GPa;8.5GPa;10.4GPa;12.8GPa,0.00138667,0.352941,5,4,0,bump;matched;micro;raw;residual;shoulder,2;3;5,per_peak_heatmaps/peak_group_519_20.206deg_correlation.png,per_peak_matrices/peak_group_519_20.206deg_correlation.csv
520,20.241382,8,0.7GPa;1.3GPa;2.4GPa_decomp;5GPa;6.6GPa;7.4GPa;9.8GPa;12.8GPa,0.00149503,0.470588,5,3,0,bump;matched;micro;raw;residual;shoulder,3;5;8,per_peak_heatmaps/peak_group_520_20.241deg_correlation.png,per_peak_matrices/peak_group_520_20.241deg_correlation.csv
521,20.268231,8,0.7GPa;1GPa;7.4GPa;9.8GPa;10.4GPa;12.8GPa;13.3GPa;15.6GPa,0.00135672,0.470588,5,4,0,bump;matched;micro;raw;residual;shoulder,2;5,per_peak_heatmaps/peak_group_521_20.268deg_correlation.png,per_peak_matrices/peak_group_521_20.268deg_correlation.csv
522,20.303217,7,1GPa;1.3GPa;1.5GPa;2.4GPa_decomp;6.6GPa;9.8GPa;13.3GPa,0.0127652,0.411765,4,5,0,bump;matched;micro;raw;shoulder,2;3;8,per_peak_heatmaps/peak_group_522_20.303deg_correlation.png,per_peak_matrices/peak_group_522_20.303deg_correlation.csv
523,20.361743,8,1GPa;1.5GPa;2.3GPa;3.9GPa;7.4GPa;9.8GPa;10.4GPa;12.8GPa,0.0277147,0.470588,7,4,0,bump;matched;micro;raw;residual;shoulder,2;3;5;8,per_peak_heatmaps/peak_group_523_20.362deg_correlation.png,per_peak_matrices/peak_group_523_20.362deg_correlation.csv
524,20.389239,8,0.7GPa;1GPa;1.3GPa;2.3GPa;6.6GPa;8.5GPa;13.3GPa;15.6GPa,0.0282567,0.470588,5,6,0,matched;micro;raw;shoulder,2;3,per_peak_heatmaps/peak_group_524_20.389deg_correlation.png,per_peak_matrices/peak_group_524_20.389deg_correlation.csv
525,20.409954,3,1GPa;1.5GPa;12.8GPa,0.0186272,0.176471,1,3,0,matched;micro;raw;shoulder,5,per_peak_heatmaps/peak_group_525_20.410deg_correlation.png,per_peak_matrices/peak_group_525_20.410deg_correlation.csv
526,20.464938,7,1.3GPa;5GPa;6.2GPa;6.6GPa;10.4GPa;12.8GPa;15.6GPa,0.0156581,0.411765,9,1,0,bump;matched;micro;raw;residual;shoulder,2;3;5;8,per_peak_heatmaps/peak_group_526_20.465deg_correlation.png,per_peak_matrices/peak_group_526_20.465deg_correlation.csv
527,20.492044,8,0.7GPa;1GPa;1.5GPa;2.3GPa;6.2GPa;6.6GPa;7.4GPa;9.8GPa,0.0128312,0.470588,6,4,0,matched;micro;raw;residual;shoulder,2;5;8,per_peak_heatmaps/peak_group_527_20.492deg_correlation.png,per_peak_matrices/peak_group_527_20.492deg_correlation.csv
528,20.521963,9,1GPa;1.3GPa;1.5GPa;2.3GPa;6.2GPa;6.6GPa;8.5GPa;10.4GPa;15.6GPa,0.00734646,0.529412,5,5,0,bump;matched;micro;raw;shoulder,2;3;5,per_peak_heatmaps/peak_group_528_20.522deg_correlation.png,per_peak_matrices/peak_group_528_20.522deg_correlation.csv
529,20.578217,8,0.7GPa;1.5GPa;2.3GPa;6.6GPa;8.5GPa;9.8GPa;10.4GPa;15.6GPa,0.000574803,0.470588,6,4,0,bump;matched;micro;raw;residual;shoulder,2;3;5,per_peak_heatmaps/peak_group_529_20.578deg_correlation.png,per_peak_matrices/peak_group_529_20.578deg_correlation.csv
530,20.601307,5,1.5GPa;7.4GPa;9.8GPa;10.4GPa;13.3GPa,0.000754216,0.294118,3,4,0,bump;matched;micro;raw;residual;shoulder,2;5;8,per_peak_heatmaps/peak_group_530_20.601deg_correlation.png,per_peak_matrices/peak_group_530_20.601deg_correlation.csv
531,20.629734,7,1.3GPa;2.4GPa_decomp;3.9GPa;6.6GPa;8.5GPa;9.8GPa;15.6GPa,0.00072128,0.411765,3,5,0,bump;matched;micro;raw;shoulder,2;3,per_peak_heatmaps/peak_group_531_20.630deg_correlation.png,per_peak_matrices/peak_group_531_20.630deg_correlation.csv
532,20.666938,9,1GPa;1.3GPa;2.4GPa_decomp;3.9GPa;5GPa;7.4GPa;8.5GPa;12.8GPa;13.3GPa,0.0016273,0.529412,8,6,0,bump;matched;micro;raw;residual;shoulder,2;3;5,per_peak_heatmaps/peak_group_532_20.667deg_correlation.png,per_peak_matrices/peak_group_532_20.667deg_correlation.csv
533,20.701752,9,0.7GPa;1GPa;1.5GPa;2.4GPa_decomp;5GPa;6.2GPa;7.4GPa;8.5GPa;15.6GPa,0.00147971,0.529412,8,5,0,matched;micro;raw;residual;shoulder,2;3;5;8,per_peak_heatmaps/peak_group_533_20.702deg_correlation.png,per_peak_matrices/peak_group_533_20.702deg_correlation.csv
534,20.728529,9,0.7GPa;1GPa;1.3GPa;1.5GPa;2.4GPa_decomp;5GPa;6.6GPa;9.8GPa;15.6GPa,0.00110398,0.529412,7,2,0,bump;matched;micro;raw;residual;shoulder,2;5;8,per_peak_heatmaps/peak_group_534_20.729deg_correlation.png,per_peak_matrices/peak_group_534_20.729deg_correlation.csv
535,20.768490,5,2.3GPa;3.9GPa;5GPa;13.3GPa;15.6GPa,0.00098222,0.294118,4,3,0,matched;micro;raw;shoulder,2;3,per_peak_heatmaps/peak_group_535_20.768deg_correlation.png,per_peak_matrices/peak_group_535_20.768deg_correlation.csv
536,20.800652,11,0.7GPa;1GPa;1.5GPa;2.3GPa;3.9GPa;5GPa;6.2GPa;7.4GPa;8.5GPa;9.8GPa;12.8GPa,0.000875673,0.647059,9,5,0,bump;matched;micro;raw;residual;shoulder,2;3;8,per_peak_heatmaps/peak_group_536_20.801deg_correlation.png,per_peak_matrices/peak_group_536_20.801deg_correlation.csv
537,20.829780,7,1.5GPa;6.6GPa;8.5GPa;9.8GPa;10.4GPa;12.8GPa;13.3GPa,0.00128874,0.411765,5,5,0,matched;micro;raw;shoulder,2;3;5;8,per_peak_heatmaps/peak_group_537_20.830deg_correlation.png,per_peak_matrices/peak_group_537_20.830deg_correlation.csv
538,20.868494,1,12.8GPa,0.00100464,0.0588235,2,0,0,matched;micro;shoulder,2,per_peak_heatmaps/peak_group_538_20.868deg_correlation.png,per_peak_matrices/peak_group_538_20.868deg_correlation.csv
539,20.909842,11,0.7GPa;1GPa;1.3GPa;1.5GPa;3.9GPa;6.2GPa;7.4GPa;10.4GPa;12.8GPa;13.3GPa;15.6GPa,0.000609999,0.647059,10,5,0,bump;matched;micro;raw;residual;shoulder,2;3;5,per_peak_heatmaps/peak_group_539_20.910deg_correlation.png,per_peak_matrices/peak_group_539_20.910deg_correlation.csv
540,20.942003,11,0.7GPa;1GPa;1.5GPa;3.9GPa;5GPa;6.2GPa;6.6GPa;7.4GPa;8.5GPa;9.8GPa;15.6GPa,0.000511011,0.647059,6,6,0,bump;matched;micro;raw;shoulder,2;3;5;8,per_peak_heatmaps/peak_group_540_20.942deg_correlation.png,per_peak_matrices/peak_group_540_20.942deg_correlation.csv
541,20.980129,3,1.3GPa;10.4GPa;13.3GPa,0.000439091,0.176471,2,1,0,matched;micro;raw;shoulder,3,per_peak_heatmaps/peak_group_541_20.980deg_correlation.png,per_peak_matrices/peak_group_541_20.980deg_correlation.csv
542,21.009260,7,0.7GPa;2.4GPa_decomp;6.2GPa;6.6GPa;8.5GPa;10.4GPa;13.3GPa,0.000403557,0.411765,6,4,0,bump;matched;micro;raw;residual;shoulder,2;5,per_peak_heatmaps/peak_group_542_21.009deg_correlation.png,per_peak_matrices/peak_group_542_21.009deg_correlation.csv
543,21.036149,7,1.5GPa;2.3GPa;6.6GPa;9.8GPa;12.8GPa;13.3GPa;15.6GPa,0.000470196,0.411765,6,2,0,bump;matched;micro;raw;residual;shoulder,2;3;8,per_peak_heatmaps/peak_group_543_21.036deg_correlation.png,per_peak_matrices/peak_group_543_21.036deg_correlation.csv
544,21.077226,8,0.7GPa;1.3GPa;2.3GPa;3.9GPa;5GPa;6.2GPa;6.6GPa;7.4GPa,0.000342202,0.470588,7,4,0,matched;micro;raw;residual;shoulder,2;5;8,per_peak_heatmaps/peak_group_544_21.077deg_correlation.png,per_peak_matrices/peak_group_544_21.077deg_correlation.csv
545,21.115799,11,1.3GPa;2.4GPa_decomp;3.9GPa;5GPa;6.2GPa;7.4GPa;9.8GPa;10.4GPa;12.8GPa;13.3GPa;15.6GPa,0.000864127,0.647059,8,5,0,bump;matched;micro;raw;residual;shoulder,2;3;5;8,per_peak_heatmaps/peak_group_545_21.116deg_correlation.png,per_peak_matrices/peak_group_545_21.116deg_correlation.csv
546,21.152403,12,1GPa;1.3GPa;1.5GPa;2.3GPa;2.4GPa_decomp;3.9GPa;5GPa;6.2GPa;6.6GPa;8.5GPa;9.8GPa;12.8GPa,0.00171523,0.705882,5,11,0,matched;micro;raw;residual;shoulder,2;5;8,per_peak_heatmaps/peak_group_546_21.152deg_correlation.png,per_peak_matrices/peak_group_546_21.152deg_correlation.csv
547,21.189583,13,0.7GPa;1GPa;1.3GPa;1.5GPa;2.3GPa;2.4GPa_decomp;6.2GPa;7.4GPa;8.5GPa;9.8GPa;10.4GPa;12.8GPa;15.6GPa,0.00279348,0.764706,9,11,0,bump;matched;micro;raw;residual;shoulder,2;3;5;8,per_peak_heatmaps/peak_group_547_21.190deg_correlation.png,per_peak_matrices/peak_group_547_21.190deg_correlation.csv
548,21.240395,9,0.7GPa;1.5GPa;2.3GPa;3.9GPa;6.2GPa;6.6GPa;8.5GPa;10.4GPa;12.8GPa,0.000521,0.529412,11,4,0,bump;matched;micro;raw;residual;shoulder,2;3;5,per_peak_heatmaps/peak_group_548_21.240deg_correlation.png,per_peak_matrices/peak_group_548_21.240deg_correlation.csv
549,21.276275,11,0.7GPa;1.3GPa;1.5GPa;2.3GPa;2.4GPa_decomp;3.9GPa;5GPa;7.4GPa;9.8GPa;13.3GPa;15.6GPa,0.000568855,0.647059,7,7,0,matched;micro;raw;shoulder,2;3,per_peak_heatmaps/peak_group_549_21.276deg_correlation.png,per_peak_matrices/peak_group_549_21.276deg_correlation.csv
550,21.316712,1,13.3GPa,0.000371573,0.0588235,0,1,0,raw,,per_peak_heatmaps/peak_group_550_21.317deg_correlation.png,per_peak_matrices/peak_group_550_21.317deg_correlation.csv
551,21.373106,7,1GPa;1.3GPa;1.5GPa;2.3GPa;3.9GPa;6.2GPa;10.4GPa,0.000916363,0.411765,3,6,0,bump;matched;micro;raw;shoulder,2;3,per_peak_heatmaps/peak_group_551_21.373deg_correlation.png,per_peak_matrices/peak_group_551_21.373deg_correlation.csv
552,21.395200,8,2.4GPa_decomp;5GPa;6.6GPa;7.4GPa;8.5GPa;10.4GPa;12.8GPa;15.6GPa,0.001069,0.470588,6,4,0,bump;matched;micro;raw;shoulder,2;3,per_peak_heatmaps/peak_group_552_21.395deg_correlation.png,per_peak_matrices/peak_group_552_21.395deg_correlation.csv
553,21.418090,6,0.7GPa;1GPa;1.3GPa;2.4GPa_decomp;6.6GPa;15.6GPa,0.00126489,0.352941,4,2,0,bump;matched;micro;raw;shoulder,2;5,per_peak_heatmaps/peak_group_553_21.418deg_correlation.png,per_peak_matrices/peak_group_553_21.418deg_correlation.csv
554,21.446018,10,1.3GPa;1.5GPa;2.3GPa;6.2GPa;6.6GPa;7.4GPa;8.5GPa;12.8GPa;13.3GPa;15.6GPa,0.00394693,0.588235,8,4,0,bump;matched;micro;raw;residual;shoulder,2;3;5;8,per_peak_heatmaps/peak_group_554_21.446deg_correlation.png,per_peak_matrices/peak_group_554_21.446deg_correlation.csv
555,21.475758,10,1GPa;1.5GPa;2.4GPa_decomp;3.9GPa;5GPa;6.2GPa;6.6GPa;8.5GPa;12.8GPa;15.6GPa,0.0120874,0.588235,9,4,0,bump;matched;micro;raw;residual;shoulder,3;8,per_peak_heatmaps/peak_group_555_21.476deg_correlation.png,per_peak_matrices/peak_group_555_21.476deg_correlation.csv
556,21.513302,13,0.7GPa;1GPa;1.3GPa;2.4GPa_decomp;3.9GPa;5GPa;6.2GPa;7.4GPa;9.8GPa;10.4GPa;12.8GPa;13.3GPa;15.6GPa,0.0192233,0.764706,11,6,0,bump;matched;micro;raw;residual;shoulder,2;3;5;8,per_peak_heatmaps/peak_group_556_21.513deg_correlation.png,per_peak_matrices/peak_group_556_21.513deg_correlation.csv
557,21.540847,12,1.3GPa;1.5GPa;2.3GPa;2.4GPa_decomp;3.9GPa;5GPa;6.2GPa;8.5GPa;9.8GPa;10.4GPa;12.8GPa;13.3GPa,0.0210803,0.705882,10,6,0,bump;matched;micro;raw;residual;shoulder,2;3;5;8,per_peak_heatmaps/peak_group_557_21.541deg_correlation.png,per_peak_matrices/peak_group_557_21.541deg_correlation.csv
558,21.574012,6,1GPa;1.3GPa;1.5GPa;5GPa;6.6GPa;10.4GPa,0.0127326,0.352941,7,1,0,bump;matched;micro;raw;residual;shoulder,2;5;8,per_peak_heatmaps/peak_group_558_21.574deg_correlation.png,per_peak_matrices/peak_group_558_21.574deg_correlation.csv
559,21.608964,6,0.7GPa;1GPa;1.5GPa;5GPa;12.8GPa;15.6GPa,0.0021487,0.352941,3,4,0,bump;matched;micro;raw;shoulder,2;3,per_peak_heatmaps/peak_group_559_21.609deg_correlation.png,per_peak_matrices/peak_group_559_21.609deg_correlation.csv
560,21.629975,7,1.5GPa;2.3GPa;3.9GPa;5GPa;6.2GPa;7.4GPa;13.3GPa,0.000920816,0.411765,5,3,0,matched;micro;raw;shoulder,2,per_peak_heatmaps/peak_group_560_21.630deg_correlation.png,per_peak_matrices/peak_group_560_21.630deg_correlation.csv
561,21.665922,7,1GPa;1.3GPa;2.4GPa_decomp;6.2GPa;8.5GPa;13.3GPa;15.6GPa,0.000443852,0.411765,4,4,0,matched;micro;raw;shoulder,2;3,per_peak_heatmaps/peak_group_561_21.666deg_correlation.png,per_peak_matrices/peak_group_561_21.666deg_correlation.csv
562,21.706648,7,0.7GPa;1.3GPa;1.5GPa;2.4GPa_decomp;3.9GPa;6.2GPa;9.8GPa,0.00418019,0.411765,6,3,0,bump;matched;micro;raw;residual;shoulder,2;5,per_peak_heatmaps/peak_group_562_21.707deg_correlation.png,per_peak_matrices/peak_group_562_21.707deg_correlation.csv
563,21.724422,8,1GPa;1.3GPa;2.3GPa;6.2GPa;7.4GPa;9.8GPa;10.4GPa;12.8GPa,0.00527201,0.470588,6,4,0,bump;matched;micro;raw;shoulder,2;3,per_peak_heatmaps/peak_group_563_21.724deg_correlation.png,per_peak_matrices/peak_group_563_21.724deg_correlation.csv
564,21.760246,11,0.7GPa;1.3GPa;2.3GPa;5GPa;6.6GPa;8.5GPa;9.8GPa;10.4GPa;12.8GPa;13.3GPa;15.6GPa,0.00323253,0.647059,6,8,0,bump;matched;micro;raw;residual;shoulder,2;3;5,per_peak_heatmaps/peak_group_564_21.760deg_correlation.png,per_peak_matrices/peak_group_564_21.760deg_correlation.csv
565,21.798739,10,1.3GPa;2.3GPa;2.4GPa_decomp;5GPa;6.6GPa;7.4GPa;8.5GPa;10.4GPa;12.8GPa;15.6GPa,0.000914405,0.588235,7,4,0,bump;matched;micro;raw;residual;shoulder,2;5,per_peak_heatmaps/peak_group_565_21.799deg_correlation.png,per_peak_matrices/peak_group_565_21.799deg_correlation.csv
566,21.827572,6,1GPa;1.5GPa;2.3GPa;2.4GPa_decomp;6.2GPa;12.8GPa,0.000698162,0.352941,5,3,0,bump;matched;micro;raw;shoulder,2;5;8,per_peak_heatmaps/peak_group_566_21.828deg_correlation.png,per_peak_matrices/peak_group_566_21.828deg_correlation.csv
567,21.851198,10,1GPa;1.5GPa;2.4GPa_decomp;3.9GPa;6.2GPa;6.6GPa;7.4GPa;8.5GPa;9.8GPa;13.3GPa,0.000661493,0.588235,6,8,0,bump;matched;micro;raw;shoulder,2;3;5;8,per_peak_heatmaps/peak_group_567_21.851deg_correlation.png,per_peak_matrices/peak_group_567_21.851deg_correlation.csv
568,21.890376,7,1.5GPa;2.3GPa;3.9GPa;5GPa;8.5GPa;13.3GPa;15.6GPa,0.000551131,0.411765,8,2,0,matched;micro;raw;residual;shoulder,2;3;5;8,per_peak_heatmaps/peak_group_568_21.890deg_correlation.png,per_peak_matrices/peak_group_568_21.890deg_correlation.csv
569,21.919529,5,1GPa;1.3GPa;2.3GPa;2.4GPa_decomp;12.8GPa,0.000485239,0.294118,3,3,0,bump;matched;micro;raw;residual;shoulder,2;3,per_peak_heatmaps/peak_group_569_21.920deg_correlation.png,per_peak_matrices/peak_group_569_21.920deg_correlation.csv
570,21.950967,7,0.7GPa;1.3GPa;1.5GPa;3.9GPa;7.4GPa;9.8GPa;10.4GPa,0.000785412,0.411765,4,4,0,bump;matched;micro;raw;shoulder,3;8,per_peak_heatmaps/peak_group_570_21.951deg_correlation.png,per_peak_matrices/peak_group_570_21.951deg_correlation.csv
571,21.977047,8,1.5GPa;2.3GPa;3.9GPa;6.2GPa;7.4GPa;10.4GPa;13.3GPa;15.6GPa,0.000776111,0.470588,4,5,0,bump;matched;micro;raw;residual;shoulder,2;5,per_peak_heatmaps/peak_group_571_21.977deg_correlation.png,per_peak_matrices/peak_group_571_21.977deg_correlation.csv
572,22.011887,10,0.7GPa;1.3GPa;2.3GPa;2.4GPa_decomp;5GPa;6.2GPa;8.5GPa;9.8GPa;10.4GPa;12.8GPa,0.000665784,0.588235,7,6,0,matched;micro;raw;residual;shoulder,2;5;8,per_peak_heatmaps/peak_group_572_22.012deg_correlation.png,per_peak_matrices/peak_group_572_22.012deg_correlation.csv
573,22.048567,10,0.7GPa;1GPa;2.3GPa;2.4GPa_decomp;5GPa;6.2GPa;6.6GPa;9.8GPa;12.8GPa;13.3GPa,0.000558198,0.588235,6,7,0,bump;matched;micro;raw;residual;shoulder,2;3;5,per_peak_heatmaps/peak_group_573_22.049deg_correlation.png,per_peak_matrices/peak_group_573_22.049deg_correlation.csv
574,22.083248,11,1GPa;1.5GPa;2.4GPa_decomp;3.9GPa;5GPa;6.6GPa;7.4GPa;8.5GPa;9.8GPa;12.8GPa;15.6GPa,0.000475181,0.647059,6,6,0,matched;micro;raw;residual;shoulder,2;3;5,per_peak_heatmaps/peak_group_574_22.083deg_correlation.png,per_peak_matrices/peak_group_574_22.083deg_correlation.csv
575,22.109468,3,6.2GPa;8.5GPa;12.8GPa,0.000634015,0.176471,1,2,0,matched;micro;raw;shoulder,2;3,per_peak_heatmaps/peak_group_575_22.109deg_correlation.png,per_peak_matrices/peak_group_575_22.109deg_correlation.csv
576,22.151037,12,0.7GPa;1.3GPa;1.5GPa;2.3GPa;3.9GPa;5GPa;6.2GPa;8.5GPa;9.8GPa;10.4GPa;13.3GPa;15.6GPa,0.000253607,0.705882,11,4,0,bump;matched;micro;raw;shoulder,2;3;8,per_peak_heatmaps/peak_group_576_22.151deg_correlation.png,per_peak_matrices/peak_group_576_22.151deg_correlation.csv
577,22.198105,5,1.3GPa;1.5GPa;5GPa;6.2GPa;12.8GPa,0.000962146,0.294118,3,4,0,bump;matched;micro;raw;residual;shoulder,2;5,per_peak_heatmaps/peak_group_577_22.198deg_correlation.png,per_peak_matrices/peak_group_577_22.198deg_correlation.csv
578,22.234110,14,0.7GPa;1GPa;1.3GPa;1.5GPa;2.3GPa;2.4GPa_decomp;3.9GPa;5GPa;6.2GPa;6.6GPa;7.4GPa;10.4GPa;13.3GPa;15.6GPa,0.000730056,0.823529,14,8,0,bump;matched;micro;raw;residual;shoulder,2;3;5,per_peak_heatmaps/peak_group_578_22.234deg_correlation.png,per_peak_matrices/peak_group_578_22.234deg_correlation.csv
579,22.258317,4,1GPa;2.4GPa_decomp;6.2GPa;10.4GPa,0.000834419,0.235294,1,3,0,matched;micro;raw;shoulder,3;5,per_peak_heatmaps/peak_group_579_22.258deg_correlation.png,per_peak_matrices/peak_group_579_22.258deg_correlation.csv
580,22.307337,5,1GPa;1.5GPa;9.8GPa;12.8GPa;13.3GPa,0.000573756,0.294118,3,3,0,matched;micro;raw;residual;shoulder,2;3,per_peak_heatmaps/peak_group_580_22.307deg_correlation.png,per_peak_matrices/peak_group_580_22.307deg_correlation.csv
581,22.325904,8,0.7GPa;1GPa;1.3GPa;2.3GPa;2.4GPa_decomp;3.9GPa;8.5GPa;12.8GPa,0.000574383,0.470588,8,5,0,bump;matched;micro;raw;residual;shoulder,2;3;5,per_peak_heatmaps/peak_group_581_22.326deg_correlation.png,per_peak_matrices/peak_group_581_22.326deg_correlation.csv
582,22.359348,7,2.3GPa;5GPa;6.6GPa;7.4GPa;8.5GPa;13.3GPa;15.6GPa,0.000752306,0.411765,3,6,0,bump;matched;micro;raw;residual;shoulder,2;3;5;8,per_peak_heatmaps/peak_group_582_22.359deg_correlation.png,per_peak_matrices/peak_group_582_22.359deg_correlation.csv
583,22.402628,9,0.7GPa;1GPa;2.3GPa;3.9GPa;6.2GPa;6.6GPa;7.4GPa;10.4GPa;15.6GPa,0.00189219,0.529412,6,4,0,bump;matched;micro;raw;residual;shoulder,2;3;5;8,per_peak_heatmaps/peak_group_583_22.403deg_correlation.png,per_peak_matrices/peak_group_583_22.403deg_correlation.csv
584,22.430551,11,0.7GPa;1GPa;1.3GPa;1.5GPa;2.4GPa_decomp;3.9GPa;5GPa;8.5GPa;9.8GPa;12.8GPa;13.3GPa,0.00168262,0.647059,9,4,0,matched;micro;raw;shoulder,2;3;5,per_peak_heatmaps/peak_group_584_22.431deg_correlation.png,per_peak_matrices/peak_group_584_22.431deg_correlation.csv
585,22.451263,3,5GPa;12.8GPa;15.6GPa,0.00164737,0.176471,2,1,0,matched;micro;raw;residual;shoulder,2;5,per_peak_heatmaps/peak_group_585_22.451deg_correlation.png,per_peak_matrices/peak_group_585_22.451deg_correlation.csv
586,22.502717,8,0.7GPa;1GPa;1.5GPa;6.2GPa;6.6GPa;9.8GPa;12.8GPa;13.3GPa,0.000460438,0.470588,7,2,0,bump;matched;micro;raw;shoulder,2,per_peak_heatmaps/peak_group_586_22.503deg_correlation.png,per_peak_matrices/peak_group_586_22.503deg_correlation.csv
587,22.541835,8,1GPa;1.5GPa;3.9GPa;6.2GPa;7.4GPa;8.5GPa;9.8GPa;13.3GPa,0.00093433,0.470588,8,3,0,bump;matched;micro;raw;residual;shoulder,2;3;5;8,per_peak_heatmaps/peak_group_587_22.542deg_correlation.png,per_peak_matrices/peak_group_587_22.542deg_correlation.csv
588,22.570914,13,1GPa;1.3GPa;2.3GPa;3.9GPa;5GPa;6.2GPa;6.6GPa;7.4GPa;9.8GPa;10.4GPa;12.8GPa;13.3GPa;15.6GPa,0.000846804,0.764706,10,7,0,bump;matched;micro;raw;residual;shoulder,2;3;5;8,per_peak_heatmaps/peak_group_588_22.571deg_correlation.png,per_peak_matrices/peak_group_588_22.571deg_correlation.csv
589,22.603932,11,1GPa;1.3GPa;1.5GPa;2.4GPa_decomp;3.9GPa;5GPa;6.2GPa;6.6GPa;9.8GPa;10.4GPa;13.3GPa,0.0014541,0.647059,9,5,0,matched;micro;raw;residual;shoulder,2;3;5,per_peak_heatmaps/peak_group_589_22.604deg_correlation.png,per_peak_matrices/peak_group_589_22.604deg_correlation.csv
590,22.635276,8,1.3GPa;1.5GPa;2.4GPa_decomp;3.9GPa;5GPa;7.4GPa;8.5GPa;15.6GPa,0.00264896,0.470588,3,7,0,bump;matched;micro;raw;residual;shoulder,2;3;5;8,per_peak_heatmaps/peak_group_590_22.635deg_correlation.png,per_peak_matrices/peak_group_590_22.635deg_correlation.csv
591,22.663684,8,1.5GPa;2.4GPa_decomp;5GPa;6.6GPa;10.4GPa;12.8GPa;13.3GPa;15.6GPa,0.00281711,0.470588,6,3,0,bump;matched;micro;raw;residual;shoulder,2;3;5;8,per_peak_heatmaps/peak_group_591_22.664deg_correlation.png,per_peak_matrices/peak_group_591_22.664deg_correlation.csv
592,22.691018,5,0.7GPa;6.2GPa;8.5GPa;13.3GPa;15.6GPa,0.00211341,0.294118,3,2,0,bump;matched;micro;raw;residual;shoulder,3;5,per_peak_heatmaps/peak_group_592_22.691deg_correlation.png,per_peak_matrices/peak_group_592_22.691deg_correlation.csv
593,22.736872,12,1GPa;2.3GPa;2.4GPa_decomp;5GPa;6.2GPa;6.6GPa;7.4GPa;9.8GPa;10.4GPa;12.8GPa;13.3GPa;15.6GPa,0.00186834,0.705882,11,10,0,bump;matched;micro;raw;residual;shoulder,2;3;5;8,per_peak_heatmaps/peak_group_593_22.737deg_correlation.png,per_peak_matrices/peak_group_593_22.737deg_correlation.csv
594,22.778824,6,0.7GPa;1.3GPa;3.9GPa;7.4GPa;8.5GPa;13.3GPa,0.00215829,0.352941,3,4,0,matched;micro;raw;shoulder,2;3,per_peak_heatmaps/peak_group_594_22.779deg_correlation.png,per_peak_matrices/peak_group_594_22.779deg_correlation.csv
595,22.804800,6,1.5GPa;3.9GPa;5GPa;7.4GPa;8.5GPa;9.8GPa,0.00125409,0.352941,3,5,0,bump;matched;micro;raw;residual;shoulder,2;3;5,per_peak_heatmaps/peak_group_595_22.805deg_correlation.png,per_peak_matrices/peak_group_595_22.805deg_correlation.csv
596,22.833158,8,2.4GPa_decomp;3.9GPa;5GPa;6.6GPa;8.5GPa;9.8GPa;10.4GPa;12.8GPa,0.0007601,0.470588,6,4,0,bump;matched;micro;raw;residual;shoulder,2;3;5;8,per_peak_heatmaps/peak_group_596_22.833deg_correlation.png,per_peak_matrices/peak_group_596_22.833deg_correlation.csv
597,22.867915,11,0.7GPa;1GPa;1.3GPa;2.3GPa;3.9GPa;6.2GPa;6.6GPa;8.5GPa;10.4GPa;13.3GPa;15.6GPa,0.00103128,0.647059,13,3,0,bump;matched;micro;raw;residual;shoulder,2;3;8,per_peak_heatmaps/peak_group_597_22.868deg_correlation.png,per_peak_matrices/peak_group_597_22.868deg_correlation.csv
598,22.899293,6,1GPa;2.3GPa;2.4GPa_decomp;3.9GPa;6.2GPa;8.5GPa,0.00239158,0.352941,6,2,0,matched;micro;raw;residual;shoulder,2;5;8,per_peak_heatmaps/peak_group_598_22.899deg_correlation.png,per_peak_matrices/peak_group_598_22.899deg_correlation.csv
599,22.931405,10,0.7GPa;1GPa;1.5GPa;2.4GPa_decomp;3.9GPa;5GPa;6.2GPa;9.8GPa;10.4GPa;13.3GPa,0.00188913,0.588235,4,10,0,bump;matched;micro;raw;residual;shoulder,2;3;5,per_peak_heatmaps/peak_group_599_22.931deg_correlation.png,per_peak_matrices/peak_group_599_22.931deg_correlation.csv
600,22.956818,10,0.7GPa;1GPa;1.3GPa;1.5GPa;2.3GPa;2.4GPa_decomp;3.9GPa;6.2GPa;7.4GPa;15.6GPa,0.00131428,0.588235,6,5,0,matched;micro;raw;residual;shoulder,2;5,per_peak_heatmaps/peak_group_600_22.957deg_correlation.png,per_peak_matrices/peak_group_600_22.957deg_correlation.csv
601,22.991285,9,0.7GPa;1.3GPa;3.9GPa;6.6GPa;7.4GPa;9.8GPa;10.4GPa;12.8GPa;15.6GPa,0.000964281,0.529412,4,7,0,bump;matched;micro;raw;residual;shoulder,2,per_peak_heatmaps/peak_group_601_22.991deg_correlation.png,per_peak_matrices/peak_group_601_22.991deg_correlation.csv
602,23.045985,10,0.7GPa;1GPa;1.5GPa;2.4GPa_decomp;5GPa;7.4GPa;8.5GPa;9.8GPa;12.8GPa;15.6GPa,0.00134176,0.588235,11,2,0,bump;matched;micro;raw;residual;shoulder,2;3;5;8,per_peak_heatmaps/peak_group_602_23.046deg_correlation.png,per_peak_matrices/peak_group_602_23.046deg_correlation.csv
603,23.075327,9,1GPa;1.3GPa;2.4GPa_decomp;5GPa;6.2GPa;6.6GPa;9.8GPa;12.8GPa;15.6GPa,0.00232583,0.529412,7,4,0,bump;matched;micro;raw;shoulder,2;3;5;8,per_peak_heatmaps/peak_group_603_23.075deg_correlation.png,per_peak_matrices/peak_group_603_23.075deg_correlation.csv
604,23.103817,8,0.7GPa;2.3GPa;2.4GPa_decomp;6.2GPa;8.5GPa;9.8GPa;10.4GPa;12.8GPa,0.00238829,0.470588,8,1,0,matched;micro;raw;shoulder,2;3;5,per_peak_heatmaps/peak_group_604_23.104deg_correlation.png,per_peak_matrices/peak_group_604_23.104deg_correlation.csv
605,23.131958,10,1.3GPa;1.5GPa;2.3GPa;2.4GPa_decomp;3.9GPa;6.6GPa;7.4GPa;8.5GPa;13.3GPa;15.6GPa,0.0014872,0.588235,7,6,0,bump;matched;micro;raw;residual;shoulder,2;3;5;8,per_peak_heatmaps/peak_group_605_23.132deg_correlation.png,per_peak_matrices/peak_group_605_23.132deg_correlation.csv
606,23.166929,5,1.5GPa;2.3GPa;2.4GPa_decomp;7.4GPa;15.6GPa,0.00101368,0.294118,2,3,0,bump;matched;raw;residual;shoulder,2;3,per_peak_heatmaps/peak_group_606_23.167deg_correlation.png,per_peak_matrices/peak_group_606_23.167deg_correlation.csv
607,23.200952,10,1GPa;1.3GPa;3.9GPa;6.2GPa;7.4GPa;9.8GPa;10.4GPa;12.8GPa;13.3GPa;15.6GPa,0.000956285,0.588235,5,9,0,bump;matched;micro;raw;shoulder,2;3;5,per_peak_heatmaps/peak_group_607_23.201deg_correlation.png,per_peak_matrices/peak_group_607_23.201deg_correlation.csv
608,23.242852,10,0.7GPa;1GPa;1.3GPa;1.5GPa;3.9GPa;5GPa;6.6GPa;7.4GPa;8.5GPa;12.8GPa,0.00204896,0.588235,6,7,0,bump;matched;micro;raw;residual;shoulder,2;3;5;8,per_peak_heatmaps/peak_group_608_23.243deg_correlation.png,per_peak_matrices/peak_group_608_23.243deg_correlation.csv
609,23.273277,7,0.7GPa;1GPa;2.3GPa;5GPa;8.5GPa;9.8GPa;10.4GPa,0.00229053,0.411765,10,1,0,bump;matched;micro;raw;residual;shoulder,2;3;5;8,per_peak_heatmaps/peak_group_609_23.273deg_correlation.png,per_peak_matrices/peak_group_609_23.273deg_correlation.csv
610,23.308654,10,0.7GPa;1.3GPa;3.9GPa;5GPa;6.2GPa;6.6GPa;9.8GPa;10.4GPa;13.3GPa;15.6GPa,0.00227818,0.588235,11,3,0,bump;matched;micro;raw;residual;shoulder,2;3;5;8,per_peak_heatmaps/peak_group_610_23.309deg_correlation.png,per_peak_matrices/peak_group_610_23.309deg_correlation.csv
611,23.337686,10,1GPa;2.3GPa;2.4GPa_decomp;5GPa;6.2GPa;7.4GPa;8.5GPa;9.8GPa;10.4GPa;13.3GPa,0.00246541,0.588235,9,3,0,bump;matched;micro;raw;residual;shoulder,2;3;5,per_peak_heatmaps/peak_group_611_23.338deg_correlation.png,per_peak_matrices/peak_group_611_23.338deg_correlation.csv
612,23.375730,7,1GPa;1.5GPa;2.3GPa;6.2GPa;9.8GPa;10.4GPa;12.8GPa,0.00252659,0.411765,8,0,0,bump;matched;micro;raw;shoulder,2;3;8,per_peak_heatmaps/peak_group_612_23.376deg_correlation.png,per_peak_matrices/peak_group_612_23.376deg_correlation.csv
613,23.407666,9,1.5GPa;2.4GPa_decomp;3.9GPa;5GPa;6.2GPa;6.6GPa;7.4GPa;12.8GPa;15.6GPa,0.00423333,0.529412,7,6,0,bump;matched;micro;raw;residual;shoulder,2;3;5,per_peak_heatmaps/peak_group_613_23.408deg_correlation.png,per_peak_matrices/peak_group_613_23.408deg_correlation.csv
614,23.443530,12,0.7GPa;1GPa;1.3GPa;1.5GPa;2.4GPa_decomp;3.9GPa;6.2GPa;6.6GPa;7.4GPa;8.5GPa;9.8GPa;12.8GPa,0.00354943,0.705882,11,4,0,bump;matched;micro;raw;residual;shoulder,2;5,per_peak_heatmaps/peak_group_614_23.444deg_correlation.png,per_peak_matrices/peak_group_614_23.444deg_correlation.csv
615,23.467458,10,0.7GPa;1GPa;1.5GPa;6.2GPa;7.4GPa;8.5GPa;9.8GPa;12.8GPa;13.3GPa;15.6GPa,0.00251589,0.588235,5,6,0,bump;matched;micro;raw;shoulder,2;8,per_peak_heatmaps/peak_group_615_23.467deg_correlation.png,per_peak_matrices/peak_group_615_23.467deg_correlation.csv
616,23.501489,7,2.3GPa;5GPa;6.2GPa;7.4GPa;9.8GPa;10.4GPa;15.6GPa,0.00176913,0.411765,6,3,0,bump;matched;micro;raw;residual;shoulder,2;3;5,per_peak_heatmaps/peak_group_616_23.501deg_correlation.png,per_peak_matrices/peak_group_616_23.501deg_correlation.csv
617,23.534252,11,0.7GPa;1GPa;1.3GPa;2.3GPa;2.4GPa_decomp;3.9GPa;5GPa;6.2GPa;8.5GPa;9.8GPa;15.6GPa,0.00406488,0.647059,10,5,0,bump;matched;micro;raw;residual;shoulder,2;3;5;8,per_peak_heatmaps/peak_group_617_23.534deg_correlation.png,per_peak_matrices/peak_group_617_23.534deg_correlation.csv
618,23.568904,9,2.4GPa_decomp;5GPa;7.4GPa;8.5GPa;9.8GPa;10.4GPa;12.8GPa;13.3GPa;15.6GPa,0.00462431,0.529412,8,3,0,bump;matched;micro;raw;shoulder,2;3;5,per_peak_heatmaps/peak_group_618_23.569deg_correlation.png,per_peak_matrices/peak_group_618_23.569deg_correlation.csv
619,23.608418,12,0.7GPa;1GPa;1.3GPa;1.5GPa;2.3GPa;2.4GPa_decomp;5GPa;6.6GPa;7.4GPa;10.4GPa;13.3GPa;15.6GPa,0.00299741,0.705882,13,8,0,bump;matched;micro;raw;residual;shoulder,2;3;5;8,per_peak_heatmaps/peak_group_619_23.608deg_correlation.png,per_peak_matrices/peak_group_619_23.608deg_correlation.csv
620,23.651548,5,1GPa;2.4GPa_decomp;6.2GPa;9.8GPa;12.8GPa,0.00337707,0.294118,6,2,0,bump;matched;micro;raw;residual;shoulder,2,per_peak_heatmaps/peak_group_620_23.652deg_correlation.png,per_peak_matrices/peak_group_620_23.652deg_correlation.csv
621,23.671823,13,0.7GPa;1GPa;1.3GPa;1.5GPa;3.9GPa;6.2GPa;6.6GPa;7.4GPa;8.5GPa;9.8GPa;10.4GPa;13.3GPa;15.6GPa,0.00289931,0.764706,9,5,0,bump;matched;micro;raw;residual;shoulder,2;5;8,per_peak_heatmaps/peak_group_621_23.672deg_correlation.png,per_peak_matrices/peak_group_621_23.672deg_correlation.csv
622,23.706159,5,1.5GPa;2.3GPa;6.6GPa;7.4GPa;12.8GPa,0.00206022,0.294118,4,2,0,matched;micro;raw;shoulder,3;5,per_peak_heatmaps/peak_group_622_23.706deg_correlation.png,per_peak_matrices/peak_group_622_23.706deg_correlation.csv
623,23.735142,9,1.3GPa;1.5GPa;2.3GPa;2.4GPa_decomp;9.8GPa;10.4GPa;12.8GPa;13.3GPa;15.6GPa,0.00245556,0.529412,7,3,0,matched;micro;raw;shoulder,2;3,per_peak_heatmaps/peak_group_623_23.735deg_correlation.png,per_peak_matrices/peak_group_623_23.735deg_correlation.csv
624,23.764485,10,0.7GPa;2.3GPa;3.9GPa;6.2GPa;6.6GPa;7.4GPa;8.5GPa;9.8GPa;10.4GPa;13.3GPa,0.00248299,0.588235,11,2,0,matched;micro;raw;shoulder,2;5,per_peak_heatmaps/peak_group_624_23.764deg_correlation.png,per_peak_matrices/peak_group_624_23.764deg_correlation.csv
625,23.798081,4,3.9GPa;6.2GPa;6.6GPa;8.5GPa,0.00226247,0.235294,1,3,0,matched;raw;shoulder,8,per_peak_heatmaps/peak_group_625_23.798deg_correlation.png,per_peak_matrices/peak_group_625_23.798deg_correlation.csv
