frame,path,two_theta,normalized_intensity,prominence,width_deg,peak_group,group_two_theta,delta_from_group,source_methods,source_count,confidence_tier,tier_score,accepted_standard,raw_intensity,residual_height,conventional_prominence,matched_filter_responses,best_matched_scale,best_matched_response,local_center_height,left_side_rise,right_side_rise,two_sided_contrast,local_noise,local_shape_snr,local_slope,local_curvature,width_estimate_deg,nearest_stronger_peak_deg,likely_shoulder,top_peaks_truncated
0.7GPa,Data/Cell_14_integrated/0p7GPa.xy,2.721717,3.46726e-05,3.46726e-05,0.00740163,,,,shoulder,1,C,100,0,-0.0675074,-0.00627344,3.46726e-05,,,0,0,0,0,0,0,0,0,0,0.00740163,0.0420701,1,0
0.7GPa,Data/Cell_14_integrated/0p7GPa.xy,3.030232,0.00476919,0.000774434,0.00796875,,,,raw,1,C,100.001,0,-0.0277034,0.00265605,0.000774434,,,0,-0.00148168,0.002876,-0.000816373,-0.000816373,0.00438022,-0.186377,0.0781484,0.000299386,0.00796875,0.0280467,1,0
0.7GPa,Data/Cell_14_integrated/0p7GPa.xy,3.310699,0.000739729,0.000739729,0.00915842,,,,raw;shoulder,2,C,200.001,0,-0.0231812,-0.00659089,0.000739729,,,0,-0.00545094,-0.000458889,-0.00406637,-0.00406637,0.00315649,-1.28826,-0.00639214,-0.000183515,0.00915842,0.0560935,1,0
0.7GPa,Data/Cell_14_integrated/0p7GPa.xy,3.478980,0.000417295,0.000417295,0.0141584,,,,shoulder,1,C,100,0,-0.0148418,-0.00425315,0.000417295,,,0,-0.000935886,0.000755985,-0.000271324,-0.000271324,0.00166661,-0.1628,0.0671402,0.000183963,0.0141584,0.0280467,1,0
0.7GPa,Data/Cell_14_integrated/0p7GPa.xy,4.390499,0.00083997,0.00083997,0.0217433,,,,raw;shoulder,2,C,200.001,0,0.0140079,-0.00406227,0.00083997,,,0,-0.00254086,-0.00148276,-0.000735752,-0.00148276,0.00231023,-0.641822,0.00650897,0.000215649,0.0217433,0.0701169,1,0
0.7GPa,Data/Cell_14_integrated/0p7GPa.xy,5.077644,0.00524197,0.00031779,0.022017,,,,shoulder,1,C,100,0,0.0296386,0.00524197,0.00031779,,,0,-0.00105921,0.000783825,-0.000648619,-0.000648619,0.00287144,-0.225886,0.0334016,0.000136632,0.022017,0.0841402,1,0
0.7GPa,Data/Cell_14_integrated/0p7GPa.xy,5.806860,9.06594e-05,9.06594e-05,0.0231954,,,,shoulder,1,C,100,0,0.0575967,-0.0810095,9.06594e-05,,,0,-0.00238154,0.000864273,-0.000449037,-0.000449037,0.003439,-0.130572,0.0856639,0.000154504,0.0231954,0.0280467,1,0
0.7GPa,Data/Cell_14_integrated/0p7GPa.xy,5.862953,0.00158837,0.00158837,0.100534,,,,shoulder,1,C,100.002,0,0.0638723,-0.0887415,0.00158837,,,0,-0.00296168,-0.000993,0.00139896,-0.000993,0.0025464,-0.389962,0.128917,0.000544892,0.100534,0.0280467,1,0
0.7GPa,Data/Cell_14_integrated/0p7GPa.xy,5.891000,0.00189249,0.00189249,0.0272986,,,,raw,1,C,100.002,0,0.0659067,-0.094365,0.00189249,,,0,-0.00735308,-0.00563532,-0.00297233,-0.00563532,0.00433942,-1.29863,0.16485,-0.000656065,0.0272986,0.0560935,0,0
0.7GPa,Data/Cell_14_integrated/0p7GPa.xy,6.031234,0.00113272,0.00113272,0.034172,,,,shoulder,1,C,100.001,0,0.102243,-0.0843176,0.00113272,,,0,-0.0390872,-0.0210115,0.00383675,-0.0210115,0.0375511,-0.559545,0.725338,-0.000255267,0.034172,0.0841402,1,0
0.7GPa,Data/Cell_14_integrated/0p7GPa.xy,6.171467,0.0855966,0.0013982,0.0311856,,,,shoulder,1,C,100.001,0,0.290265,0.0855966,0.0013982,,,0,-0.0169857,0.0166672,-0.0154825,-0.0154825,0.0401223,-0.385883,1.67509,0.00029617,0.0311856,0.12621,1,0
0.7GPa,Data/Cell_14_integrated/0p7GPa.xy,6.564122,0.00113216,0.00113216,0.026308,,,,shoulder,1,C,100.001,0,0.141702,-0.0641672,0.00113216,,,0,-0.0431112,0.0034285,-0.0210256,-0.0210256,0.035984,-0.584304,-0.807551,-0.000254724,0.026308,0.154257,1,0
0.7GPa,Data/Cell_14_integrated/0p7GPa.xy,6.634239,0.000518186,0.000518186,0.0318334,,,,shoulder,1,C,100.001,0,0.112681,-0.0846522,0.000518186,,,0,-0.0192564,-0.000276373,-0.00873939,-0.00873939,0.0147006,-0.594491,-0.355151,-0.000266003,0.0318334,0.0701169,1,0
0.7GPa,Data/Cell_14_integrated/0p7GPa.xy,6.718379,0.000527988,0.000527988,0.0348496,,,,shoulder,1,C,100.001,0,0.0994453,-0.0862628,0.000527988,,,0,-0.00521539,0.00117594,-0.00465173,-0.00465173,0.00328794,-1.41478,-0.15236,0.000111226,0.0348496,0.0560935,1,0
0.7GPa,Data/Cell_14_integrated/0p7GPa.xy,6.802519,0.00217637,0.00217637,0.0442098,,,,shoulder,1,C,101.315,0,0.0949356,-0.0772261,0.00217637,,,0,5.0618e-05,0.000415717,0.00418326,0.000415717,0.00316552,0.131326,-0.0686531,0.00114974,0.0442098,0.0280467,1,0
0.7GPa,Data/Cell_14_integrated/0p7GPa.xy,6.872636,0.000257816,0.000257816,0.0193656,,,,raw,1,C,100,0,0.0858139,-0.0722048,0.000257816,,,0,-0.00600133,-0.00382456,-0.00533923,-0.00533923,0.00110452,-4.83399,-0.0446657,-0.00067326,0.0193656,0.0560935,0,0
0.7GPa,Data/Cell_14_integrated/0p7GPa.xy,7.068963,0.000289482,0.000289482,0.00790108,,,,raw,1,C,100,0,0.0852829,-0.0231762,0.000289482,,,0,-0.00181601,-0.000684871,-0.000447602,-0.000684871,0.00189031,-0.362306,-0.00830278,-0.000357444,0.00790108,0.0280467,0,0
0.7GPa,Data/Cell_14_integrated/0p7GPa.xy,7.251267,29.2966,29.2966,0,,,,matched,1,C,129.297,0,0.0839557,0.020644,0,w5:16.3825;w8:29.2966,8,29.2966,-0.000714951,-0.000184817,-0.000275855,-0.000275855,0.00154972,-0.178002,0.00241914,-0.00108282,0,0.0420701,0,0
0.7GPa,Data/Cell_14_integrated/0p7GPa.xy,7.784156,0.0156089,0.00068828,0.0108412,,,,raw;shoulder,2,C,201.222,0,0.105129,0.0149339,0.00068828,,,0,-0.000355476,0.000440368,0.000155172,0.000155172,0.00127003,0.122179,-0.0308383,6.14176e-05,0.0108412,0.0420701,1,0
0.7GPa,Data/Cell_14_integrated/0p7GPa.xy,7.896343,4.40016,4.40016,0,,,,matched;raw;shoulder,3,C,304.4,0,0.100815,0.00887318,0.000278851,w8:4.40016,8,4.40016,-0.00520805,-0.00390856,-0.00325489,-0.00390856,0.00174599,-2.23859,0.0110836,-0.000513719,0,0.0701169,1,0
0.7GPa,Data/Cell_14_integrated/0p7GPa.xy,8.232904,0.000250914,0.000250914,0.0303585,,,,shoulder,1,C,100,0,0.116534,-0.0321134,0.000250914,,,0,-0.00296766,-0.000703654,-0.00206495,-0.00206495,0.00149405,-1.38211,0.0578525,-0.000162763,0.0303585,0.0701169,1,0
0.7GPa,Data/Cell_14_integrated/0p7GPa.xy,8.387161,0.00119198,0.00119198,0,,,,raw;shoulder,2,C,200.001,0,0.129069,-0.0438168,0.00119198,,,0,-0.00485324,-0.00414383,-0.00114686,-0.00414383,0.000946524,-4.37794,0.114015,0.000260491,0,0.0841402,1,0
0.7GPa,Data/Cell_14_integrated/0p7GPa.xy,8.555441,0.00177717,0.00177717,0.0390969,,,,shoulder,1,C,100.002,0,0.158002,-0.0375514,0.00177717,,,0,-0.00746654,-0.00454556,0.0033811,-0.00454556,0.00691101,-0.657727,0.277056,0.000823384,0.0390969,0.0701169,1,0
0.7GPa,Data/Cell_14_integrated/0p7GPa.xy,9.046259,0.0316213,0.00130962,0.109605,,,,shoulder,1,C,100.001,0,0.228768,0.0316213,0.00130962,,,0,-0.0210157,0.0015921,-0.00860052,-0.00860052,0.0179918,-0.478023,-0.6632,-0.000100368,0.109605,0.0280467,1,0
0.7GPa,Data/Cell_14_integrated/0p7GPa.xy,9.074306,0.774573,0.774573,0,,,,matched,1,C,100.775,0,0.212848,0.000772461,0,w2:0.66036;w3:0.774573,3,0.774573,-0.017692,0.000250177,-0.00472256,-0.00472256,0.0155558,-0.303588,-0.545885,-0.000328807,0,0.140234,1,0
0.7GPa,Data/Cell_14_integrated/0p7GPa.xy,9.116376,0.000227448,0.000227448,0.0197648,,,,shoulder,1,C,100,0,0.19326,-0.0418576,0.000227448,,,0,-0.0160018,-0.0054367,-0.00285295,-0.0054367,0.0115453,-0.470902,-0.387586,-0.00024545,0.0197648,0.0420701,1,0
0.7GPa,Data/Cell_14_integrated/0p7GPa.xy,9.214540,0.966174,0.966174,0.0573384,,,,matched;shoulder,2,C,200.969,0,0.172732,-0.11134,0.00315093,w2:0.966174;w3:0.579236,2,0.966174,-0.0134657,-0.000141669,-0.00125203,-0.00125203,0.0131224,-0.0954114,-0.0964462,0.000703696,0.0573384,0.182304,1,0
0.7GPa,Data/Cell_14_integrated/0p7GPa.xy,9.298680,0.00209172,0.00209172,0.0335465,,,,shoulder,1,C,100.002,0,0.173071,-0.145445,0.00209172,,,0,-0.0108434,-0.000428071,-0.00272531,-0.00272531,0.0108898,-0.250263,0.079606,0.000513674,0.0335465,0.0841402,1,0
0.7GPa,Data/Cell_14_integrated/0p7GPa.xy,9.495007,0.00142459,0.00142459,0.0400419,,,,shoulder,1,C,100.001,0,0.173593,-0.188819,0.00142459,,,0,-0.0108669,-0.00384349,0.000968606,-0.00384349,0.0116198,-0.330771,-0.0730747,0.000126687,0.0400419,0.0981636,1,0
0.7GPa,Data/Cell_14_integrated/0p7GPa.xy,10.308363,0.868348,0.868348,0,,,,matched,1,C,100.868,0,0.197279,-0.279054,0,w8:0.868348,8,0.868348,-0.0164797,-0.00961153,-0.00134584,-0.00961153,0.0125248,-0.767399,0.162849,-0.00110549,0,0.0280467,0,0
0.7GPa,Data/Cell_14_integrated/0p7GPa.xy,10.771134,0.00171859,0.00171859,0.0282328,,,,shoulder,1,C,100.002,0,0.24509,-0.0861536,0.00171859,,,0,-0.127513,0.0638858,-0.0878426,-0.0878426,0.132507,-0.662928,-1.9273,0.000610061,0.0282328,0.0420701,1,0
0.7GPa,Data/Cell_14_integrated/0p7GPa.xy,10.841251,0.00187607,0.00187607,0.0474473,,,,shoulder,1,C,100.002,0,0.219978,-0.0817234,0.00187607,,,0,-0.00769606,0.00413787,-0.00111163,-0.00111163,0.0109663,-0.101368,-0.386486,0.000844186,0.0474473,0.0280467,1,0
0.7GPa,Data/Cell_14_integrated/0p7GPa.xy,10.911368,68.6198,68.6198,0,,,,matched,1,C,168.62,0,0.194851,-0.0843079,0,w3:45.6853;w5:68.6198,5,68.6198,-0.00863189,-0.00594342,-0.00274278,-0.00594342,0.00504123,-1.17896,-0.241845,-0.000760891,0,0.0280467,0,0
0.7GPa,Data/Cell_14_integrated/0p7GPa.xy,10.939415,25.1965,25.1965,0,,,,matched;shoulder,2,C,225.197,0,0.191009,-0.095075,0.000606513,w2:25.1965,2,25.1965,-0.00778568,-0.00220315,-0.0020493,-0.00220315,0.0055363,-0.397945,-0.205648,3.20054e-05,0,0.0560935,1,0
0.7GPa,Data/Cell_14_integrated/0p7GPa.xy,10.967462,41.8769,41.8769,0,,,,matched,1,C,141.877,0,0.18489,-0.120157,0,w8:41.8769,8,41.8769,-0.00748363,-0.000790869,-0.00289271,-0.00289271,0.00584533,-0.494876,-0.178849,-0.000366232,0,0.0280467,0,0
0.7GPa,Data/Cell_14_integrated/0p7GPa.xy,11.009532,0.000263807,0.000263807,0.0290437,,,,shoulder,1,C,100,0,0.179833,-0.16381,0.000263807,,,0,-0.00553711,-0.000860112,-0.00419345,-0.00419345,0.00339736,-1.23433,-0.137734,-0.000208595,0.0290437,0.0420701,1,0
0.7GPa,Data/Cell_14_integrated/0p7GPa.xy,11.261952,0.000575552,0.000575552,0.0252439,,,,shoulder,1,C,100.001,0,0.185418,-0.163408,0.000575552,,,0,-0.110672,-0.0702594,0.0346049,-0.0702594,0.117198,-0.599493,1.46707,-0.000668595,0.0252439,0.0841402,1,0
0.7GPa,Data/Cell_14_integrated/0p7GPa.xy,11.640584,0.743169,0.743169,0,,,,matched,1,C,100.743,0,0.191854,-0.0595269,0,w2:0.743169,2,0.743169,-0.155403,0.0317019,-0.0935063,-0.0935063,0.144982,-0.644951,-2.0261,-0.00285769,0,0.0560935,1,0
0.7GPa,Data/Cell_14_integrated/0p7GPa.xy,11.822887,0.000545134,0.000545134,0.010014,,,,raw,1,C,100.001,0,0.161936,-0.11254,0.000545134,,,0,-0.00313542,-0.00149872,-0.00183292,-0.00183292,0.000871589,-2.10296,-0.0582425,-0.000296902,0.010014,0.0560935,0,0
0.7GPa,Data/Cell_14_integrated/0p7GPa.xy,11.850934,7.72687e-05,7.72687e-05,0.00945665,,,,raw,1,C,100,0,0.16074,-0.109701,7.72687e-05,,,0,-0.0019145,0.000152042,-0.000628709,-0.000628709,0.00191242,-0.32875,-0.0465496,-5.69557e-05,0.00945665,0.0280467,1,0
0.7GPa,Data/Cell_14_integrated/0p7GPa.xy,11.935074,0.59415,0.59415,0,,,,matched,1,C,100.594,0,0.15581,-0.100786,0,w5:0.59415,5,0.59415,-0.00179078,-0.00130178,-0.000956517,-0.00130178,0.00100898,-1.29019,-0.0267959,-0.000825281,0,0.0420701,0,0
0.7GPa,Data/Cell_14_integrated/0p7GPa.xy,12.033238,0.000489849,0.000489849,0.00847519,,,,raw,1,C,100,0,0.155594,-0.0842694,0.000489849,,,0,-0.00481228,-0.00391291,-0.00356794,-0.00391291,0.00118221,-3.30983,0.00643905,-0.000682449,0.00847519,0.0560935,0,0
0.7GPa,Data/Cell_14_integrated/0p7GPa.xy,12.159448,0.00030262,0.00030262,0.00882167,,,,raw,1,C,100,0,0.160916,-0.0460474,0.00030262,,,0,-0.00144587,-0.000322095,-0.000635467,-0.000635467,0.0011049,-0.575136,0.0546629,-0.000414242,0.00882167,0.0420701,0,0
0.7GPa,Data/Cell_14_integrated/0p7GPa.xy,12.201518,0.00269487,0.00269487,0.0272413,,,,raw;shoulder,2,C,204.402,0,0.165188,-0.0301154,0.00269487,,,0,-0.000172295,0.000312744,0.000417251,0.000312744,0.000710877,0.43994,0.0626285,0.000442682,0.0272413,0.0701169,1,0
0.7GPa,Data/Cell_14_integrated/0p7GPa.xy,12.299682,0.00792908,0.000434072,0.0136698,,,,raw,1,C,100,0,0.169935,0.00800475,0.000434072,,,0,-0.000502196,-0.00034633,0.000129669,-0.00034633,0.000703686,-0.492165,0.0736284,-0.000223241,0.0136698,0.0280467,1,0
0.7GPa,Data/Cell_14_integrated/0p7GPa.xy,12.355776,0.0317393,0.000207986,0.0243037,,,,shoulder,1,C,100,0,0.174222,0.0317393,0.000207986,,,0,-0.000937607,-0.000366519,7.6345e-05,-0.000366519,0.00133782,-0.273968,0.0845068,2.94719e-06,0.0243037,0.0420701,1,0
0.7GPa,Data/Cell_14_integrated/0p7GPa.xy,12.706360,0.00159927,0.000386116,0.00926922,,,,raw,1,C,100,0,0.167918,0.000756387,0.000386116,,,0,-0.00562267,-0.00303155,-0.00398714,-0.00398714,0.00262005,-1.52178,-0.0751745,-0.001329,0.00926922,0.0420701,0,0
0.7GPa,Data/Cell_14_integrated/0p7GPa.xy,13.000851,0.00137075,0.00137075,0.0108023,,,,raw;shoulder,2,C,200.001,0,0.154365,-0.00547155,0.00137075,,,0,-0.00345279,-0.00240039,-0.00119992,-0.00240039,0.00192161,-1.24916,-0.0402794,-0.000146339,0.0108023,0.0560935,1,0
0.7GPa,Data/Cell_14_integrated/0p7GPa.xy,13.561786,0.00193373,0.00193373,0.022011,,,,raw,1,C,100.002,0,0.145321,-0.0108266,0.00193373,,,0,-0.00218945,-0.000573906,-0.000711351,-0.000711351,0.00242367,-0.293502,0.0151467,-7.67028e-05,0.022011,0.0280467,0,0
0.7GPa,Data/Cell_14_integrated/0p7GPa.xy,14.305025,0.000632836,0.000632836,0.0276644,,,,shoulder,1,C,100.001,0,0.146052,-0.00419018,0.000632836,,,0,-0.00367745,6.58843e-05,-0.00300161,-0.00300161,0.00177293,-1.69302,-0.124775,0.000187259,0.0276644,0.0701169,1,0
0.7GPa,Data/Cell_14_integrated/0p7GPa.xy,14.459282,0.000438789,0.000438789,0.0297717,,,,shoulder,1,C,100,0,0.133646,-0.014942,0.000438789,,,0,-0.00232156,-0.00201618,-0.000953708,-0.00201618,0.00110141,-1.83055,-0.0676778,6.4523e-05,0.0297717,0.0560935,1,0
0.7GPa,Data/Cell_14_integrated/0p7GPa.xy,14.515375,0.000873383,0.000873383,0.0137676,,,,raw;shoulder,2,C,200.001,0,0.130694,-0.0167002,0.000873383,,,0,-0.00207237,3.02714e-05,-0.000390895,-0.000390895,0.00224504,-0.174115,-0.0512153,0.000131114,0.0137676,0.12621,1,0
0.7GPa,Data/Cell_14_integrated/0p7GPa.xy,14.585492,0.000150146,0.000150146,0,,,,raw;shoulder,2,C,200,0,0.127532,-0.0176775,0.000150146,,,0,-0.00144834,-0.000492153,-0.000751508,-0.000751508,0.000671309,-1.11947,-0.02731,-5.57389e-05,0,0.0560935,1,0
0.7GPa,Data/Cell_14_integrated/0p7GPa.xy,14.613539,0.586384,0.586384,0,,,,matched,1,C,100.586,0,0.126735,-0.0173222,0,w8:0.586384,8,0.586384,-0.00100173,0.000109874,-0.000440545,-0.000440545,0.00112069,-0.393101,-0.0206721,-0.000205884,0,0.0280467,1,0
0.7GPa,Data/Cell_14_integrated/0p7GPa.xy,14.697679,1.13476,1.13476,0,,,,matched;raw,2,C,201.135,0,0.125129,-0.0166362,6.19669e-05,w5:1.13476,5,1.13476,-0.00129309,-0.000911349,-0.000663728,-0.000911349,0.00058063,-1.56959,-0.012018,-0.000509228,0,0.0560935,0,0
0.7GPa,Data/Cell_14_integrated/0p7GPa.xy,14.795843,0.000375826,0.000375826,0.0132027,,,,raw,1,C,100,0,0.124343,-0.0144541,0.000375826,,,0,-0.00253558,-0.00204392,-0.000285911,-0.00204392,0.00155299,-1.31612,0.00816387,-0.000477858,0.0132027,0.0420701,0,0
0.7GPa,Data/Cell_14_integrated/0p7GPa.xy,15.511035,0.000264914,0.000264914,0.0236918,,,,shoulder,1,C,100,0,0.122388,-0.00722981,0.000264914,,,0,-0.00341434,-0.00148333,-0.00220651,-0.00220651,0.00135769,-1.6252,-0.0731861,-0.000219052,0.0236918,0.0701169,1,0
0.7GPa,Data/Cell_14_integrated/0p7GPa.xy,15.917713,0.260309,0.260309,0,,,,matched;raw;shoulder,3,C,300.261,0,0.110259,-0.0137956,0.000434527,w5:0.260309,5,0.260309,-0.000962463,-0.000209471,-0.000834103,-0.000834103,0.000565016,-1.47625,0.00583394,-3.80851e-05,0,0.0280467,1,0
0.7GPa,Data/Cell_14_integrated/0p7GPa.xy,16.380484,0.000136706,0.000136706,0.0223819,,,,shoulder,1,C,100,0,0.112216,-0.00496615,0.000136706,,,0,-0.0204223,-0.0022222,-0.0100469,-0.0100469,0.0167113,-0.601202,-0.305132,-0.000644161,0.0223819,0.0560935,1,0
0.7GPa,Data/Cell_14_integrated/0p7GPa.xy,16.576811,0.0017416,0.0017416,0.0192292,,,,raw,1,C,100.002,0,0.102874,-0.0125696,0.0017416,,,0,-0.000745111,5.13343e-05,-0.000224653,-0.000224653,0.000596397,-0.376683,-0.0146388,3.53165e-05,0.0192292,0.0420701,1,0
0.7GPa,Data/Cell_14_integrated/0p7GPa.xy,17.109700,0.00032081,0.000281585,0.009646,,,,raw,1,C,100,0,0.0991389,-0.00021482,0.000281585,,,0,-0.00308787,-0.00166934,-0.0023676,-0.0023676,0.000550486,-4.30092,-0.0240936,-0.000368569,0.009646,0.0701169,0,0
0.7GPa,Data/Cell_14_integrated/0p7GPa.xy,17.137746,0.00170302,0.000110642,0.0136831,,,,shoulder,1,C,100,0,0.0992262,0.00170302,0.000110642,,,0,-0.00128918,0.000600088,-0.00112541,-0.00112541,0.000788038,-1.42811,-0.0220853,8.85168e-05,0.0136831,0.0280467,1,0
0.7GPa,Data/Cell_14_integrated/0p7GPa.xy,18.343756,0.000756019,0.000756019,0.0305172,,,,shoulder,1,C,100.001,0,0.0885999,-0.000618317,0.000756019,,,0,-0.0103952,-0.000933747,-0.0054723,-0.0054723,0.0128691,-0.425227,0.138174,-0.000889972,0.0305172,0.0701169,1,0
0.7GPa,Data/Cell_14_integrated/0p7GPa.xy,18.778481,3.96026e-05,3.96026e-05,0.00727836,,,,raw,1,C,100,0,0.0803797,-0.00340156,3.96026e-05,,,0,-0.000676661,-0.000139917,-0.000126462,-0.000139917,0.000790827,-0.176925,-0.0152586,-0.000189094,0.00727836,0.0280467,0,0
0.7GPa,Data/Cell_14_integrated/0p7GPa.xy,18.904691,0.00057737,0.00057737,0.0121413,,,,raw;shoulder,2,C,200.675,0,0.0789836,-0.00319374,0.00057737,,,0,-0.000529239,0.000236357,0.000111479,0.000111479,0.00165327,0.0674293,-0.01181,-0.000243853,0.0121413,0.0280467,1,0
0.7GPa,Data/Cell_14_integrated/0p7GPa.xy,19.353439,2.79458e-05,2.79458e-05,0.0071675,,,,raw,1,C,100,0,0.0707904,-0.00158429,2.79458e-05,,,0,-0.00324269,-0.0024382,-0.00107541,-0.0024382,0.00154724,-1.57584,-0.0165574,-0.0006063,0.0071675,0.0280467,0,0
0.7GPa,Data/Cell_14_integrated/0p7GPa.xy,19.381486,0.000544222,0.000544222,0.0131468,,,,raw,1,C,100.001,0,0.0701548,-0.00123975,0.000544222,,,0,-0.00317712,-0.00204196,-0.00180025,-0.00204196,0.00171907,-1.18783,-0.0238531,-0.000402157,0.0131468,0.0420701,0,0
0.7GPa,Data/Cell_14_integrated/0p7GPa.xy,19.718047,0.000951297,0.000951297,0.0269452,,,,raw;shoulder,2,C,200.001,0,0.068946,0.000313921,0.000951297,,,0,-0.00119229,0.000325485,-0.000124023,-0.000124023,0.00221069,-0.0561016,-0.0142981,2.50054e-05,0.0269452,0.0420701,1,0
0.7GPa,Data/Cell_14_integrated/0p7GPa.xy,19.970468,0.20583,0.20583,0,,,,matched,1,C,100.873,0,0.0634602,-0.000966039,0,w3:0.20583,3,0.20583,-0.000188137,0.000225542,0.000101621,0.000101621,0.00152217,0.0667606,-0.0329866,-0.000915854,0,0.0280467,0,0
0.7GPa,Data/Cell_14_integrated/0p7GPa.xy,20.419216,0.000674193,0.000674193,0.0130536,,,,raw,1,C,100.001,0,0.0603121,-0.00174777,0.000674193,,,0,-0.0018071,-0.00135538,-0.000668533,-0.00135538,0.00122434,-1.10703,0.00107346,-0.00079035,0.0130536,0.0280467,0,0
0.7GPa,Data/Cell_14_integrated/0p7GPa.xy,20.447263,0.00107584,0.00107584,0.0139611,,,,raw;shoulder,2,C,200.001,0,0.0606055,-0.00128844,0.00107584,,,0,-0.0018677,-0.000372342,-0.000562513,-0.000562513,0.00152609,-0.368598,0.00316304,-6.87607e-05,0.0139611,0.0560935,1,0
0.7GPa,Data/Cell_14_integrated/0p7GPa.xy,20.615543,0.364719,0.364719,0,,,,matched,1,C,100.365,0,0.059484,0.000278669,0,w8:0.364719,8,0.364719,-0.00102653,-0.000543614,0.000465677,-0.000543614,0.00125423,-0.433423,-0.00719517,-0.000542727,0,0.0420701,1,0
0.7GPa,Data/Cell_14_integrated/0p7GPa.xy,21.653273,1.57979,1.57979,0.0106519,,,,matched;raw,2,C,201.58,0,0.0515156,-0.00148729,1.02898e-05,w8:1.57979,8,1.57979,-0.00267452,-0.00139705,-5.20333e-05,-0.00139705,0.00320465,-0.435945,-0.00268225,-0.00140562,0.0106519,0.0420701,0,0
0.7GPa,Data/Cell_14_integrated/0p7GPa.xy,21.807530,0.000716134,0.000716134,0.0336053,,,,shoulder,1,C,100.001,0,0.0507495,-0.00125008,0.000716134,,,0,-0.00242768,0.000338529,-0.00053863,-0.00053863,0.00219125,-0.245809,-0.0117471,0.000250247,0.0336053,0.0280467,1,0
0.7GPa,Data/Cell_14_integrated/0p7GPa.xy,21.891670,0.417736,0.417736,0.0386377,,,,matched;raw;shoulder,3,C,300.419,0,0.0522922,0.000197668,0.00159675,w2:0.417736;w3:0.206232,2,0.417736,-0.00216652,-0.000139556,0.000130813,-0.000139556,0.00342819,-0.0407085,0.0257263,0.000128751,0.0386377,0.0560935,1,0
0.7GPa,Data/Cell_14_integrated/0p7GPa.xy,22.270301,0.000853525,0.000853525,0.00859597,,,,raw,1,C,100.001,0,0.0492143,-0.000704832,0.000853525,,,0,-0.00214394,0.000631649,-0.000281181,-0.000281181,0.00484063,-0.0580877,-0.00523704,-0.000972329,0.00859597,0.0280467,1,0
0.7GPa,Data/Cell_14_integrated/0p7GPa.xy,22.382488,1.1629,1.1629,0,,,,matched,1,C,101.163,0,0.0453935,-0.00329302,0,w8:1.1629,8,1.1629,-0.00265758,-0.000898089,-0.00214636,-0.00214636,0.00266867,-0.804281,-0.00924394,-0.0022047,0,0.0280467,0,0
0.7GPa,Data/Cell_14_integrated/0p7GPa.xy,22.550769,0.00132143,0.00132143,0.00953875,,,,raw;shoulder,2,C,200.001,0,0.0415775,-0.00946179,0.00132143,,,0,-0.00907112,-0.00752177,-0.00108187,-0.00752177,0.0036749,-2.04679,-0.00985411,-0.00101495,0.00953875,0.0560935,1,0
0.7GPa,Data/Cell_14_integrated/0p7GPa.xy,22.578816,0.00142478,0.00142478,0.0121824,,,,raw,1,C,100.001,0,0.0393358,-0.0109103,0.00142478,,,0,-0.0106721,-0.0071871,-0.00995069,-0.00995069,0.00211422,-4.70654,-0.000331962,-0.000918761,0.0121824,0.0280467,0,0
0.7GPa,Data/Cell_14_integrated/0p7GPa.xy,22.901353,0.373207,0.373207,0,,,,matched,1,C,100.373,0,0.0473478,-0.00514529,0,w5:0.373207,5,0.373207,-0.00191501,-0.000707494,0.0011312,-0.000707494,0.00422125,-0.167603,0.0247996,-0.00212191,0,0.0280467,1,0
0.7GPa,Data/Cell_14_integrated/0p7GPa.xy,23.195844,0.00502658,1.92458e-05,0.00709286,,,,shoulder,1,C,100,0,0.0527537,0.00502658,1.92458e-05,,,0,-0.0064975,0.00564178,-0.00776236,-0.00776236,0.00711552,-1.09091,0.0363195,0.000555184,0.00709286,0.0560935,1,0
1.3GPa,Data/Cell_14_integrated/1p3GPa.xy,2.749764,1.5221e-06,1.5221e-06,0.00715851,,,,shoulder,1,C,100,0,-0.0293498,-0.00298987,1.5221e-06,,,0,-0.00734636,-0.00777032,-0.00114356,-0.00777032,0.00667421,-1.16423,-0.0264198,-0.00180531,0.00715851,0.0560935,1,0
1.3GPa,Data/Cell_14_integrated/1p3GPa.xy,2.805858,0.000452833,0.000452833,0.0248355,,,,shoulder,1,C,100,0,-0.0308553,-0.00535186,0.000452833,,,0,-0.00733967,0.00221739,-0.00538533,-0.00538533,0.0027077,-1.9889,0.00485588,0.000219141,0.0248355,0.0841402,1,0
1.3GPa,Data/Cell_14_integrated/1p3GPa.xy,3.296676,1.90603e-05,1.90603e-05,0,,,,raw;shoulder,2,C,200,0,-0.0144021,-0.00417365,1.90603e-05,,,0,-0.00397218,-0.000794848,-0.00247235,-0.00247235,0.00201557,-1.22662,0.00634267,-6.37038e-05,0,0.0560935,1,0
1.3GPa,Data/Cell_14_integrated/1p3GPa.xy,3.394839,0.000330034,0.000330034,0.00805921,,,,raw,1,C,100,0,-0.0101134,-0.00246443,0.000330034,,,0,-0.00133728,-0.000646178,-0.000124431,-0.000646178,0.000879512,-0.7347,0.0512556,-0.000291367,0.00805921,0.0280467,0,0
1.3GPa,Data/Cell_14_integrated/1p3GPa.xy,3.647260,0.000590834,0.000590834,0.0365704,,,,raw;shoulder,2,C,200.001,0,-0.00193782,0.000275736,0.000590834,,,0,-0.000919366,0.000498191,-0.000601755,-0.000601755,0.00110751,-0.543341,0.0149237,1.53475e-05,0.0365704,0.0560935,1,0
1.3GPa,Data/Cell_14_integrated/1p3GPa.xy,3.675307,0.00121432,8.3123e-05,0.00727569,,,,raw,1,C,100,0,-0.000320981,0.000533358,8.3123e-05,,,0,-0.000163176,0.000569614,-0.000143668,-0.000143668,0.00092934,-0.154592,0.0187337,-0.000157209,0.00727569,0.0280467,1,0
1.3GPa,Data/Cell_14_integrated/1p3GPa.xy,3.745424,0.282911,0.282911,0,,,,matched,1,C,100.77,0,-0.000407619,-3.91399e-05,0,w5:0.282911,5,0.282911,-0.000169802,4.95219e-05,0.000243411,4.95219e-05,0.00101577,0.0487528,0.018867,-0.000435867,0,0.0420701,0,0
1.3GPa,Data/Cell_14_integrated/1p3GPa.xy,3.913704,0.000201226,0.000201226,0.00880185,,,,raw;shoulder,2,C,200,0,0.00286528,-0.000441281,0.000201226,,,0,-0.00184227,-0.000642152,-0.00139517,-0.00139517,0.000834807,-1.67124,0.0224759,-0.00032491,0.00880185,0.0701169,1,0
1.3GPa,Data/Cell_14_integrated/1p3GPa.xy,4.530733,0.000365477,0.000365477,0.0083681,,,,raw,1,C,100,0,0.0101024,-0.00112717,0.000365477,,,0,-0.00144936,-0.00101977,-0.000668471,-0.00101977,0.000835856,-1.22003,0.0160259,-0.000129322,0.0083681,0.0280467,0,0
1.3GPa,Data/Cell_14_integrated/1p3GPa.xy,4.755107,0.000864559,0.000864559,0.0268738,,,,raw;shoulder,2,C,200.001,0,0.0136367,0.000318891,0.000864559,,,0,-0.000985634,-0.000675794,0.000200272,-0.000675794,0.00103234,-0.65462,0.01304,7.13589e-05,0.0268738,0.0420701,1,0
1.3GPa,Data/Cell_14_integrated/1p3GPa.xy,5.891000,0.319564,0.319564,0,,,,matched;raw;shoulder,3,C,300.552,0,0.0490819,-0.0954208,0.0010151,w2:0.319564,2,0.319564,-0.00321673,0.000176954,9.05213e-05,9.05213e-05,0.0039069,0.0231696,0.119514,0.00041093,0,0.112187,1,0
1.3GPa,Data/Cell_14_integrated/1p3GPa.xy,5.989164,0.000916889,0.000916889,0.0478931,,,,shoulder,1,C,100.001,0,0.0639552,-0.101727,0.000916889,,,0,-0.0152711,-0.00735951,0.00283517,-0.00735951,0.0142669,-0.515847,0.32826,0.000134586,0.0478931,0.0981636,1,0
1.3GPa,Data/Cell_14_integrated/1p3GPa.xy,6.087327,4.90759e-05,4.90759e-05,0.00976516,,,,shoulder,1,C,100,0,0.102504,-0.0790443,4.90759e-05,,,0,-0.0615959,-0.0296889,-0.00419655,-0.0296889,0.0487402,-0.609126,1.05589,-0.00201886,0.00976516,0.0981636,1,0
1.3GPa,Data/Cell_14_integrated/1p3GPa.xy,6.451935,0.114772,0.00123238,0.0479455,,,,shoulder,1,C,100.001,0,0.314745,0.114772,0.00123238,,,0,-0.00997437,-0.0105025,0.0139924,-0.0105025,0.0216187,-0.485805,-1.72205,0.000773045,0.0479455,0.12621,1,0
1.3GPa,Data/Cell_14_integrated/1p3GPa.xy,6.620215,0.000259614,0.000259614,0.0217408,,,,shoulder,1,C,100,0,0.0976533,-0.0878473,0.000259614,,,0,-0.033588,0.00291219,-0.0177855,-0.0177855,0.0306113,-0.581009,-0.600782,-0.000589922,0.0217408,0.0701169,1,0
1.3GPa,Data/Cell_14_integrated/1p3GPa.xy,6.690332,0.000577028,0.000577028,0.0325429,,,,shoulder,1,C,100.001,0,0.0795801,-0.0958745,0.000577028,,,0,-0.0114045,0.00122043,-0.00569508,-0.00569508,0.00964792,-0.59029,-0.253547,2.35673e-05,0.0325429,0.0841402,1,0
1.3GPa,Data/Cell_14_integrated/1p3GPa.xy,6.774473,0.202413,0.202413,0.0705091,,,,matched;shoulder,2,C,200.203,0,0.0676552,-0.0920845,0.000888006,w2:0.202413,2,0.202413,-0.00431542,9.56965e-05,-0.000489056,-0.000489056,0.00434521,-0.112551,-0.107952,0.00010158,0.0705091,0.12621,1,0
1.3GPa,Data/Cell_14_integrated/1p3GPa.xy,6.942753,0.00051295,0.00051295,0.0254661,,,,shoulder,1,C,100.001,0,0.0585908,-0.0634072,0.00051295,,,0,-0.00072213,-0.00033285,0.00106815,-0.00033285,0.00119594,-0.278316,-0.0422189,0.000322558,0.0254661,0.0420701,1,0
1.3GPa,Data/Cell_14_integrated/1p3GPa.xy,7.068963,0.000204993,0.000204993,0.00886762,,,,raw,1,C,100,0,0.0543035,-0.031315,0.000204993,,,0,-0.00207573,-0.000269177,-0.000750613,-0.000750613,0.00218522,-0.343496,-0.00103856,-0.00011511,0.00886762,0.0420701,0,0
1.3GPa,Data/Cell_14_integrated/1p3GPa.xy,7.279314,32.3051,32.3051,0,,,,matched,1,C,132.305,0,0.0531314,0.0244623,0,w5:17.9289;w8:32.3051,8,32.3051,-0.00277362,-0.00166177,-0.00220464,-0.00220464,0.00103609,-2.12784,0.00242093,-0.000754283,0,0.0420701,0,0
1.3GPa,Data/Cell_14_integrated/1p3GPa.xy,7.377478,0.0242064,8.45767e-06,0.00730982,,,,raw,1,C,100,0,0.0560006,0.024073,8.45767e-06,,,0,-0.0014262,-0.000564248,-0.000580435,-0.000580435,0.00123646,-0.469434,0.0194866,-0.000395362,0.00730982,0.0280467,0,0
1.3GPa,Data/Cell_14_integrated/1p3GPa.xy,7.405524,0.0205865,0.000173913,0.0276275,,,,shoulder,1,C,100,0,0.0565776,0.0205865,0.000173913,,,0,-0.00142687,-0.000673804,-0.000841759,-0.000841759,0.00115108,-0.731276,0.0241587,-0.000221449,0.0276275,0.0560935,1,0
1.3GPa,Data/Cell_14_integrated/1p3GPa.xy,7.545758,0.00795376,0.000353892,0.0223117,,,,shoulder,1,C,100,0,0.0617428,0.00795376,0.000353892,,,0,-0.00193892,-0.000752821,-0.000836222,-0.000836222,0.0013075,-0.639559,0.054612,0.000171201,0.0223117,0.0560935,1,0
1.3GPa,Data/Cell_14_integrated/1p3GPa.xy,7.812202,0.0161977,0.000828244,0.0143875,,,,raw;shoulder,2,C,200.001,0,0.0697642,0.0152735,0.000828244,,,0,-0.00187385,-0.000580431,-0.00083315,-0.00083315,0.000983627,-0.847017,-0.0171989,-0.000114199,0.0143875,0.0560935,1,0
1.3GPa,Data/Cell_14_integrated/1p3GPa.xy,7.994506,0.00798558,0.00101542,0.0150216,,,,raw;shoulder,2,C,200.001,0,0.0690586,0.00732663,0.00101542,,,0,-0.00134128,-0.000598821,-0.000667716,-0.000667716,0.000756188,-0.883002,0.00936981,-2.32023e-05,0.0150216,0.0701169,1,0
1.3GPa,Data/Cell_14_integrated/1p3GPa.xy,8.218880,0.282367,0.282367,0,,,,matched,1,C,101.996,0,0.0743134,-0.0265166,0,w3:0.282367,3,0.282367,-0.00011857,0.000483164,0.000255817,0.000255817,0.00149326,0.171314,0.0317048,-0.000230827,0,0.0280467,0,0
1.3GPa,Data/Cell_14_integrated/1p3GPa.xy,8.345091,0.000233109,0.000233109,0.0157214,,,,shoulder,1,C,100,0,0.0788281,-0.0430686,0.000233109,,,0,-0.00293408,-0.000185937,-0.00126152,-0.00126152,0.0023974,-0.526204,0.0710762,0.000109368,0.0157214,0.0560935,1,0
1.3GPa,Data/Cell_14_integrated/1p3GPa.xy,8.401184,0.30072,0.30072,0,,,,matched;shoulder,2,C,200.301,0,0.0850046,-0.0464319,0.000511032,w3:0.30072,3,0.30072,-0.00209529,-7.99696e-05,-0.000841834,-0.000841834,0.00217859,-0.386412,0.0970765,0.000100833,0,0.0701169,1,0
1.3GPa,Data/Cell_14_integrated/1p3GPa.xy,8.569465,0.00104124,0.00104124,0.0413661,,,,shoulder,1,C,100.001,0,0.108903,-0.0446755,0.00104124,,,0,-0.00761513,-0.00203395,0.000278709,-0.00203395,0.00801392,-0.253802,0.249471,0.000235109,0.0413661,0.0981636,1,0
1.3GPa,Data/Cell_14_integrated/1p3GPa.xy,8.625558,0.000267356,0.000267356,0.0254738,,,,shoulder,1,C,100,0,0.122989,-0.0367924,0.000267356,,,0,-0.0154552,-0.00816136,-0.000636182,-0.00816136,0.0130903,-0.623465,0.389998,-0.00035471,0.0254738,0.0560935,1,0
1.3GPa,Data/Cell_14_integrated/1p3GPa.xy,8.695675,0.00043647,0.00043647,0.0245167,,,,shoulder,1,C,100,0,0.153335,-0.0126629,0.00043647,,,0,-0.0318717,-0.0146569,-0.00140972,-0.0146569,0.0274265,-0.534406,0.715867,-0.000431431,0.0245167,0.0701169,1,0
1.3GPa,Data/Cell_14_integrated/1p3GPa.xy,8.765792,0.043036,0.000592392,0.024785,,,,shoulder,1,C,100.001,0,0.211227,0.043036,0.000592392,,,0,-0.0279354,-0.00313962,-0.0188739,-0.0188739,0.022908,-0.823903,0.952248,-0.00164777,0.024785,0.154257,1,0
1.3GPa,Data/Cell_14_integrated/1p3GPa.xy,9.102353,2.92592e-05,2.92592e-05,0.0109391,,,,shoulder,1,C,100,0,0.172683,-0.000258383,2.92592e-05,,,0,-0.0233194,-0.00018305,-0.00913948,-0.00913948,0.0205706,-0.444299,-0.602039,-0.000473855,0.0109391,0.0280467,1,0
1.3GPa,Data/Cell_14_integrated/1p3GPa.xy,9.130399,0.367996,0.367996,0,,,,matched;shoulder,2,C,200.369,0,0.159468,-0.0316948,0.000696742,w2:0.367996;w3:0.268848,2,0.367996,-0.0197207,-0.00131555,-0.00560418,-0.00560418,0.0179238,-0.312667,-0.477236,-0.000389739,0,0.182304,1,0
1.3GPa,Data/Cell_14_integrated/1p3GPa.xy,9.256610,0.000755799,0.000755799,0.0138161,,,,raw;shoulder,2,C,200.001,0,0.130673,-0.135071,0.000755799,,,0,-0.0114892,0.000145603,-0.00508583,-0.00508583,0.00961837,-0.528763,-0.0912003,-0.000106026,0.0138161,0.0560935,1,0
1.3GPa,Data/Cell_14_integrated/1p3GPa.xy,9.284657,0.344251,0.344251,0,,,,matched,1,C,100.344,0,0.128661,-0.14974,0,w2:0.344251,2,0.344251,-0.00813292,0.000428287,-0.00238417,-0.00238417,0.00853959,-0.27919,-0.0443398,-0.000217002,0,0.0280467,1,0
1.3GPa,Data/Cell_14_integrated/1p3GPa.xy,9.495007,0.000485259,0.000485259,0.0135378,,,,raw;shoulder,2,C,200,0,0.129625,-0.223235,0.000485259,,,0,-0.00527836,-0.00197203,-0.000817251,-0.00197203,0.00384878,-0.512378,0.0125596,-0.000213802,0.0135378,0.0841402,1,0
1.3GPa,Data/Cell_14_integrated/1p3GPa.xy,9.565124,0.000584441,0.000584441,0.10644,,,,shoulder,1,C,100.001,0,0.131927,-0.213331,0.000584441,,,0,-0.00780125,-0.00214671,-0.00138032,-0.00214671,0.00660241,-0.32514,0.0800694,-5.188e-05,0.10644,0.0280467,1,0
1.3GPa,Data/Cell_14_integrated/1p3GPa.xy,9.649264,0.00095185,0.00095185,0.0542005,,,,shoulder,1,C,100.001,0,0.143408,-0.208194,0.00095185,,,0,-0.0187593,-0.00911156,0.00348757,-0.00911156,0.0177104,-0.514475,0.336279,-8.46522e-06,0.0542005,0.0560935,1,0
1.3GPa,Data/Cell_14_integrated/1p3GPa.xy,10.210199,0.000297643,0.000297643,0.0253434,,,,shoulder,1,C,100,0,0.169962,-0.314698,0.000297643,,,0,-0.0277725,0.00395549,-0.0150924,-0.0150924,0.0264601,-0.570381,-0.396208,-0.000319071,0.0253434,0.0280467,1,0
1.3GPa,Data/Cell_14_integrated/1p3GPa.xy,10.252269,29.8405,29.8405,0,,,,matched,1,C,129.841,0,0.163313,-0.317245,0,w2:22.7532;w3:29.8405,3,29.8405,-0.0147546,-0.00084838,-0.00550199,-0.00550199,0.0123658,-0.444937,-0.146355,-0.000556815,0,0.0280467,0,0
1.3GPa,Data/Cell_14_integrated/1p3GPa.xy,10.280316,30.2786,30.2786,0.469343,,,,matched;shoulder,2,C,230.326,0,0.161731,-0.314471,0.0476762,w5:30.2786,5,30.2786,-0.0119467,-0.00203768,-0.00225783,-0.00225783,0.0110601,-0.204142,-0.0547489,-4.34705e-05,0.469343,0.0981636,1,0
1.3GPa,Data/Cell_14_integrated/1p3GPa.xy,10.378480,0.000569913,0.000569913,0.0327721,,,,shoulder,1,C,100.001,0,0.167566,-0.273021,0.000569913,,,0,-0.0290414,-0.0143087,0.00311427,-0.0143087,0.027266,-0.524783,0.37403,-0.000199633,0.0327721,0.0981636,1,0
1.3GPa,Data/Cell_14_integrated/1p3GPa.xy,10.490667,0.00146381,0.00146381,0.0214192,,,,shoulder,1,C,100.001,0,0.239013,-0.122413,0.00146381,,,0,-0.208251,-0.105931,0.0187431,-0.105931,0.166581,-0.635911,2.90217,-0.0024122,0.0214192,0.12621,1,0
1.3GPa,Data/Cell_14_integrated/1p3GPa.xy,10.939415,60.0613,60.0613,0,,,,matched,1,C,160.061,0,0.158765,-0.0661213,0,w2:26.2551;w3:44.9364;w5:60.0613,5,60.0613,-0.0093307,-0.00442619,-0.00460164,-0.00460164,0.00578,-0.796132,-0.26725,-0.000861724,0,0.0280467,0,0
1.3GPa,Data/Cell_14_integrated/1p3GPa.xy,10.967462,33.5978,33.5978,0,,,,matched,1,C,133.598,0,0.154111,-0.0805382,0,w8:33.5978,8,33.5978,-0.00805515,-0.00149626,-0.00281793,-0.00281793,0.0062605,-0.450112,-0.232369,-0.000173608,0,0.0280467,0,0
1.3GPa,Data/Cell_14_integrated/1p3GPa.xy,10.995508,0.00106045,0.00106045,0.0838392,,,,shoulder,1,C,100.001,0,0.148472,-0.110566,0.00106045,,,0,-0.00663867,0.000110487,-0.000857524,-0.000857524,0.00735901,-0.116527,-0.190456,0.000130393,0.0838392,0.0280467,1,0
1.3GPa,Data/Cell_14_integrated/1p3GPa.xy,11.121719,0.000653348,0.000653348,0.0166964,,,,raw;shoulder,2,C,200.001,0,0.136329,-0.196577,0.000653348,,,0,-0.00450868,0.000452723,-0.000459513,-0.000459513,0.004122,-0.111478,-0.0400615,0.000102658,0.0166964,0.0420701,1,0
1.3GPa,Data/Cell_14_integrated/1p3GPa.xy,11.261952,0.000581331,0.000581331,0.0369408,,,,shoulder,1,C,100.001,0,0.141805,-0.181108,0.000581331,,,0,-0.0683855,-0.0412332,0.0182321,-0.0412332,0.0759701,-0.542756,0.880656,-0.000625695,0.0369408,0.0981636,1,0
1.3GPa,Data/Cell_14_integrated/1p3GPa.xy,11.949098,0.363095,0.363095,0,,,,matched,1,C,100.69,0,0.113845,-0.109189,0,w3:0.363095;w5:0.345228,3,0.363095,-0.000754039,5.00726e-05,0.000130287,5.00726e-05,0.00153402,0.0326414,-0.0331878,-0.000416576,0,0.0280467,0,0
1.3GPa,Data/Cell_14_integrated/1p3GPa.xy,12.061285,2.19107e-05,2.19107e-05,0.00716866,,,,raw,1,C,100,0,0.110331,-0.0883097,2.19107e-05,,,0,-0.00305251,-0.00224514,-0.00214441,-0.00224514,0.000962293,-2.33311,-0.0111976,-0.000572248,0.00716866,0.0420701,0,0
1.3GPa,Data/Cell_14_integrated/1p3GPa.xy,12.369799,0.0246903,0.000138993,0.0218075,,,,shoulder,1,C,100,0,0.121746,0.0246903,0.000138993,,,0,-0.00386149,-0.000148038,-0.00197666,-0.00197666,0.00295711,-0.668444,0.100782,1.78593e-05,0.0218075,0.0560935,1,0
1.3GPa,Data/Cell_14_integrated/1p3GPa.xy,12.425892,0.0527988,0.000258327,0.0367138,,,,shoulder,1,C,100,0,0.12991,0.0527988,0.000258327,,,0,-0.00152392,0.000725735,-0.000581951,-0.000581951,0.00313396,-0.185692,0.123083,8.26253e-05,0.0367138,0.0560935,1,0
1.3GPa,Data/Cell_14_integrated/1p3GPa.xy,12.734407,0.00597397,0.000477088,0,,,,raw;shoulder,2,C,200,0,0.126192,0.00563991,0.000477088,,,0,-0.00335084,-0.00142592,-0.0017288,-0.0017288,0.000529673,-3.2639,-0.109757,5.07555e-06,0,0.0841402,1,0
1.3GPa,Data/Cell_14_integrated/1p3GPa.xy,12.902687,0.000799435,0.000799435,0.013465,,,,raw,1,C,100.001,0,0.114323,-0.00331819,0.000799435,,,0,-0.0013191,-0.000742519,-0.000910909,-0.000910909,0.000662801,-1.37433,-0.0565316,-0.000105292,0.013465,0.0280467,0,0
1.3GPa,Data/Cell_14_integrated/1p3GPa.xy,13.000851,0.000413869,0.000413869,0,,,,raw;shoulder,2,C,207.76,0,0.109611,-0.00368825,0.000413869,,,0,-7.53052e-06,0.000295296,0.000270661,0.000270661,0.000348828,0.775915,-0.043692,0.000204638,0,0.0701169,1,0
1.3GPa,Data/Cell_14_integrated/1p3GPa.xy,13.042921,0.281252,0.281252,0,,,,matched;raw,2,C,200.282,0,0.106848,-0.00443338,0.000522288,w3:0.281252,3,0.281252,-0.00127079,-0.000934796,0.000252256,-0.000934796,0.001326,-0.704974,-0.0329121,-0.00023377,0,0.0420701,1,0
1.3GPa,Data/Cell_14_integrated/1p3GPa.xy,13.070968,0.000454086,0.000454086,0.0363102,,,,shoulder,1,C,100,0,0.106519,-0.0040323,0.000454086,,,0,-0.0013337,-0.000655789,0.000741619,-0.000655789,0.00233124,-0.281304,-0.0266775,0.000220316,0.0363102,0.0280467,1,0
1.3GPa,Data/Cell_14_integrated/1p3GPa.xy,13.561786,0.601562,0.601562,0,,,,matched;shoulder,2,C,201.298,0,0.0983842,-0.00969403,0.00012547,w5:0.601562,5,0.601562,-0.00020182,4.41739e-05,4.91407e-05,4.41739e-05,0.000634286,0.0696434,0.00770379,-0.000103623,0,0.0420701,1,0
1.3GPa,Data/Cell_14_integrated/1p3GPa.xy,13.702020,0.00054108,0.00054108,0.0135287,,,,raw;shoulder,2,C,200.47,0,0.100912,-0.0108087,0.00054108,,,0,-0.00104675,6.54671e-05,0.000314197,6.54671e-05,0.00139411,0.0469597,0.0268092,0.000214458,0.0135287,0.0701169,1,0
1.3GPa,Data/Cell_14_integrated/1p3GPa.xy,13.730066,0.00032385,0.00032385,0.0125088,,,,raw,1,C,100,0,0.100784,-0.0111699,0.00032385,,,0,-0.00229243,-0.00107455,0.00011642,-0.00107455,0.00273774,-0.392495,0.0395435,-0.000250182,0.0125088,0.0280467,1,0
1.3GPa,Data/Cell_14_integrated/1p3GPa.xy,13.870300,0.000427364,0.000427364,0.0450787,,,,shoulder,1,C,100,0,0.111555,-0.00123082,0.000427364,,,0,-0.00372165,0.000326073,-0.000840634,-0.000840634,0.0038438,-0.218698,0.133523,0.0001473,0.0450787,0.0981636,1,0
1.3GPa,Data/Cell_14_integrated/1p3GPa.xy,13.954440,0.0129683,0.000133452,0.0249246,,,,shoulder,1,C,100,0,0.125895,0.0129683,0.000133452,,,0,-0.000995603,0.00040356,-0.00034394,-0.00034394,0.00176463,-0.194907,0.164614,-0.000106538,0.0249246,0.0841402,1,0
1.3GPa,Data/Cell_14_integrated/1p3GPa.xy,14.319048,0.311876,0.311876,0.0421608,,,,matched;shoulder,2,C,201.14,0,0.108088,-0.000280558,0.0011864,w2:0.311876,2,0.311876,-0.00220362,0.000218696,0.000492835,0.000218696,0.00264549,0.0826675,-0.141072,0.00057177,0.0421608,0.0981636,1,0
1.3GPa,Data/Cell_14_integrated/1p3GPa.xy,14.417212,0.000675739,0.000675739,0.0374734,,,,shoulder,1,C,100.001,0,0.0963746,-0.00942094,0.000675739,,,0,-0.00201197,0.000422838,-0.000903184,-0.000903184,0.00129328,-0.698368,-0.0879562,0.000297722,0.0374734,0.0841402,1,0
1.3GPa,Data/Cell_14_integrated/1p3GPa.xy,14.543422,0.829929,0.829929,0.0221987,,,,matched;shoulder,2,C,200.83,0,0.0875362,-0.0147762,4.70461e-05,w5:0.829929,5,0.829929,-0.00145863,-0.000873257,-0.000951791,-0.000951791,0.000628417,-1.51458,-0.0495157,-0.00016001,0.0221987,0.0420701,1,0
1.3GPa,Data/Cell_14_integrated/1p3GPa.xy,14.767796,0.418792,0.418792,0,,,,matched,1,C,100.419,0,0.0818561,-0.0139604,0,w2:0.396888;w3:0.418792,3,0.418792,-0.000875908,-3.76739e-05,-0.000184046,-0.000184046,0.00144687,-0.127203,-0.00706686,-0.000224627,0,0.0280467,0,0
1.3GPa,Data/Cell_14_integrated/1p3GPa.xy,15.286661,0.00801377,0.000179726,0.0116117,,,,raw,1,C,100,0,0.0868193,0.00764305,0.000179726,,,0,-0.00346205,-0.000848418,-0.00200194,-0.00200194,0.00332156,-0.60271,0.0452046,-0.0004334,0.0116117,0.0420701,0,0
1.3GPa,Data/Cell_14_integrated/1p3GPa.xy,15.539082,0.000201542,0.000201542,0.0274224,,,,shoulder,1,C,100.934,0,0.0861703,-0.00249263,0.000201542,,,0,0.000246089,0.000106022,0.00109825,0.000106022,0.00113533,0.0933842,-0.077029,0.000107879,0.0274224,0.0560935,1,0
1.3GPa,Data/Cell_14_integrated/1p3GPa.xy,15.581152,5.9345e-05,5.9345e-05,0.013327,,,,shoulder,1,C,100,0,0.0824659,-0.00779278,5.9345e-05,,,0,-0.00137563,-0.00136053,0.000538444,-0.00136053,0.00107379,-1.26704,-0.0695249,1.07845e-05,0.013327,0.0420701,1,0
1.3GPa,Data/Cell_14_integrated/1p3GPa.xy,15.665292,6.26163e-05,6.26163e-05,0.0131057,,,,shoulder,1,C,100,0,0.0768483,-0.0154151,6.26163e-05,,,0,-0.0024816,-0.000389837,-0.00193019,-0.00193019,0.00117223,-1.6466,-0.0481911,-0.000115221,0.0131057,0.0560935,1,0
1.3GPa,Data/Cell_14_integrated/1p3GPa.xy,15.833572,9.16864e-05,9.16864e-05,0.00752014,,,,raw,1,C,102.179,0,0.0740302,-0.0197476,9.16864e-05,,,0,-7.12922e-05,0.000133622,0.000404178,0.000133622,0.000613356,0.217853,-0.0160074,0.000180362,0.00752014,0.0280467,0,0
1.3GPa,Data/Cell_14_integrated/1p3GPa.xy,15.875643,0.000377239,0.000377239,0.0244159,,,,raw,1,C,100,0,0.0725503,-0.0209165,0.000377239,,,0,-0.0012877,-0.00051353,-0.000139626,-0.00051353,0.00106638,-0.481564,-0.00801217,-0.000237575,0.0244159,0.0420701,0,0
1.3GPa,Data/Cell_14_integrated/1p3GPa.xy,16.043923,3.12405e-05,3.12405e-05,0.0073599,,,,raw,1,C,100,0,0.07419,-0.0171354,3.12405e-05,,,0,-0.0117736,-0.00732161,0.00208203,-0.00732161,0.0121906,-0.600596,0.154183,-0.00027459,0.0073599,0.0280467,1,0
1.3GPa,Data/Cell_14_integrated/1p3GPa.xy,16.100017,0.000180029,0.000180029,0.0222356,,,,shoulder,1,C,100,0,0.0792579,-0.0118361,0.000180029,,,0,-0.0285791,-0.0156687,0.000578479,-0.0156687,0.0228234,-0.686519,0.374655,-0.000733894,0.0222356,0.0841402,1,0
1.3GPa,Data/Cell_14_integrated/1p3GPa.xy,16.464624,7.57883e-05,7.57883e-05,0.0226103,,,,shoulder,1,C,100,0,0.0690197,-0.0171619,7.57883e-05,,,0,-0.0176354,0.0025039,-0.0107606,-0.0107606,0.0153798,-0.699658,-0.247402,-0.000378072,0.0226103,0.0560935,1,0
1.3GPa,Data/Cell_14_integrated/1p3GPa.xy,16.576811,0.000706348,0.000706348,0.0124295,,,,raw;shoulder,2,C,200.001,0,0.0640929,-0.0195609,0.000706348,,,0,-0.00190917,-1.91456e-05,-0.000461539,-0.000461539,0.00227962,-0.202463,-0.0295302,9.82204e-05,0.0124295,0.0560935,1,0
1.3GPa,Data/Cell_14_integrated/1p3GPa.xy,16.857279,3.91432e-05,3.91432e-05,0.00781097,,,,raw,1,C,100,0,0.0640136,-0.0100343,3.91432e-05,,,0,-0.000346495,-0.000348658,8.93701e-05,-0.000348658,0.000452916,-0.769805,0.00854321,3.97907e-05,0.00781097,0.0280467,1,0
1.3GPa,Data/Cell_14_integrated/1p3GPa.xy,17.516377,0.00163257,0.00013527,0.0116415,,,,raw;shoulder,2,C,200,0,0.0616318,0.0015418,0.00013527,,,0,-0.000434298,-0.000114642,-7.02084e-05,-0.000114642,0.00050923,-0.225128,0.00898058,-0.000140978,0.0116415,0.0420701,1,0
1.3GPa,Data/Cell_14_integrated/1p3GPa.xy,17.544424,0.00208523,3.42271e-05,0.00741414,,,,raw,1,C,100,0,0.0620232,0.00186242,3.42271e-05,,,0,-0.000390225,5.56538e-05,-0.000128872,-0.000128872,0.000704651,-0.182888,0.00654149,-5.88972e-05,0.00741414,0.0280467,1,0
1.3GPa,Data/Cell_14_integrated/1p3GPa.xy,17.754775,0.00194638,5.8913e-05,0.00749096,,,,raw,1,C,100.538,0,0.0605101,0.00180919,5.8913e-05,,,0,0.00038156,4.68325e-05,0.000853027,4.68325e-05,0.000870722,0.0537857,-0.0276405,-9.17063e-05,0.00749096,0.0280467,0,0
1.3GPa,Data/Cell_14_integrated/1p3GPa.xy,17.810868,0.000361593,0.000283913,0.00883298,,,,raw;shoulder,2,C,200,0,0.0584808,-9.87645e-05,0.000283913,,,0,-0.00102307,-0.0008324,6.60739e-05,-0.0008324,0.000826666,-1.00694,-0.0271004,-6.9183e-05,0.00883298,0.0841402,1,0
1.3GPa,Data/Cell_14_integrated/1p3GPa.xy,17.838915,0.000283546,0.000283546,0.036596,,,,shoulder,1,C,100,0,0.0570821,-0.000682225,0.000283546,,,0,-0.00105851,-0.000289795,-0.00013184,-0.000289795,0.000906757,-0.319594,-0.0280464,7.93671e-05,0.036596,0.0280467,1,0
1.3GPa,Data/Cell_14_integrated/1p3GPa.xy,18.091336,0.000471462,0.000471462,0.0139303,,,,raw,1,C,100,0,0.0511795,-0.00486623,0.000471462,,,0,-0.00197964,-0.00113907,-0.00136136,-0.00136136,0.00116193,-1.17163,-0.0142875,-0.000714658,0.0139303,0.0420701,0,0
1.3GPa,Data/Cell_14_integrated/1p3GPa.xy,18.203523,9.29265e-05,9.29265e-05,0.0155243,,,,shoulder,1,C,100,0,0.0514843,-0.00372331,9.29265e-05,,,0,-0.000290311,-9.54293e-05,0.000515725,-9.54293e-05,0.00100927,-0.0945522,-0.00495432,7.31444e-05,0.0155243,0.0420701,1,0
1.3GPa,Data/Cell_14_integrated/1p3GPa.xy,18.568130,9.22943e-05,9.22943e-05,0.0178941,,,,raw,1,C,100,0,0.0502436,-0.00272687,9.22943e-05,,,0,-0.00584267,0.00014204,-0.00470247,-0.00470247,0.00320783,-1.46593,-0.0658128,-0.000320565,0.0178941,0.0560935,1,0
1.3GPa,Data/Cell_14_integrated/1p3GPa.xy,18.680317,8.37309e-05,8.37309e-05,0.00871501,,,,raw,1,C,100,0,0.0482593,-0.00389769,8.37309e-05,,,0,-0.0027417,-0.00198068,-0.00179426,-0.00198068,0.000726098,-2.72784,-0.000572219,-0.000633915,0.00871501,0.0420701,0,0
1.3GPa,Data/Cell_14_integrated/1p3GPa.xy,18.974808,0.000661231,0.000661231,0.00960035,,,,raw,1,C,100.001,0,0.0498761,-0.000146658,0.000661231,,,0,-0.00206461,-0.000335883,-1.98024e-05,-0.000335883,0.0020798,-0.161498,0.00630163,-0.00118212,0.00960035,0.0280467,0,0
1.3GPa,Data/Cell_14_integrated/1p3GPa.xy,19.549767,0.000380172,0.000380172,0.00867192,,,,raw,1,C,100,0,0.0388482,-0.00363024,0.000380172,,,0,-0.00261474,-0.000507983,-0.00106266,-0.00106266,0.00244771,-0.434146,-0.00586645,-0.000425399,0.00867192,0.0701169,0,0
1.3GPa,Data/Cell_14_integrated/1p3GPa.xy,19.942421,0.000331409,0.000331409,0.00855154,,,,raw;shoulder,2,C,200,0,0.0363512,-0.00142796,0.000331409,,,0,-0.00191056,-0.00056491,-0.00062591,-0.00062591,0.00178709,-0.350239,-0.000600545,-7.58478e-05,0.00855154,0.0701169,1,0
1.3GPa,Data/Cell_14_integrated/1p3GPa.xy,19.970468,0.000169946,0.000169946,0.0112868,,,,raw,1,C,100,0,0.0350121,-0.00229064,0.000169946,,,0,-0.00290501,-0.00129292,-0.00207599,-0.00207599,0.00127559,-1.62747,-0.00681059,-0.000722772,0.0112868,0.0280467,0,0
1.3GPa,Data/Cell_14_integrated/1p3GPa.xy,20.138748,0.000746204,0.000746204,0.0127227,,,,raw,1,C,100.001,0,0.0354086,-0.00104419,0.000746204,,,0,-0.00198748,-0.00117297,-0.00152686,-0.00152686,0.000593804,-2.57132,-0.00355303,-0.000452178,0.0127227,0.0560935,0,0
1.3GPa,Data/Cell_14_integrated/1p3GPa.xy,20.783824,3.57258e-05,3.57258e-05,0.0189357,,,,shoulder,1,C,100,0,0.0317471,-0.00128615,3.57258e-05,,,0,-0.00205229,-0.00166357,0.000375326,-0.00166357,0.00128554,-1.29406,-0.00589194,-0.000123401,0.0189357,0.0420701,1,0
1.3GPa,Data/Cell_14_integrated/1p3GPa.xy,21.625226,0.00109315,0.00109315,0.0125787,,,,raw,1,C,100.001,0,0.026555,-0.00304959,0.00109315,,,0,-0.00341107,-0.00225144,-0.00230652,-0.00230652,0.00101253,-2.27798,-0.00605142,-0.00096639,0.0125787,0.0420701,0,0
1.3GPa,Data/Cell_14_integrated/1p3GPa.xy,22.003857,0.00303723,0.00303723,0.0421283,,,,raw,1,C,100.471,0,0.0285115,-0.000905936,0.00303723,,,0,-0.00154208,0.000143278,0.000275536,0.000143278,0.00306335,0.0467718,-0.0104772,-0.000256089,0.0421283,0.0280467,0,0
1.3GPa,Data/Cell_14_integrated/1p3GPa.xy,22.059951,0.00129622,0.00129622,0.0124654,,,,raw,1,C,100.001,0,0.0269419,-0.0015872,0.00129622,,,0,-0.00318264,-0.000793921,-0.00196621,-0.00196621,0.00253617,-0.775267,-0.0111869,-0.000305913,0.0124654,0.0280467,0,0
1.3GPa,Data/Cell_14_integrated/1p3GPa.xy,22.087997,0.000653593,0.000653593,0.0120797,,,,raw,1,C,100.001,0,0.0261797,-0.00197963,0.000653593,,,0,-0.00307,-0.000811876,-0.00246801,-0.00246801,0.00158998,-1.55223,-0.000746567,-0.000463948,0.0120797,0.0280467,0,0
1.3GPa,Data/Cell_14_integrated/1p3GPa.xy,22.116044,0.000186967,0.000186967,0.00751071,,,,raw,1,C,100,0,0.0281532,-0.000402946,0.000186967,,,0,-0.000541418,0.00104307,-0.00061256,-0.00061256,0.00113896,-0.537823,0.00527034,-5.96876e-05,0.00751071,0.0280467,1,0
1.3GPa,Data/Cell_14_integrated/1p3GPa.xy,22.368465,0.00109984,0.00109984,0.00901349,,,,raw,1,C,100.001,0,0.0273587,-0.00212013,0.00109984,,,0,-0.00307279,-0.00102955,-0.00115344,-0.00115344,0.00243781,-0.473145,0.000273812,-0.00123468,0.00901349,0.0420701,0,0
1.3GPa,Data/Cell_14_integrated/1p3GPa.xy,22.915377,0.000816509,0.000816509,0.0115374,,,,raw,1,C,100.324,0,0.0258866,-0.00421784,0.000816509,,,0,-0.0010262,0.000607222,0.000150571,0.000150571,0.0046539,0.0323538,0.0359169,-0.00189623,0.0115374,0.0420701,0,0
1.3GPa,Data/Cell_14_integrated/1p3GPa.xy,23.504358,0.00319292,0.000830649,0.00816807,,,,raw,1,C,100.001,0,0.0274006,9.05827e-05,0.000830649,,,0,-0.00563631,-0.00039803,-0.00418293,-0.00418293,0.00368313,-1.1357,0.051171,-0.0026558,0.00816807,0.0420701,0,0
1.3GPa,Data/Cell_14_integrated/1p3GPa.xy,23.798849,0.00404146,0.00404146,0.0640491,,,,shoulder,1,C,100.004,0,-0.00873445,-0.0216507,0.00404146,,,0,-0.0518811,-0.0436149,0.0639421,-0.0436149,0.00785906,-5.54963,0.264616,0.00801202,0.0640491,0.0560935,1,0
1.5GPa,Data/Cell_29_integrated/1p5GPa.xy,2.174627,0.000528313,0.000528313,0.0354617,,,,shoulder,1,C,100.001,0,-0.0737292,-0.0152499,0.000528313,,,0,-0.00263604,-0.00172748,0.00117492,-0.00172748,0.00306475,-0.563661,0.328633,0.000161824,0.0354617,0.0474464,1,0
1.5GPa,Data/Cell_29_integrated/1p5GPa.xy,2.854692,0.0010206,0.000237787,0.0523571,,,,shoulder,1,C,100,0,0.00976276,0.0010206,0.000237787,,,0,-0.00411238,-0.00176648,-0.00221697,-0.00221697,0.00195841,-1.13202,-0.0443406,-0.000286401,0.0523571,0.0790773,1,0
1.5GPa,Data/Cell_29_integrated/1p5GPa.xy,3.076108,1.73394e-05,1.73394e-05,0.00833815,,,,raw,1,C,100.21,0,0.00734314,-0.0145475,1.73394e-05,,,0,-4.15044e-05,2.15892e-05,0.00104638,2.15892e-05,0.00102767,0.0210079,-0.0161701,-6.09932e-05,0.00833815,0.0316309,0,0
1.5GPa,Data/Cell_29_integrated/1p5GPa.xy,3.107739,0.000524985,0.000524985,0.0406628,,,,shoulder,1,C,100.001,0,0.00668513,-0.0167397,0.000524985,,,0,-0.00057087,-0.000403064,0.00093632,-0.000403064,0.000635224,-0.634521,-0.0132356,0.000312317,0.0406628,0.0316309,1,0
1.5GPa,Data/Cell_29_integrated/1p5GPa.xy,3.281709,0.000582197,0.000582197,0.0209589,,,,raw,1,C,100.001,0,0.00591711,-0.0208415,0.000582197,,,0,-0.00671121,-0.00505604,-0.00280921,-0.00505604,0.00223398,-2.26325,0.0653705,-0.000354785,0.0209589,0.0632619,0,0
1.5GPa,Data/Cell_29_integrated/1p5GPa.xy,3.914328,0.00626118,0.00085871,0.0179422,,,,raw,1,C,100.001,0,0.0313831,0.0055718,0.00085871,,,0,-0.00245806,-0.000398567,-0.00150438,-0.00150438,0.00120256,-1.25098,-0.0535159,-0.000580618,0.0179422,0.0474464,0,0
1.5GPa,Data/Cell_29_integrated/1p5GPa.xy,3.977590,0.00394727,0.000705769,0.0111472,,,,raw,1,C,100.545,0,0.0301778,0.00304336,0.000705769,,,0,-0.00237197,0.000191727,0.00095994,0.000191727,0.00351958,0.0544744,-0.0392775,0.000236673,0.0111472,0.0158155,0,0
1.5GPa,Data/Cell_29_integrated/1p5GPa.xy,4.025036,3.84209e-05,3.84209e-05,0.0138127,,,,shoulder,1,C,100,0,0.0260575,-0.000634794,3.84209e-05,,,0,-0.00287262,-0.00157095,-0.000157735,-0.00157095,0.00163194,-0.962627,-0.0254416,-0.00017376,0.0138127,0.0158155,1,0
1.5GPa,Data/Cell_29_integrated/1p5GPa.xy,4.214822,0.00120195,0.00120195,0.0097394,,,,raw;shoulder,2,C,200.857,0,0.0214465,-0.00842287,0.00120195,,,0,-0.00115187,0.000404834,0.000144383,0.000144383,0.00168655,0.0856087,-0.0489118,0.00024889,0.0097394,0.0790773,1,0
1.5GPa,Data/Cell_29_integrated/1p5GPa.xy,4.293899,0.225079,0.225079,0,,,,matched,1,C,100.225,0,0.017098,-0.0126825,0,w2:0.225079,2,0.225079,-0.00226858,-0.000415863,6.54909e-05,-0.000415863,0.00148338,-0.280348,-0.0298014,0.000198869,0,0.0790773,1,0
1.5GPa,Data/Cell_29_integrated/1p5GPa.xy,4.309715,0.000605207,0.000605207,0.0439395,,,,shoulder,1,C,100.001,0,0.0170535,-0.0132477,0.000605207,,,0,-0.00248528,-0.000694446,0.000601516,-0.000694446,0.00288146,-0.241005,-0.0153381,0.000223868,0.0439395,0.0158155,1,0
1.5GPa,Data/Cell_29_integrated/1p5GPa.xy,4.388792,0.00110179,0.00110179,0.0280149,,,,raw,1,C,100.001,0,0.0159206,-0.0154521,0.00110179,,,0,-0.00572998,-0.00252347,-0.00295611,-0.00295611,0.00190471,-1.552,0.0326693,-0.000211451,0.0280149,0.0158155,0,0
1.5GPa,Data/Cell_29_integrated/1p5GPa.xy,4.831625,0.00431923,0.000868281,0.0251187,,,,raw,1,C,100.001,0,0.0394409,0.00385265,0.000868281,,,0,-0.0010734,-0.000676211,0.00024229,-0.000676211,0.00108548,-0.62296,0.0305052,-1.79782e-05,0.0251187,0.0158155,1,0
1.5GPa,Data/Cell_29_integrated/1p5GPa.xy,5.147934,3.7222e-05,3.7222e-05,0.00969296,,,,raw;shoulder,2,C,200,0,0.0469763,-0.00272759,3.7222e-05,,,0,-0.000794278,-0.000184762,-0.000189769,-0.000189769,0.000790735,-0.23999,0.0266422,-8.75881e-05,0.00969296,0.0474464,1,0
1.5GPa,Data/Cell_29_integrated/1p5GPa.xy,5.195381,0.000404661,0.000404661,0.0102855,,,,raw;shoulder,2,C,200,0,0.0491825,-0.00307556,0.000404661,,,0,-0.000452361,0.000341221,-6.34256e-05,-6.34256e-05,0.00070178,-0.0903781,0.0267646,0.000179326,0.0102855,0.0948928,1,0
1.5GPa,Data/Cell_29_integrated/1p5GPa.xy,5.227012,0.000496336,0.000496336,0.0136486,,,,raw,1,C,100,0,0.0495323,-0.00375881,0.000496336,,,0,-0.000525183,0.000132785,-0.000316662,-0.000316662,0.000963559,-0.328638,0.0260302,-0.000161594,0.0136486,0.0316309,1,0
1.5GPa,Data/Cell_29_integrated/1p5GPa.xy,5.416797,0.000122802,0.000122802,0.00929802,,,,raw,1,C,100,0,0.05292,-0.00752897,0.000122802,,,0,-0.00091462,-0.000673359,-0.000591053,-0.000673359,0.000342157,-1.96798,0.0115082,-0.000142259,0.00929802,0.0316309,0,0
1.5GPa,Data/Cell_29_integrated/1p5GPa.xy,5.669845,0.000891901,0.000891901,0.0430196,,,,shoulder,1,C,100.001,0,0.0578928,-0.00737875,0.000891901,,,0,-0.0296997,-0.017571,0.00987079,-0.017571,0.0263889,-0.665849,0.347518,0.000420925,0.0430196,0.0158155,1,0
1.5GPa,Data/Cell_29_integrated/1p5GPa.xy,6.413172,0.00879962,0.000466132,0.0117475,,,,raw,1,C,100.691,0,0.0675185,0.00849271,0.000466132,,,0,-0.000432975,6.3127e-05,0.000137329,6.3127e-05,0.000914568,0.0690238,0.0121748,0.000139735,0.0117475,0.0158155,0,0
1.5GPa,Data/Cell_29_integrated/1p5GPa.xy,6.444802,2.93197,2.93197,0,,,,matched,1,C,102.932,0,0.0666291,0.0176649,0,w2:2.93197;w5:1.77181,2,2.93197,-0.00159015,-0.000807454,-0.000470753,-0.000807454,0.00110722,-0.729261,0.0187051,-0.000484729,0,0.0158155,0,0
1.5GPa,Data/Cell_29_integrated/1p5GPa.xy,6.666219,10.8393,10.8393,0,,,,matched,1,C,110.839,0,0.0723714,0.0441269,0,w3:5.31745;w5:10.8393,5,10.8393,-0.000581442,-0.000291575,0.00169206,-0.000291575,0.0021975,-0.132685,0.0222117,-0.000202286,0,0.0158155,1,0
1.5GPa,Data/Cell_29_integrated/1p5GPa.xy,6.745296,13.9893,13.9893,0,,,,matched,1,C,113.989,0,0.0719021,0.0208425,0,w8:13.9893,8,13.9893,-0.011502,-0.00589325,0.00101231,-0.00589325,0.00846989,-0.695788,0.112724,-0.000310397,0,0.0948928,1,0
1.5GPa,Data/Cell_29_integrated/1p5GPa.xy,6.776927,0.0129915,0.000234479,0.0329179,,,,shoulder,1,C,100,0,0.0748572,0.0129915,0.000234479,,,0,-0.0106688,-0.00336578,-0.00028082,-0.00336578,0.00966892,-0.348102,0.11112,-0.000157516,0.0329179,0.0316309,1,0
1.5GPa,Data/Cell_29_integrated/1p5GPa.xy,6.950897,0.00021376,0.00021376,0.00833988,,,,raw,1,C,100,0,0.0809162,-0.0304519,0.00021376,,,0,-0.00633054,-0.00124869,-0.000765007,-0.00124869,0.00536599,-0.232705,-0.0497561,-0.00274818,0.00833988,0.0632619,0,0
1.5GPa,Data/Cell_29_integrated/1p5GPa.xy,7.235576,1.67878,1.67878,0,,,,matched,1,C,101.679,0,0.0790214,-0.101772,0,w5:1.67878,5,1.67878,-0.00144571,-0.000764416,-0.00114289,-0.00114289,0.00036574,-3.12485,0.0161573,-0.000243624,0,0.0632619,0,0
1.5GPa,Data/Cell_29_integrated/1p5GPa.xy,7.267207,7.39123e-05,7.39123e-05,0.0236234,,,,shoulder,1,C,100,0,0.0810847,-0.106064,7.39123e-05,,,0,-0.000483889,0.000532646,-0.000437708,-0.000437708,0.000395035,-1.10802,0.0149919,8.71947e-05,0.0236234,0.0316309,1,0
1.5GPa,Data/Cell_29_integrated/1p5GPa.xy,7.393730,0.000136111,0.000136111,0.0278901,,,,shoulder,1,C,100,0,0.0836004,-0.122578,0.000136111,,,0,-0.00468253,-0.00443722,0.00889911,-0.00443722,0.00972559,-0.456242,0.0842717,4.90563e-05,0.0278901,0.0158155,1,0
1.5GPa,Data/Cell_29_integrated/1p5GPa.xy,7.409546,0.000759,0.000759,0.0302981,,,,raw,1,C,100.001,0,0.0836777,-0.124457,0.000759,,,0,-0.0240709,-0.0188614,0.0285354,-0.0188614,0.0367061,-0.51385,0.330976,8.1515e-07,0.0302981,0.0474464,1,0
1.5GPa,Data/Cell_29_integrated/1p5GPa.xy,7.472808,0.00390715,0.00390715,0.513042,,,,shoulder,1,C,100.004,0,0.0849387,-0.130324,0.00390715,,,0,-0.186882,-0.117903,0.0679048,-0.117903,0.142415,-0.827885,2.03234,0.00103968,0.513042,0.0158155,1,0
1.5GPa,Data/Cell_29_integrated/1p5GPa.xy,7.488623,0.0023666,0.0023666,0.0466405,,,,raw,1,C,100.002,0,0.0850369,-0.133114,0.0023666,,,0,-0.204335,-0.116963,0.042166,-0.116963,0.139527,-0.838279,1.99279,0.00103727,0.0466405,0.0158155,1,0
1.5GPa,Data/Cell_29_integrated/1p5GPa.xy,7.947272,0.00335978,0.00335978,0.014792,,,,shoulder,1,C,100.003,0,0.0962196,-0.130418,0.00335978,,,0,-0.337422,0.073679,-0.227476,-0.227476,0.235479,-0.966015,-3.46468,-8.50778e-05,0.014792,0.0790773,1,0
1.5GPa,Data/Cell_29_integrated/1p5GPa.xy,8.152873,0.000507566,0.000507566,0.0399195,,,,shoulder,1,C,100.001,0,0.0941766,-0.108914,0.000507566,,,0,-0.00894796,0.00186905,-0.00567,-0.00567,0.00548105,-1.03447,-0.0767881,0.000108469,0.0399195,0.0790773,1,0
1.5GPa,Data/Cell_29_integrated/1p5GPa.xy,8.168688,0.000405214,0.000405214,0.0353664,,,,raw,1,C,100,0,0.0944313,-0.0879606,0.000405214,,,0,-0.00790921,0.00278781,-0.00628608,-0.00628608,0.0063491,-0.990074,-0.0696148,-6.72587e-05,0.0353664,0.0158155,1,0
1.5GPa,Data/Cell_29_integrated/1p5GPa.xy,8.311027,99.1021,99.1021,0,,,,matched,1,C,199.102,0,0.0961654,0.0306105,0,w8:99.1021,8,99.1021,-0.00143643,-0.000996167,-0.000482991,-0.000996167,0.000833975,-1.19448,0.0199664,-0.000386365,0,0.0474464,0,0
1.5GPa,Data/Cell_29_integrated/1p5GPa.xy,8.342658,0.0122015,0.000872694,0.0560498,,,,shoulder,1,C,101.706,0,0.0973637,0.0122015,0.000872694,,,0,-0.000669735,0.000190916,0.000360853,0.000190916,0.00111936,0.170558,0.0232806,0.000334602,0.0560498,0.0158155,1,0
1.5GPa,Data/Cell_29_integrated/1p5GPa.xy,8.453367,0.00100419,0.00100419,0.102559,,,,shoulder,1,C,103.719,0,0.101329,-0.0459457,0.00100419,,,0,-1.75491e-05,0.000559756,0.00112413,0.000559756,0.00150571,0.371755,0.0439873,0.000400201,0.102559,0.0948928,1,0
1.5GPa,Data/Cell_29_integrated/1p5GPa.xy,8.469182,0.245211,0.245211,0,,,,matched,1,C,100.876,0,0.101855,-0.0533515,0,w2:0.245211,2,0.245211,-0.000419406,0.000139865,0.00106595,0.000139865,0.00221766,0.0630688,0.0480714,0.00011165,0,0.0158155,0,0
1.5GPa,Data/Cell_29_integrated/1p5GPa.xy,8.500813,0.000143458,0.000143458,0.0266342,,,,shoulder,1,C,100,0,0.102346,-0.0671406,0.000143458,,,0,-0.000892521,-0.00016304,0.00101504,-0.00016304,0.00157216,-0.103704,0.0504173,0.000109416,0.0266342,0.0158155,1,0
1.5GPa,Data/Cell_29_integrated/1p5GPa.xy,8.516629,0.000772111,0.000772111,0.0144191,,,,raw,1,C,100.001,0,0.104028,-0.0738194,0.000772111,,,0,-0.00110243,-0.000426322,0.000603806,-0.000426322,0.00151526,-0.281352,0.0487995,8.40838e-05,0.0144191,0.0474464,1,0
1.5GPa,Data/Cell_29_integrated/1p5GPa.xy,8.706414,1.88144,1.88144,0,,,,matched,1,C,101.881,0,0.106405,-0.133678,0,w5:1.88144,5,1.88144,-0.00135216,-0.000500333,0.000398173,-0.000500333,0.00278965,-0.179353,-0.00589184,-0.000225013,0,0.0474464,1,0
1.5GPa,Data/Cell_29_integrated/1p5GPa.xy,8.722230,0.000152942,0.000152942,0.0286704,,,,shoulder,1,C,100,0,0.105705,-0.137724,0.000152942,,,0,-0.00246736,-0.00090134,-0.000416384,-0.00090134,0.00264977,-0.340157,-0.00740092,-0.000191328,0.0286704,0.0158155,1,0
1.5GPa,Data/Cell_29_integrated/1p5GPa.xy,8.753861,2.08758,2.08758,0,,,,matched,1,C,102.088,0,0.104936,-0.145277,0,w3:2.08758,3,2.08758,-0.00366616,-0.00122763,-0.00116537,-0.00122763,0.00292468,-0.419747,-0.00750202,-0.000296533,0,0.0316309,0,0
1.5GPa,Data/Cell_29_integrated/1p5GPa.xy,8.769676,1.54701,1.54701,0,,,,matched,1,C,101.547,0,0.105063,-0.149885,0,w2:1.54701,2,1.54701,-0.00330756,-0.000339668,-0.000883663,-0.000883663,0.00269907,-0.327395,-0.00398761,9.5266e-06,0,0.0158155,0,0
1.5GPa,Data/Cell_29_integrated/1p5GPa.xy,8.785491,0.00104004,0.00104004,0.0293912,,,,raw;shoulder,2,C,200.001,0,0.106246,-0.158313,0.00104004,,,0,-0.00295986,1.80372e-05,-0.00114124,-0.00114124,0.00242415,-0.470782,0.00182875,0.000121807,0.0293912,0.0948928,1,0
1.5GPa,Data/Cell_29_integrated/1p5GPa.xy,8.817122,2.88597,2.88597,0,,,,matched,1,C,102.886,0,0.105206,-0.181233,0,w8:2.88597,8,2.88597,-0.00256358,-0.000346719,-0.00249208,-0.00249208,0.000918514,-2.71316,0.0150622,-0.000321886,0,0.0316309,0,0
1.5GPa,Data/Cell_29_integrated/1p5GPa.xy,8.943646,4.88415,4.88415,0,,,,matched,1,C,104.884,0,0.110534,-0.207877,0,w5:4.88415,5,4.88415,-0.000445804,-0.000488363,0.0019907,-0.000488363,0.00132316,-0.369087,0.0418907,2.23673e-05,0,0.0158155,1,0
1.5GPa,Data/Cell_29_integrated/1p5GPa.xy,8.991093,0.000155137,0.000155137,0.00902841,,,,raw,1,C,100,0,0.111351,-0.230521,0.000155137,,,0,-0.00386789,-0.00293623,0.00123002,-0.00293623,0.00194066,-1.51301,0.060779,-3.2942e-05,0.00902841,0.0158155,1,0
1.5GPa,Data/Cell_29_integrated/1p5GPa.xy,9.196694,0.000402412,0.000402412,0.0135735,,,,raw,1,C,100,0,0.121773,-0.308885,0.000402412,,,0,-0.164992,-0.129068,0.134791,-0.129068,0.287695,-0.448628,2.11789,-0.00103732,0.0135735,0.0632619,1,0
1.5GPa,Data/Cell_29_integrated/1p5GPa.xy,9.212509,0.000134376,0.000134376,0.00985691,,,,shoulder,1,C,100,0,0.121371,-0.312002,0.000134376,,,0,-0.386439,-0.286216,0.309723,-0.286216,0.549101,-0.521245,4.82344,-0.000902949,0.00985691,0.0158155,1,0
1.5GPa,Data/Cell_29_integrated/1p5GPa.xy,9.244140,0.000306944,0.000306944,0.00848116,,,,shoulder,1,C,100,0,0.124509,-0.314408,0.000306944,,,0,-0.979352,-0.660183,0.429733,-0.660183,1.05714,-0.624498,11.3103,-0.00114116,0.00848116,0.0316309,1,0
1.5GPa,Data/Cell_29_integrated/1p5GPa.xy,9.275771,0.120788,0.120788,1.38526,,,,shoulder,1,C,100.121,0,0.134975,-0.31096,0.120788,,,0,-1.31993,-0.752401,0.176684,-0.752401,0.966338,-0.77861,13.0116,0.0190338,1.38526,0.0158155,1,0
1.5GPa,Data/Cell_29_integrated/1p5GPa.xy,9.528818,0.00105515,0.00105515,0.00958037,,,,shoulder,1,C,100.001,0,0.135976,-0.301476,0.00105515,,,0,-1.19238,0.447003,-0.754911,-0.754911,1.03282,-0.730922,-12.9706,0.000214441,0.00958037,0.0158155,1,0
1.5GPa,Data/Cell_29_integrated/1p5GPa.xy,9.560449,0.000249365,0.000249365,0.0104316,,,,shoulder,1,C,100,0,0.130016,-0.291733,0.000249365,,,0,-0.674287,0.449931,-0.478702,-0.478702,0.772811,-0.61943,-8.2445,-5.94111e-05,0.0104316,0.0316309,1,0
1.5GPa,Data/Cell_29_integrated/1p5GPa.xy,9.576265,1.81588e-05,1.81588e-05,0.00803551,,,,raw,1,C,100,0,0.130034,-0.285648,1.81588e-05,,,0,-0.381581,0.321502,-0.280061,-0.280061,0.653829,-0.42834,-4.84492,-0.000308776,0.00803551,0.0158155,1,0
1.5GPa,Data/Cell_29_integrated/1p5GPa.xy,9.639527,3.77581,3.77581,0,,,,matched,1,C,103.776,0,0.125523,-0.27708,0,w3:3.77581,3,3.77581,-0.00543772,-0.000111556,-0.00328533,-0.00328533,0.00439962,-0.74673,-0.0557225,-0.000537962,0,0.0316309,0,0
1.5GPa,Data/Cell_29_integrated/1p5GPa.xy,9.671158,0.00150387,0.00150387,0.0324805,,,,raw,1,C,100.002,0,0.127027,-0.273541,0.00150387,,,0,-0.00267724,-1.42566e-05,-0.000401415,-0.000401415,0.00251187,-0.159807,-0.0211523,0.000157675,0.0324805,0.0158155,0,0
1.5GPa,Data/Cell_29_integrated/1p5GPa.xy,10.256330,4.89252e-05,4.89252e-05,0.0126756,,,,shoulder,1,C,100,0,0.105044,-0.132406,4.89252e-05,,,0,-0.000935068,-0.000595242,0.000193514,-0.000595242,0.00107361,-0.554432,-0.0138039,-0.000106329,0.0126756,0.0316309,1,0
1.5GPa,Data/Cell_29_integrated/1p5GPa.xy,10.287961,0.000628447,0.000628447,0.014279,,,,raw,1,C,100.001,0,0.104571,-0.12155,0.000628447,,,0,-0.00214409,-0.00161976,0.000465931,-0.00161976,0.00174275,-0.929425,-0.000487878,-0.000166314,0.014279,0.0316309,1,0
1.5GPa,Data/Cell_29_integrated/1p5GPa.xy,10.461931,16.0928,16.0928,0.0734918,,,,matched;shoulder,2,C,216.093,0,0.114898,-0.0248788,0.000563603,w8:16.0928,8,16.0928,-0.0119627,-0.00339598,-0.00145144,-0.00339598,0.0108806,-0.312113,0.221737,-0.000229211,0.0734918,0.0790773,1,0
1.5GPa,Data/Cell_29_integrated/1p5GPa.xy,10.509377,39.0475,39.0475,0,,,,matched,1,C,139.047,0,0.125711,0.0146912,0,w5:39.0475,5,39.0475,-0.00932058,-0.00222079,-0.00480698,-0.00480698,0.00774588,-0.620586,0.255124,-0.0014147,0,0.0316309,0,0
1.5GPa,Data/Cell_29_integrated/1p5GPa.xy,10.556824,31.7415,31.7415,0,,,,matched,1,C,131.741,0,0.147271,0.0425541,0,w2:31.7415,2,31.7415,-0.00934319,-0.00164768,0.0163027,-0.00164768,0.0205684,-0.0801073,0.443969,0.000167988,0,0.0158155,1,0
1.5GPa,Data/Cell_29_integrated/1p5GPa.xy,10.604270,0.0611313,0.0611313,1.17911,,,,shoulder,1,C,100.061,0,0.167865,-0.0555426,0.0611313,,,0,-0.0824624,-0.0555747,0.0681767,-0.0555747,0.109161,-0.509109,1.39745,0.00254987,1.17911,0.0158155,1,0
1.5GPa,Data/Cell_29_integrated/1p5GPa.xy,10.873133,12.3821,12.3821,0,,,,matched,1,C,112.382,0,0.164802,-0.137077,0,w2:12.3821,2,12.3821,-0.507739,-0.222859,0.0879634,-0.222859,0.505641,-0.440747,2.69441,0.000658626,0,0.0316309,1,0
1.5GPa,Data/Cell_29_integrated/1p5GPa.xy,10.888948,0.0611927,0.0611927,0.0821761,,,,shoulder,1,C,100.061,0,0.172048,-0.130881,0.0611927,,,0,-0.576996,-0.191437,0.0664263,-0.191437,0.472565,-0.405102,3.38518,0.0030764,0.0821761,0.0158155,1,0
1.5GPa,Data/Cell_29_integrated/1p5GPa.xy,11.189442,0.00207812,0.00207812,0.0932456,,,,shoulder,1,C,100.002,0,0.11961,-0.173759,0.00207812,,,0,-0.312152,0.157907,-0.202988,-0.202988,0.348125,-0.583089,-3.55533,-0.000745294,0.0932456,0.0316309,1,0
1.5GPa,Data/Cell_29_integrated/1p5GPa.xy,11.221073,0.25393,0.25393,0,,,,matched,1,C,100.254,0,0.115577,-0.17509,0,w2:0.25393,2,0.25393,-0.114516,0.0698248,-0.0772522,-0.0772522,0.146726,-0.526508,-1.23452,-0.000997897,0,0.0948928,1,0
1.5GPa,Data/Cell_29_integrated/1p5GPa.xy,11.442490,1.39032e-06,1.39032e-06,0.00792403,,,,shoulder,1,C,100,0,0.103724,-0.151182,1.39032e-06,,,0,-0.0177127,-0.00505637,-0.00911723,-0.00911723,0.00979532,-0.930774,-0.0815234,-0.000956321,0.00792403,0.0158155,1,0
1.5GPa,Data/Cell_29_integrated/1p5GPa.xy,11.458305,6.48343e-05,6.48343e-05,0.00877291,,,,raw,1,C,100,0,0.103789,-0.14774,6.48343e-05,,,0,-0.0174764,-0.00227734,-0.0109418,-0.0109418,0.00928271,-1.17873,-0.0778496,-0.000957712,0.00877291,0.0632619,0,0
1.5GPa,Data/Cell_29_integrated/1p5GPa.xy,11.521567,0.00290922,0.00290922,0.231069,,,,shoulder,1,C,100.003,0,0.110694,-0.12577,0.00290922,,,0,-0.00440867,0.00405566,-0.00288675,-0.00288675,0.00697681,-0.413763,0.0246454,0.000499721,0.231069,0.0158155,1,0
1.5GPa,Data/Cell_29_integrated/1p5GPa.xy,11.537383,0.924063,0.924063,0,,,,matched,1,C,100.924,0,0.111391,-0.12076,0,w2:0.924063,2,0.924063,-0.00250536,0.00269899,-0.00159796,-0.00159796,0.00464383,-0.344103,0.0527002,0.000151393,0,0.0316309,1,0
1.5GPa,Data/Cell_29_integrated/1p5GPa.xy,11.569014,0.977819,0.977819,0,,,,matched,1,C,100.978,0,0.113645,-0.109967,0,w3:0.977819,3,0.977819,-0.0012031,-1.29419e-05,4.84308e-05,-1.29419e-05,0.00101257,-0.0127812,0.088106,-8.79843e-05,0,0.205601,1,0
1.5GPa,Data/Cell_29_integrated/1p5GPa.xy,11.600644,0.000170536,0.000170536,0.0330996,,,,shoulder,1,C,100,0,0.116443,-0.0983291,0.000170536,,,0,-0.00293641,-0.00245714,0.0016554,-0.00245714,0.00351786,-0.698475,0.122325,4.83557e-05,0.0330996,0.0316309,1,0
1.5GPa,Data/Cell_29_integrated/1p5GPa.xy,11.663906,0.000263495,0.000263495,0.0206665,,,,shoulder,1,C,100,0,0.122506,-0.0733285,0.000263495,,,0,-0.0064062,-0.00301755,0.000638617,-0.00301755,0.00468654,-0.643876,0.145776,4.53643e-05,0.0206665,0.0948928,1,0
1.5GPa,Data/Cell_29_integrated/1p5GPa.xy,11.885323,0.000184094,0.000184094,0.0244983,,,,shoulder,1,C,100,0,0.122591,-0.000198476,0.000184094,,,0,-0.0121768,-0.00287486,-0.00441142,-0.00441142,0.0097515,-0.452384,-0.088696,-0.00050454,0.0244983,0.0316309,1,0
1.5GPa,Data/Cell_29_integrated/1p5GPa.xy,11.916954,0.995816,0.995816,0,,,,matched,1,C,100.996,0,0.120023,0.00737968,0,w2:0.995816,2,0.995816,-0.0127699,0.00024066,-0.0082684,-0.0082684,0.00706209,-1.17081,-0.0842436,-0.000688635,0,0.110708,1,0
1.5GPa,Data/Cell_29_integrated/1p5GPa.xy,11.932769,0.517272,0.517272,0,,,,matched,1,C,100.517,0,0.120559,0.00956318,0,w3:0.517272,3,0.517272,-0.0108597,0.00138427,-0.00796462,-0.00796462,0.00766078,-1.03966,-0.0682268,-0.000641584,0,0.0158155,1,0
1.5GPa,Data/Cell_29_integrated/1p5GPa.xy,11.980216,0.0124054,0.000581958,0.135529,,,,shoulder,1,C,100.001,0,0.123688,0.0124054,0.000581958,,,0,-0.00155957,0.00288951,-0.00214214,-0.00214214,0.00124097,-1.72618,-0.00334354,0.000322711,0.135529,0.0474464,1,0
1.5GPa,Data/Cell_29_integrated/1p5GPa.xy,12.138370,31.7955,31.7955,0.0170987,,,,matched;shoulder,2,C,231.796,0,0.125259,0.0580089,7.61332e-05,w8:31.7955,8,31.7955,-0.00105189,-0.000718404,4.43585e-05,-0.000718404,0.000456236,-1.57463,0.0114277,-6.61883e-05,0.0170987,0.0316309,1,0
1.5GPa,Data/Cell_29_integrated/1p5GPa.xy,12.154186,12.5669,12.5669,0,,,,matched,1,C,112.567,0,0.126043,0.062174,0,w5:12.5669,5,12.5669,-0.00142788,-0.000965681,-0.000589569,-0.000965681,0.00042125,-2.29241,0.0116854,-0.000131692,0,0.0158155,0,0
1.5GPa,Data/Cell_29_integrated/1p5GPa.xy,12.185817,6.55034,6.55034,0.0111134,,,,matched;shoulder,2,C,206.55,0,0.125839,0.0644456,1.95745e-05,w2:6.55034,2,6.55034,-0.0015473,-0.000475048,-0.00117985,-0.00117985,0.000769086,-1.5341,0.0141406,-0.000158572,0.0111134,0.0158155,1,0
1.5GPa,Data/Cell_29_integrated/1p5GPa.xy,12.470495,0.00183722,0.00183722,0.0414037,,,,raw,1,C,100.43,0,0.130718,-0.00275978,0.00183722,,,0,-0.000512699,3.8632e-05,0.000398651,3.8632e-05,0.000901544,0.0428509,0.00816326,0.000221836,0.0414037,0.0158155,0,0
1.5GPa,Data/Cell_29_integrated/1p5GPa.xy,12.549572,0.000212963,0.000212963,0.0269154,,,,shoulder,1,C,100,0,0.131546,-0.00503399,0.000212963,,,0,-2.62309e-05,0.000556538,-6.80365e-05,-6.80365e-05,0.000519265,-0.131025,0.0139641,0.000219524,0.0269154,0.0158155,1,0
1.5GPa,Data/Cell_29_integrated/1p5GPa.xy,12.786804,0.00042858,0.00042858,0.0291136,,,,shoulder,1,C,100,0,0.135028,-0.00602187,0.00042858,,,0,-0.00783653,-0.00428879,-0.00100128,-0.00428879,0.00568212,-0.754788,0.092665,-0.000126296,0.0291136,0.0790773,1,0
1.5GPa,Data/Cell_29_integrated/1p5GPa.xy,13.024036,0.000610297,0.000610297,0.0357963,,,,shoulder,1,C,100.001,0,0.137786,-0.00787154,0.000610297,,,0,-0.00817571,-0.00133698,-0.00352642,-0.00352642,0.00675357,-0.522155,-0.0662342,-0.000156494,0.0357963,0.110708,1,0
1.5GPa,Data/Cell_29_integrated/1p5GPa.xy,13.103114,0.000408836,0.000408836,0.0265099,,,,raw,1,C,100,0,0.138642,-0.00974274,0.000408836,,,0,-0.00354076,0.000770661,-0.000918789,-0.000918789,0.00346408,-0.265233,0.00550506,0.000244451,0.0265099,0.0158155,1,0
1.5GPa,Data/Cell_29_integrated/1p5GPa.xy,13.118929,0.000554193,0.000554193,0.0516082,,,,shoulder,1,C,100.001,0,0.138622,-0.00959882,0.000554193,,,0,-0.00258771,0.000571576,-0.000246198,-0.000246198,0.00347453,-0.0708579,0.0203996,0.000246493,0.0516082,0.0632619,1,0
1.5GPa,Data/Cell_29_integrated/1p5GPa.xy,13.150560,0.000364095,0.000364095,0.0100431,,,,raw,1,C,100,0,0.139581,-0.0102091,0.000364095,,,0,-0.00254577,-0.000711862,-0.0015031,-0.0015031,0.00215607,-0.69715,0.0358415,-0.0003077,0.0100431,0.0316309,0,0
1.5GPa,Data/Cell_29_integrated/1p5GPa.xy,13.245453,0.805443,0.805443,0,,,,matched,1,C,100.805,0,0.145464,-0.00565921,0,w2:0.805443,2,0.805443,-0.012699,-0.00774146,0.0101601,-0.00774146,0.0185068,-0.418303,0.220033,0.000367656,0,0.0474464,1,0
1.5GPa,Data/Cell_29_integrated/1p5GPa.xy,13.261268,0.00219692,0.00219692,0.233455,,,,shoulder,1,C,100.002,0,0.147233,-0.00485005,0.00219692,,,0,-0.017695,-0.0109935,0.00984956,-0.0109935,0.0214398,-0.51276,0.274836,0.000540783,0.233455,0.0158155,1,0
1.5GPa,Data/Cell_29_integrated/1p5GPa.xy,13.277084,0.000762278,0.000762278,0.033852,,,,raw,1,C,100.001,0,0.14772,-0.00492433,0.000762278,,,0,-0.0220731,-0.0136771,0.00625974,-0.0136771,0.0168947,-0.809548,0.299735,0.00052975,0.033852,0.0158155,1,0
1.5GPa,Data/Cell_29_integrated/1p5GPa.xy,13.545947,4.84002e-05,4.84002e-05,0.011378,,,,shoulder,1,C,100,0,0.142025,-0.0138219,4.84002e-05,,,0,-0.0262353,0.00516803,-0.0171825,-0.0171825,0.018595,-0.924041,-0.286329,-0.000324917,0.011378,0.0316309,1,0
1.5GPa,Data/Cell_29_integrated/1p5GPa.xy,13.577578,0.000408213,0.000408213,0.0148701,,,,raw,1,C,100,0,0.142621,-0.0140994,0.000408213,,,0,-0.0152977,0.00849749,-0.00994476,-0.00994476,0.0195959,-0.507492,-0.176343,-0.000108699,0.0148701,0.0316309,1,0
1.5GPa,Data/Cell_29_integrated/1p5GPa.xy,13.893887,0.00295747,0.00295747,0.105667,,,,shoulder,1,C,100.003,0,0.143941,-0.0118437,0.00295747,,,0,-0.0127318,-0.00600684,0.00368891,-0.00600684,0.0182564,-0.329027,0.028705,0.000494205,0.105667,0.0158155,1,0
1.5GPa,Data/Cell_29_integrated/1p5GPa.xy,13.909703,0.577797,0.577797,0,,,,matched,1,C,100.578,0,0.143131,-0.0127879,0,w2:0.577797,2,0.577797,-0.0175585,-0.00607235,0.00376815,-0.00607235,0.0200698,-0.302561,0.0694348,7.38107e-05,0,0.0316309,1,0
1.5GPa,Data/Cell_29_integrated/1p5GPa.xy,13.957149,0.000161241,0.000161241,0.00988377,,,,shoulder,1,C,100,0,0.141967,-0.0136964,0.000161241,,,0,-0.0224606,-0.00980274,-0.000682498,-0.00980274,0.0153895,-0.636975,0.136913,-0.000303721,0.00988377,0.0474464,1,0
1.5GPa,Data/Cell_29_integrated/1p5GPa.xy,14.162750,0.000654088,0.000654088,0.0136459,,,,shoulder,1,C,100.001,0,0.151012,0.000107028,0.000654088,,,0,-0.00835886,0.000179709,-0.00301518,-0.00301518,0.00481212,-0.62658,-0.135731,-0.000102815,0.0136459,0.0316309,1,0
1.5GPa,Data/Cell_29_integrated/1p5GPa.xy,14.194381,0.00195578,0.00195578,0.0276564,,,,raw,1,C,100.002,0,0.152968,-0.00300111,0.00195578,,,0,-0.0114394,0.00189728,-0.00511705,-0.00511705,0.0124934,-0.409581,-0.180195,-0.000284642,0.0276564,0.0158155,1,0
1.5GPa,Data/Cell_29_integrated/1p5GPa.xy,14.210196,0.00223085,0.00223085,0.0450018,,,,shoulder,1,C,100.002,0,0.151758,-0.0029484,0.00223085,,,0,-0.0096868,0.00446357,-0.00408321,-0.00408321,0.013975,-0.292179,-0.174936,0.000776979,0.0450018,0.0158155,1,0
1.5GPa,Data/Cell_29_integrated/1p5GPa.xy,14.226012,0.496332,0.496332,0,,,,matched,1,C,100.496,0,0.149056,-0.00485618,0,w2:0.496332,2,0.496332,-0.00861032,0.00371249,-0.00420761,-0.00420761,0.0117108,-0.359292,-0.1474,0.000374549,0,0.0316309,1,0
1.5GPa,Data/Cell_29_integrated/1p5GPa.xy,14.289274,3.15649e-05,3.15649e-05,0.00823008,,,,raw,1,C,100,0,0.1451,-0.00855909,3.15649e-05,,,0,-0.00359687,-0.00131905,-0.0013712,-0.0013712,0.00207169,-0.661872,-0.0425173,-1.3017e-05,0.00823008,0.0158155,0,0
1.5GPa,Data/Cell_29_integrated/1p5GPa.xy,14.305089,0.000272831,0.000272831,0.0309463,,,,shoulder,1,C,100,0,0.144325,-0.00864715,0.000272831,,,0,-0.00331662,-0.00023925,-0.00109684,-0.00109684,0.00221264,-0.495716,-0.0325907,6.8098e-05,0.0309463,0.0316309,1,0
1.5GPa,Data/Cell_29_integrated/1p5GPa.xy,14.336720,0.406888,0.406888,0,,,,matched,1,C,100.407,0,0.143717,-0.00898668,0,w3:0.406888,3,0.406888,-0.00399586,-0.000967824,-0.000673788,-0.000967824,0.00248078,-0.390129,-0.00521489,-0.000204733,0,0.0632619,0,0
1.5GPa,Data/Cell_29_integrated/1p5GPa.xy,14.415797,0.000765818,0.000765818,0.0161064,,,,raw,1,C,100.001,0,0.144698,-0.00723247,0.000765818,,,0,-0.00433207,-0.00156731,-0.000835659,-0.00156731,0.00357062,-0.438947,0.0322944,-0.000234307,0.0161064,0.0158155,0,0
1.5GPa,Data/Cell_29_integrated/1p5GPa.xy,14.763738,0.000673375,0.000673375,0.0230762,,,,shoulder,1,C,100.001,0,0.144641,-0.00619454,0.000673375,,,0,-0.00755551,-0.00205547,-0.00134291,-0.00205547,0.00602111,-0.341377,0.0836719,-0.000268016,0.0230762,0.0790773,1,0
1.5GPa,Data/Cell_29_integrated/1p5GPa.xy,15.080047,0.000216625,6.66698e-05,0.00992638,,,,shoulder,1,C,100,0,0.146165,0.000216625,6.66698e-05,,,0,-0.000813047,-0.00100217,0.00556813,-0.00100217,0.00494634,-0.202608,0.0107974,0.000246547,0.00992638,0.0316309,1,0
1.5GPa,Data/Cell_29_integrated/1p5GPa.xy,15.143309,1.37666e-05,1.37666e-05,0.00811779,,,,raw,1,C,100,0,0.140787,-0.0049372,1.37666e-05,,,0,-0.00853905,-0.00547581,-0.00201599,-0.00547581,0.00326115,-1.6791,0.00390421,-0.000756293,0.00811779,0.0632619,0,0
1.5GPa,Data/Cell_29_integrated/1p5GPa.xy,15.317279,0.000192733,0.000192733,0.00872549,,,,raw,1,C,100,0,0.141419,-0.00562974,0.000192733,,,0,-0.00351762,0.000415323,-0.00137441,-0.00137441,0.00359828,-0.381962,-0.0456056,-0.000542829,0.00872549,0.0158155,1,0
1.5GPa,Data/Cell_29_integrated/1p5GPa.xy,15.333094,0.000359987,0.000359987,0.0148299,,,,shoulder,1,C,100,0,0.139555,-0.00606486,0.000359987,,,0,-0.00383672,0.000545644,-0.00260141,-0.00260141,0.00131692,-1.97537,-0.0562228,-5.71062e-05,0.0148299,0.0632619,1,0
1.5GPa,Data/Cell_29_integrated/1p5GPa.xy,15.507065,0.000712489,0.000712489,0.0132986,,,,raw,1,C,100.001,0,0.134477,-0.0102325,0.000712489,,,0,-0.0135537,-0.00906207,0.00522403,-0.00906207,0.0116844,-0.775573,0.108262,5.78097e-05,0.0132986,0.0948928,1,0
1.5GPa,Data/Cell_29_integrated/1p5GPa.xy,15.522880,0.000623159,0.000623159,0.0421351,,,,shoulder,1,C,100.001,0,0.13333,-0.0101707,0.000623159,,,0,-0.0166972,-0.00963981,0.00366559,-0.00963981,0.0121127,-0.795846,0.134332,0.000177906,0.0421351,0.0158155,1,0
1.5GPa,Data/Cell_29_integrated/1p5GPa.xy,15.775928,0.000646733,0.000646733,0.0294134,,,,shoulder,1,C,100.001,0,0.131386,-0.00797296,0.000646733,,,0,-0.0163562,0.00217759,-0.00743135,-0.00743135,0.0131275,-0.566092,-0.184713,0.000155766,0.0294134,0.0790773,1,0
1.5GPa,Data/Cell_29_integrated/1p5GPa.xy,15.870820,7.81748e-05,7.81748e-05,0.00944732,,,,raw,1,C,100,0,0.127362,-0.00890521,7.81748e-05,,,0,-0.00274561,0.000571343,-0.00235141,-0.00235141,0.00273907,-0.858468,-0.0347185,-9.50046e-05,0.00944732,0.0158155,1,0
1.5GPa,Data/Cell_29_integrated/1p5GPa.xy,15.934082,0.000966861,0.000966861,0.12487,,,,shoulder,1,C,100.001,0,0.127434,-0.00603102,0.000966861,,,0,-0.00110012,-0.000202911,0.00124366,-0.000202911,0.00231732,-0.0875626,0.00600727,0.000254779,0.12487,0.0158155,1,0
1.5GPa,Data/Cell_29_integrated/1p5GPa.xy,15.965713,0.301164,0.301164,0,,,,matched,1,C,100.301,0,0.126232,-0.00603389,0,w5:0.301164,5,0.301164,-0.00250947,-0.0019732,0.000351993,-0.0019732,0.00104352,-1.89091,0.0159509,-0.000244396,0,0.0316309,1,0
1.5GPa,Data/Cell_29_integrated/1p5GPa.xy,16.013160,0.000425684,0.000425684,0.0130992,,,,raw,1,C,100,0,0.127092,-0.00476384,0.000425684,,,0,-0.00387546,-0.00208339,-0.0010604,-0.00208339,0.001723,-1.20916,0.0312858,-0.000375929,0.0130992,0.0158155,0,0
1.5GPa,Data/Cell_29_integrated/1p5GPa.xy,16.076421,1.66552,1.66552,0,,,,matched,1,C,101.911,0,0.133206,0.00210909,0,w2:1.66552,2,1.66552,-0.00373689,0.000180567,0.00380756,0.000180567,0.00736045,0.0245321,0.0996477,0.00103288,0,0.0158155,0,0
1.5GPa,Data/Cell_29_integrated/1p5GPa.xy,16.471808,0.407157,0.407157,0.0158362,,,,matched;raw,2,C,200.408,0,0.112549,-0.00792681,0.00103017,w5:0.407157,5,0.407157,-0.00146311,-0.00116128,-0.000195697,-0.00116128,0.000622182,-1.86646,-0.0212947,-0.000136379,0.0158362,0.0474464,0,0
1.5GPa,Data/Cell_29_integrated/1p5GPa.xy,16.487623,0.000188596,0.000188596,0.0185765,,,,shoulder,1,C,100,0,0.111522,-0.00787645,0.000188596,,,0,-0.0014937,-0.00091912,-0.000896237,-0.00091912,0.000516286,-1.78025,-0.020542,3.41157e-05,0.0185765,0.0158155,1,0
1.5GPa,Data/Cell_29_integrated/1p5GPa.xy,16.566701,1.0332,1.0332,0,,,,matched,1,C,101.033,0,0.111985,-0.00552864,0,w2:1.0332,2,1.0332,-0.00265701,-0.000677584,0.00282518,-0.000677584,0.00476314,-0.142256,0.0274807,0.0003473,0,0.0158155,1,0
1.5GPa,Data/Cell_29_integrated/1p5GPa.xy,16.883010,3.83335e-05,3.83335e-05,0.00919865,,,,raw,1,C,100,0,0.102827,-0.00679343,3.83335e-05,,,0,-0.00600821,0.00214103,-0.00302934,-0.00302934,0.00681513,-0.444502,-0.074479,1.52209e-05,0.00919865,0.0158155,1,0
1.5GPa,Data/Cell_29_integrated/1p5GPa.xy,16.898826,0.00228328,0.00228328,0.184892,,,,shoulder,1,C,100.002,0,0.102592,-0.00680895,0.00228328,,,0,-0.00492871,0.00167687,-0.00150888,-0.00150888,0.00646433,-0.233416,-0.0502691,0.000223895,0.184892,0.0158155,1,0
1.5GPa,Data/Cell_29_integrated/1p5GPa.xy,16.914641,0.697268,0.697268,0.00958587,,,,matched;raw,2,C,200.697,0,0.102736,-0.0068565,0.000143337,w2:0.697268;w3:0.683217,2,0.697268,-0.00453464,0.000298814,-8.45401e-05,-8.45401e-05,0.00227423,-0.037173,-0.0196501,0.000188054,0.00958587,0.0632619,1,0
1.5GPa,Data/Cell_29_integrated/1p5GPa.xy,16.993718,0.000779601,0.000779601,0.026799,,,,raw,1,C,100.001,0,0.102071,-0.00612142,0.000779601,,,0,-0.0066318,-0.00291428,-0.000658237,-0.00291428,0.00493265,-0.590815,0.0457826,-4.83173e-05,0.026799,0.0158155,0,0
1.5GPa,Data/Cell_29_integrated/1p5GPa.xy,17.215135,5.74429e-05,5.74429e-05,0.00821809,,,,raw,1,C,100,0,0.0965832,-0.00482865,5.74429e-05,,,0,-0.00763854,-0.000525504,-0.00364798,-0.00364798,0.00624548,-0.5841,-0.0868612,-0.000120515,0.00821809,0.0158155,0,0
1.5GPa,Data/Cell_29_integrated/1p5GPa.xy,17.230950,0.000266541,0.000266541,0.0790536,,,,shoulder,1,C,100,0,0.0951196,-0.00500296,0.000266541,,,0,-0.00737281,0.00100073,-0.0036071,-0.0036071,0.00657382,-0.548707,-0.0838402,-2.83098e-07,0.0790536,0.0316309,1,0
1.5GPa,Data/Cell_29_integrated/1p5GPa.xy,17.246766,2.39605e-05,2.39605e-05,0.00827819,,,,raw,1,C,100,0,0.0951435,-0.00501796,2.39605e-05,,,0,-0.00648251,0.0014944,-0.0030697,-0.0030697,0.00684868,-0.448218,-0.0730575,-5.34479e-05,0.00827819,0.0158155,1,0
1.5GPa,Data/Cell_29_integrated/1p5GPa.xy,17.262581,0.778552,0.778552,0,,,,matched,1,C,100.779,0,0.0946321,-0.0051634,0,w2:0.778552,2,0.778552,-0.00549406,0.00108159,-0.00248678,-0.00248678,0.00614366,-0.404771,-0.0555984,-3.38832e-05,0,0.0158155,1,0
1.5GPa,Data/Cell_29_integrated/1p5GPa.xy,17.294212,0.855941,0.855941,0,,,,matched,1,C,100.856,0,0.0938513,-0.00533073,0,w3:0.855941,3,0.855941,-0.00416223,-0.000695263,-0.0013149,-0.0013149,0.00228997,-0.574199,-0.0109445,-0.00013753,0,0.0158155,0,0
1.5GPa,Data/Cell_29_integrated/1p5GPa.xy,17.310028,2.62058e-05,2.62058e-05,0.00903802,,,,raw,1,C,100,0,0.0938775,-0.00525589,2.62058e-05,,,0,-0.00442085,-0.00186078,-0.000617806,-0.00186078,0.00302064,-0.616021,0.0127212,-0.000266824,0.00903802,0.0158155,0,0
1.5GPa,Data/Cell_29_integrated/1p5GPa.xy,17.373290,0.00205771,0.00205771,0.217125,,,,shoulder,1,C,100.002,0,0.0951946,-0.00305916,0.00205771,,,0,-0.00735056,-0.00318661,0.000862412,-0.00318661,0.0064017,-0.497776,0.0802365,0.000102887,0.217125,0.0790773,1,0
1.5GPa,Data/Cell_29_integrated/1p5GPa.xy,17.626337,0.000287543,0.000287543,0.0349101,,,,shoulder,1,C,100,0,0.0914226,-0.00562787,0.000287543,,,0,-0.00836298,-0.00222565,-0.00262908,-0.00262908,0.00697503,-0.376927,-0.109037,-0.000195671,0.0349101,0.0948928,1,0
1.5GPa,Data/Cell_29_integrated/1p5GPa.xy,17.721230,0.272009,0.272009,0,,,,matched,1,C,100.272,0,0.0883574,-0.00723686,0,w3:0.272009,3,0.272009,-0.00508564,-0.000244005,-0.000112252,-0.000244005,0.00609001,-0.0400665,0.00531791,9.83667e-05,0,0.0158155,0,0
1.5GPa,Data/Cell_29_integrated/1p5GPa.xy,17.752861,0.00159893,0.00159893,0.0342901,,,,raw,1,C,100.002,0,0.0895931,-0.00626161,0.00159893,,,0,-0.00451259,-0.000620637,0.000920693,-0.000620637,0.00473858,-0.130975,0.0301549,0.000293267,0.0342901,0.0158155,1,0
1.5GPa,Data/Cell_29_integrated/1p5GPa.xy,18.401295,0.00206666,0.00137593,0.0482157,,,,raw,1,C,100.001,0,0.0882934,0.00169618,0.00137593,,,0,-0.0054644,0.00443115,-0.00527265,-0.00527265,0.00336139,-1.56859,-0.0988624,0.000169594,0.0482157,0.0158155,1,0
1.5GPa,Data/Cell_29_integrated/1p5GPa.xy,18.670158,0.407947,0.407947,0,,,,matched,1,C,100.408,0,0.0771527,-0.00262896,0,w3:0.407947,3,0.407947,-0.000764648,0.000467107,-0.000279718,-0.000279718,0.00154777,-0.180723,-0.0199929,-4.59813e-05,0,0.0316309,1,0
1.5GPa,Data/Cell_29_integrated/1p5GPa.xy,18.701789,0.000891881,0.000891881,0.0301969,,,,raw;shoulder,2,C,202.874,0,0.0780446,-0.00279007,0.000891881,,,0,1.43547e-05,0.000303918,0.000282219,0.000282219,0.000982277,0.287311,-0.0157666,5.69592e-05,0.0301969,0.0632619,1,0
1.5GPa,Data/Cell_29_integrated/1p5GPa.xy,19.840502,0.000958108,0.000958108,0.0240146,,,,raw,1,C,100.001,0,0.0580626,-0.0313713,0.000958108,,,0,-0.00196426,-0.000995888,-0.000733676,-0.000995888,0.00121673,-0.818496,-0.0111122,3.02636e-05,0.0240146,0.0158155,0,0
1.5GPa,Data/Cell_29_integrated/1p5GPa.xy,20.251704,0.000488811,0.000488811,0.0210098,,,,shoulder,1,C,100,0,0.0568644,-0.0273259,0.000488811,,,0,-0.0986517,0.0367791,-0.0644667,-0.0644667,0.0906265,-0.711345,-1.13561,4.66263e-06,0.0210098,0.0474464,1,0
1.5GPa,Data/Cell_29_integrated/1p5GPa.xy,21.010847,0.00199236,0.00199236,0.0757239,,,,raw,1,C,100.002,0,0.0362452,-0.00285658,0.00199236,,,0,-0.00121363,-0.000670731,-0.000730079,-0.000730079,0.000770581,-0.947438,-0.0223284,-0.000187707,0.0757239,0.0316309,0,0
1.5GPa,Data/Cell_29_integrated/1p5GPa.xy,21.074109,0.00342742,0.000591506,0.0100947,,,,raw,1,C,100.001,0,0.0358649,0.0023897,0.000591506,,,0,-0.000582387,0.000108105,-0.000215595,-0.000215595,0.000958595,-0.224908,-0.0154241,-5.3837e-05,0.0100947,0.0316309,1,0
1.5GPa,Data/Cell_29_integrated/1p5GPa.xy,21.358787,0.00145517,0.00145517,0.0192536,,,,raw,1,C,100.001,0,0.0283454,-0.00139645,0.00145517,,,0,-0.00270897,-0.00200878,-0.00139523,-0.00200878,0.000796106,-2.52325,-0.0243597,-0.000205563,0.0192536,0.0158155,0,0
1.5GPa,Data/Cell_29_integrated/1p5GPa.xy,21.406233,9.14826e-05,9.14826e-05,0.00890387,,,,raw,1,C,100,0,0.0272587,-0.00138224,9.14826e-05,,,0,-0.00151018,0.000205968,-0.000879991,-0.000879991,0.00157584,-0.558427,-0.0191609,-0.00050289,0.00890387,0.0316309,1,0
1.5GPa,Data/Cell_29_integrated/1p5GPa.xy,22.260269,5.57221e-06,5.57221e-06,0.00996799,,,,raw,1,C,100.59,0,0.0132055,-0.00025634,5.57221e-06,,,0,0.00027358,0.000125653,0.00147306,0.000125653,0.00213084,0.0589687,-0.0201249,-0.000141902,0.00996799,0.0316309,0,0
1.5GPa,Data/Cell_29_integrated/1p5GPa.xy,22.576578,0.988227,0.988227,0.0105952,,,,matched;raw,2,C,200.988,0,0.00873604,0.0003627,0.00022202,w8:0.988227,8,0.988227,-0.00049808,0.000167225,-2.02027e-05,-2.02027e-05,0.00210398,-0.00960216,-0.0180067,-0.000415794,0.0105952,0.0316309,1,0
1.5GPa,Data/Cell_29_integrated/1p5GPa.xy,22.734733,0.000368934,0.000368934,0.0193878,,,,shoulder,1,C,100,0,0.0029858,-0.00289958,0.000368934,,,0,-0.00333932,-0.00171499,-0.00027892,-0.00171499,0.00259599,-0.660631,-0.0263626,-0.000190785,0.0193878,0.0158155,1,0
1.5GPa,Data/Cell_29_integrated/1p5GPa.xy,22.750548,0.0008554,0.0008554,0.0101536,,,,raw,1,C,100.001,0,0.0038412,-0.00373406,0.0008554,,,0,-0.00461513,-0.00304282,-0.00133505,-0.00304282,0.0020172,-1.50844,-0.0210176,-0.000746323,0.0101536,0.0474464,0,0
1.5GPa,Data/Cell_29_integrated/1p5GPa.xy,22.987780,1.87618,1.87618,0,,,,matched,1,C,101.876,0,-0.00255117,9.548e-05,0,w8:1.87618,8,1.87618,-0.00141819,-3.41259e-05,0.000207298,-3.41259e-05,0.0046701,-0.00730731,-0.0154617,-0.00197193,0,0.0316309,1,0
1.5GPa,Data/Cell_29_integrated/1p5GPa.xy,23.240828,0.00122332,0.00122332,0.0739694,,,,shoulder,1,C,100.001,0,-0.00521544,-0.00360296,0.00122332,,,0,-0.00222517,-0.000619205,0.000396485,-0.000619205,0.00284767,-0.217442,-0.0180912,0.000279459,0.0739694,0.0158155,1,0
1.5GPa,Data/Cell_29_integrated/1p5GPa.xy,23.256643,0.0052926,0.0052926,0.0172227,,,,raw,1,C,100.005,0,-0.0017688,-0.00433151,0.0052926,,,0,-0.00287284,-0.000902327,-0.000483268,-0.000902327,0.00284767,-0.316864,-0.0188232,-0.000237084,0.0172227,0.0316309,0,0
1.5GPa,Data/Cell_29_integrated/1p5GPa.xy,23.272458,0.000457086,0.000457086,0.0239385,,,,shoulder,1,C,100,0,-0.0100079,-0.00415264,0.000457086,,,0,-0.00288712,-0.000419726,-0.00121235,-0.00121235,0.00253322,-0.47858,-0.018206,0.000220002,0.0239385,0.0158155,1,0
1.5GPa,Data/Cell_29_integrated/1p5GPa.xy,23.304089,0.00529561,0.00529561,0.0344493,,,,raw,1,C,100.005,0,-0.00471227,-0.00558515,0.00529561,,,0,-0.00420155,-0.00163405,-0.00316892,-0.00316892,0.00258078,-1.22789,-0.0110192,-0.00121312,0.0344493,0.0632619,0,0
1.5GPa,Data/Cell_29_integrated/1p5GPa.xy,23.509690,0.00368641,0.00368641,0.0130888,,,,raw,1,C,100.004,0,-0.00377973,-0.00246162,0.00368641,,,0,-0.0017793,-0.0015022,0.00118305,-0.0015022,0.00173013,-0.86826,-0.010463,9.12332e-06,0.0130888,0.0316309,1,0
1.5GPa,Data/Cell_29_integrated/1p5GPa.xy,23.525506,0.000298906,0.000298906,0.0104724,,,,shoulder,1,C,100,0,-0.00940625,-0.00305029,0.000298906,,,0,-0.00321851,-0.00226383,0.000301805,-0.00226383,0.00183773,-1.23186,-0.00247519,0.000308029,0.0104724,0.0158155,1,0
1.5GPa,Data/Cell_29_integrated/1p5GPa.xy,23.557137,0.00326746,0.00326746,0.0143863,,,,raw,1,C,100.003,0,-0.00921892,-0.00638002,0.00326746,,,0,-0.00814478,-0.00689974,-0.0041259,-0.00689974,0.00195339,-3.5322,0.0198132,-0.00233295,0.0143863,0.0474464,0,0
10.4GPa,Data/Cell_14_integrated/10p4GPa.xy,2.861951,0.000663893,0.000663893,0.00748724,,,,raw,1,C,100.001,0,-0.0475202,-0.00402663,0.000663893,,,0,-0.00420939,0.00400568,-0.00398757,-0.00398757,0.00495991,-0.80396,0.0701665,3.90612e-05,0.00748724,0.0560935,1,0
10.4GPa,Data/Cell_14_integrated/10p4GPa.xy,3.268629,0.00130559,0.00130559,0.0119755,,,,raw,1,C,100.001,0,-0.0291854,-0.00732959,0.00130559,,,0,-0.0041855,-0.0023444,0.000717649,-0.0023444,0.00551662,-0.42497,-0.0370576,-0.000288092,0.0119755,0.0280467,1,0
10.4GPa,Data/Cell_14_integrated/10p4GPa.xy,3.324722,0.000311052,0.000311052,0.00813213,,,,raw,1,C,100,0,-0.0323059,-0.0131552,0.000311052,,,0,-0.00936606,-0.003501,-0.00161266,-0.003501,0.0080741,-0.433609,0.00825001,-7.96382e-06,0.00813213,0.0280467,0,0
10.4GPa,Data/Cell_14_integrated/10p4GPa.xy,3.997844,0.000344853,0.000344853,0.00862725,,,,raw,1,C,100,0,0.00389678,-0.0021045,0.000344853,,,0,-0.00520227,-0.00409934,-0.00294477,-0.00409934,0.00154509,-2.65314,-0.00763842,-0.000792058,0.00862725,0.0280467,0,0
10.4GPa,Data/Cell_14_integrated/10p4GPa.xy,4.025891,0.000637581,0.000637581,0.0102988,,,,raw,1,C,100.001,0,0.00491194,-0.00140733,0.000637581,,,0,-0.00345192,5.82349e-05,-0.00139617,-0.00139617,0.00270263,-0.516598,0.000890131,-0.000222347,0.0102988,0.0280467,1,0
10.4GPa,Data/Cell_14_integrated/10p4GPa.xy,4.208195,0.367722,0.367722,0,,,,matched,1,C,100.368,0,0.00841759,-0.00181959,0,w5:0.367722,5,0.367722,-0.0017658,-0.000838606,-0.000778804,-0.000838606,0.00244531,-0.342945,0.035024,-0.00166596,0,0.0280467,0,0
10.4GPa,Data/Cell_14_integrated/10p4GPa.xy,4.713037,0.000455543,0.000455543,0.0130413,,,,raw;shoulder,2,C,200,0,0.0170856,-0.00240246,0.000455543,,,0,-0.00176713,0.000103861,-0.00159444,-0.00159444,0.00161958,-0.984476,0.0172849,-0.000317245,0.0130413,0.0420701,1,0
10.4GPa,Data/Cell_14_integrated/10p4GPa.xy,5.231901,0.00116622,0.00116622,0.0538097,,,,raw,1,C,100.001,0,0.02874,0.00022396,0.00116622,,,0,-0.000938955,-0.00100119,0.000568153,-0.00100119,0.00342024,-0.292725,0.0235801,-0.000495478,0.0538097,0.0280467,1,0
10.4GPa,Data/Cell_14_integrated/10p4GPa.xy,5.372135,0.00605949,0.000840039,0.0233195,,,,raw,1,C,100.001,0,0.0332698,0.00573118,0.000840039,,,0,-0.0022367,-0.000885258,0.00115064,-0.000885258,0.00286066,-0.309459,0.0592681,0.000225561,0.0233195,0.0280467,1,0
10.4GPa,Data/Cell_14_integrated/10p4GPa.xy,5.652603,0.026853,0.000819568,0.0156325,,,,raw,1,C,100.001,0,0.039494,0.0263751,0.000819568,,,0,-0.00299305,-0.000828417,-0.00230585,-0.00230585,0.00159595,-1.44481,0.0232927,-0.000365408,0.0156325,0.0701169,0,0
10.4GPa,Data/Cell_14_integrated/10p4GPa.xy,5.764790,14.8131,14.8131,0,,,,matched,1,C,114.813,0,0.0440884,0.0275497,0,w3:4.42648;w5:8.06916;w8:14.8131,8,14.8131,-0.000326231,0.000377458,-0.000404969,-0.000404969,0.00157463,-0.257183,0.0356835,-0.000494646,0,0.0280467,1,0
10.4GPa,Data/Cell_14_integrated/10p4GPa.xy,6.045257,0.000460187,0.000460187,0.00989488,,,,raw,1,C,100,0,0.0612501,-0.0820974,0.000460187,,,0,-0.00187748,-0.00109065,-0.00133207,-0.00133207,0.000831021,-1.60293,0.105216,-0.000986995,0.00989488,0.0280467,0,0
10.4GPa,Data/Cell_14_integrated/10p4GPa.xy,6.171467,0.000956799,0.000956799,0.0469425,,,,shoulder,1,C,100.001,0,0.0768399,-0.121411,0.000956799,,,0,-0.00416522,-0.00250734,0.00271632,-0.00250734,0.00470152,-0.533305,0.167837,0.00046042,0.0469425,0.0701169,1,0
10.4GPa,Data/Cell_14_integrated/10p4GPa.xy,6.367795,0.00248073,0.00248073,0.0359999,,,,shoulder,1,C,100.002,0,0.152767,-0.111963,0.00248073,,,0,-0.0485533,-0.0214099,-0.0020694,-0.0214099,0.0417533,-0.512771,1.08135,-0.00041314,0.0359999,0.0841402,1,0
10.4GPa,Data/Cell_14_integrated/10p4GPa.xy,6.451935,0.000358732,0.000358732,0.0219999,,,,shoulder,1,C,100,0,0.266149,-0.0177117,0.000358732,,,0,-0.029817,0.00475281,-0.0219999,-0.0219999,0.0353734,-0.621933,1.46872,-0.00292918,0.0219999,0.0841402,1,0
10.4GPa,Data/Cell_14_integrated/10p4GPa.xy,7.026893,0.00101208,0.00101208,0.0448146,,,,shoulder,1,C,100.001,0,0.144674,-0.138454,0.00101208,,,0,-0.0320624,0.00429886,-0.0153076,-0.0153076,0.0293782,-0.521054,-0.626935,-0.000205933,0.0448146,0.154257,1,0
10.4GPa,Data/Cell_14_integrated/10p4GPa.xy,7.097010,0.000467776,0.000467776,0.00862219,,,,raw,1,C,100,0,0.123923,-0.144035,0.000467776,,,0,-0.0133379,-0.00161005,-0.00528717,-0.00528717,0.0105616,-0.500605,-0.257157,-0.000361291,0.00862219,0.0280467,0,0
10.4GPa,Data/Cell_14_integrated/10p4GPa.xy,7.125057,0.000911544,0.000911544,0.0389512,,,,shoulder,1,C,100.001,0,0.119356,-0.140536,0.000911544,,,0,-0.00980486,0.000390432,-0.00294595,-0.00294595,0.010123,-0.291015,-0.185471,0.000216286,0.0389512,0.0560935,1,0
10.4GPa,Data/Cell_14_integrated/10p4GPa.xy,7.181150,0.000496084,0.000496084,0,,,,raw;shoulder,2,C,200,0,0.110678,-0.13147,0.000496084,,,0,-0.00763601,-0.0021961,-0.00425137,-0.00425137,0.0049517,-0.858567,-0.0938016,-0.000140175,0,0.0841402,1,0
10.4GPa,Data/Cell_14_integrated/10p4GPa.xy,7.223221,0.000140497,0.000140497,0.00791582,,,,raw,1,C,100,0,0.109994,-0.11959,0.000140497,,,0,-0.00454016,0.000377764,-0.00385354,-0.00385354,0.00183829,-2.09627,-0.051653,-0.000561996,0.00791582,0.0420701,1,0
10.4GPa,Data/Cell_14_integrated/10p4GPa.xy,7.685992,25.4103,25.4103,0,,,,matched,1,C,125.41,0,0.121933,0.0321283,0,w8:25.4103,8,25.4103,-0.00117529,-0.000848264,0.00114246,-0.000848264,0.00339656,-0.249742,0.0490625,-0.00144735,0,0.0420701,1,0
10.4GPa,Data/Cell_14_integrated/10p4GPa.xy,8.092670,0.018788,0.00125385,0.0297413,,,,shoulder,1,C,100.001,0,0.147748,0.018788,0.00125385,,,0,-0.00211213,0.00211485,-0.00122777,-0.00122777,0.00325141,-0.37761,0.131177,0.000756689,0.0297413,0.0981636,1,0
10.4GPa,Data/Cell_14_integrated/10p4GPa.xy,8.401184,0.00536268,0.0030556,0.279759,,,,shoulder,1,C,100.003,0,0.14549,0.00536268,0.0030556,,,0,-0.00196076,-0.00165737,0.00282084,-0.00165737,0.00114182,-1.45152,-0.115124,0.00108329,0.279759,0.0560935,1,0
10.4GPa,Data/Cell_14_integrated/10p4GPa.xy,8.892002,0.00140666,0.00140666,0.0654993,,,,shoulder,1,C,100.001,0,0.175547,-0.0385248,0.00140666,,,0,-0.00996305,-0.00550547,0.000514672,-0.00550547,0.00755719,-0.728508,0.346636,-1.02834e-05,0.0654993,0.0841402,1,0
10.4GPa,Data/Cell_14_integrated/10p4GPa.xy,8.976142,0.000254272,0.000254272,0.024923,,,,shoulder,1,C,100,0,0.205542,-0.00259428,0.000254272,,,0,-0.017924,-0.00661,-0.00646539,-0.00661,0.011862,-0.557242,0.540827,-0.000526144,0.024923,0.0841402,1,0
10.4GPa,Data/Cell_14_integrated/10p4GPa.xy,9.663288,0.00145206,0.00145206,0.0141368,,,,raw,1,C,100.001,0,0.289931,-0.135993,0.00145206,,,0,-0.0470647,0.00457387,-0.0255679,-0.0255679,0.0487708,-0.524247,-0.274218,-0.00121909,0.0141368,0.0420701,1,0
10.4GPa,Data/Cell_14_integrated/10p4GPa.xy,9.775475,0.000215064,0.000215064,0.0136249,,,,shoulder,1,C,100,0,0.314466,-0.133093,0.000215064,,,0,-0.05711,-0.0313392,0.00266184,-0.0313392,0.046831,-0.669198,0.856565,-0.00143826,0.0136249,0.0701169,1,0
10.4GPa,Data/Cell_14_integrated/10p4GPa.xy,9.873638,0.00201438,0.00201438,0.0339909,,,,shoulder,1,C,100.002,0,0.440397,-0.0580484,0.00201438,,,0,-0.103502,-0.0312573,-0.0342621,-0.0342621,0.077463,-0.442303,2.25261,-0.00307454,0.0339909,0.16828,1,0
10.4GPa,Data/Cell_14_integrated/10p4GPa.xy,10.322386,0.985933,0.985933,0.040414,,,,matched;shoulder,2,C,200.989,0,0.318266,-0.295392,0.00267333,w2:0.985933,2,0.985933,-0.0747612,-0.00595102,-0.028183,-0.028183,0.0637964,-0.441765,-1.15468,-0.00108061,0.040414,0.154257,1,0
10.4GPa,Data/Cell_14_integrated/10p4GPa.xy,10.364456,5.30977,5.30977,0,,,,matched,1,C,105.31,0,0.284442,-0.325465,0,w3:5.30977;w5:4.54134,3,5.30977,-0.0635836,-0.0142325,-0.025329,-0.025329,0.0472864,-0.53565,-0.56558,-0.00375393,0,0.0420701,0,0
10.4GPa,Data/Cell_14_integrated/10p4GPa.xy,10.406527,0.00611762,0.00611762,0.0242517,,,,raw;shoulder,2,C,200.006,0,0.282121,-0.323917,0.00611762,,,0,-0.0557812,-0.0125586,-0.00681749,-0.0125586,0.0482394,-0.260339,-0.0195612,0.000331055,0.0242517,0.0701169,1,0
10.4GPa,Data/Cell_14_integrated/10p4GPa.xy,10.616877,0.253225,0.00382176,0.0236515,,,,shoulder,1,C,100.004,0,0.784317,0.253225,0.00382176,,,0,0.013765,0.11471,-0.0422036,-0.0422036,0.163452,-0.258202,3.72293,0.00238767,0.0236515,0.0841402,1,0
10.4GPa,Data/Cell_14_integrated/10p4GPa.xy,11.107695,49.116,49.116,0,,,,matched;shoulder,2,C,249.117,0,0.232812,-0.272648,0.000661558,w2:1.16079;w3:30.1846;w5:49.116;w8:38.9361,5,49.116,-0.0223746,-0.0024635,-0.0104715,-0.0104715,0.0177202,-0.590937,-0.216079,-0.00108538,0,0.154257,1,0
10.4GPa,Data/Cell_14_integrated/10p4GPa.xy,11.177812,0.00163394,0.00163394,0,,,,raw;shoulder,2,C,200.002,0,0.232413,-0.290971,0.00163394,,,0,-0.0138959,-0.00211544,-0.00220163,-0.00220163,0.0135858,-0.162054,0.0436547,9.26183e-05,0,0.0701169,1,0
10.4GPa,Data/Cell_14_integrated/10p4GPa.xy,11.626560,0.372785,0.0352352,0.0371752,,,,micro;raw;shoulder,3,C,300.035,0,0.776661,0.372785,0.0352352,,,0,-0.0354835,0.109166,-0.00836041,-0.00836041,0.0603747,-0.138475,-2.63598,0.0165643,0.0371752,0.0701169,1,0
10.4GPa,Data/Cell_14_integrated/10p4GPa.xy,11.668630,16.5116,16.5116,0,,,,matched,1,C,116.512,0,0.697006,0.314784,0,w2:15.4873;w3:16.5116,3,16.5116,-0.0414206,0.127512,-0.00167696,-0.00167696,0.145156,-0.0115528,-3.34944,0.00766411,0,0.0420701,1,0
10.4GPa,Data/Cell_14_integrated/10p4GPa.xy,11.766794,0.495602,0.495602,0,,,,matched;shoulder,2,C,200.498,0,0.422624,0.0408012,0.00201034,w2:0.495602,2,0.495602,-0.0675187,-0.0260052,-0.0198624,-0.0260052,0.0473645,-0.549044,-1.81593,-0.00233752,0,0.140234,1,0
10.4GPa,Data/Cell_14_integrated/10p4GPa.xy,11.864957,0.00242234,0.00242234,0.0382206,,,,shoulder,1,C,100.002,0,0.308565,-0.0922151,0.00242234,,,0,-0.033425,0.00346053,-0.0142391,-0.0142391,0.0282375,-0.504261,-0.941794,0.000515108,0.0382206,0.0981636,1,0
10.4GPa,Data/Cell_14_integrated/10p4GPa.xy,12.103355,0.419375,0.419375,0,,,,matched;raw,2,C,200.419,0,0.211232,-0.133821,4.75315e-05,w3:0.419375,3,0.419375,-0.00696553,-0.00175135,-0.00201367,-0.00201367,0.00499252,-0.403337,-0.170633,-0.000955531,0,0.0420701,0,0
10.4GPa,Data/Cell_14_integrated/10p4GPa.xy,12.131402,0.00155967,0.00155967,0.0376472,,,,shoulder,1,C,100.002,0,0.210749,-0.126234,0.00155967,,,0,-0.00500815,-0.00212893,0.000330531,-0.00212893,0.00418575,-0.508612,-0.129022,0.00060414,0.0376472,0.0280467,1,0
10.4GPa,Data/Cell_14_integrated/10p4GPa.xy,12.201518,0.00154178,0.00154178,0.0137642,,,,raw;shoulder,2,C,200.002,0,0.202627,-0.105601,0.00154178,,,0,-0.00607389,-0.00206306,-0.00448779,-0.00448779,0.00384385,-1.16752,-0.0695742,-0.000323517,0.0137642,0.0420701,1,0
10.4GPa,Data/Cell_14_integrated/10p4GPa.xy,12.271635,0.000412805,0.000412805,0.0229149,,,,raw,1,C,100.039,0,0.201934,-0.0721435,0.000412805,,,0,-0.000164172,0.00174332,7.94704e-06,7.94704e-06,0.00203547,0.00390427,-0.0303463,0.000163009,0.0229149,0.0280467,0,0
10.4GPa,Data/Cell_14_integrated/10p4GPa.xy,12.383822,4.86299e-05,4.86299e-05,0.00727539,,,,raw,1,C,100,0,0.197593,-0.0207127,4.86299e-05,,,0,-0.00453571,-0.00398636,-0.00374472,-0.00398636,0.000858733,-4.64214,0.00504976,-0.000904609,0.00727539,0.0560935,0,0
10.4GPa,Data/Cell_14_integrated/10p4GPa.xy,12.664290,0.0292085,0.000262472,0.00915449,,,,raw,1,C,100,0,0.202351,0.0285754,0.000262472,,,0,-0.00232124,-0.0019234,-0.00156883,-0.0019234,0.000679241,-2.83168,0.00381889,-0.000713612,0.00915449,0.0420701,0,0
10.4GPa,Data/Cell_14_integrated/10p4GPa.xy,12.888664,0.000104599,0.000104599,0.00765444,,,,raw,1,C,100,0,0.204176,-0.00179634,0.000104599,,,0,-0.00253771,-0.00195975,-0.000916053,-0.00195975,0.00104257,-1.87973,0.0139947,-0.000580614,0.00765444,0.0420701,0,0
10.4GPa,Data/Cell_14_integrated/10p4GPa.xy,13.113038,0.748675,0.748675,0,,,,matched;raw;shoulder,3,C,300.752,0,0.209151,-0.0033443,0.00321082,w2:0.748675;w3:0.63374,2,0.748675,-0.00174016,-4.75641e-05,0.000447945,-4.75641e-05,0.0038035,-0.0125053,0.036185,0.000162891,0,0.0560935,1,0
10.4GPa,Data/Cell_14_integrated/10p4GPa.xy,13.225225,0.000427328,0.000427328,0.0212347,,,,shoulder,1,C,100,0,0.213904,-0.00226503,0.000427328,,,0,-0.0133106,-0.00689131,-0.00393262,-0.00689131,0.00801787,-0.859494,0.162773,-0.000725551,0.0212347,0.0560935,1,0
10.4GPa,Data/Cell_14_integrated/10p4GPa.xy,13.449599,0.00447093,0.00117625,0.0183547,,,,raw;shoulder,2,C,200.001,0,0.221878,0.00351553,0.00117625,,,0,-0.0134442,0.000411607,-0.0105835,-0.0105835,0.0064631,-1.63753,-0.0928687,-0.000432732,0.0183547,0.0560935,1,0
10.4GPa,Data/Cell_14_integrated/10p4GPa.xy,13.912370,0.000613266,0.000613266,0.0101008,,,,raw,1,C,100.001,0,0.198396,-0.01594,0.000613266,,,0,-0.00377444,-0.00165253,-0.00326643,-0.00326643,0.00187475,-1.74233,1.97917e-05,-0.000620907,0.0101008,0.0420701,0,0
10.4GPa,Data/Cell_14_integrated/10p4GPa.xy,14.080651,0.000505122,0.000505122,0.0221692,,,,raw,1,C,100.001,0,0.203495,-0.0129021,0.000505122,,,0,-0.0169577,-0.00870182,0.00693087,-0.00870182,0.0112583,-0.772927,0.0654815,-0.0108553,0.0221692,0.0280467,1,0
10.4GPa,Data/Cell_14_integrated/10p4GPa.xy,14.192838,0.000292029,0.000292029,0.0113414,,,,raw,1,C,100,0,0.198149,-0.0158056,0.000292029,,,0,-0.024863,-0.00207927,-0.0128291,-0.0128291,0.0148787,-0.862244,-0.0786957,-0.0119013,0.0113414,0.0280467,0,0
10.4GPa,Data/Cell_14_integrated/10p4GPa.xy,14.936076,0.000352642,0.000352642,0.00781796,,,,raw,1,C,100,0,0.195603,-0.00683975,0.000352642,,,0,-0.0048964,-0.0018847,-0.00114097,-0.0018847,0.00423691,-0.444828,-0.0191384,-0.000298214,0.00781796,0.0280467,0,0
10.4GPa,Data/Cell_14_integrated/10p4GPa.xy,15.286661,0.00619031,0.00117585,0.0416384,,,,shoulder,1,C,100.001,0,0.194494,0.00619031,0.00117585,,,0,-0.00293921,-0.000910096,0.00101156,-0.000910096,0.00423444,-0.214927,-0.161052,0.000368836,0.0416384,0.0841402,1,0
10.4GPa,Data/Cell_14_integrated/10p4GPa.xy,15.370801,0.00101628,0.00101628,0.0198323,,,,raw,1,C,100.001,0,0.182616,-0.00217299,0.00101628,,,0,-0.00505846,0.000408692,-0.00279581,-0.00279581,0.00329565,-0.848333,-0.115343,-6.95503e-05,0.0198323,0.0280467,1,0
10.4GPa,Data/Cell_14_integrated/10p4GPa.xy,15.497011,0.00126787,0.00126787,0.0209604,,,,raw;shoulder,2,C,200.001,0,0.174757,-0.00357344,0.00126787,,,0,-0.00104475,0.000433292,-0.00104498,-0.00104498,0.000515929,-2.02542,-0.0440232,5.78779e-05,0.0209604,0.0280467,1,0
10.4GPa,Data/Cell_14_integrated/10p4GPa.xy,15.679315,0.000246345,0.000246345,0.0117888,,,,raw,1,C,100,0,0.166738,-0.00666192,0.000246345,,,0,-0.00111401,-0.000807565,2.71949e-05,-0.000807565,0.000853952,-0.945678,-0.0389219,-0.000174367,0.0117888,0.0280467,1,0
10.4GPa,Data/Cell_14_integrated/10p4GPa.xy,15.707362,0.000741397,0.000741397,0.0105135,,,,raw;shoulder,2,C,200.001,0,0.167014,-0.00695502,0.000741397,,,0,-0.000784558,-4.76929e-05,0.000480914,-4.76929e-05,0.00064213,-0.0742728,-0.0358596,0.000305654,0.0105135,0.0701169,1,0
10.4GPa,Data/Cell_14_integrated/10p4GPa.xy,16.338414,0.0135309,0.00115826,0.0386248,,,,shoulder,1,C,100.001,0,0.180847,0.0135309,0.00115826,,,0,0.00128842,0.00285544,-0.000170681,-0.000170681,0.00262824,-0.064941,0.109407,0.000632167,0.0386248,0.112187,1,0
10.4GPa,Data/Cell_14_integrated/10p4GPa.xy,16.590835,0.00532308,0.00104738,0.037744,,,,shoulder,1,C,100.001,0,0.171359,0.00532308,0.00104738,,,0,-0.00420113,-0.00259508,0.000215469,-0.00259508,0.00309131,-0.839475,-0.129172,0.000304362,0.037744,0.0701169,1,0
10.4GPa,Data/Cell_14_integrated/10p4GPa.xy,16.688998,0.000458838,0.000458838,0.00832296,,,,raw,1,C,100,0,0.163654,-0.00158265,0.000458838,,,0,-0.000939818,0.0010883,-0.000467658,-0.000467658,0.00334474,-0.139819,-0.081645,-8.23563e-05,0.00832296,0.0280467,1,0
10.4GPa,Data/Cell_14_integrated/10p4GPa.xy,16.885326,0.000341558,0.000341558,0.0138397,,,,raw,1,C,100,0,0.150345,-0.00917278,0.000341558,,,0,-0.0021828,-0.000837011,-0.00110282,-0.00110282,0.00172591,-0.638977,-0.0409362,-0.000484957,0.0138397,0.0280467,0,0
10.4GPa,Data/Cell_14_integrated/10p4GPa.xy,16.913372,0.000600434,0.000600434,0.0109261,,,,raw;shoulder,2,C,200.001,0,0.150595,-0.00870117,0.000600434,,,0,-0.0011595,0.000179333,-5.07156e-05,-5.07156e-05,0.00192372,-0.0263632,-0.0312164,-4.2106e-05,0.0109261,0.0420701,1,0
10.4GPa,Data/Cell_14_integrated/10p4GPa.xy,17.292003,0.205808,0.205808,0,,,,matched;raw;shoulder,3,C,300.208,0,0.144112,-0.00294265,0.00185538,w2:0.205808,2,0.205808,-0.00115506,-0.000209796,0.000423622,-0.000209796,0.00201357,-0.104191,-0.0539786,0.000286292,0,0.0560935,1,0
10.4GPa,Data/Cell_14_integrated/10p4GPa.xy,17.586494,0.000955023,0.000955023,0.0219505,,,,raw;shoulder,2,C,200.001,0,0.138338,-0.00193567,0.000955023,,,0,-0.00275327,-0.00113329,-0.00153106,-0.00153106,0.00175127,-0.874257,-0.00428017,-0.0001672,0.0219505,0.0280467,1,0
10.4GPa,Data/Cell_14_integrated/10p4GPa.xy,17.642588,0.463605,0.463605,0,,,,matched,1,C,100.464,0,0.140513,0.00158387,0,w3:0.463605,3,0.463605,-0.00583935,-0.00200775,0.00355299,-0.00200775,0.0107936,-0.186013,0.0812499,0.000170733,0,0.0280467,1,0
10.4GPa,Data/Cell_14_integrated/10p4GPa.xy,17.866962,0.00875159,0.00395226,0.0267322,,,,shoulder,1,C,105.833,0,0.145685,0.00875159,0.00395226,,,0,-0.000266603,0.0085842,0.00453556,0.00453556,0.00778151,0.582864,-0.109084,0.00136289,0.0267322,0.0280467,1,0
10.4GPa,Data/Cell_14_integrated/10p4GPa.xy,18.147429,0.00051361,0.00051361,0.0128164,,,,raw,1,C,100.001,0,0.121122,-0.00881721,0.00051361,,,0,-0.000639484,0.00156046,-0.000921504,-0.000921504,0.00285475,-0.322796,-0.023545,-0.000215828,0.0128164,0.0280467,1,0
10.4GPa,Data/Cell_14_integrated/10p4GPa.xy,18.329733,0.00137097,0.00137097,0.0256371,,,,raw;shoulder,2,C,200.001,0,0.118132,-0.00941756,0.00137097,,,0,-0.00422493,-0.00101569,-0.00264448,-0.00264448,0.00105575,-2.50483,0.0120269,0.000184402,0.0256371,0.0841402,1,0
10.4GPa,Data/Cell_14_integrated/10p4GPa.xy,18.385827,7.40932e-05,7.40932e-05,0.00727989,,,,raw,1,C,100,0,0.121423,-0.0051611,7.40932e-05,,,0,-0.000840367,0.00203162,-0.00136414,-0.00136414,0.00187385,-0.727986,0.0255698,1.10626e-05,0.00727989,0.0420701,1,0
10.4GPa,Data/Cell_14_integrated/10p4GPa.xy,18.918715,0.00218074,0.00186406,0.0123717,,,,raw;shoulder,2,C,200.002,0,0.119096,0.000988104,0.00186406,,,0,-0.000642889,-0.000117853,0.000319936,-0.000117853,0.00104871,-0.112379,-0.0258842,-0.000319231,0.0123717,0.0280467,1,0
10.4GPa,Data/Cell_14_integrated/10p4GPa.xy,19.058949,0.000127017,0.000127017,0.00733003,,,,raw,1,C,100,0,0.113237,-0.00275244,0.000127017,,,0,-0.0024635,-0.00123038,-0.00110418,-0.00123038,0.00170888,-0.719994,-0.031411,-0.000776955,0.00733003,0.0280467,0,0
10.4GPa,Data/Cell_14_integrated/10p4GPa.xy,19.115042,0.000613765,0.000613765,0.0132932,,,,raw,1,C,100.001,0,0.111734,-0.00249914,0.000613765,,,0,-0.00143048,2.24167e-05,-0.000654611,-0.000654611,0.00176209,-0.371498,-0.033271,-0.000442785,0.0132932,0.0280467,1,0
10.4GPa,Data/Cell_14_integrated/10p4GPa.xy,19.199182,0.000459438,0.000459438,0.00805616,,,,raw,1,C,100,0,0.111682,-0.00191427,0.000459438,,,0,-0.000424424,-0.000109833,0.00136677,-0.000109833,0.00113163,-0.097057,-0.0116443,0.000258202,0.00805616,0.0280467,1,0
10.4GPa,Data/Cell_14_integrated/10p4GPa.xy,19.732071,0.000160019,0.000160019,0.00747143,,,,raw,1,C,100,0,0.0998564,-0.000985004,0.000160019,,,0,-0.00271436,-0.00176044,-0.00124904,-0.00176044,0.00146454,-1.20204,-0.0057029,-0.000477842,0.00747143,0.0420701,0,0
10.4GPa,Data/Cell_14_integrated/10p4GPa.xy,19.998515,0.00370535,0.000750368,0.00811724,,,,raw,1,C,100.001,0,0.0994566,0.00155335,0.000750368,,,0,-2.07538e-05,-4.84302e-05,0.00211849,-4.84302e-05,0.00159676,-0.0303302,-0.0265157,0.00034559,0.00811724,0.0280467,1,0
10.4GPa,Data/Cell_14_integrated/10p4GPa.xy,20.054608,0.0004858,0.0004858,0.00873017,,,,raw,1,C,100,0,0.0945345,-0.00168402,0.0004858,,,0,-0.00227681,-0.00110198,-0.00133435,-0.00133435,0.0017452,-0.764585,-0.0368843,-0.000437673,0.00873017,0.0560935,0,0
10.4GPa,Data/Cell_14_integrated/10p4GPa.xy,20.250935,0.230718,0.230718,0,,,,matched,1,C,100.231,0,0.0887864,-0.00269601,0,w2:0.230718,2,0.230718,-0.00213112,0.000293817,-0.000835572,-0.000835572,0.00353981,-0.23605,-0.0116669,-0.000215726,0,0.0280467,1,0
10.4GPa,Data/Cell_14_integrated/10p4GPa.xy,20.419216,0.000232764,0.000232764,0.00792526,,,,raw,1,C,100,0,0.0872313,-0.00379472,0.000232764,,,0,-0.0036782,-0.00274689,-0.00106622,-0.00274689,0.00244345,-1.12418,-0.00425198,-0.00104864,0.00792526,0.0420701,0,0
10.4GPa,Data/Cell_14_integrated/10p4GPa.xy,20.713707,0.000863639,0.000863639,0.0653296,,,,shoulder,1,C,100.001,0,0.0845713,-0.000950605,0.000863639,,,0,-0.00230819,-0.000479461,0.00094994,-0.000479461,0.00314824,-0.152295,-0.0352979,0.00019108,0.0653296,0.0701169,1,0
10.4GPa,Data/Cell_14_integrated/10p4GPa.xy,20.783824,0.00142859,0.00142859,0.0130356,,,,raw,1,C,100.001,0,0.0824456,-0.00317674,0.00142859,,,0,-0.00436031,-0.00165523,-0.0042089,-0.0042089,0.00147701,-2.8496,-0.0142417,-0.000640372,0.0130356,0.0560935,0,0
10.4GPa,Data/Cell_14_integrated/10p4GPa.xy,20.811870,0.000452498,0.000452498,0.00800328,,,,raw,1,C,100,0,0.0842167,-0.000775107,0.000452498,,,0,-0.00107087,0.00115632,-0.00137157,-0.00137157,0.00110296,-1.24353,-0.00485324,0.000166298,0.00800328,0.0280467,1,0
10.4GPa,Data/Cell_14_integrated/10p4GPa.xy,21.428899,0.000970501,0.000970501,0.0242021,,,,raw;shoulder,2,C,200.001,0,0.0745665,-0.00366698,0.000970501,,,0,-0.00307709,-0.00136073,-0.000923619,-0.00136073,0.00192106,-0.708322,-0.00117403,7.43303e-05,0.0242021,0.0420701,1,0
10.4GPa,Data/Cell_14_integrated/10p4GPa.xy,21.667296,0.0012104,0.0012104,0.00832827,,,,raw;shoulder,2,C,200.001,0,0.0706477,-0.00863112,0.0012104,,,0,-0.0106248,-0.00516077,-0.00748988,-0.00748988,0.0021341,-3.50963,0.0120583,-0.000685213,0.00832827,0.0560935,1,0
10.4GPa,Data/Cell_14_integrated/10p4GPa.xy,21.835577,0.666278,0.666278,0,,,,matched,1,C,100.666,0,0.0706406,-0.00216177,0,w8:0.666278,8,0.666278,-0.0048552,-0.00404201,0.000210458,-0.00404201,0.00369713,-1.09328,0.00223093,-0.00178807,0,0.0280467,1,0
10.4GPa,Data/Cell_14_integrated/10p4GPa.xy,21.863623,0.00389374,0.00389374,0.0225163,,,,raw;shoulder,2,C,200.004,0,0.0736989,-0.00370764,0.00389374,,,0,-0.0082905,-0.00567695,-0.00550076,-0.00567695,0.0030867,-1.83917,-0.00708294,-0.000960771,0.0225163,0.0701169,1,0
10.4GPa,Data/Cell_14_integrated/10p4GPa.xy,22.102021,0.000505072,0.000505072,0.00893814,,,,raw,1,C,100.001,0,0.0675057,-0.00508919,0.000505072,,,0,-0.0102688,-0.00842591,-0.00699278,-0.00842591,0.00308258,-2.73339,-0.00569408,-0.00239572,0.00893814,0.0560935,0,0
10.4GPa,Data/Cell_14_integrated/10p4GPa.xy,22.340418,0.000899503,0.000899503,0.00938908,,,,raw,1,C,100.001,0,0.0611551,-0.00830276,0.000899503,,,0,-0.00991429,-0.00430038,-0.00710121,-0.00710121,0.00460597,-1.54174,-0.0479286,-0.00334654,0.00938908,0.0560935,0,0
10.4GPa,Data/Cell_14_integrated/10p4GPa.xy,22.466629,0.00206693,0.00206693,0.0345905,,,,shoulder,1,C,100.002,0,0.0602525,-0.00873734,0.00206693,,,0,-0.00675719,-0.00267393,0.00134571,-0.00267393,0.00578529,-0.462194,0.0239994,0.000294788,0.0345905,0.0701169,1,0
10.4GPa,Data/Cell_14_integrated/10p4GPa.xy,22.494675,0.00171278,0.00171278,0.011809,,,,raw,1,C,100.002,0,0.0609343,-0.0114675,0.00171278,,,0,-0.00958963,-0.0036781,-0.00397425,-0.00397425,0.00779566,-0.509803,0.0165604,-0.00118278,0.011809,0.0280467,0,0
10.4GPa,Data/Cell_14_integrated/10p4GPa.xy,23.532405,4.65074e-05,4.65074e-05,0.00899502,,,,shoulder,1,C,100,0,0.0492295,-0.0111242,4.65074e-05,,,0,-0.0110627,0.000619356,-0.00506981,-0.00506981,0.0207682,-0.244113,-0.00301403,0.000370879,0.00899502,0.0280467,1,0
12.8GPa,Data/Cell_29_integrated/12p8GPa.xy,2.032287,0.00127079,0.00127079,0.0467122,,,,shoulder,1,C,100.001,0,-0.421968,-0.117805,0.00127079,,,0,-0.00167942,0.0115774,-0.00134135,-0.00134135,0.0015364,-0.873047,1.01834,0.00241902,0.0467122,0.126524,1,0
12.8GPa,Data/Cell_29_integrated/12p8GPa.xy,2.222073,0.000207421,0.000207421,0.0246349,,,,shoulder,1,C,100,0,-0.230614,-0.0149256,0.000207421,,,0,-0.00952015,-0.00733131,-0.000289834,-0.00733131,0.00598501,-1.22495,1.07683,-0.000479857,0.0246349,0.0474464,1,0
12.8GPa,Data/Cell_29_integrated/12p8GPa.xy,2.475120,0.0855141,0.00119286,0.0344202,,,,shoulder,1,C,100.001,0,-0.0290894,0.0855141,0.00119286,,,0,0.00499185,-0.000117957,0.00673858,-0.000117957,0.00728106,-0.0162005,0.348466,0.00117465,0.0344202,0.0474464,1,0
12.8GPa,Data/Cell_29_integrated/12p8GPa.xy,2.490936,0.0844006,0.000296599,0.00828116,,,,raw,1,C,100,0,-0.0228085,0.0824723,0.000296599,,,0,0.000948696,-0.0015353,0.0030003,-0.0015353,0.00344326,-0.445886,0.315581,-0.00027516,0.00828116,0.0158155,1,0
12.8GPa,Data/Cell_29_integrated/12p8GPa.xy,2.823061,0.00859759,0.000605324,0.0151694,,,,raw,1,C,100.001,0,0.00246633,0.00722259,0.000605324,,,0,-0.017631,-0.00542493,-0.0115627,-0.0115627,0.00752265,-1.53705,-0.121045,-0.00276481,0.0151694,0.0632619,0,0
12.8GPa,Data/Cell_29_integrated/12p8GPa.xy,2.854692,0.00458501,2.61873e-05,0.00795382,,,,raw,1,C,100,0,0.00629997,0.00359126,2.61873e-05,,,0,-0.0107175,0.00477422,-0.00493415,-0.00493415,0.00983049,-0.501923,-0.130225,0.000527726,0.00795382,0.0316309,1,0
12.8GPa,Data/Cell_29_integrated/12p8GPa.xy,3.076108,0.000661969,0.000661969,0.0138714,,,,raw,1,C,100.001,0,-0.00555939,-0.0541633,0.000661969,,,0,-0.00535851,-0.00196823,-0.00185582,-0.00196823,0.00491207,-0.400693,-0.0219382,-0.000790792,0.0138714,0.0316309,0,0
12.8GPa,Data/Cell_29_integrated/12p8GPa.xy,3.234263,0.489445,0.489445,0,,,,matched,1,C,100.489,0,-0.00102529,-0.0660068,0,w2:0.489445,2,0.489445,-0.00386289,-0.00109834,0.00776593,-0.00109834,0.00929893,-0.118114,0.111809,0.00138843,0,0.0158155,1,0
12.8GPa,Data/Cell_29_integrated/12p8GPa.xy,3.250078,0.00174811,0.00174811,0.0118574,,,,raw,1,C,100.002,0,0.000722826,-0.067446,0.00174811,,,0,-0.0085322,-0.00522936,0.00557875,-0.00522936,0.0118596,-0.440938,0.138612,0.00077543,0.0118574,0.0158155,1,0
12.8GPa,Data/Cell_29_integrated/12p8GPa.xy,3.677096,0.0334759,0.00135566,0.0519207,,,,shoulder,1,C,100.001,0,0.0976481,0.0334759,0.00135566,,,0,-0.0337747,-0.0197768,0.00419212,-0.0197768,0.0256618,-0.770672,0.544391,-0.000405683,0.0519207,0.0790773,1,0
12.8GPa,Data/Cell_29_integrated/12p8GPa.xy,3.930143,0.00806573,0.000566153,0.0151446,,,,shoulder,1,C,100.001,0,0.0807355,0.00806573,0.000566153,,,0,-0.0441867,-0.00137563,-0.0242116,-0.0242116,0.0316548,-0.764866,-0.579233,-0.000535058,0.0151446,0.0474464,1,0
12.8GPa,Data/Cell_29_integrated/12p8GPa.xy,3.977590,0.00413275,0.00413275,0.0167317,,,,raw,1,C,100.004,0,0.0752426,-0.00291256,0.00413275,,,0,-0.0255601,0.0121678,-0.0161567,-0.0161567,0.0307975,-0.524613,-0.419369,4.1474e-05,0.0167317,0.0474464,1,0
12.8GPa,Data/Cell_29_integrated/12p8GPa.xy,3.993405,0.000983918,0.000983918,0.0356762,,,,shoulder,1,C,100.001,0,0.071539,-0.00566865,0.000983918,,,0,-0.0164126,0.00867578,-0.0106576,-0.0106576,0.0246578,-0.432219,-0.313351,0.000385628,0.0356762,0.0158155,1,0
12.8GPa,Data/Cell_29_integrated/12p8GPa.xy,4.040852,0.000612042,0.000612042,0.0120836,,,,raw,1,C,100.001,0,0.0643653,-0.0140287,0.000612042,,,0,-0.00357285,-6.60389e-07,-0.00228713,-0.00228713,0.00289385,-0.790344,-0.138353,-0.00019941,0.0120836,0.0158155,0,0
12.8GPa,Data/Cell_29_integrated/12p8GPa.xy,4.056667,0.000455631,0.000455631,0.0211641,,,,shoulder,1,C,100,0,0.0632063,-0.0161211,0.000455631,,,0,-0.00250638,-9.13279e-05,-0.00102606,-0.00102606,0.00185029,-0.554538,-0.122765,0.000150186,0.0211641,0.0158155,1,0
12.8GPa,Data/Cell_29_integrated/12p8GPa.xy,4.183191,0.00076296,0.00076296,0.0147065,,,,raw,1,C,100.001,0,0.0493795,-0.0333128,0.00076296,,,0,-0.00108343,-0.000362119,-0.00224377,-0.00224377,0.00164657,-1.36269,-0.0933483,-0.000544821,0.0147065,0.0158155,0,0
12.8GPa,Data/Cell_29_integrated/12p8GPa.xy,4.199006,1.22029,1.22029,0,,,,matched,1,C,101.22,0,0.0486166,-0.0338097,0,w8:1.22029,8,1.22029,0.00111698,0.00194349,-0.000204403,-0.000204403,0.00130446,-0.156696,-0.100521,0.000472268,0,0.0158155,1,0
12.8GPa,Data/Cell_29_integrated/12p8GPa.xy,4.372976,0.000198602,0.000198602,0.0246716,,,,shoulder,1,C,100,0,0.0248658,-0.060312,0.000198602,,,0,-0.0253477,-0.016766,-0.0109283,-0.016766,0.00945475,-1.77328,0.0820315,-0.00173474,0.0246716,0.0316309,1,0
12.8GPa,Data/Cell_29_integrated/12p8GPa.xy,4.404607,0.000680357,0.000680357,0.00988798,,,,raw,1,C,100.001,0,0.0330876,-0.055679,0.000680357,,,0,-0.0229272,-0.0043781,-0.0186831,-0.0186831,0.00863654,-2.16326,0.141833,-0.00193334,0.00988798,0.0632619,0,0
12.8GPa,Data/Cell_29_integrated/12p8GPa.xy,4.626024,0.264698,0.264698,0,,,,matched,1,C,101.056,0,0.0842764,-0.0040089,0,w8:0.264698,8,0.264698,-0.000945904,0.00039208,0.00100027,0.00039208,0.00495329,0.0791554,0.118248,-0.00164231,0,0.0474464,0,0
12.8GPa,Data/Cell_29_integrated/12p8GPa.xy,4.784179,0.00968706,0.000423198,0.0161343,,,,shoulder,1,C,100,0,0.102722,0.00968706,0.000423198,,,0,-0.00264346,0.000840882,-0.00118801,-0.00118801,0.00324259,-0.366376,0.123368,-3.36605e-05,0.0161343,0.0632619,1,0
12.8GPa,Data/Cell_29_integrated/12p8GPa.xy,5.100488,0.00977811,0.000706715,0.0100883,,,,raw,1,C,100.001,0,0.13516,0.00762503,0.000706715,,,0,-0.00337195,-0.00170227,-0.00128254,-0.00170227,0.00255984,-0.664992,0.0659897,-0.000280222,0.0100883,0.0158155,0,0
12.8GPa,Data/Cell_29_integrated/12p8GPa.xy,5.116303,0.00769338,0.000818235,0.0290238,,,,shoulder,1,C,100.001,0,0.134512,0.00769338,0.000818235,,,0,-0.00253242,-0.000246053,-0.000720501,-0.000720501,0.00290761,-0.247798,0.0624461,0.000121473,0.0290238,0.0790773,1,0
12.8GPa,Data/Cell_29_integrated/12p8GPa.xy,5.543321,0.000985556,0.000985556,0.0312332,,,,shoulder,1,C,100.001,0,0.161241,-0.00469557,0.000985556,,,0,-0.00157403,0.00106634,-0.000712354,-0.000712354,0.00400981,-0.177653,0.0521654,0.000446921,0.0312332,0.0158155,1,0
12.8GPa,Data/Cell_29_integrated/12p8GPa.xy,5.733106,0.000704469,0.000704469,0.0397549,,,,shoulder,1,C,100.001,0,0.171372,-0.00603354,0.000704469,,,0,-0.00407746,0.000903236,-0.0022662,-0.0022662,0.00212434,-1.06678,0.059225,0.000353636,0.0397549,0.0948928,1,0
12.8GPa,Data/Cell_29_integrated/12p8GPa.xy,5.780553,0.000156903,0.000156903,0.0147254,,,,shoulder,1,C,100,0,0.176443,-0.00436005,0.000156903,,,0,-0.000846392,0.00264914,-0.000843938,-0.000843938,0.00494168,-0.17078,0.0609678,5.17958e-05,0.0147254,0.0474464,1,0
12.8GPa,Data/Cell_29_integrated/12p8GPa.xy,5.970338,0.21515,0.21515,0,,,,matched,1,C,100.215,0,0.188201,0.00701084,0,w8:0.21515,8,0.21515,-0.00393237,-0.00195207,-0.0025507,-0.0025507,0.00150381,-1.69616,0.0592721,-0.000245749,0,0.0158155,0,0
12.8GPa,Data/Cell_29_integrated/12p8GPa.xy,6.381541,0.00299765,0.00299765,0.0160935,,,,raw,1,C,100.003,0,0.209828,-0.0209739,0.00299765,,,0,-0.0158823,-0.00361793,-0.00903961,-0.00903961,0.0101463,-0.890926,-0.0671374,-0.00139051,0.0160935,0.0632619,0,0
12.8GPa,Data/Cell_29_integrated/12p8GPa.xy,6.792743,4.23002e-05,4.23002e-05,0.0119803,,,,shoulder,1,C,100,0,0.229492,-0.0181994,4.23002e-05,,,0,-0.0140368,-0.0077635,-0.00926061,-0.00926061,0.00395851,-2.33942,-0.0159552,-0.00168509,0.0119803,0.0790773,1,0
12.8GPa,Data/Cell_29_integrated/12p8GPa.xy,6.903451,0.00720465,0.00120644,0.0174598,,,,raw,1,C,100.001,0,0.242246,0.00682161,0.00120644,,,0,-0.0234558,-0.0154094,0.0176738,-0.0154094,0.0406769,-0.378826,0.371792,7.06758e-05,0.0174598,0.0158155,1,0
12.8GPa,Data/Cell_29_integrated/12p8GPa.xy,7.283022,0.000575917,0.000575917,0.0326349,,,,shoulder,1,C,100.001,0,0.255889,-0.074948,0.000575917,,,0,-0.0482185,0.00797725,-0.0264892,-0.0264892,0.0443572,-0.597179,-0.471803,-0.000507051,0.0326349,0.110708,1,0
12.8GPa,Data/Cell_29_integrated/12p8GPa.xy,7.346284,5.10672e-05,5.10672e-05,0.00892884,,,,shoulder,1,C,100,0,0.255103,-0.0909601,5.10672e-05,,,0,-0.010974,0.00357048,-0.00794445,-0.00794445,0.0141233,-0.562507,-0.0664415,-0.000598346,0.00892884,0.0474464,1,0
12.8GPa,Data/Cell_29_integrated/12p8GPa.xy,7.710040,0.000627527,0.000627527,0.0240695,,,,shoulder,1,C,100.001,0,0.285783,-0.120731,0.000627527,,,0,-0.100662,-0.0707372,0.0100733,-0.0707372,0.0665596,-1.06277,1.12176,-0.00298156,0.0240695,0.0790773,1,0
12.8GPa,Data/Cell_29_integrated/12p8GPa.xy,8.405920,0.0011977,0.0011977,0.0441271,,,,shoulder,1,C,100.001,0,0.326608,-0.087783,0.0011977,,,0,-0.0275088,-0.00050536,-0.010436,-0.010436,0.0242105,-0.431052,-0.328195,6.28569e-05,0.0441271,0.0948928,1,0
12.8GPa,Data/Cell_29_integrated/12p8GPa.xy,8.484998,4.70544e-05,4.70544e-05,0.00907263,,,,shoulder,1,C,100,0,0.316281,-0.0146231,4.70544e-05,,,0,-0.0114276,-0.000441657,-0.0104556,-0.0104556,0.00677767,-1.54266,-0.0793939,-0.000708787,0.00907263,0.0632619,1,0
12.8GPa,Data/Cell_29_integrated/12p8GPa.xy,8.611521,31.2772,31.2772,0,,,,matched,1,C,131.277,0,0.318375,0.0958332,0,w8:31.2772,8,31.2772,-0.00839998,-0.00753141,-0.00539544,-0.00753141,0.00182735,-4.12148,0.0721344,-0.00250134,0,0.0316309,0,0
12.8GPa,Data/Cell_29_integrated/12p8GPa.xy,9.085985,0.00354883,0.00354883,0.0353289,,,,shoulder,1,C,100.004,0,0.361638,-0.251602,0.00354883,,,0,-0.00745921,-0.00195767,0.0047527,-0.00195767,0.00809242,-0.241913,-0.130989,0.00230518,0.0353289,0.0948928,1,0
12.8GPa,Data/Cell_29_integrated/12p8GPa.xy,9.165063,0.00193325,0.00193325,0.00928892,,,,raw,1,C,100.002,0,0.355808,-0.309989,0.00193325,,,0,-0.0124716,-0.00142312,-0.00923907,-0.00923907,0.00420648,-2.19639,-0.0118026,0.000155831,0.00928892,0.0158155,0,0
12.8GPa,Data/Cell_29_integrated/12p8GPa.xy,9.180878,0.00529834,0.00529834,0.129041,,,,shoulder,1,C,100.005,0,0.353875,-0.316253,0.00529834,,,0,-0.00784822,0.00405116,-0.00646591,-0.00646591,0.00538102,-1.20161,0.0132522,0.00139328,0.129041,0.0158155,1,0
12.8GPa,Data/Cell_29_integrated/12p8GPa.xy,9.196694,0.472613,0.472613,0,,,,matched,1,C,100.473,0,0.354506,-0.325266,0,w5:0.472613,5,0.472613,-0.00561566,0.00426902,-0.00389506,-0.00389506,0.00704727,-0.552704,0.0360983,0.000136306,0,0.0158155,1,0
12.8GPa,Data/Cell_29_integrated/12p8GPa.xy,9.212509,1.21854,1.21854,0,,,,matched,1,C,101.219,0,0.355036,-0.335896,0,w2:0.949006;w3:1.21854,3,1.21854,-0.00433147,0.00351233,-0.00266502,-0.00266502,0.00836147,-0.318726,0.0570466,-0.000749108,0,0.0316309,1,0
12.8GPa,Data/Cell_29_integrated/12p8GPa.xy,9.339033,0.00220068,0.00220068,0.0457273,,,,shoulder,1,C,100.002,0,0.373254,-0.426342,0.00220068,,,0,-0.0111866,-0.00464072,0.000760766,-0.00464072,0.00891488,-0.520558,0.235163,0.000496487,0.0457273,0.0790773,1,0
12.8GPa,Data/Cell_29_integrated/12p8GPa.xy,9.418110,0.00144209,0.00144209,0.031657,,,,shoulder,1,C,100.001,0,0.392664,-0.442526,0.00144209,,,0,-0.0416103,-0.0225256,0.00592199,-0.0225256,0.0386,-0.583563,0.695495,-3.11401e-05,0.031657,0.0158155,1,0
12.8GPa,Data/Cell_29_integrated/12p8GPa.xy,9.940020,7.59898e-05,7.59898e-05,0.00833412,,,,shoulder,1,C,100,0,0.386486,-0.463999,7.59898e-05,,,0,-0.192205,0.0547584,-0.119946,-0.119946,0.184424,-0.650381,-2.40629,-0.0022057,0.00833412,0.0632619,1,0
12.8GPa,Data/Cell_29_integrated/12p8GPa.xy,10.019098,3.11856,3.11856,0,,,,matched,1,C,103.119,0,0.365177,-0.463041,0,w3:3.11856,3,3.11856,-0.0381974,-0.00220993,-0.00638861,-0.00638861,0.0277841,-0.229938,-0.17619,-0.000462125,0,0.0158155,0,0
12.8GPa,Data/Cell_29_integrated/12p8GPa.xy,10.351223,0.000289188,0.000289188,0.0120117,,,,shoulder,1,C,100,0,0.399428,-0.283717,0.000289188,,,0,-0.0699453,-0.0339215,-0.00952539,-0.0339215,0.0624727,-0.542981,-0.949667,-0.00790094,0.0120117,0.0632619,1,0
12.8GPa,Data/Cell_29_integrated/12p8GPa.xy,10.414484,0.000462376,0.000462376,0.00853392,,,,raw,1,C,100,0,0.35669,-0.297792,0.000462376,,,0,-0.0827068,0.00253916,-0.0476603,-0.0476603,0.0656773,-0.725674,-0.714994,-0.0029596,0.00853392,0.0316309,1,0
12.8GPa,Data/Cell_29_integrated/12p8GPa.xy,10.477746,0.00162697,0.00162697,0.0111098,,,,raw,1,C,100.002,0,0.36196,-0.253139,0.00162697,,,0,-0.0296663,0.00278953,-0.015136,-0.015136,0.0286708,-0.527924,-0.0129536,-0.000828058,0.0111098,0.0316309,1,0
12.8GPa,Data/Cell_29_integrated/12p8GPa.xy,10.509377,0.625901,0.625901,0,,,,matched,1,C,100.626,0,0.363395,-0.226875,0,w3:0.625901,3,0.625901,-0.0243089,-0.00806548,-0.00317497,-0.00806548,0.0167509,-0.481495,0.239935,-0.0017105,0,0.0158155,0,0
12.8GPa,Data/Cell_29_integrated/12p8GPa.xy,10.525193,0.786879,0.786879,0,,,,matched,1,C,100.787,0,0.368438,-0.210456,0,w2:0.786879,2,0.786879,-0.0227483,-0.00888831,0.000765885,-0.00888831,0.0242504,-0.366521,0.334011,-0.00014495,0,0.0790773,1,0
12.8GPa,Data/Cell_29_integrated/12p8GPa.xy,10.541008,0.0069915,0.0069915,0.15151,,,,shoulder,1,C,100.007,0,0.379021,-0.192805,0.0069915,,,0,-0.021739,-0.0074925,0.00380151,-0.0074925,0.0235985,-0.317499,0.402014,0.00149187,0.15151,0.0158155,1,0
12.8GPa,Data/Cell_29_integrated/12p8GPa.xy,10.841502,8.76514,8.76514,0,,,,matched,1,C,108.765,0,0.402932,0.0679988,0,w3:8.76514,3,8.76514,-0.0317185,-0.00340814,-0.017122,-0.017122,0.0191904,-0.89222,-0.152838,-0.00202009,0,0.0316309,0,0
12.8GPa,Data/Cell_29_integrated/12p8GPa.xy,10.857318,4.86168,4.86168,0,,,,matched,1,C,104.862,0,0.403944,0.061561,0,w2:4.86168,2,4.86168,-0.0305914,-0.000129868,-0.00490983,-0.00490983,0.0220916,-0.222248,-0.0331608,-0.000974223,0,0.0158155,0,0
12.8GPa,Data/Cell_29_integrated/12p8GPa.xy,10.904764,0.0137054,0.0137054,0.0554162,,,,raw,1,C,100.014,0,0.413921,-0.0181413,0.0137054,,,0,-0.0674979,-0.0354528,0.0334627,-0.0354528,0.0832875,-0.425668,0.754118,0.00249275,0.0554162,0.0158155,1,0
12.8GPa,Data/Cell_29_integrated/12p8GPa.xy,11.189442,26.0049,26.0049,0,,,,matched,1,C,126.005,0,0.622725,0.0532868,0,w8:26.0049,8,26.0049,-0.20299,-0.0742537,-0.118452,-0.118452,0.0887399,-1.33482,-0.0584829,-0.0392933,0,0.0316309,0,0
12.8GPa,Data/Cell_29_integrated/12p8GPa.xy,11.584829,0.00043858,0.00043858,0.00841334,,,,raw,1,C,100,0,0.44365,-0.10959,0.00043858,,,0,-0.0669754,0.0149702,-0.0553837,-0.0553837,0.043664,-1.26841,-0.734712,-0.000996137,0.00841334,0.0790773,1,0
12.8GPa,Data/Cell_29_integrated/12p8GPa.xy,11.600644,9.68211e-05,9.68211e-05,0.009904,,,,shoulder,1,C,100,0,0.443212,-0.105131,9.68211e-05,,,0,-0.0467375,0.0232673,-0.0500161,-0.0500161,0.0282983,-1.76746,-0.625469,-0.000612603,0.009904,0.0158155,1,0
12.8GPa,Data/Cell_29_integrated/12p8GPa.xy,11.790430,0.00228404,0.00228404,0.0235733,,,,raw;shoulder,2,C,200.002,0,0.408615,-0.106968,0.00228404,,,0,-0.0148698,-0.00169707,-0.00455478,-0.00455478,0.011038,-0.412645,-0.191567,0.000635975,0.0235733,0.0790773,1,0
12.8GPa,Data/Cell_29_integrated/12p8GPa.xy,11.901138,0.00209726,0.00209726,0.0219812,,,,raw,1,C,100.002,0,0.401135,-0.0916245,0.00209726,,,0,-0.00933522,-0.00186856,-0.00415376,-0.00415376,0.00678772,-0.611952,0.0499801,-0.000369045,0.0219812,0.0316309,0,0
12.8GPa,Data/Cell_29_integrated/12p8GPa.xy,11.964400,0.00424932,0.00424932,0.0459155,,,,shoulder,1,C,100.004,0,0.408086,-0.0692644,0.00424932,,,0,-0.00880665,-0.00154052,0.0020487,-0.00154052,0.00991565,-0.155362,0.173408,0.00155368,0.0459155,0.0158155,1,0
12.8GPa,Data/Cell_29_integrated/12p8GPa.xy,11.980216,0.00620274,0.00620274,0.0302372,,,,raw,1,C,100.006,0,0.41328,-0.0637232,0.00620274,,,0,-0.0102475,-0.00228692,0.000238895,-0.00228692,0.0077215,-0.296176,0.199156,0.00107551,0.0302372,0.0790773,1,0
12.8GPa,Data/Cell_29_integrated/12p8GPa.xy,12.296525,0.0228263,0.00215407,0.0153925,,,,raw,1,C,100.002,0,0.429216,0.0217202,0.00215407,,,0,-0.00576789,0.00548252,-0.00508756,-0.00508756,0.00793138,-0.641447,-0.0575809,0.0005576,0.0153925,0.0316309,1,0
12.8GPa,Data/Cell_29_integrated/12p8GPa.xy,12.312340,0.0205176,0.0017532,0.128141,,,,shoulder,1,C,100.002,0,0.427062,0.0205176,0.0017532,,,0,-0.00311974,0.00565809,-0.00239884,-0.00239884,0.00654704,-0.3664,-0.0320725,0.000581919,0.128141,0.0158155,1,0
12.8GPa,Data/Cell_29_integrated/12p8GPa.xy,12.328156,0.020835,0.00320384,0.0188006,,,,raw,1,C,100.003,0,0.43072,0.0192231,0.00320384,,,0,-0.00147409,0.00391125,-0.00033761,-0.00033761,0.00573682,-0.0588497,-0.00609012,1.8918e-05,0.0188006,0.0316309,1,0
12.8GPa,Data/Cell_29_integrated/12p8GPa.xy,12.375602,0.0207041,0.0015627,0.036436,,,,raw,1,C,100.002,0,0.430149,0.0199931,0.0015627,,,0,-0.000906296,-0.000811054,0.0014954,-0.000811054,0.00179851,-0.45096,0.0445134,0.000374871,0.036436,0.0158155,1,0
12.8GPa,Data/Cell_29_integrated/12p8GPa.xy,12.802620,0.393897,0.393897,0.0404086,,,,matched;shoulder,2,C,200.396,0,0.455216,0.00448971,0.0022979,w8:0.393897,8,0.393897,0.00127742,0.00566536,-0.000305168,-0.000305168,0.00663127,-0.0460195,0.109131,0.00131389,0.0404086,0.0316309,1,0
12.8GPa,Data/Cell_29_integrated/12p8GPa.xy,12.818435,0.0087189,0.00221237,0.0110154,,,,raw,1,C,106.289,0,0.460845,0.00550771,0.00221237,,,0,0.00447567,0.00810128,0.00466627,0.00466627,0.0074224,0.628674,0.0982901,0.000890679,0.0110154,0.0158155,0,0
12.8GPa,Data/Cell_29_integrated/12p8GPa.xy,12.976590,3.40435e-05,3.40435e-05,0.00802383,,,,raw,1,C,100,0,0.4576,-0.0161125,3.40435e-05,,,0,-0.0135421,-0.0118621,0.000899853,-0.0118621,0.00839772,-1.41254,0.0684839,-0.00124831,0.00802383,0.0158155,1,0
12.8GPa,Data/Cell_29_integrated/12p8GPa.xy,12.992405,0.00110954,0.00110954,0.0366001,,,,shoulder,1,C,100.001,0,0.455282,-0.0180991,0.00110954,,,0,-0.0172974,-0.0132149,-0.000613111,-0.0132149,0.00931475,-1.41871,0.0960353,-0.000521383,0.0366001,0.0948928,1,0
12.8GPa,Data/Cell_29_integrated/12p8GPa.xy,13.008221,0.00096483,0.00096483,0.0100791,,,,raw,1,C,100.001,0,0.458795,-0.019375,0.00096483,,,0,-0.0207671,-0.0109254,-0.00328189,-0.0109254,0.0130178,-0.839269,0.131163,-0.000724668,0.0100791,0.0158155,0,0
12.8GPa,Data/Cell_29_integrated/12p8GPa.xy,13.071483,0.000813037,0.000813037,0.0356097,,,,shoulder,1,C,100.001,0,0.471285,-0.013316,0.000813037,,,0,-0.0154212,3.03666e-05,-0.00752127,-0.00752127,0.0161268,-0.466384,0.213741,-0.000746767,0.0356097,0.0632619,1,0
12.8GPa,Data/Cell_29_integrated/12p8GPa.xy,13.451054,0.00187729,0.00187729,0.0306213,,,,micro;raw,2,C,200.002,0,0.486852,-0.0192079,0.00187729,,,0,-0.00355837,0.00423351,-0.00156604,-0.00156604,0.00505984,-0.309503,-0.111201,0.000881864,0.0306213,0.142339,1,0
12.8GPa,Data/Cell_29_integrated/12p8GPa.xy,13.466869,0.00217866,0.00217866,0.0513321,,,,shoulder,1,C,100.002,0,0.486617,-0.0179113,0.00217866,,,0,-0.00194776,0.00455711,-0.000796849,-0.000796849,0.00499547,-0.159514,-0.0986185,0.00109742,0.0513321,0.0158155,1,0
12.8GPa,Data/Cell_29_integrated/12p8GPa.xy,13.482685,0.772645,0.772645,0,,,,matched,1,C,100.773,0,0.486198,-0.0182254,0,w2:0.772645;w5:0.38539,2,0.772645,-0.00167393,0.00338407,-5.45478e-05,-5.45478e-05,0.00434808,-0.0125453,-0.0784263,0.000385496,0,0.0158155,1,0
12.8GPa,Data/Cell_29_integrated/12p8GPa.xy,13.498500,1.15379,1.15379,0,,,,matched,1,C,101.154,0,0.481152,-0.0198725,0,w3:1.15379,3,1.15379,-0.00253832,0.000806584,-9.72553e-05,-9.72553e-05,0.00451546,-0.0215383,-0.0555756,-0.000569011,0,0.0474464,1,0
12.8GPa,Data/Cell_29_integrated/12p8GPa.xy,13.545947,0.00143723,0.00143723,0.0147831,,,,micro;raw,2,C,200.001,0,0.482333,-0.0233298,0.00143723,,,0,-0.0045901,-0.00365405,0.0050361,-0.00365405,0.0057381,-0.636805,0.0276471,0.00107835,0.0147831,0.0948928,1,0
12.8GPa,Data/Cell_29_integrated/12p8GPa.xy,13.561762,0.00343023,0.00343023,0.0542516,,,,shoulder,1,C,100.003,0,0.482305,-0.0263206,0.00343023,,,0,-0.00922388,-0.00556382,0.00629537,-0.00556382,0.00933677,-0.595905,0.0755381,0.0012565,0.0542516,0.0158155,1,0
12.8GPa,Data/Cell_29_integrated/12p8GPa.xy,13.640840,0.00151465,0.00151465,0.0297846,,,,shoulder,1,C,100.002,0,0.482626,-0.0371003,0.00151465,,,0,-0.0608293,-0.0345688,0.00612643,-0.0345688,0.0472239,-0.732019,0.65045,-0.000829914,0.0297846,0.0790773,1,0
12.8GPa,Data/Cell_29_integrated/12p8GPa.xy,13.719917,0.0121634,5.36107e-05,0.00896085,,,,shoulder,1,C,100,0,0.540943,0.0121634,5.36107e-05,,,0,-0.0579121,-0.00644059,-0.0279673,-0.0279673,0.0592078,-0.472358,1.01275,-0.00671751,0.00896085,0.0790773,1,0
12.8GPa,Data/Cell_29_integrated/12p8GPa.xy,14.004595,1.45602,1.45602,0,,,,matched,1,C,101.456,0,0.512404,-0.0585878,0,w2:1.45602;w3:0.3362,2,1.45602,-0.0561358,0.00118591,-0.00369176,-0.00369176,0.0592017,-0.0623591,-0.406162,0.000260313,0,0.126524,1,0
12.8GPa,Data/Cell_29_integrated/12p8GPa.xy,14.020411,0.0134212,0.0134212,0.130039,,,,shoulder,1,C,100.013,0,0.506606,-0.0651989,0.0134212,,,0,-0.0486119,-0.00327059,-0.00194054,-0.00327059,0.0552645,-0.0591806,-0.253848,0.000757346,0.130039,0.0158155,1,0
12.8GPa,Data/Cell_29_integrated/12p8GPa.xy,14.241827,0.618734,0.618734,0,,,,matched,1,C,106.354,0,0.520857,-0.0715737,0,w2:0.618734,2,0.618734,0.00276892,0.00433396,0.00757245,0.00433396,0.00755693,0.573509,-0.145994,0.00061841,0,0.0158155,0,0
12.8GPa,Data/Cell_29_integrated/12p8GPa.xy,14.273458,0.000364231,0.000364231,0.00866449,,,,raw,1,C,100,0,0.512809,-0.0830218,0.000364231,,,0,-0.00805547,-0.00174765,0.000686049,-0.00174765,0.0108795,-0.160636,-0.203431,-0.000220811,0.00866449,0.0158155,1,0
12.8GPa,Data/Cell_29_integrated/12p8GPa.xy,14.289274,0.00132609,0.00132609,0.0267064,,,,shoulder,1,C,100.001,0,0.509003,-0.087977,0.00132609,,,0,-0.0102155,-0.00110535,0.00020298,-0.00110535,0.0103673,-0.106618,-0.186288,0.000502896,0.0267064,0.0474464,1,0
12.8GPa,Data/Cell_29_integrated/12p8GPa.xy,14.368351,0.00372383,0.00372383,0.0185291,,,,raw,1,C,100.004,0,0.50099,-0.105314,0.00372383,,,0,-0.0222273,-0.00886554,0.000616783,-0.00886554,0.0207869,-0.426496,0.0814517,3.35202e-05,0.0185291,0.0158155,1,0
12.8GPa,Data/Cell_29_integrated/12p8GPa.xy,14.384166,0.00269396,0.00269396,0.0196217,,,,micro;shoulder,2,C,200.003,0,0.497266,-0.105627,0.00269396,,,0,-0.0255509,-0.00859201,0.00351152,-0.00859201,0.0237174,-0.362267,0.162943,0.000821399,0.0196217,0.158155,1,0
12.8GPa,Data/Cell_29_integrated/12p8GPa.xy,14.415797,0.000159515,0.000159515,0.00944687,,,,raw,1,C,100,0,0.50046,-0.108677,0.000159515,,,0,-0.0423207,-0.0214058,0.000302491,-0.0214058,0.0304128,-0.703842,0.393121,-0.00164659,0.00944687,0.0316309,1,0
12.8GPa,Data/Cell_29_integrated/12p8GPa.xy,14.494875,0.00210683,0.00210683,0.0319122,,,,shoulder,1,C,100.002,0,0.540337,-0.070679,0.00210683,,,0,-0.0957656,-0.0413223,-0.00304043,-0.0413223,0.0850687,-0.485753,1.36884,-0.00184675,0.0319122,0.110708,1,0
12.8GPa,Data/Cell_29_integrated/12p8GPa.xy,14.858630,0.22773,0.22773,0.0504391,,,,matched;shoulder,2,C,200.236,0,0.639796,0.0498542,0.00824127,w2:0.22773,2,0.22773,-0.00670368,0.0454869,-0.00772616,-0.00772616,0.0511351,-0.151093,-0.158504,0.00484244,0.0504391,0.0632619,1,0
12.8GPa,Data/Cell_29_integrated/12p8GPa.xy,14.874446,0.0550877,0.001939,0.0244103,,,,raw,1,C,100.67,0,0.640277,0.0548039,0.001939,,,0,0.0123927,0.0460332,0.00331596,0.00331596,0.0496339,0.0668083,-0.0956686,0.0023083,0.0244103,0.0158155,0,0
12.8GPa,Data/Cell_29_integrated/12p8GPa.xy,15.143309,0.296862,0.296862,0.00923519,,,,matched;micro;shoulder,3,C,300.3,0,0.514283,-0.0638669,0.00337981,w2:0.296862,2,0.296862,-0.0370962,0.00319251,-0.0116594,-0.0116594,0.0385439,-0.302497,-0.108748,0.000392543,0.00923519,0.142339,1,0
12.8GPa,Data/Cell_29_integrated/12p8GPa.xy,15.159124,0.00302292,0.00302292,0.0154102,,,,raw,1,C,100.003,0,0.51747,-0.0628154,0.00302292,,,0,-0.0319152,0.00023188,-0.0127844,-0.0127844,0.029836,-0.428489,-0.00728519,-0.000432979,0.0154102,0.0158155,1,0
12.8GPa,Data/Cell_29_integrated/12p8GPa.xy,15.427987,0.277683,0.277683,0.0490099,,,,matched;shoulder,2,C,201.644,0,0.508659,-0.0343549,0.00329351,w2:0.277683,2,0.277683,0.0010707,0.00142632,0.00813859,0.00142632,0.0104658,0.136284,-0.396574,0.00188771,0.0490099,0.0948928,1,0
12.8GPa,Data/Cell_29_integrated/12p8GPa.xy,15.507065,0.000223245,0.000223245,0.0279314,,,,shoulder,1,C,100,0,0.46852,-0.0597194,0.000223245,,,0,-0.0195608,-0.0128968,-0.00724608,-0.0128968,0.00760968,-1.69479,-0.277851,-0.00136498,0.0279314,0.0790773,1,0
12.8GPa,Data/Cell_29_integrated/12p8GPa.xy,15.601957,0.0033197,0.0033197,0.0335519,,,,micro;shoulder,2,C,200.155,0,0.460644,-0.0433373,0.0033197,,,0,-0.00428093,0.00530936,0.000116539,0.000116539,0.00768063,0.0151731,-0.094924,0.00159301,0.0335519,0.158155,1,0
12.8GPa,Data/Cell_29_integrated/12p8GPa.xy,15.617773,0.00469014,0.00469014,0.0605221,,,,raw,1,C,100.525,0,0.461134,-0.0411073,0.00469014,,,0,-0.00360532,0.00283088,0.000372514,0.000372514,0.00716374,0.0519999,-0.0646774,0.000792239,0.0605221,0.0158155,0,0
12.8GPa,Data/Cell_29_integrated/12p8GPa.xy,15.665219,0.791224,0.791224,0,,,,matched,1,C,100.791,0,0.453703,-0.0339045,0,w5:0.791224,5,0.791224,-0.0052962,-0.00312095,-0.00167109,-0.00312095,0.00188255,-1.65783,-0.00643379,-0.000694874,0,0.0632619,0,0
12.8GPa,Data/Cell_29_integrated/12p8GPa.xy,15.681035,0.00332863,0.00332863,0.0167018,,,,raw,1,C,100.003,0,0.457975,-0.0296317,0.00332863,,,0,-0.00519596,-0.00383152,-0.00170304,-0.00383152,0.00237895,-1.61059,0.0123543,-0.000106468,0.0167018,0.0158155,0,0
12.8GPa,Data/Cell_29_integrated/12p8GPa.xy,15.696850,0.000711827,0.000711827,0.0312206,,,,shoulder,1,C,100.001,0,0.455478,-0.0256431,0.000711827,,,0,-0.00625195,-0.0029789,-0.00063123,-0.0029789,0.00541884,-0.54973,0.0374911,1.7652e-05,0.0312206,0.0158155,1,0
12.8GPa,Data/Cell_29_integrated/12p8GPa.xy,15.728481,1.01173,1.01173,0,,,,matched,1,C,101.012,0,0.455703,-0.0180477,0,w3:1.01173,3,1.01173,-0.0116156,-0.00544483,0.00239579,-0.00544483,0.0146816,-0.370861,0.116233,-0.000694175,0,0.0316309,1,0
12.8GPa,Data/Cell_29_integrated/12p8GPa.xy,15.744297,0.619199,0.619199,0,,,,matched,1,C,100.619,0,0.458366,-0.0128823,0,w2:0.619199,2,0.619199,-0.0145208,-0.0072072,0.00498042,-0.0072072,0.0186272,-0.386918,0.173403,0.000339009,0,0.0158155,1,0
12.8GPa,Data/Cell_29_integrated/12p8GPa.xy,15.760112,0.00210876,0.00210876,0.0138331,,,,micro;raw;shoulder,3,C,300.002,0,0.461411,-0.0085602,0.00210876,,,0,-0.0188355,-0.00972412,0.00655546,-0.00972412,0.0210194,-0.462626,0.237981,0.000924884,0.0138331,0.17397,1,0
12.8GPa,Data/Cell_29_integrated/12p8GPa.xy,16.123868,0.027063,0.00499995,0.0446321,,,,micro;raw,2,C,205.152,0,0.475035,0.027063,0.00499995,,,0,0.0067579,0.0196191,0.00624079,0.00624079,0.012125,0.514705,-0.306972,0.00208189,0.0446321,0.0158155,0,0
12.8GPa,Data/Cell_29_integrated/12p8GPa.xy,16.297838,0.00133286,0.00133286,0.0395257,,,,shoulder,1,C,100.001,0,0.417308,-0.0184943,0.00133286,,,0,-0.0109498,-0.00240493,-0.00377142,-0.00377142,0.00845619,-0.445995,-0.244578,0.000149926,0.0395257,0.0790773,1,0
12.8GPa,Data/Cell_29_integrated/12p8GPa.xy,16.361100,0.000194014,0.000194014,0.00906417,,,,raw,1,C,100,0,0.405524,-0.0217329,0.000194014,,,0,-0.0073929,-0.000545923,-0.00326569,-0.00326569,0.00568677,-0.57426,-0.15491,-0.000178114,0.00906417,0.0158155,0,0
12.8GPa,Data/Cell_29_integrated/12p8GPa.xy,16.376915,0.00147203,0.00147203,0.0330928,,,,shoulder,1,C,100.001,0,0.404198,-0.020466,0.00147203,,,0,-0.00537689,0.00091822,-0.00185904,-0.00185904,0.00432066,-0.430267,-0.129634,0.00073358,0.0330928,0.0632619,1,0
12.8GPa,Data/Cell_29_integrated/12p8GPa.xy,16.440177,0.213833,0.213833,0,,,,matched,1,C,100.214,0,0.397422,-0.0195305,0,w2:0.213833,2,0.213833,-0.00511851,-0.0021229,2.50794e-05,-0.0021229,0.00472192,-0.449583,-0.0504766,0.000250574,0,0.0158155,1,0
12.8GPa,Data/Cell_29_integrated/12p8GPa.xy,16.455993,0.00216786,0.00216786,0.0156935,,,,raw;shoulder,2,C,200.002,0,0.399196,-0.0185911,0.00216786,,,0,-0.00473649,-0.00145405,0.000367496,-0.00145405,0.00430241,-0.337962,-0.0369595,0.0007802,0.0156935,0.0948928,1,0
12.8GPa,Data/Cell_29_integrated/12p8GPa.xy,16.598332,0.00459496,0.00459496,0.0384478,,,,raw,1,C,100.005,0,0.40221,-0.00530145,0.00459496,,,0,-0.00426702,-0.00252324,0.00279368,-0.00252324,0.00561451,-0.449413,0.0841848,0.000316214,0.0384478,0.0158155,1,0
12.8GPa,Data/Cell_29_integrated/12p8GPa.xy,16.851379,0.00104212,0.00104212,0.0365771,,,,shoulder,1,C,100.001,0,0.379552,0.000992562,0.00104212,,,0,-0.00533776,0.000658132,-6.27943e-05,-6.27943e-05,0.00645863,-0.00972254,-0.266353,0.000292989,0.0365771,0.0948928,1,0
12.8GPa,Data/Cell_29_integrated/12p8GPa.xy,16.946272,0.000512934,0.000512934,0.025114,,,,shoulder,1,C,100.001,0,0.357013,-0.00955991,0.000512934,,,0,-0.00655887,-0.0014235,-0.00250685,-0.00250685,0.00383941,-0.652926,-0.184074,1.53762e-05,0.025114,0.0790773,1,0
12.8GPa,Data/Cell_29_integrated/12p8GPa.xy,17.025349,0.00112139,0.00112139,0.0103434,,,,raw;shoulder,2,C,200.001,0,0.348657,-0.00995273,0.00112139,,,0,-0.00441896,-2.70203e-05,-0.000535436,-0.000535436,0.00403365,-0.132742,-0.102367,0.000392686,0.0103434,0.158155,1,0
12.8GPa,Data/Cell_29_integrated/12p8GPa.xy,17.104427,0.00140472,0.00140472,0.0148724,,,,raw,1,C,100.001,0,0.342701,-0.00885583,0.00140472,,,0,-0.00442655,-0.00138192,-0.00151931,-0.00151931,0.00245526,-0.618797,-0.0362644,6.407e-05,0.0148724,0.0790773,0,0
12.8GPa,Data/Cell_29_integrated/12p8GPa.xy,17.120242,0.000813908,0.000813908,0.0399395,,,,shoulder,1,C,100.001,0,0.340042,-0.00847315,0.000813908,,,0,-0.0042702,-0.000545599,-0.00169701,-0.00169701,0.00267748,-0.633809,-0.022169,0.000154804,0.0399395,0.0158155,1,0
12.8GPa,Data/Cell_29_integrated/12p8GPa.xy,17.151873,0.000273258,0.000273258,0.0169754,,,,raw,1,C,100,0,0.340607,-0.00845265,0.000273258,,,0,-0.00443061,-0.00109276,-0.00173788,-0.00173788,0.00388401,-0.447446,-0.00454488,-0.000659103,0.0169754,0.0316309,0,0
12.8GPa,Data/Cell_29_integrated/12p8GPa.xy,17.199319,0.00299969,0.00299969,0.0275288,,,,raw,1,C,100.012,0,0.343042,-0.00492684,0.00299969,,,0,-0.000927518,0.000475529,2.58411e-06,2.58411e-06,0.00276855,0.000933378,-0.00489993,-7.15914e-05,0.0275288,0.0158155,0,0
12.8GPa,Data/Cell_29_integrated/12p8GPa.xy,17.357474,0.00324819,0.000389393,0.0153744,,,,raw,1,C,100,0,0.335694,0.0024078,0.000389393,,,0,-0.00621558,-0.00359433,-0.00379848,-0.00379848,0.00306526,-1.2392,-0.0248559,-0.00177076,0.0153744,0.0632619,0,0
12.8GPa,Data/Cell_29_integrated/12p8GPa.xy,17.721230,0.0229794,0.00199382,0.0172069,,,,raw,1,C,100.002,0,0.321171,0.0213091,0.00199382,,,0,-0.00377328,-0.00136062,-0.00251702,-0.00251702,0.00150827,-1.66882,-0.074418,-0.000368879,0.0172069,0.0316309,0,0
12.8GPa,Data/Cell_29_integrated/12p8GPa.xy,17.974277,0.00191975,0.00191975,0.02208,,,,raw,1,C,100.359,0,0.309872,-0.0445487,0.00191975,,,0,-0.00222294,0.000752436,0.000129514,0.000129514,0.00362347,0.035743,-0.00692586,0.00071103,0.02208,0.0158155,0,0
12.8GPa,Data/Cell_29_integrated/12p8GPa.xy,18.258956,0.00230262,0.00230262,0.0529645,,,,shoulder,1,C,100.002,0,0.313784,-0.0960331,0.00230262,,,0,-0.00511456,-0.00147778,0.00142602,-0.00147778,0.00701911,-0.210536,0.0683965,0.000802209,0.0529645,0.0158155,1,0
12.8GPa,Data/Cell_29_integrated/12p8GPa.xy,18.274771,0.00259607,0.00259607,0.0371431,,,,raw,1,C,100.003,0,0.314393,-0.0973841,0.00259607,,,0,-0.00615803,-0.00131945,0.00180367,-0.00131945,0.00692635,-0.190497,0.0945835,0.000799856,0.0371431,0.0158155,1,0
12.8GPa,Data/Cell_29_integrated/12p8GPa.xy,18.385479,0.00129697,0.00129697,0.0392099,,,,shoulder,1,C,100.001,0,0.33101,-0.0914385,0.00129697,,,0,-0.0275053,-0.0107131,-0.000676335,-0.0107131,0.0228745,-0.468344,0.444646,-3.55263e-05,0.0392099,0.0790773,1,0
12.8GPa,Data/Cell_29_integrated/12p8GPa.xy,18.464557,0.851699,0.851699,0,,,,matched,1,C,100.852,0,0.377667,-0.04908,0,w5:0.851699,5,0.851699,-0.00565363,0.00902157,-0.00455917,-0.00455917,0.0158807,-0.287088,0.537924,-0.00255267,0,0.0474464,1,0
12.8GPa,Data/Cell_29_integrated/12p8GPa.xy,18.527819,0.0115555,0.0115135,0.0737068,,,,shoulder,1,C,100.45,0,0.443077,0.0115555,0.0115135,,,0,0.00339327,0.00156398,0.0539775,0.00156398,0.0357025,0.0438057,0.920393,0.00695438,0.0737068,0.0158155,1,0
12.8GPa,Data/Cell_29_integrated/12p8GPa.xy,18.907390,0.0297682,0.00221577,0.0372534,,,,shoulder,1,C,100.002,0,0.454038,0.0297682,0.00221577,,,0,-0.0942898,-0.0473775,-0.0306611,-0.0473775,0.0414549,-1.14287,-1.84314,-0.00462903,0.0372534,0.142339,1,0
12.8GPa,Data/Cell_29_integrated/12p8GPa.xy,19.002283,0.00206191,0.00206191,0.0302316,,,,shoulder,1,C,100.002,0,0.356428,-0.0535028,0.00206191,,,0,-0.0409844,0.00775958,-0.0237068,-0.0237068,0.0352232,-0.673046,-0.86449,0.000555849,0.0302316,0.0948928,1,0
12.8GPa,Data/Cell_29_integrated/12p8GPa.xy,19.065544,0.0016108,0.0016108,0.0337599,,,,shoulder,1,C,100.002,0,0.329071,-0.0724348,0.0016108,,,0,-0.0103516,0.00218968,-0.00875832,-0.00875832,0.0114713,-0.763501,-0.485438,0.000353497,0.0337599,0.0632619,1,0
12.8GPa,Data/Cell_29_integrated/12p8GPa.xy,19.176253,0.323986,0.323986,0,,,,matched,1,C,100.324,0,0.28107,-0.0949455,0,w5:0.323986,5,0.323986,-0.00804396,-0.00606057,-0.00417715,-0.00606057,0.00272065,-2.22762,-0.315712,-0.00173737,0,0.0316309,0,0
12.8GPa,Data/Cell_29_integrated/12p8GPa.xy,19.239515,6.17434e-05,6.17434e-05,0.0088399,,,,shoulder,1,C,100,0,0.269282,-0.0965723,6.17434e-05,,,0,-0.00640239,0.000758789,-0.000519177,-0.000519177,0.0082188,-0.0631694,-0.244501,0.000520732,0.0088399,0.0158155,1,0
12.8GPa,Data/Cell_29_integrated/12p8GPa.xy,19.255330,0.360817,0.360817,0,,,,matched,1,C,100.895,0,0.264328,-0.0963878,0,w2:0.360817,2,0.360817,-0.0061493,0.000486415,0.000553311,0.000486415,0.00909945,0.0534554,-0.224548,0.000458989,0,0.110708,0,0
12.8GPa,Data/Cell_29_integrated/12p8GPa.xy,19.271146,0.00270275,0.00270275,0.0847527,,,,shoulder,1,C,100.295,0,0.263357,-0.0959056,0.00270275,,,0,-0.00612213,0.000302083,0.00156754,0.000302083,0.0103332,0.0292343,-0.204652,0.000663798,0.0847527,0.0158155,1,0
12.8GPa,Data/Cell_29_integrated/12p8GPa.xy,19.429300,0.00103536,0.00103536,0.0140701,,,,raw,1,C,100.001,0,0.246428,-0.0731339,0.00103536,,,0,-0.00871571,-0.00344442,-0.0069384,-0.0069384,0.00472282,-1.46912,0.0157617,-0.00136199,0.0140701,0.0474464,0,0
12.8GPa,Data/Cell_29_integrated/12p8GPa.xy,19.492562,0.00104583,0.00104583,0.0363999,,,,shoulder,1,C,100.001,0,0.253782,-0.0459936,0.00104583,,,0,0.00199371,0.00478877,-0.000435897,-0.000435897,0.00294624,-0.14795,0.0390166,0.000922922,0.0363999,0.0316309,1,0
12.8GPa,Data/Cell_29_integrated/12p8GPa.xy,19.777240,0.0152421,0.0050719,0.0314289,,,,raw,1,C,100.005,0,0.231298,0.0133649,0.0050719,,,0,-0.0046392,-0.00223775,-0.000646296,-0.00223775,0.00572755,-0.3907,-0.120342,9.96689e-05,0.0314289,0.0158155,0,0
12.8GPa,Data/Cell_29_integrated/12p8GPa.xy,19.793056,0.0167974,0.00286099,0.0392298,,,,shoulder,1,C,100.77,0,0.230748,0.0167974,0.00286099,,,0,-0.00333606,0.000300937,0.00086133,0.000300937,0.0039204,0.0767617,-0.110484,0.00144131,0.0392298,0.0790773,1,0
12.8GPa,Data/Cell_29_integrated/12p8GPa.xy,19.967026,0.0154908,0.000767856,0.0288182,,,,raw,1,C,100.001,0,0.21661,0.0140592,0.000767856,,,0,-0.00594721,-0.00356469,-0.00167174,-0.00356469,0.00396424,-0.899211,-0.0117451,-0.000538809,0.0288182,0.0158155,0,0
12.8GPa,Data/Cell_29_integrated/12p8GPa.xy,20.520567,0.00173092,0.00173092,0.0232818,,,,raw,1,C,100.002,0,0.19018,-0.00215282,0.00173092,,,0,-0.00301905,-0.00123075,-0.000199233,-0.00123075,0.00328703,-0.374426,-0.114663,0.000281725,0.0232818,0.0158155,0,0
12.8GPa,Data/Cell_29_integrated/12p8GPa.xy,20.536383,0.00267,0.00267,0.0381027,,,,shoulder,1,C,102.03,0,0.18929,-0.00111127,0.00267,,,0,-0.00163409,0.000723372,0.00210858,0.000723372,0.00356807,0.202735,-0.102678,0.00136743,0.0381027,0.0632619,1,0
12.8GPa,Data/Cell_29_integrated/12p8GPa.xy,20.599645,0.00417129,0.00417129,0.0256957,,,,raw;shoulder,2,C,200.004,0,0.182781,-0.00450895,0.00417129,,,0,-0.00338727,-0.000566288,-0.000339716,-0.000566288,0.00356825,-0.158702,-0.0917961,-7.32464e-05,0.0256957,0.0632619,1,0
12.8GPa,Data/Cell_29_integrated/12p8GPa.xy,20.947585,0.00060726,0.00060726,0.0089144,,,,raw,1,C,100.001,0,0.15647,-0.00550349,0.00060726,,,0,-0.00535779,-0.00427793,-0.00154308,-0.00427793,0.00191153,-2.23796,-0.106508,-0.000508782,0.0089144,0.0632619,0,0
12.8GPa,Data/Cell_29_integrated/12p8GPa.xy,20.963400,0.000398682,0.000398682,0.0271312,,,,shoulder,1,C,100,0,0.151699,-0.00650554,0.000398682,,,0,-0.00656947,-0.00466681,-0.00359485,-0.00466681,0.00224657,-2.0773,-0.0992241,-0.000357338,0.0271312,0.0158155,1,0
12.8GPa,Data/Cell_29_integrated/12p8GPa.xy,21.311341,0.0014906,0.0014906,0.0302843,,,,shoulder,1,C,100.001,0,0.117508,-0.0154784,0.0014906,,,0,-0.0175807,-0.00804201,-0.0119869,-0.0119869,0.00468001,-2.5613,-0.0618851,-0.000411974,0.0302843,0.0158155,1,0
12.8GPa,Data/Cell_29_integrated/12p8GPa.xy,21.327156,0.00199997,0.00199997,0.0238177,,,,raw,1,C,100.002,0,0.118496,-0.0137239,0.00199997,,,0,-0.0150677,-0.00109154,-0.0126082,-0.0126082,0.00646986,-1.94876,-0.050878,-0.000787713,0.0238177,0.0790773,0,0
12.8GPa,Data/Cell_29_integrated/12p8GPa.xy,22.260269,0.00393868,0.00393868,0.0145625,,,,raw,1,C,100.004,0,0.0705439,-0.00478798,0.00393868,,,0,-0.00652212,-0.00273595,-0.00375828,-0.00375828,0.00347569,-1.0813,-0.0583112,-0.00143417,0.0145625,0.0316309,0,0
12.8GPa,Data/Cell_29_integrated/12p8GPa.xy,22.276084,0.000205966,0.000205966,0.010978,,,,shoulder,1,C,100,0,0.0658636,-0.00384867,0.000205966,,,0,-0.00551052,-0.000901259,-0.00361408,-0.00361408,0.00334079,-1.0818,-0.0572502,-0.000903693,0.010978,0.0158155,1,0
12.8GPa,Data/Cell_29_integrated/12p8GPa.xy,22.386792,0.00141861,0.00141861,0.00992587,,,,raw,1,C,100.912,0,0.0645452,-0.00200064,0.00141861,,,0,-0.000962037,0.000300338,0.00049116,0.000300338,0.00329792,0.0910689,-0.0449725,-0.00178824,0.00992587,0.0316309,0,0
12.8GPa,Data/Cell_29_integrated/12p8GPa.xy,22.908703,0.00317783,0.00317783,0.0106171,,,,raw,1,C,100.003,0,0.0249252,-0.0155937,0.00317783,,,0,-0.0203229,-0.0127971,-0.0112413,-0.0127971,0.00794261,-1.6112,-0.0732141,-0.00423628,0.0106171,0.0632619,0,0
12.8GPa,Data/Cell_29_integrated/12p8GPa.xy,22.940334,0.00126706,0.00126706,0.0456871,,,,shoulder,1,C,100.001,0,0.0247163,-0.0100137,0.00126706,,,0,-0.0125674,-0.00346715,-0.00872558,-0.00872558,0.00429694,-2.03065,-0.0361675,0.000205332,0.0456871,0.0316309,1,0
12.8GPa,Data/Cell_29_integrated/12p8GPa.xy,22.987780,0.0032955,0.0032955,0.0119929,,,,raw,1,C,100.003,0,0.0327394,-0.00315596,0.0032955,,,0,-0.000198249,0.00897571,-0.00327737,-0.00327737,0.0112526,-0.291255,-0.0650384,-0.00106173,0.0119929,0.0316309,1,0
12.8GPa,Data/Cell_29_integrated/12p8GPa.xy,23.256643,0.000681833,0.000681833,0.0221606,,,,shoulder,1,C,100.001,0,0.0141774,-0.00570683,0.000681833,,,0,-0.00318457,-0.00249894,0.0212708,-0.00249894,0.0203227,-0.122963,0.070335,0.00261284,0.0221606,0.0316309,1,0
12.8GPa,Data/Cell_29_integrated/12p8GPa.xy,23.541321,1.05413,1.05413,0,,,,matched,1,C,101.054,0,0.00510583,-0.00851407,0,w2:1.05413,2,1.05413,-0.0165279,-0.000927852,0.00222313,-0.000927852,0.0198709,-0.0466939,-0.120559,0.00914656,0,0.0158155,1,0
13.3GPa,Data/Cell_14_integrated/13p3GPa.xy,2.721717,0.00293463,0.00293463,0.0123223,,,,raw,1,C,100.003,0,-0.0378638,-0.00266824,0.00293463,,,0,0,0,0,0,0,0,0,0,0.0123223,0.140234,0,0
13.3GPa,Data/Cell_14_integrated/13p3GPa.xy,2.791834,0.000566871,0.000566871,0.0152776,,,,shoulder,1,C,100.001,0,-0.0401877,-0.00439764,0.000566871,,,0,-0.00371501,0.000916339,-0.00238147,-0.00238147,0.00272273,-0.874662,0.0645999,-0.000120069,0.0152776,0.0701169,1,0
13.3GPa,Data/Cell_14_integrated/13p3GPa.xy,3.296676,0.00116239,0.00116239,0.0118312,,,,raw;shoulder,2,C,200.001,0,-0.0233454,-0.00764886,0.00116239,,,0,-0.00677545,-0.00413945,-0.00416357,-0.00416357,0.00223206,-1.86535,-0.0138166,-0.00047241,0.0118312,0.0841402,1,0
13.3GPa,Data/Cell_14_integrated/13p3GPa.xy,3.521050,0.00141079,0.00141079,0.017,,,,raw,1,C,104.177,0,-0.0117314,-0.00313527,0.00141079,,,0,-0.000163195,0.000378782,0.000492559,0.000378782,0.000907218,0.417519,0.0504859,8.66541e-05,0.017,0.0280467,0,0
13.3GPa,Data/Cell_14_integrated/13p3GPa.xy,3.591167,0.000629174,0.000629174,0.0124749,,,,raw;shoulder,2,C,200.001,0,-0.00896477,-0.00200756,0.000629174,,,0,-0.000538284,-4.1056e-05,-1.34044e-06,-4.1056e-05,0.000713014,-0.0575809,0.0558581,9.08857e-05,0.0124749,0.0701169,1,0
13.3GPa,Data/Cell_14_integrated/13p3GPa.xy,4.797177,0.000936544,0.000255442,0.0105488,,,,raw,1,C,101.433,0,0.0168519,0.000809785,0.000255442,,,0,-0.000360058,0.000134779,0.000715886,0.000134779,0.000940428,0.143317,0.0159069,-7.28668e-05,0.0105488,0.0280467,0,0
13.3GPa,Data/Cell_14_integrated/13p3GPa.xy,4.853270,0.000536661,0.000232493,0.00846173,,,,raw,1,C,100,0,0.0173203,0.000117852,0.000232493,,,0,-0.000857815,9.43785e-06,-0.000831986,-0.000831986,0.00113908,-0.730401,0.0193664,-0.000435815,0.00846173,0.0280467,1,0
13.3GPa,Data/Cell_14_integrated/13p3GPa.xy,5.414205,0.00318435,0.000863198,0.0100599,,,,raw;shoulder,2,C,200.001,0,0.025946,0.00236819,0.000863198,,,0,-0.00223877,-9.5532e-05,-0.000940767,-0.000940767,0.00157666,-0.596682,0.0279819,7.95578e-05,0.0100599,0.0560935,1,0
13.3GPa,Data/Cell_14_integrated/13p3GPa.xy,5.442252,0.273373,0.273373,0,,,,matched,1,C,100.273,0,0.0264401,0.00457192,0,w2:0.273373,2,0.273373,-0.00163639,0.000541565,-9.55307e-05,-9.55307e-05,0.00274374,-0.0348177,0.0332026,4.46783e-05,0,0.0280467,1,0
13.3GPa,Data/Cell_14_integrated/13p3GPa.xy,5.680649,0.0202282,0.000172503,0.0398364,,,,shoulder,1,C,100,0,0.0333255,0.0202282,0.000172503,,,0,-0.00221767,-0.000403131,-0.00109709,-0.00109709,0.0015461,-0.709581,0.0219712,-0.000121071,0.0398364,0.0560935,1,0
13.3GPa,Data/Cell_14_integrated/13p3GPa.xy,6.171467,6.06385e-05,6.06385e-05,0.0190861,,,,shoulder,1,C,100,0,0.0590792,-0.0866351,6.06385e-05,,,0,-0.00458413,-0.00293013,-0.0016686,-0.00293013,0.00202985,-1.44352,0.128868,-0.000251653,0.0190861,0.0701169,1,0
13.3GPa,Data/Cell_14_integrated/13p3GPa.xy,6.241584,0.312263,0.312263,0,,,,matched;shoulder,2,C,200.313,0,0.0716583,-0.100002,0.00060053,w2:0.312263,2,0.312263,-0.00487469,-0.000758042,0.000225232,-0.000758042,0.004834,-0.156815,0.192376,0.000239814,0,0.154257,1,0
13.3GPa,Data/Cell_14_integrated/13p3GPa.xy,6.325725,0.000583306,0.000583306,0.0345683,,,,shoulder,1,C,100.001,0,0.0897952,-0.108784,0.000583306,,,0,-0.0144168,-0.00733517,0.000453669,-0.00733517,0.0125771,-0.583217,0.368579,-0.000122562,0.0345683,0.0841402,1,0
13.3GPa,Data/Cell_14_integrated/13p3GPa.xy,6.381818,0.000192759,0.000192759,0.0216517,,,,shoulder,1,C,100,0,0.109547,-0.104191,0.000192759,,,0,-0.0275798,-0.013552,-0.00173638,-0.013552,0.0226152,-0.599243,0.602088,-0.000820673,0.0216517,0.0560935,1,0
13.3GPa,Data/Cell_14_integrated/13p3GPa.xy,7.012870,0.00142688,0.00142688,0.0265468,,,,shoulder,1,C,100.001,0,0.193692,-0.0646888,0.00142688,,,0,-0.0705146,0.00250828,-0.032844,-0.032844,0.0600897,-0.546584,-1.37491,-0.000784586,0.0265468,0.16828,1,0
13.3GPa,Data/Cell_14_integrated/13p3GPa.xy,7.082987,0.000529092,0.000529092,0.0255829,,,,shoulder,1,C,100.001,0,0.142588,-0.105243,0.000529092,,,0,-0.0324019,-0.000737796,-0.0156559,-0.0156559,0.0257524,-0.607941,-0.643601,-0.00048751,0.0255829,0.0701169,1,0
13.3GPa,Data/Cell_14_integrated/13p3GPa.xy,7.167127,0.000420131,0.000420131,0.0280818,,,,shoulder,1,C,100,0,0.114933,-0.115072,0.000420131,,,0,-0.0124818,0.00045174,-0.00547672,-0.00547672,0.010518,-0.520702,-0.259702,-8.56518e-05,0.0280818,0.0560935,1,0
13.3GPa,Data/Cell_14_integrated/13p3GPa.xy,7.223221,0.000719331,0.000719331,0.0404699,,,,shoulder,1,C,100.001,0,0.106358,-0.110733,0.000719331,,,0,-0.00752211,-0.0010411,-0.0031866,-0.0031866,0.00626941,-0.508278,-0.143507,8.05057e-06,0.0404699,0.0841402,1,0
13.3GPa,Data/Cell_14_integrated/13p3GPa.xy,7.391501,0.00062557,0.00062557,0.0121699,,,,raw;shoulder,2,C,200.001,0,0.0985954,-0.0705216,0.00062557,,,0,-0.00246502,-0.000826347,-0.000401454,-0.000826347,0.00212925,-0.388093,-0.00494375,-0.000256585,0.0121699,0.0420701,1,0
13.3GPa,Data/Cell_14_integrated/13p3GPa.xy,7.840249,0.0280702,0.000138276,0.0172025,,,,shoulder,1,C,100,0,0.111332,0.0280702,0.000138276,,,0,-0.000329298,-0.000329234,0.00108515,-0.000329234,0.0012923,-0.254765,-0.00150332,9.02915e-05,0.0172025,0.0280467,1,0
13.3GPa,Data/Cell_14_integrated/13p3GPa.xy,7.994506,0.00467514,0.000180788,0.0105994,,,,raw,1,C,100,0,0.112736,0.00456419,0.000180788,,,0,-0.00352198,-0.00183051,-0.00305281,-0.00305281,0.00151959,-2.00897,0.0525341,-0.000661698,0.0105994,0.0280467,0,0
13.3GPa,Data/Cell_14_integrated/13p3GPa.xy,8.120717,0.00988252,0.000214171,0.0246119,,,,shoulder,1,C,100,0,0.124124,0.00988252,0.000214171,,,0,-0.0036506,-0.00272569,-0.0023322,-0.00272569,0.000979912,-2.78156,0.114019,-0.000137693,0.0246119,0.0560935,1,0
13.3GPa,Data/Cell_14_integrated/13p3GPa.xy,8.190833,0.0200547,0.00090652,0.0346485,,,,shoulder,1,C,100.414,0,0.135498,0.0200547,0.00090652,,,0,0.00119291,0.00293214,0.000124905,0.000124905,0.00302408,0.0413033,0.114262,0.000560501,0.0346485,0.12621,1,0
13.3GPa,Data/Cell_14_integrated/13p3GPa.xy,8.527394,0.357912,0.357912,0,,,,matched;shoulder,2,C,200.359,0,0.12436,-0.00825122,0.000843128,w2:0.357912,2,0.357912,-0.00345049,-7.31737e-06,7.36319e-05,-7.31737e-06,0.00356787,-0.00205091,-0.0845471,0.000108496,0,0.0981636,1,0
13.3GPa,Data/Cell_14_integrated/13p3GPa.xy,8.948096,0.000356807,0.000356807,0.0238341,,,,shoulder,1,C,100,0,0.156658,-0.0016675,0.000356807,,,0,-0.0103877,-0.00667665,-0.00153267,-0.00667665,0.00594949,-1.12222,0.293923,-0.000294002,0.0238341,0.0701169,1,0
13.3GPa,Data/Cell_14_integrated/13p3GPa.xy,9.032236,0.0358555,0.000762063,0.0448592,,,,shoulder,1,C,100.001,0,0.188614,0.0358555,0.000762063,,,0,-0.00985929,-0.000316957,-0.00462911,-0.00462911,0.00614081,-0.753827,0.427879,-5.14533e-05,0.0448592,0.0981636,1,0
13.3GPa,Data/Cell_14_integrated/13p3GPa.xy,9.340750,0.00034936,0.00034936,0.02411,,,,shoulder,1,C,100,0,0.256473,-0.0335123,0.00034936,,,0,-0.0127366,-0.0135656,0.0100053,-0.0135656,0.00755907,-1.79461,0.0196639,3.119e-05,0.02411,0.0560935,1,0
13.3GPa,Data/Cell_14_integrated/13p3GPa.xy,9.635241,0.00360631,0.00360631,0.215911,,,,shoulder,1,C,100.004,0,0.277974,-0.143809,0.00360631,,,0,-0.031226,-0.0101128,-0.00413958,-0.0101128,0.0272316,-0.371363,-0.0572963,-0.000576839,0.215911,0.0701169,1,0
13.3GPa,Data/Cell_14_integrated/13p3GPa.xy,9.663288,0.000121989,0.000121989,0.00992013,,,,shoulder,1,C,100,0,0.277801,-0.145054,0.000121989,,,0,-0.0380911,-0.00719964,-0.00664627,-0.00719964,0.0371698,-0.193696,0.0593824,-0.000621737,0.00992013,0.0280467,1,0
13.3GPa,Data/Cell_14_integrated/13p3GPa.xy,9.705358,3.45501,3.45501,0,,,,matched,1,C,103.455,0,0.280886,-0.141203,0,w2:3.11125;w3:3.45501,3,3.45501,-0.0445777,-0.017669,-0.0109616,-0.017669,0.0310746,-0.568598,0.397422,-0.0021564,0,0.182304,0,0
13.3GPa,Data/Cell_14_integrated/13p3GPa.xy,9.747428,7.98121e-06,7.98121e-06,0.00739948,,,,shoulder,1,C,100,0,0.304733,-0.129413,7.98121e-06,,,0,-0.0501204,-0.0182157,-0.0112483,-0.0182157,0.0410556,-0.443684,0.772528,-0.00178471,0.00739948,0.0420701,1,0
13.3GPa,Data/Cell_14_integrated/13p3GPa.xy,9.789498,0.00081954,0.00081954,0.0411142,,,,shoulder,1,C,100.001,0,0.344208,-0.108462,0.00081954,,,0,-0.0577007,-0.019286,-0.00797787,-0.019286,0.049744,-0.387705,1.20205,-0.00133686,0.0411142,0.0841402,1,0
13.3GPa,Data/Cell_14_integrated/13p3GPa.xy,9.873638,0.000838854,0.000838854,0.0351591,,,,shoulder,1,C,100.001,0,0.474474,-0.0221707,0.000838854,,,0,-0.0776734,-0.0262305,-0.0226567,-0.0262305,0.0576787,-0.45477,2.22749,-0.0026396,0.0351591,0.16828,1,0
13.3GPa,Data/Cell_14_integrated/13p3GPa.xy,10.322386,0.000541412,0.000541412,0.0386967,,,,shoulder,1,C,100.001,0,0.378685,-0.246057,0.000541412,,,0,-0.0875564,-0.0227405,-0.0321675,-0.0321675,0.0682963,-0.471,-1.93211,-0.00316407,0.0386967,0.0560935,1,0
13.3GPa,Data/Cell_14_integrated/13p3GPa.xy,10.378480,0.970883,0.970883,0,,,,matched,1,C,100.971,0,0.301641,-0.316916,0,w5:0.970883,5,0.970883,-0.0714457,-0.0125688,-0.0247759,-0.0247759,0.0588572,-0.42095,-1.13458,-0.00213776,0,0.0420701,0,0
13.3GPa,Data/Cell_14_integrated/13p3GPa.xy,10.420550,4.73683,4.73683,0,,,,matched;shoulder,2,C,204.74,0,0.271077,-0.339576,0.00293612,w2:2.28667;w3:4.73683,3,4.73683,-0.0647241,-0.0136244,-0.0170157,-0.0170157,0.054872,-0.310098,-0.548398,-0.00192058,0,0.224374,1,0
13.3GPa,Data/Cell_14_integrated/13p3GPa.xy,10.476643,0.00109865,0.00109865,0.03693,,,,shoulder,1,C,100.001,0,0.257866,-0.335479,0.00109865,,,0,-0.106458,-0.0511158,0.0110965,-0.0511158,0.114839,-0.445107,0.666207,-0.00165905,0.03693,0.0560935,1,0
13.3GPa,Data/Cell_14_integrated/13p3GPa.xy,10.855275,0.0854733,0.000928153,0.0377315,,,,shoulder,1,C,100.001,0,0.511641,0.0854733,0.000928153,,,0,-0.116497,-0.0411219,-0.0180944,-0.0411219,0.109955,-0.373987,-3.47029,-0.00474014,0.0377315,0.12621,1,0
13.3GPa,Data/Cell_14_integrated/13p3GPa.xy,11.135742,38.1271,38.1271,0,,,,matched;raw,2,C,238.128,0,0.190854,-0.239694,0.000465658,w5:38.1271,5,38.1271,-0.00935201,-0.000757621,-0.00320044,-0.00320044,0.00766374,-0.417607,-0.0788214,-0.000266744,0,0.0280467,0,0
13.3GPa,Data/Cell_14_integrated/13p3GPa.xy,11.163789,57.3308,57.3308,0.461373,,,,matched;shoulder,2,C,257.336,0,0.190566,-0.24923,0.00509663,w8:57.3308,8,57.3308,-0.00765753,-0.000928069,-0.000903903,-0.000928069,0.00738212,-0.125718,-0.0153095,0.000125268,0.461373,0.0560935,1,0
13.3GPa,Data/Cell_14_integrated/13p3GPa.xy,11.233906,0.000305706,0.000305706,0.035912,,,,shoulder,1,C,100,0,0.191324,-0.26952,0.000305706,,,0,-0.0119441,-0.00548779,-0.00122758,-0.00548779,0.00852619,-0.643639,0.127588,-0.000280153,0.035912,0.0701169,1,0
13.3GPa,Data/Cell_14_integrated/13p3GPa.xy,11.318046,0.000749273,0.000749273,0.027416,,,,shoulder,1,C,100.001,0,0.208639,-0.264708,0.000749273,,,0,-0.0257181,-0.0114283,0.00125599,-0.0114283,0.0219961,-0.519557,0.448205,-6.3009e-05,0.027416,0.0841402,1,0
13.3GPa,Data/Cell_14_integrated/13p3GPa.xy,11.402186,0.203496,0.203496,0,,,,matched;shoulder,2,C,200.205,0,0.256998,-0.210407,0.00116875,w2:0.203496,2,0.203496,-0.0501687,-0.0190675,-0.00715137,-0.0190675,0.0419427,-0.454608,1.053,-0.00124306,0,0.112187,1,0
13.3GPa,Data/Cell_14_integrated/13p3GPa.xy,11.514373,0.745455,0.745455,0.0433804,,,,matched;shoulder,2,C,200.747,0,0.433104,-0.00557411,0.00183721,w2:0.745455,2,0.745455,-0.0669527,-0.0183675,-0.0157541,-0.0183675,0.0594994,-0.308701,2.27887,-0.00148436,0.0433804,0.196327,1,0
13.3GPa,Data/Cell_14_integrated/13p3GPa.xy,11.584490,0.209661,0.00146094,0.0180416,,,,shoulder,1,C,100.001,0,0.621173,0.209661,0.00146094,,,0,-0.103109,-0.0436185,-0.00497894,-0.0436185,0.104213,-0.418552,3.5476,-0.00190568,0.0180416,0.0560935,1,0
13.3GPa,Data/Cell_14_integrated/13p3GPa.xy,11.640584,0.437662,0.0158303,0.0409511,,,,shoulder,1,C,100.016,0,0.827552,0.437662,0.0158303,,,0,0.036351,0.0878832,-0.0219957,-0.0219957,0.0890692,-0.24695,2.39078,0.00303797,0.0409511,0.0701169,1,0
13.3GPa,Data/Cell_14_integrated/13p3GPa.xy,11.991168,0.000575911,0.000575911,0.0407134,,,,shoulder,1,C,100.001,0,0.224997,-0.156111,0.000575911,,,0,-0.018643,0.00226956,-0.010876,-0.010876,0.0154392,-0.704441,-0.558291,-0.0002074,0.0407134,0.0701169,1,0
13.3GPa,Data/Cell_14_integrated/13p3GPa.xy,12.159448,0.000971022,0.000971022,0.0381381,,,,shoulder,1,C,100.001,0,0.172395,-0.155836,0.000971022,,,0,-0.00670346,-0.00111452,-0.00187572,-0.00187572,0.00510422,-0.367484,-0.209564,0.000252513,0.0381381,0.0841402,1,0
13.3GPa,Data/Cell_14_integrated/13p3GPa.xy,12.243589,0.000466707,0.000466707,0.0344779,,,,shoulder,1,C,100,0,0.160079,-0.132632,0.000466707,,,0,-0.00417634,7.46387e-05,-0.000928835,-0.000928835,0.00353034,-0.2631,-0.116979,0.00019867,0.0344779,0.0841402,1,0
13.3GPa,Data/Cell_14_integrated/13p3GPa.xy,12.299682,1.7033e-05,1.7033e-05,0.00909944,,,,shoulder,1,C,100,0,0.154281,-0.111738,1.7033e-05,,,0,-0.00404992,-0.00157048,-0.00176856,-0.00176856,0.00301151,-0.587269,-0.0724223,-0.000210832,0.00909944,0.0560935,1,0
13.3GPa,Data/Cell_14_integrated/13p3GPa.xy,12.355776,0.000295625,0.000295625,0.00940217,,,,raw;shoulder,2,C,200,0,0.152215,-0.0853594,0.000295625,,,0,-0.00219744,0.000229111,-0.00212477,-0.00212477,0.00122771,-1.73067,-0.0449779,-6.85846e-05,0.00940217,0.0420701,1,0
13.3GPa,Data/Cell_14_integrated/13p3GPa.xy,12.566126,0.0293807,0.000752582,0.0321427,,,,raw;shoulder,2,C,200.001,0,0.147706,0.0286854,0.000752582,,,0,-0.00207175,-0.000715659,-0.0015139,-0.0015139,0.000776215,-1.95036,-0.00300418,-0.000247493,0.0321427,0.0701169,1,0
13.3GPa,Data/Cell_14_integrated/13p3GPa.xy,12.664290,47.338,47.338,0,,,,matched,1,C,147.338,0,0.148042,0.058209,0,w8:47.338,8,47.338,-0.00128605,-0.000711416,-0.000612433,-0.000711416,0.000787963,-0.902854,0.0165946,-0.000387366,0,0.0280467,0,0
13.3GPa,Data/Cell_14_integrated/13p3GPa.xy,13.099014,3.59195,3.59195,0,,,,matched;raw,2,C,203.592,0,0.155183,-0.015286,2.46852e-05,w8:3.59195,8,3.59195,-0.00065662,0.000129313,-0.000265254,-0.000265254,0.00082879,-0.32005,0.0090397,-0.000107715,0,0.0280467,1,0
13.3GPa,Data/Cell_14_integrated/13p3GPa.xy,13.211201,0.000164506,0.000164506,0.0111162,,,,raw,1,C,100,0,0.156659,-0.0211047,0.000164506,,,0,-0.00236615,-0.0020424,-0.00109081,-0.0020424,0.000975103,-2.09454,0.0287543,-0.000312303,0.0111162,0.0560935,0,0
13.3GPa,Data/Cell_14_integrated/13p3GPa.xy,13.351435,0.00101736,0.00101736,0.0291689,,,,shoulder,1,C,100.001,0,0.164806,-0.0184696,0.00101736,,,0,-0.019367,-0.0120046,0.00258408,-0.0120046,0.0161552,-0.743084,0.282816,0.000224059,0.0291689,0.0701169,1,0
13.3GPa,Data/Cell_14_integrated/13p3GPa.xy,13.421552,0.000457204,0.000457204,0.0263807,,,,shoulder,1,C,100,0,0.18364,-0.00175766,0.000457204,,,0,-0.0398578,-0.0172659,-0.013291,-0.0172659,0.0275889,-0.62583,0.605536,-0.0016513,0.0263807,0.0701169,1,0
13.3GPa,Data/Cell_14_integrated/13p3GPa.xy,13.730066,5.42751e-06,5.42751e-06,0.00726443,,,,shoulder,1,C,100,0,0.172839,-0.0098738,5.42751e-06,,,0,-0.0203136,0.00588812,-0.0125486,-0.0125486,0.0244134,-0.514003,-0.404537,-0.000231601,0.00726443,0.0420701,1,0
13.3GPa,Data/Cell_14_integrated/13p3GPa.xy,13.898347,2.78763,2.78763,0,,,,matched;shoulder,2,C,202.788,0,0.15105,-0.0265082,0.000761886,w2:2.78763;w5:1.1588,2,2.78763,-0.00356,0.000244743,-0.0015146,-0.0015146,0.00325551,-0.465241,-0.0630102,4.51629e-05,0,0.0701169,1,0
13.3GPa,Data/Cell_14_integrated/13p3GPa.xy,13.926394,2.5949,2.5949,0,,,,matched,1,C,102.595,0,0.149053,-0.0271053,0,w3:2.5949,3,2.5949,-0.00330877,-0.000439148,-0.00146021,-0.00146021,0.00282215,-0.517408,-0.0450674,-0.000346604,0,0.0280467,0,0
13.3GPa,Data/Cell_14_integrated/13p3GPa.xy,14.375142,9.42221e-05,9.42221e-05,0.00736883,,,,raw,1,C,100,0,0.144221,-0.00450089,9.42221e-05,,,0,-0.00222455,-0.000313795,-0.00182967,-0.00182967,0.00127897,-1.43058,-0.00472664,-0.000441145,0.00736883,0.0560935,0,0
13.3GPa,Data/Cell_14_integrated/13p3GPa.xy,14.571469,0.0061837,0.00112868,0.0413775,,,,shoulder,1,C,100.001,0,0.144387,0.0061837,0.00112868,,,0,-0.000581079,-8.55657e-05,0.000759503,-8.55657e-05,0.00100325,-0.0852887,-0.00977778,0.000510119,0.0413775,0.0280467,1,0
13.3GPa,Data/Cell_14_integrated/13p3GPa.xy,14.641586,0.00155309,0.000637633,0.0236464,,,,raw;shoulder,2,C,200.001,0,0.143176,0.000988297,0.000637633,,,0,-0.00157507,-0.000351899,-0.00114393,-0.00114393,0.000882496,-1.29625,0.00169961,0.000188288,0.0236464,0.0841402,1,0
13.3GPa,Data/Cell_14_integrated/13p3GPa.xy,14.950100,6.97258e-05,6.97258e-05,0.0229541,,,,shoulder,1,C,100,0,0.137894,-0.00317836,6.97258e-05,,,0,-0.00197051,-0.00165987,0.000355683,-0.00165987,0.00164741,-1.00756,-0.0346976,-1.8934e-05,0.0229541,0.0560935,1,0
13.3GPa,Data/Cell_14_integrated/13p3GPa.xy,15.020217,0.000348711,0.000348711,0.0353617,,,,shoulder,1,C,100,0,0.134817,-0.00399648,0.000348711,,,0,-0.005666,-0.00267585,0.000135691,-0.00267585,0.00439324,-0.609084,0.0155787,-4.01106e-06,0.0353617,0.0280467,1,0
13.3GPa,Data/Cell_14_integrated/13p3GPa.xy,15.048263,0.000884896,0.000884896,0.0345345,,,,raw,1,C,100.001,0,0.135258,-0.00336429,0.000884896,,,0,-0.00696401,-0.00263192,-0.00267781,-0.00267781,0.00500274,-0.535269,0.0402339,-0.000274296,0.0345345,0.154257,0,0
13.3GPa,Data/Cell_14_integrated/13p3GPa.xy,15.118380,0.0057498,0.000343303,0.0279644,,,,shoulder,1,C,100,0,0.141913,0.0057498,0.000343303,,,0,-0.000406283,0.00264261,-0.00106866,-0.00106866,0.00544927,-0.19611,0.0560416,8.87052e-05,0.0279644,0.0701169,1,0
13.3GPa,Data/Cell_14_integrated/13p3GPa.xy,15.384824,0.000979481,0.000979481,0,,,,raw;shoulder,2,C,200.001,0,0.128908,0.000130813,0.000979481,,,0,-0.00366782,-0.00125177,-0.000653899,-0.00125177,0.00200743,-0.62357,-0.0947812,0.000335231,0,0.0701169,1,0
13.3GPa,Data/Cell_14_integrated/13p3GPa.xy,15.595175,0.00158482,0.00158482,0.0261936,,,,raw;shoulder,2,C,200.002,0,0.118783,-0.00365492,0.00158482,,,0,-0.000603092,-0.000318746,-0.000388209,-0.000388209,0.000383895,-1.01123,-0.0337919,0.000227725,0.0261936,0.0701169,1,0
13.3GPa,Data/Cell_14_integrated/13p3GPa.xy,15.693339,1.04613,1.04613,0,,,,matched,1,C,106.347,0,0.115214,-0.00454357,0,w5:1.04613,5,1.04613,0.000241276,0.000446335,0.000207186,0.000207186,0.000390832,0.530114,-0.029962,-0.000107955,0,0.0280467,0,0
13.3GPa,Data/Cell_14_integrated/13p3GPa.xy,15.763456,0.00047246,0.00047246,0.0361647,,,,shoulder,1,C,102.872,0,0.113131,-0.00543231,0.00047246,,,0,-1.54299e-05,0.000173984,0.000599207,0.000173984,0.000605853,0.287172,-0.0267407,0.000271897,0.0361647,0.0701169,1,0
13.3GPa,Data/Cell_14_integrated/13p3GPa.xy,15.833572,0.000825853,0.000825853,0.0147089,,,,raw;shoulder,2,C,200.001,0,0.111452,-0.00710886,0.000825853,,,0,-0.00208202,-0.00125115,0.000186708,-0.00125115,0.00219738,-0.569384,-0.00774927,3.14834e-05,0.0147089,0.0701169,1,0
13.3GPa,Data/Cell_14_integrated/13p3GPa.xy,16.085993,0.000526605,0.000526605,0.0292325,,,,raw;shoulder,2,C,200.001,0,0.108634,-0.00710188,0.000526605,,,0,-0.00377402,-0.0007907,-0.00277848,-0.00277848,0.00191428,-1.45145,-0.00122286,-2.76239e-05,0.0292325,0.0560935,1,0
13.3GPa,Data/Cell_14_integrated/13p3GPa.xy,16.198180,0.216391,0.216391,0,,,,matched;shoulder,2,C,200.217,0,0.112506,-0.00173872,0.00081746,w5:0.216391,5,0.216391,-0.000530199,-0.00037311,0.000356529,-0.00037311,0.000943728,-0.395357,0.0377825,1.60118e-05,0,0.0280467,1,0
13.3GPa,Data/Cell_14_integrated/13p3GPa.xy,16.254274,0.000227806,0.000227806,0.00935635,,,,raw,1,C,100,0,0.113448,-0.000671626,0.000227806,,,0,-0.00232542,-0.00160884,-0.00166866,-0.00166866,0.000738092,-2.26077,0.0464284,-0.00048937,0.00935635,0.0280467,0,0
13.3GPa,Data/Cell_14_integrated/13p3GPa.xy,16.674975,0.277413,0.277413,0,,,,matched;raw;shoulder,3,C,302.141,0,0.114424,0.00352652,0.000916457,w2:0.277413,2,0.277413,-0.000663089,0.00029729,0.000216491,0.000216491,0.00116216,0.186284,-0.0760888,0.000142975,0,0.112187,1,0
13.3GPa,Data/Cell_14_integrated/13p3GPa.xy,16.717045,0.000812523,1.89661e-05,0.00812182,,,,shoulder,1,C,100,0,0.111439,0.000812523,1.89661e-05,,,0,-0.00127106,-0.000242491,-0.000486776,-0.000486776,0.0005433,-0.895961,-0.0676828,-6.28018e-05,0.00812182,0.0420701,1,0
13.3GPa,Data/Cell_14_integrated/13p3GPa.xy,16.773139,0.000494962,0.000494962,0.00776493,,,,raw;shoulder,2,C,203.569,0,0.108634,-0.00104616,0.000494962,,,0,-0.000537713,0.000176229,0.000170752,0.000170752,0.000478515,0.356836,-0.0549833,0.000277173,0.00776493,0.0981636,1,0
13.3GPa,Data/Cell_14_integrated/13p3GPa.xy,16.857279,0.000656665,0.000656665,0,,,,raw;shoulder,2,C,202.784,0,0.104568,-0.00317179,0.000656665,,,0,3.39216e-05,0.000399908,0.000149777,0.000149777,0.000538141,0.278322,-0.0458656,0.000212638,0,0.0280467,1,0
13.3GPa,Data/Cell_14_integrated/13p3GPa.xy,16.927396,9.4624e-05,9.4624e-05,0.0223029,,,,shoulder,1,C,100,0,0.101178,-0.00487365,9.4624e-05,,,0,-0.000339904,-0.000185809,0.000227078,-0.000185809,0.000735275,-0.252707,-0.0406845,0.000173223,0.0223029,0.0420701,1,0
13.3GPa,Data/Cell_14_integrated/13p3GPa.xy,17.362120,3.5181e-05,3.5181e-05,0.0122072,,,,shoulder,1,C,100,0,0.0906723,-0.00226531,3.5181e-05,,,0,-0.00256706,-0.00203654,-0.00063524,-0.00203654,0.00175209,-1.16235,-0.0272785,-0.00014798,0.0122072,0.0560935,1,0
13.3GPa,Data/Cell_14_integrated/13p3GPa.xy,17.418214,0.000234304,0.000234304,0.0240705,,,,raw;shoulder,2,C,200,0,0.0897497,-0.00143581,0.000234304,,,0,-0.00187483,1.71104e-06,-0.00171668,-0.00171668,0.000857665,-2.00157,-0.0159843,-0.000115984,0.0240705,0.0701169,1,0
13.3GPa,Data/Cell_14_integrated/13p3GPa.xy,17.628564,0.00215424,0.000541432,0.0278751,,,,raw;shoulder,2,C,200.001,0,0.0880399,0.00162946,0.000541432,,,0,-0.00109004,-0.000468126,-0.000461898,-0.000468126,0.000622689,-0.751779,-0.0139668,-0.000263621,0.0278751,0.0560935,1,0
13.3GPa,Data/Cell_14_integrated/13p3GPa.xy,17.754775,0.00279493,0.000271306,0.00724906,,,,raw;shoulder,2,C,200,0,0.0866347,0.00237452,0.000271306,,,0,-0.000992278,-0.000207962,-7.96889e-05,-0.000207962,0.00103739,-0.200466,-0.00943958,-4.01355e-05,0.00724906,0.0701169,1,0
13.3GPa,Data/Cell_14_integrated/13p3GPa.xy,17.965125,0.000592743,0.000592743,0.0106531,,,,raw;shoulder,2,C,200.001,0,0.0808551,-0.000925551,0.000592743,,,0,-0.00112886,-0.000244884,-1.08354e-05,-0.000244884,0.00117855,-0.207784,-0.0431017,8.31803e-05,0.0106531,0.0701169,1,0
13.3GPa,Data/Cell_14_integrated/13p3GPa.xy,18.133406,0.00193926,0.00193926,0.030343,,,,raw;shoulder,2,C,200.002,0,0.0750644,-0.00483601,0.00193926,,,0,-0.00215395,-0.0015554,-0.00119173,-0.0015554,0.000717179,-2.16878,-0.0204287,0.00012465,0.030343,0.0841402,1,0
13.3GPa,Data/Cell_14_integrated/13p3GPa.xy,18.399850,0.00146886,0.00146886,0.0151541,,,,raw,1,C,100.001,0,0.073788,-0.00334714,0.00146886,,,0,-0.00100742,-9.98183e-05,0.000492004,-9.98183e-05,0.00184267,-0.0541703,0.0062623,-0.000130574,0.0151541,0.0560935,1,0
13.3GPa,Data/Cell_14_integrated/13p3GPa.xy,18.427897,0.000411001,0.000411001,0.041494,,,,shoulder,1,C,100,0,0.0724623,-0.00306827,0.000411001,,,0,-0.00151279,-0.000602507,0.000524946,-0.000602507,0.00126988,-0.474459,0.0149177,9.92086e-05,0.041494,0.0280467,1,0
13.3GPa,Data/Cell_14_integrated/13p3GPa.xy,18.455943,0.000340925,0.000340925,0.0218687,,,,raw,1,C,100,0,0.0728032,-0.00309643,0.000340925,,,0,-0.00270841,-0.00159372,-0.00106325,-0.00159372,0.00158217,-1.0073,0.0217667,-0.000198112,0.0218687,0.0280467,0,0
13.3GPa,Data/Cell_14_integrated/13p3GPa.xy,18.806528,0.000892915,0.000279218,0.0264538,,,,shoulder,1,C,100,0,0.0732721,0.000892915,0.000279218,,,0,-0.00206248,-0.000439459,-0.00142208,-0.00142208,0.000790314,-1.79938,-0.0352133,-7.30544e-05,0.0264538,0.0841402,1,0
13.3GPa,Data/Cell_14_integrated/13p3GPa.xy,19.002855,0.000336145,0.000336145,0.00960356,,,,raw,1,C,100,0,0.0672171,-0.00438258,0.000336145,,,0,-0.00439911,-0.00368149,-0.00334262,-0.00368149,0.000885621,-4.15696,-0.0111558,-0.000715151,0.00960356,0.0701169,0,0
13.3GPa,Data/Cell_14_integrated/13p3GPa.xy,19.704024,0.000285318,0.000285318,0.00817386,,,,raw;shoulder,2,C,200,0,0.056711,-0.00287247,0.000285318,,,0,-0.00271479,-0.000812348,-0.00102192,-0.00102192,0.00215385,-0.474459,-0.0233478,-0.000514793,0.00817386,0.0560935,1,0
13.3GPa,Data/Cell_14_integrated/13p3GPa.xy,20.026561,0.00186719,0.00186719,0.0151767,,,,raw,1,C,100.002,0,0.0553461,-0.000750799,0.00186719,,,0,-0.000669625,3.74346e-05,-5.36341e-05,-5.36341e-05,0.000946653,-0.0566565,0.0063003,-4.30786e-05,0.0151767,0.0280467,1,0
13.3GPa,Data/Cell_14_integrated/13p3GPa.xy,20.475309,0.000377449,0.000377449,0.0108808,,,,raw,1,C,100,0,0.0491678,-0.00136118,0.000377449,,,0,-0.00292289,-0.00125726,-0.00127613,-0.00127613,0.00217401,-0.586995,-0.00104754,-0.000410891,0.0108808,0.0280467,0,0
13.3GPa,Data/Cell_14_integrated/13p3GPa.xy,20.503356,0.00105747,0.00105747,0.0137891,,,,raw;shoulder,2,C,200.001,0,0.0495778,-0.0006974,0.00105747,,,0,-0.00247321,-0.000557727,-0.00109402,-0.00109402,0.00191387,-0.571628,-0.00663157,-0.000125881,0.0137891,0.0981636,1,0
13.3GPa,Data/Cell_14_integrated/13p3GPa.xy,20.531403,0.00131244,0.000707618,0.0091757,,,,raw,1,C,100.001,0,0.0508132,0.000465512,0.000707618,,,0,-0.000847663,0.00117322,-0.000554679,-0.000554679,0.00222659,-0.249116,-0.0111517,-0.000286042,0.0091757,0.0280467,1,0
13.3GPa,Data/Cell_14_integrated/13p3GPa.xy,20.713707,4.08184e-05,4.08184e-05,0.00740929,,,,raw,1,C,100,0,0.0459114,-0.00238697,4.08184e-05,,,0,-0.00181038,-0.000833085,-0.00158312,-0.00158312,0.000953386,-1.66052,-0.0355746,-0.000720276,0.00740929,0.0420701,0,0
13.3GPa,Data/Cell_14_integrated/13p3GPa.xy,21.148431,0.00165748,0.000119953,0.00727385,,,,raw,1,C,100,0,0.0455406,0.000992321,0.000119953,,,0,0.000161479,-0.000106964,0.00256175,-0.000106964,0.00159877,-0.066904,-0.0180726,0.000358649,0.00727385,0.0280467,1,0
13.3GPa,Data/Cell_14_integrated/13p3GPa.xy,21.386829,0.000751984,0.000751984,0.0116549,,,,raw,1,C,100.001,0,0.0389441,-0.00355117,0.000751984,,,0,-0.0045147,-0.00244523,-0.00290875,-0.00290875,0.00146176,-1.9899,-0.00447566,-0.000877387,0.0116549,0.0560935,0,0
13.3GPa,Data/Cell_14_integrated/13p3GPa.xy,21.709366,0.000337638,0.000337638,0.0106226,,,,raw;shoulder,2,C,200,0,0.0386617,-0.00088336,0.000337638,,,0,-0.0015858,-0.000713623,-0.000866355,-0.000866355,0.000829228,-1.04477,-0.0143867,-0.000460804,0.0106226,0.0560935,1,0
13.3GPa,Data/Cell_14_integrated/13p3GPa.xy,21.821553,0.00169051,0.00169051,0.0111407,,,,raw;shoulder,2,C,200.002,0,0.0388146,-0.000838978,0.00169051,,,0,-0.000939409,-0.000453208,-0.000620704,-0.000620704,0.000882817,-0.703093,-0.00811747,-0.000389917,0.0111407,0.0280467,1,0
13.3GPa,Data/Cell_14_integrated/13p3GPa.xy,22.017881,0.508067,0.508067,0,,,,matched,1,C,100.508,0,0.0344753,-0.00117759,0,w8:0.508067,8,0.508067,-0.00176186,-0.00112383,-0.000376957,-0.00112383,0.00175431,-0.640614,-0.00996073,-0.00093283,0,0.0420701,0,0
13.3GPa,Data/Cell_14_integrated/13p3GPa.xy,22.130068,0.568161,0.568161,0,,,,matched,1,C,101.797,0,0.0323364,-0.0013793,0,w5:0.568161,5,0.568161,-0.000895877,0.000304242,0.000741294,0.000304242,0.00247602,0.122875,-0.0222087,-0.00107691,0,0.0280467,0,0
13.3GPa,Data/Cell_14_integrated/13p3GPa.xy,22.396512,0.987091,0.987091,0,,,,matched,1,C,100.987,0,0.0305025,-0.00137873,0,w8:0.987091,8,0.987091,-0.000894156,0.000419609,-0.000131498,-0.000131498,0.00300976,-0.0436907,0.000964353,-0.00053652,0,0.0420701,1,0
13.3GPa,Data/Cell_14_integrated/13p3GPa.xy,22.466629,0.000764743,6.99477e-05,0.00719572,,,,raw,1,C,100,0,0.0338317,-0.000711714,6.99477e-05,,,0,-0.000582283,-9.95525e-05,0.00028045,-9.95525e-05,0.00241274,-0.0412611,-0.00238929,0.000281426,0.00719572,0.0280467,1,0
13.3GPa,Data/Cell_14_integrated/13p3GPa.xy,22.648932,0.000490941,0.000490941,0.012903,,,,raw,1,C,100,0,0.0305252,-0.00299489,0.000490941,,,0,-0.00252222,-0.00176529,-0.000331422,-0.00176529,0.00360759,-0.489328,0.0116927,-0.000926888,0.012903,0.0280467,0,0
13.3GPa,Data/Cell_14_integrated/13p3GPa.xy,23.055610,0.00239154,0.00124104,0.035933,,,,shoulder,1,C,100.001,0,0.0343592,0.00239154,0.00124104,,,0,-0.00276602,0.00463885,-0.00151457,-0.00151457,0.00625279,-0.242224,0.0276463,0.00046488,0.035933,0.0701169,1,0
13.3GPa,Data/Cell_14_integrated/13p3GPa.xy,23.700685,4.93093,4.93093,0,,,,matched,1,C,104.931,0,0.000809981,-0.00506247,0,w5:4.93093,5,4.93093,-0.000490552,0.0011101,-0.0062849,-0.0062849,0.0120721,-0.520614,-0.0825881,-0.00339629,0,0.0280467,1,0
13.3GPa,Data/Cell_14_integrated/13p3GPa.xy,23.798849,0.00758094,0.00758094,0.0278945,,,,shoulder,1,C,100.008,0,0.0285303,-0.000922257,0.00758094,,,0,-0.00111719,-0.00111657,0.0442553,-0.00111657,0.00251486,-0.443987,-0.0321598,0.0123038,0.0278945,0.0280467,1,0
15.6GPa,Data/Cell_14_integrated/15p6GPa.xy,2.721717,0.00490533,0.00490533,0.0223043,,,,raw,1,C,100.005,0,-0.0944313,-0.0115601,0.00490533,,,0,0,0,0,0,0,0,0,0,0.0223043,0.0841402,0,0
15.6GPa,Data/Cell_14_integrated/15p6GPa.xy,3.282652,0.00148789,0.00148789,0.0388018,,,,shoulder,1,C,100.001,0,-0.0381115,-0.0175098,0.00148789,,,0,-0.0141191,-0.00712075,-0.00171327,-0.00712075,0.0104929,-0.678626,-0.0565909,0.000138591,0.0388018,0.0981636,1,0
15.6GPa,Data/Cell_14_integrated/15p6GPa.xy,3.310699,0.000204085,0.000204085,0.00858261,,,,raw,1,C,100,0,-0.0419875,-0.0234136,0.000204085,,,0,-0.0178196,-0.00437516,-0.00816184,-0.00816184,0.0134522,-0.60673,-0.0201016,-0.001149,0.00858261,0.0280467,0,0
15.6GPa,Data/Cell_14_integrated/15p6GPa.xy,3.366793,0.000525537,0.000525537,0.0260946,,,,shoulder,1,C,100.001,0,-0.0356532,-0.0220173,0.000525537,,,0,-0.00981058,0.00162862,-0.00756399,-0.00756399,0.0061069,-1.2386,0.0963686,5.51509e-06,0.0260946,0.0701169,1,0
15.6GPa,Data/Cell_14_integrated/15p6GPa.xy,3.703354,4.30257,4.30257,0,,,,matched,1,C,104.303,0,0.0173236,0.00154269,0,w8:4.30257,8,4.30257,-0.00124656,-0.00163153,-6.31227e-05,-0.00163153,0.00292248,-0.558268,0.116916,-0.00150716,0,0.0420701,0,0
15.6GPa,Data/Cell_14_integrated/15p6GPa.xy,4.516709,0.00090997,0.00090997,0.0177559,,,,raw;shoulder,2,C,200.001,0,0.0653855,-0.00495888,0.00090997,,,0,-0.00389967,-0.00196308,-0.0028929,-0.0028929,0.0011573,-2.49969,0.047803,0.000160729,0.0177559,0.0701169,1,0
15.6GPa,Data/Cell_14_integrated/15p6GPa.xy,4.741083,0.000841635,0.000841635,0.0305325,,,,shoulder,1,C,100.001,0,0.0775777,-0.000800665,0.000841635,,,0,-0.00277645,-0.00057297,-0.00193598,-0.00193598,0.00193751,-0.999212,0.050941,0.000241017,0.0305325,0.0560935,1,0
15.6GPa,Data/Cell_14_integrated/15p6GPa.xy,5.119714,0.00242053,0.00242053,0.0305129,,,,raw;shoulder,2,C,200.002,0,0.0942951,-7.70289e-05,0.00242053,,,0,-0.0017373,-0.000346376,6.44259e-05,-0.000346376,0.00182255,-0.19005,0.0488932,0.000536944,0.0305129,0.0701169,1,0
15.6GPa,Data/Cell_14_integrated/15p6GPa.xy,5.456275,0.0276281,0.000485925,0.0092629,,,,raw,1,C,100,0,0.110139,0.0270093,0.000485925,,,0,-0.00427936,-0.00344139,0.000609845,-0.00344139,0.00192545,-1.78731,0.0373513,3.18349e-05,0.0092629,0.0280467,1,0
15.6GPa,Data/Cell_14_integrated/15p6GPa.xy,5.722720,0.000598266,0.000598266,0.0117683,,,,raw,1,C,100.001,0,0.132732,-0.0341184,0.000598266,,,0,-0.000297581,-0.000205667,0.000672701,-0.000205667,0.000605026,-0.33993,0.0830206,0.000136383,0.0117683,0.0280467,1,0
15.6GPa,Data/Cell_14_integrated/15p6GPa.xy,5.820883,0.302658,0.302658,0,,,,matched,1,C,101.39,0,0.140882,-0.0705192,0,w3:0.302658,3,0.302658,-9.88975e-06,0.000209873,0.0017342,0.000209873,0.00192947,0.108772,0.0921811,-0.000142865,0,0.0280467,0,0
15.6GPa,Data/Cell_14_integrated/15p6GPa.xy,5.989164,0.00126201,0.00126201,0.0136719,,,,raw,1,C,100.001,0,0.16177,-0.118619,0.00126201,,,0,-0.00361589,-0.00126617,0.00123752,-0.00126617,0.00459033,-0.275833,0.189215,-0.000112086,0.0136719,0.0280467,1,0
15.6GPa,Data/Cell_14_integrated/15p6GPa.xy,6.045257,6.09418e-05,6.09418e-05,0.0151562,,,,shoulder,1,C,100,0,0.171662,-0.128793,6.09418e-05,,,0,-0.00885853,-0.00579511,-0.00135769,-0.00579511,0.0062922,-0.920998,0.270465,-0.000328912,0.0151562,0.0560935,1,0
15.6GPa,Data/Cell_14_integrated/15p6GPa.xy,6.101351,0.00062229,0.00062229,0.095266,,,,shoulder,1,C,100.001,0,0.187267,-0.130008,0.00062229,,,0,-0.0248329,-0.0132064,0.00684342,-0.0132064,0.029553,-0.446871,0.530104,-0.000118232,0.095266,0.112187,1,0
15.6GPa,Data/Cell_14_integrated/15p6GPa.xy,6.732402,6.15773e-05,6.15773e-05,0.00805114,,,,shoulder,1,C,100,0,0.276755,-0.108484,6.15773e-05,,,0,-0.0744212,0.0140522,-0.04542,-0.04542,0.0681986,-0.665996,-1.14631,-0.00116732,0.00805114,0.0560935,1,0
15.6GPa,Data/Cell_14_integrated/15p6GPa.xy,6.788496,0.000971978,0.000971978,0.0529856,,,,shoulder,1,C,100.001,0,0.259039,-0.121033,0.000971978,,,0,-0.0224458,0.00443694,-0.0109983,-0.0109983,0.0233664,-0.470688,-0.435473,-2.47556e-06,0.0529856,0.0280467,1,0
15.6GPa,Data/Cell_14_integrated/15p6GPa.xy,6.816543,0.21256,0.21256,0,,,,matched,1,C,100.213,0,0.250534,-0.124532,0,w2:0.21256,2,0.21256,-0.0146934,0.000111655,-0.00481765,-0.00481765,0.0120711,-0.399106,-0.272843,-0.000413122,0,0.12621,1,0
15.6GPa,Data/Cell_14_integrated/15p6GPa.xy,6.858613,0.00039217,0.00039217,0.0242344,,,,shoulder,1,C,100,0,0.241356,-0.125951,0.00039217,,,0,-0.0121381,-0.00388904,-0.00347207,-0.00388904,0.00950909,-0.408982,-0.14277,-0.000157885,0.0242344,0.0420701,1,0
15.6GPa,Data/Cell_14_integrated/15p6GPa.xy,7.097010,0.000547312,0.000547312,0,,,,raw;shoulder,2,C,200.001,0,0.241011,-0.0743167,0.000547312,,,0,-0.00210014,-0.000492791,-1.33139e-05,-0.000492791,0.00236585,-0.208293,0.0229002,0.000223749,0,0.0981636,1,0
15.6GPa,Data/Cell_14_integrated/15p6GPa.xy,7.153104,0.000111406,0.000111406,0.0208562,,,,shoulder,1,C,100,0,0.242242,-0.0567239,0.000111406,,,0,-0.00197513,9.26784e-05,-0.00139189,-0.00139189,0.00227234,-0.612535,0.0273926,-0.000100582,0.0208562,0.0560935,1,0
15.6GPa,Data/Cell_14_integrated/15p6GPa.xy,7.391501,0.0133299,0.000603072,0.0113413,,,,raw;shoulder,2,C,200.001,0,0.250555,0.0125096,0.000603072,,,0,-0.00336165,-0.00160182,-0.00219096,-0.00219096,0.00181629,-1.20628,0.0473973,-0.00011953,0.0113413,0.0560935,1,0
15.6GPa,Data/Cell_14_integrated/15p6GPa.xy,7.503688,0.0263151,0.000512529,0.0128122,,,,raw,1,C,100.001,0,0.257357,0.0262315,0.000512529,,,0,-0.00446163,-0.00297169,-0.00158253,-0.00297169,0.00257814,-1.15265,0.100353,-0.00102536,0.0128122,0.0280467,0,0
15.6GPa,Data/Cell_14_integrated/15p6GPa.xy,8.050600,0.0140597,0.000654013,0.0362086,,,,shoulder,1,C,100.001,0,0.28005,0.0140597,0.000654013,,,0,-0.0084277,-0.00482015,0.00064444,-0.00482015,0.00583117,-0.826617,-0.19042,2.69522e-05,0.0362086,0.112187,1,0
15.6GPa,Data/Cell_14_integrated/15p6GPa.xy,8.415207,5.74944,5.74944,0,,,,matched,1,C,105.749,0,0.270438,-0.0182155,0,w3:1.94441;w5:3.91837;w8:5.74944,8,5.74944,-0.00423885,-0.00151304,-0.00305253,-0.00305253,0.00198926,-1.5345,0.0414667,-0.000604971,0,0.0420701,0,0
15.6GPa,Data/Cell_14_integrated/15p6GPa.xy,8.499348,1.87092e-05,1.87092e-05,0.0072142,,,,raw,1,C,100,0,0.276167,-0.0357192,1.87092e-05,,,0,-0.00164642,-0.000776626,-0.000479544,-0.000776626,0.00184089,-0.421874,0.0737331,-0.00058444,0.0072142,0.0420701,0,0
15.6GPa,Data/Cell_14_integrated/15p6GPa.xy,8.625558,0.000266821,0.000266821,0.0133635,,,,raw,1,C,100,0,0.285898,-0.0616222,0.000266821,,,0,-0.00571373,-0.00440445,-0.00151726,-0.00440445,0.00292573,-1.50542,0.129392,-0.00113278,0.0133635,0.0280467,0,0
15.6GPa,Data/Cell_14_integrated/15p6GPa.xy,8.765792,0.00166466,0.00166466,0.0436586,,,,shoulder,1,C,100.002,0,0.316027,-0.0626179,0.00166466,,,0,-0.0257773,-0.0112774,0.00123558,-0.0112774,0.0226102,-0.498776,0.507179,-1.45826e-05,0.0436586,0.0981636,1,0
15.6GPa,Data/Cell_14_integrated/15p6GPa.xy,9.214540,0.285164,0.285164,0,,,,matched;raw,2,C,200.286,0,0.474013,-0.00909965,0.000842172,w3:0.285164,3,0.285164,-0.0179908,-0.00763211,0.00985033,-0.00763211,0.0299785,-0.254586,0.0010477,-6.72181e-05,0,0.0280467,1,0
15.6GPa,Data/Cell_14_integrated/15p6GPa.xy,9.242586,1.00766,1.00766,0.0723523,,,,matched;shoulder,2,C,201.01,0,0.473939,-0.0189094,0.00222998,w2:1.00766,2,1.00766,-0.0571929,-0.0349766,0.0416607,-0.0349766,0.0973756,-0.359193,0.562352,0.000898894,0.0723523,0.154257,1,0
15.6GPa,Data/Cell_14_integrated/15p6GPa.xy,9.663288,0.00879291,0.00879291,0.284272,,,,shoulder,1,C,100.009,0,0.373876,-0.126189,0.00879291,,,0,-0.0359058,-0.0138732,0.000680791,-0.0138732,0.0320592,-0.432737,0.339805,-0.000167209,0.284272,0.0280467,1,0
15.6GPa,Data/Cell_14_integrated/15p6GPa.xy,9.761451,0.0013,0.0013,0.027973,,,,shoulder,1,C,100.001,0,0.431334,-0.110262,0.0013,,,0,-0.0915765,-0.0385756,-0.00434783,-0.0385756,0.0811941,-0.475103,1.55616,-0.00180011,0.027973,0.0981636,1,0
15.6GPa,Data/Cell_14_integrated/15p6GPa.xy,10.154106,0.000598391,0.000598391,0.0228655,,,,shoulder,1,C,100.001,0,0.409728,-0.230738,0.000598391,,,0,-0.0635203,0.00523837,-0.0334598,-0.0334598,0.0553407,-0.604614,-0.833585,-0.00101953,0.0228655,0.0841402,1,0
15.6GPa,Data/Cell_14_integrated/15p6GPa.xy,10.238246,13.3497,13.3497,0,,,,matched;raw;shoulder,3,C,313.356,0,0.393948,-0.250914,0.00665358,w2:4.53265;w5:13.3497,5,13.3497,-0.0242973,-0.00267187,-0.00885837,-0.00885837,0.0201344,-0.439961,-0.0496721,-0.00060999,0,0.0841402,1,0
15.6GPa,Data/Cell_14_integrated/15p6GPa.xy,10.266293,9.70482,9.70482,0,,,,matched,1,C,109.705,0,0.39404,-0.249932,0,w3:9.70482,3,9.70482,-0.0238141,-0.00747227,-0.00715945,-0.00747227,0.0172795,-0.432436,0.103812,-0.00132031,0,0.0280467,0,0
15.6GPa,Data/Cell_14_integrated/15p6GPa.xy,10.294340,0.000923576,0.000923576,0.0795027,,,,shoulder,1,C,100.001,0,0.400274,-0.242576,0.000923576,,,0,-0.0266199,-0.00992888,-0.00118451,-0.00992888,0.0215355,-0.461047,0.285255,-0.000407324,0.0795027,0.0280467,1,0
15.6GPa,Data/Cell_14_integrated/15p6GPa.xy,10.771134,0.000410252,0.000410252,0.0238,,,,shoulder,1,C,100,0,0.426057,-0.19362,0.000410252,,,0,-0.21615,0.0735736,-0.135719,-0.135719,0.227222,-0.597298,-2.86438,-0.00174842,0.0238,0.0560935,1,0
15.6GPa,Data/Cell_14_integrated/15p6GPa.xy,10.981485,0.0522905,0.0522905,0.745127,,,,shoulder,1,C,100.214,0,0.383501,-0.229275,0.0522905,,,0,-0.00297957,8.59228e-05,0.00197391,8.59228e-05,0.00531089,0.0161786,-0.0504884,0.000567831,0.745127,0.0280467,1,0
15.6GPa,Data/Cell_14_integrated/15p6GPa.xy,11.023555,34.5405,34.5405,0,,,,matched,1,C,134.541,0,0.37825,-0.240142,0,w8:34.5405,8,34.5405,-0.00767535,-0.00555628,-0.00362958,-0.00555628,0.00299535,-1.85497,-0.00387386,-0.000885685,0,0.0701169,0,0
15.6GPa,Data/Cell_14_integrated/15p6GPa.xy,11.205859,0.211253,0.211253,0,,,,matched;shoulder,2,C,200.212,0,0.404605,-0.192875,0.00118636,w2:0.211253,2,0.211253,-0.024288,-0.00919163,-0.000883215,-0.00919163,0.0212076,-0.433411,0.472126,-0.000199967,0,0.112187,1,0
15.6GPa,Data/Cell_14_integrated/15p6GPa.xy,11.318046,0.000444498,0.000444498,0.0280034,,,,shoulder,1,C,100,0,0.483379,-0.0713893,0.000444498,,,0,-0.0591336,-0.0243184,-0.00305714,-0.0243184,0.0467252,-0.520456,1.36618,-0.00138153,0.0280034,0.0981636,1,0
15.6GPa,Data/Cell_14_integrated/15p6GPa.xy,11.416210,0.155237,0.00296142,0.0278489,,,,shoulder,1,C,100.003,0,0.662687,0.155237,0.00296142,,,0,-0.142229,-0.0493389,0.00391416,-0.0493389,0.131516,-0.375156,3.08513,-0.00160119,0.0278489,0.0981636,1,0
15.6GPa,Data/Cell_14_integrated/15p6GPa.xy,11.766794,0.000302252,0.000302252,0.024511,,,,shoulder,1,C,100,0,0.362505,-0.127722,0.000302252,,,0,-0.0208607,0.00175661,-0.0121702,-0.0121702,0.0180958,-0.672545,-0.389385,-0.000404648,0.024511,0.0420701,1,0
15.6GPa,Data/Cell_14_integrated/15p6GPa.xy,11.836911,0.222403,0.222403,0,,,,matched;shoulder,2,C,200.223,0,0.350791,-0.12986,0.00104582,w2:0.222403,2,0.222403,-0.00760497,1.04226e-06,-0.0020259,-0.0020259,0.0061746,-0.328101,-0.15269,-8.37368e-05,0,0.112187,1,0
15.6GPa,Data/Cell_14_integrated/15p6GPa.xy,11.878981,0.000376022,0.000376022,0.0271754,,,,shoulder,1,C,100,0,0.346402,-0.127302,0.000376022,,,0,-0.00651413,-0.00215756,-0.0015229,-0.00215756,0.00494472,-0.436335,-0.0910453,-4.39736e-06,0.0271754,0.0420701,1,0
15.6GPa,Data/Cell_14_integrated/15p6GPa.xy,12.481986,24.4926,24.4926,0,,,,matched,1,C,124.493,0,0.342508,0.0393223,0,w8:24.4926,8,24.4926,-0.00557561,-0.0039356,-0.00239545,-0.0039356,0.00300113,-1.31137,0.0169281,-0.00084512,0,0.0280467,0,0
15.6GPa,Data/Cell_14_integrated/15p6GPa.xy,13.267295,0.00093149,0.000200772,0.0253555,,,,shoulder,1,C,100,0,0.358615,0.00093149,0.000200772,,,0,-0.00714554,-0.00336287,-0.00459022,-0.00459022,0.00290383,-1.58075,-0.102489,-0.000284453,0.0253555,0.0560935,1,0
15.6GPa,Data/Cell_14_integrated/15p6GPa.xy,13.603856,0.000137315,0.000137315,0.00774202,,,,raw,1,C,101.107,0,0.357898,-0.0116948,0.000137315,,,0,0.000833854,0.000486797,0.00233025,0.000486797,0.00439979,0.110641,-0.0643613,-0.000504832,0.00774202,0.0560935,0,0
15.6GPa,Data/Cell_14_integrated/15p6GPa.xy,14.627562,0.470851,0.470851,0,,,,matched;raw;shoulder,3,C,300.473,0,0.34702,-0.0172743,0.00181192,w2:0.470851;w3:0.271865,2,0.470851,-0.00429736,0.00010525,-0.00103082,-0.00103082,0.00533117,-0.193358,-0.110781,0.000178325,0,0.0701169,1,0
15.6GPa,Data/Cell_14_integrated/15p6GPa.xy,15.539082,5.0635e-05,5.0635e-05,0.00778974,,,,raw,1,C,100,0,0.296723,-0.00526578,5.0635e-05,,,0,-0.00144133,-0.000369818,6.6139e-05,-0.000369818,0.00259147,-0.142706,-0.0858641,-0.000145306,0.00778974,0.0280467,1,0
15.6GPa,Data/Cell_14_integrated/15p6GPa.xy,15.567128,0.00107348,0.00107348,0.0370095,,,,shoulder,1,C,100.001,0,0.294664,-0.00686873,0.00107348,,,0,-0.00145761,-0.000647868,0.000849199,-0.000647868,0.001467,-0.441627,-0.0753729,0.00051041,0.0370095,0.0701169,1,0
15.6GPa,Data/Cell_14_integrated/15p6GPa.xy,15.707362,0.000236942,0.000236942,0.0237207,,,,shoulder,1,C,100.531,0,0.28585,-0.00980747,0.000236942,,,0,-0.000405988,9.76864e-05,0.000778606,9.76864e-05,0.00183961,0.0531016,-0.0422663,9.88926e-05,0.0237207,0.0420701,1,0
15.6GPa,Data/Cell_14_integrated/15p6GPa.xy,15.763456,0.615834,0.615834,0,,,,matched,1,C,100.616,0,0.282842,-0.0102277,0,w5:0.615834,5,0.615834,-0.000941079,-0.000428978,0.000217346,-0.000428978,0.00152759,-0.28082,-0.0360102,-0.000611962,0,0.0280467,1,0
15.6GPa,Data/Cell_14_integrated/15p6GPa.xy,16.085993,0.00798329,0.00153313,0.016897,,,,raw,1,C,100.002,0,0.28716,0.00695583,0.00153313,,,0,-0.0014688,-0.000486955,0.000831215,-0.000486955,0.00192366,-0.25314,0.0494095,-0.000111286,0.016897,0.0280467,1,0
15.6GPa,Data/Cell_14_integrated/15p6GPa.xy,16.114040,0.00820222,0.00018206,0.0227295,,,,shoulder,1,C,100,0,0.285627,0.00820222,0.00018206,,,0,-0.002157,-0.00140204,-0.00038336,-0.00140204,0.00110643,-1.26717,0.0558079,-6.5799e-05,0.0227295,0.0280467,1,0
15.6GPa,Data/Cell_14_integrated/15p6GPa.xy,16.142087,0.0106426,0.000393494,0.010909,,,,raw,1,C,100,0,0.288438,0.00971015,0.000393494,,,0,-0.00294566,-0.00196322,-0.00147599,-0.00196322,0.000886912,-2.21354,0.0594639,-0.000469576,0.010909,0.0560935,0,0
15.6GPa,Data/Cell_14_integrated/15p6GPa.xy,16.646928,0.000625385,0.000625385,0.00904674,,,,raw,1,C,100.001,0,0.244632,-0.0123447,0.000625385,,,0,-0.00290094,0.000575091,-0.00282099,-0.00282099,0.00141313,-1.99627,-0.0295711,-0.000232647,0.00904674,0.0701169,1,0
15.6GPa,Data/Cell_14_integrated/15p6GPa.xy,17.165793,0.288536,0.288536,0,,,,matched,1,C,100.289,0,0.233255,-0.0036323,0,w2:0.288536,2,0.288536,-0.00603958,0.00287039,-0.00320559,-0.00320559,0.00963938,-0.332552,-0.118127,-0.000168106,0,0.0280467,1,0
15.6GPa,Data/Cell_14_integrated/15p6GPa.xy,17.432237,0.00031715,0.00031715,0.00798028,,,,raw;shoulder,2,C,200,0,0.226007,-0.00501296,0.00031715,,,0,-0.00117648,-0.000499969,-3.77304e-05,-0.000499969,0.000959964,-0.52082,-0.0173674,1.11599e-05,0.00798028,0.0701169,1,0
15.6GPa,Data/Cell_14_integrated/15p6GPa.xy,17.768798,0.00141708,0.00141708,0.0312272,,,,shoulder,1,C,100.001,0,0.219709,-0.00181147,0.00141708,,,0,-0.0151451,0.00220438,-0.00622415,-0.00622415,0.0145214,-0.42862,-0.216029,0.000675787,0.0312272,0.0560935,1,0
15.6GPa,Data/Cell_14_integrated/15p6GPa.xy,18.077312,0.613978,0.613978,0,,,,matched,1,C,101.624,0,0.202006,-0.00791036,0,w3:0.613978,3,0.613978,-0.000464895,0.000445317,0.000289638,0.000289638,0.00286652,0.101042,-0.024859,-0.000554211,0,0.0280467,0,0
15.6GPa,Data/Cell_14_integrated/15p6GPa.xy,18.946762,0.000122554,0.000122554,0.0102055,,,,raw,1,C,100,0,0.188154,-0.00358738,0.000122554,,,0,-0.00543586,-0.00328189,-0.00456348,-0.00456348,0.00148896,-3.06488,-0.027771,-0.00218571,0.0102055,0.0420701,0,0
15.6GPa,Data/Cell_14_integrated/15p6GPa.xy,19.732071,0.000296086,0.000296086,0.00955785,,,,raw;shoulder,2,C,200,0,0.164375,-0.00247483,0.000296086,,,0,-0.00332569,-0.00166643,-0.00165236,-0.00166643,0.00202867,-0.82144,-0.0449431,1.34526e-05,0.00955785,0.0701169,1,0
15.6GPa,Data/Cell_14_integrated/15p6GPa.xy,20.208865,0.00101957,0.00101957,0.0784322,,,,shoulder,1,C,100.001,0,0.148923,0.000209089,0.00101957,,,0,-0.000865332,-0.000720552,0.000887117,-0.000720552,0.00058611,-1.22938,-0.0449362,0.000469359,0.0784322,0.0280467,1,0
15.6GPa,Data/Cell_14_integrated/15p6GPa.xy,20.587496,6.73703e-05,6.73703e-05,0.00798899,,,,raw,1,C,100,0,0.134779,-0.00313553,6.73703e-05,,,0,-0.00381513,-0.0034289,-0.000803922,-0.0034289,0.00166851,-2.05507,-0.0187572,-0.00121922,0.00798899,0.0420701,0,0
15.6GPa,Data/Cell_14_integrated/15p6GPa.xy,20.811870,0.00102174,0.00102174,0.04394,,,,shoulder,1,C,100.001,0,0.129221,-0.00259443,0.00102174,,,0,-0.00161854,-7.55974e-05,0.00127403,-7.55974e-05,0.00410959,-0.0183954,-0.0426932,0.000352265,0.04394,0.0280467,1,0
15.6GPa,Data/Cell_14_integrated/15p6GPa.xy,20.839917,0.000907568,0.000907568,0.0102499,,,,raw,1,C,100.001,0,0.127041,-0.00421816,0.000907568,,,0,-0.0038388,-0.00131864,-0.00195607,-0.00195607,0.00320789,-0.609768,-0.0470005,-0.000327205,0.0102499,0.0280467,0,0
15.6GPa,Data/Cell_14_integrated/15p6GPa.xy,20.881987,0.000274974,0.000274974,0.0123875,,,,raw,1,C,100,0,0.124843,-0.00458184,0.000274974,,,0,-0.00449356,-0.00148967,-0.00263344,-0.00263344,0.00285267,-0.923151,-0.0240011,-0.00066948,0.0123875,0.0420701,0,0
15.6GPa,Data/Cell_14_integrated/15p6GPa.xy,21.344759,0.00294198,0.00294198,0.0260659,,,,raw;shoulder,2,C,200.003,0,0.114224,-0.00239608,0.00294198,,,0,-0.00348739,-0.00241682,-0.00222716,-0.00241682,0.00183207,-1.31917,-0.0339211,0.000260625,0.0260659,0.0420701,1,0
15.6GPa,Data/Cell_14_integrated/15p6GPa.xy,22.017881,0.00302978,0.00302978,0.0121261,,,,raw,1,C,100.003,0,0.0838798,-0.000684005,0.00302978,,,0,-0.00525562,-0.000582519,-0.00356407,-0.00356407,0.00524994,-0.678878,-0.0603089,-0.00142625,0.0121261,0.0420701,0,0
15.6GPa,Data/Cell_14_integrated/15p6GPa.xy,22.186161,0.000691208,0.000214727,0.0189621,,,,raw,1,C,100,0,0.072308,0.000146295,0.000214727,,,0,-0.00254918,-0.00141855,-0.00043564,-0.00141855,0.00324768,-0.436789,-0.0944244,-0.000803078,0.0189621,0.0420701,0,0
15.6GPa,Data/Cell_14_integrated/15p6GPa.xy,22.312371,0.00116812,0.00116812,0.00886896,,,,raw,1,C,100.001,0,0.0623107,-0.00454567,0.00116812,,,0,-0.00443641,-0.00260287,-0.00272885,-0.00272885,0.00259791,-1.0504,-0.0694073,-0.000962908,0.00886896,0.0420701,0,0
15.6GPa,Data/Cell_14_integrated/15p6GPa.xy,22.522722,0.00150755,0.00150755,0.0177917,,,,raw,1,C,100.002,0,0.0479522,-0.00451971,0.00150755,,,0,-0.00628444,-0.00388025,-0.00438197,-0.00438197,0.00254746,-1.72013,-0.0389119,-0.00122961,0.0177917,0.0420701,0,0
15.6GPa,Data/Cell_14_integrated/15p6GPa.xy,22.817213,0.000374442,0.000374442,0.0076574,,,,raw,1,C,100,0,0.0255159,-0.0134748,0.000374442,,,0,-0.00849139,-0.00330061,-0.00649906,-0.00649906,0.00278929,-2.33001,-0.0778616,-0.00106954,0.0076574,0.0420701,0,0
15.6GPa,Data/Cell_14_integrated/15p6GPa.xy,22.901353,0.00220035,0.00220035,0.0210662,,,,raw,1,C,100.002,0,0.0248545,-0.00959505,0.00220035,,,0,-0.00610162,-0.00270307,-3.81795e-06,-0.00270307,0.00556088,-0.486087,0.0272778,-0.000897358,0.0210662,0.0420701,0,0
15.6GPa,Data/Cell_14_integrated/15p6GPa.xy,23.223891,0.000668296,0.000668296,0.00752773,,,,raw,1,C,100.001,0,0.016691,-0.00413721,0.000668296,,,0,-0.00590024,-0.00732916,0.00871128,-0.00732916,0.00907768,-0.807383,-0.0591961,0.00198046,0.00752773,0.0280467,1,0
15.6GPa,Data/Cell_14_integrated/15p6GPa.xy,23.644592,0.554577,0.554577,0,,,,matched,1,C,100.555,0,-0.0285251,-0.0206235,0,w8:0.554577,8,0.554577,-0.0316371,-0.020636,-0.0198169,-0.020636,0.0206005,-1.00172,-0.0759938,-0.0116542,0,0.0420701,0,0
15.6GPa,Data/Cell_14_integrated/15p6GPa.xy,23.798849,0.0020974,0.0020974,0.0289001,,,,shoulder,1,C,100.002,0,-0.0501233,-0.0425238,0.0020974,,,0,-0.093671,-0.0793837,0.0535921,-0.0793837,0.017739,-4.4751,0.330746,0.00394002,0.0289001,0.0701169,1,0
1GPa,Data/Cell_29_integrated/1p0GPa.xy,2.032287,0.000228677,0.000228677,0.0314549,,,,shoulder,1,C,100,0,-0.0910455,-0.0440269,0.000228677,,,0,-0.00197986,0.00200723,-0.00103794,-0.00103794,0.00112692,-0.921042,0.343755,0.000391956,0.0314549,0.110708,1,0
1GPa,Data/Cell_29_integrated/1p0GPa.xy,2.854692,0.00119064,0.000452384,0.0119015,,,,raw,1,C,100,0,0.0419046,0.00055596,0.000452384,,,0,-0.0050628,-0.00135649,-0.00269573,-0.00269573,0.00296475,-0.90926,-0.0402986,-0.00029661,0.0119015,0.0316309,0,0
1GPa,Data/Cell_29_integrated/1p0GPa.xy,2.917954,0.000283761,0.000283761,0.0302006,,,,raw,1,C,100,0,0.0417929,-0.00321367,0.000283761,,,0,-0.00100093,0.0013849,-0.000504273,-0.000504273,0.00289042,-0.174463,-0.0219783,-9.82309e-05,0.0302006,0.0316309,1,0
1GPa,Data/Cell_29_integrated/1p0GPa.xy,3.123555,1.00659e-05,1.00659e-05,0.00804213,,,,raw,1,C,100,0,0.0393212,-0.0163328,1.00659e-05,,,0,-4.53213e-05,0.00142058,-0.000153096,-0.000153096,0.000536659,-0.285276,-0.0182091,0.000221353,0.00804213,0.0158155,1,0
1GPa,Data/Cell_29_integrated/1p0GPa.xy,3.218447,0.000163244,0.000163244,0.0113344,,,,raw,1,C,100,0,0.0376638,-0.0203979,0.000163244,,,0,-0.00193041,-0.00219656,0.00135168,-0.00219656,0.000993326,-2.21131,0.0134552,-0.000212243,0.0113344,0.0158155,1,0
1GPa,Data/Cell_29_integrated/1p0GPa.xy,4.056667,3.93293e-05,3.93293e-05,0.00829286,,,,raw,1,C,100,0,0.0554101,-0.00184198,3.93293e-05,,,0,-0.000478538,0.000555259,-0.00026315,-0.00026315,0.00106571,-0.246924,-0.043694,3.21929e-05,0.00829286,0.0316309,1,0
1GPa,Data/Cell_29_integrated/1p0GPa.xy,4.372976,0.000807988,0.000807988,0.0347055,,,,shoulder,1,C,100.001,0,0.0469545,-0.013502,0.000807988,,,0,-0.00438593,-0.00211265,0.000304556,-0.00211265,0.00138793,-1.52216,0.0298098,0.000369464,0.0347055,0.0158155,1,0
1GPa,Data/Cell_29_integrated/1p0GPa.xy,4.594393,2.3964,2.3964,0,,,,matched,1,C,102.396,0,0.0608517,4.13196e-06,0,w5:2.3964,5,2.3964,0.00079148,-4.75028e-05,0.00163018,-4.75028e-05,0.00149348,-0.0318067,0.0455999,-0.000364337,0,0.0316309,1,0
1GPa,Data/Cell_29_integrated/1p0GPa.xy,5.037226,0.00279806,0.000751429,0.0246626,,,,raw;shoulder,2,C,200.001,0,0.0761127,0.00223008,0.000751429,,,0,-0.000291768,-0.000329612,0.000233568,-0.000329612,0.00024646,-1.33738,0.0241577,4.23232e-05,0.0246626,0.0316309,1,0
1GPa,Data/Cell_29_integrated/1p0GPa.xy,5.685660,0.00042715,0.00042715,0.0286704,,,,shoulder,1,C,100,0,0.0873998,-0.00384197,0.00042715,,,0,-0.0144271,-0.00824323,0.00334988,-0.00824323,0.00927482,-0.888775,0.15108,0.000267786,0.0286704,0.0158155,1,0
1GPa,Data/Cell_29_integrated/1p0GPa.xy,5.701476,0.000283922,0.000283922,0.0288205,,,,raw,1,C,100,0,0.0874473,-0.00426458,0.000283922,,,0,-0.0150465,-0.00754534,0.00198661,-0.00754534,0.00948337,-0.795639,0.135853,-0.000599475,0.0288205,0.0158155,1,0
1GPa,Data/Cell_29_integrated/1p0GPa.xy,6.001969,0.000656884,0.000656884,0.093218,,,,shoulder,1,C,100.001,0,0.0932249,-0.0024063,0.000656884,,,0,-6.46363e-05,0.00304723,-0.000565942,-0.000565942,0.000991627,-0.57072,0.00388503,0.000345629,0.093218,0.0158155,1,0
1GPa,Data/Cell_29_integrated/1p0GPa.xy,6.349910,0.00133543,0.00133543,0.0567444,,,,raw,1,C,100.001,0,0.0964215,-0.0018303,0.00133543,,,0,-0.00151773,-0.000636566,-0.000522037,-0.000636566,0.00108986,-0.58408,0.0193678,-0.000178522,0.0567444,0.0316309,0,0
1GPa,Data/Cell_29_integrated/1p0GPa.xy,6.413172,0.0418867,0.000115457,0.01455,,,,shoulder,1,C,100,0,0.0978569,0.0418867,0.000115457,,,0,-0.000541224,0.00038106,-0.000318609,-0.000318609,0.000659372,-0.4832,0.0246531,4.18832e-05,0.01455,0.0158155,1,0
1GPa,Data/Cell_29_integrated/1p0GPa.xy,6.634588,5.15993,5.15993,0,,,,matched,1,C,105.16,0,0.0997191,0.0406522,0,w2:3.69196;w3:5.15993,3,5.15993,-0.000743345,-0.000732685,-0.000125941,-0.000732685,0.00043554,-1.68224,0.00204925,-0.000264944,0,0.0158155,0,0
1GPa,Data/Cell_29_integrated/1p0GPa.xy,6.650404,2.96915,2.96915,0,,,,matched,1,C,102.969,0,0.10011,0.0367692,0,w5:2.96915,5,2.96915,-0.00123486,-0.00130664,-0.000416695,-0.00130664,0.000396113,-3.29865,0.00421591,-0.000353203,0,0.0158155,0,0
1GPa,Data/Cell_29_integrated/1p0GPa.xy,6.666219,0.0321164,0.000896828,0.0417647,,,,raw,1,C,100.001,0,0.10144,0.0314737,0.000896828,,,0,-0.00117355,-0.00101808,7.98436e-05,-0.00101808,0.000792023,-1.28541,0.00818841,-1.35584e-05,0.0417647,0.0158155,1,0
1GPa,Data/Cell_29_integrated/1p0GPa.xy,6.697850,0.0199497,2.66544e-05,0.00823505,,,,raw,1,C,100,0,0.101187,0.0197978,2.66544e-05,,,0,-0.00185286,-0.000666766,0.000618606,-0.000666766,0.00208441,-0.319883,0.0186204,8.40371e-05,0.00823505,0.0158155,1,0
1GPa,Data/Cell_29_integrated/1p0GPa.xy,6.745296,0.00238767,0.000180609,0.0246368,,,,shoulder,1,C,100,0,0.101374,0.00238767,0.000180609,,,0,-0.00268207,-0.0014721,-0.000612493,-0.0014721,0.00174477,-0.84372,0.0264946,-6.43953e-05,0.0246368,0.0158155,1,0
1GPa,Data/Cell_29_integrated/1p0GPa.xy,6.761112,0.000260295,0.000260295,0.0107988,,,,raw,1,C,100,0,0.102086,-0.00293538,0.000260295,,,0,-0.00236742,-0.000881728,-0.000774649,-0.000881728,0.00162858,-0.541409,0.0257455,-0.000178804,0.0107988,0.0790773,0,0
1GPa,Data/Cell_29_integrated/1p0GPa.xy,6.982528,0.000226554,0.000226554,0.00900172,,,,raw,1,C,100,0,0.104895,-0.0704823,0.000226554,,,0,-0.0026757,0.000202757,-0.00199142,-0.00199142,0.00126622,-1.57272,-0.00125113,-7.06142e-05,0.00900172,0.0316309,1,0
1GPa,Data/Cell_29_integrated/1p0GPa.xy,7.045790,0.00128717,0.00128717,0.0261985,,,,raw,1,C,100.001,0,0.106715,-0.0872467,0.00128717,,,0,-0.0002104,0.00113058,-0.000205519,-0.000205519,0.00055151,-0.372647,0.0145864,3.26519e-05,0.0261985,0.0316309,1,0
1GPa,Data/Cell_29_integrated/1p0GPa.xy,7.172314,0.000173519,0.000173519,0.0147165,,,,raw,1,C,100,0,0.108539,-0.114954,0.000173519,,,0,-0.00073975,-0.000491255,0.000328508,-0.000491255,0.000780759,-0.629201,0.0263949,-4.17923e-05,0.0147165,0.0316309,1,0
1GPa,Data/Cell_29_integrated/1p0GPa.xy,7.203945,0.242698,0.242698,0,,,,matched,1,C,100.243,0,0.108542,-0.12106,0,w5:0.242698,5,0.242698,-0.00114861,-0.000988253,-0.000243581,-0.000988253,0.000729278,-1.35511,0.0291301,-0.000247357,0,0.0316309,0,0
1GPa,Data/Cell_29_integrated/1p0GPa.xy,7.235576,0.00060252,0.00060252,0.0338437,,,,shoulder,1,C,104.856,0,0.110634,-0.125773,0.00060252,,,0,-0.00024963,0.000268175,0.000619673,0.000268175,0.000552354,0.485513,0.0263361,0.000339346,0.0338437,0.0790773,1,0
1GPa,Data/Cell_29_integrated/1p0GPa.xy,7.251391,0.000905799,0.000905799,0.0327151,,,,raw,1,C,101.261,0,0.110854,-0.128558,0.000905799,,,0,-0.000364663,0.000113723,0.000527937,0.000113723,0.000902563,0.125999,0.0243109,8.378e-05,0.0327151,0.0158155,0,0
1GPa,Data/Cell_29_integrated/1p0GPa.xy,7.409546,4.35348e-05,4.35348e-05,0.0100925,,,,shoulder,1,C,100,0,0.112898,-0.150172,4.35348e-05,,,0,-0.135612,-0.101565,0.106573,-0.101565,0.191183,-0.531246,1.69428,-0.000680448,0.0100925,0.0632619,1,0
1GPa,Data/Cell_29_integrated/1p0GPa.xy,7.472808,0.0146424,0.0146424,0.0208189,,,,shoulder,1,C,100.015,0,0.121772,-0.1482,0.0146424,,,0,-0.376289,-0.203829,0.0839121,-0.203829,0.256716,-0.793985,3.62584,0.00941352,0.0208189,0.0158155,1,0
1GPa,Data/Cell_29_integrated/1p0GPa.xy,7.694224,0.11028,0.11028,0.0475506,,,,shoulder,1,C,100.11,0,0.127542,-0.169111,0.11028,,,0,-0.68625,-0.0492807,-0.275247,-0.275247,0.594512,-0.462981,-1.10939,-0.0149174,0.0475506,0.0158155,1,0
1GPa,Data/Cell_29_integrated/1p0GPa.xy,7.915641,0.00492536,0.00492536,0.0142904,,,,shoulder,1,C,100.005,0,0.123667,-0.150776,0.00492536,,,0,-0.289255,0.0578997,-0.185344,-0.185344,0.223256,-0.830184,-2.81562,0.000640108,0.0142904,0.0158155,1,0
1GPa,Data/Cell_29_integrated/1p0GPa.xy,8.105426,6.87911e-06,6.87911e-06,0.0080047,,,,shoulder,1,C,100,0,0.121358,-0.127175,6.87911e-06,,,0,-0.00998916,-0.00159215,-0.0058887,-0.0058887,0.0067022,-0.878621,-0.0746878,-0.000681502,0.0080047,0.0632619,1,0
1GPa,Data/Cell_29_integrated/1p0GPa.xy,8.326843,0.00182279,8.99691e-05,0.0268308,,,,shoulder,1,C,100,0,0.124466,0.00182279,8.99691e-05,,,0,-0.00033759,-0.000238654,0.000686939,-0.000238654,0.000851728,-0.280199,0.0163069,0.000113312,0.0268308,0.0158155,1,0
1GPa,Data/Cell_29_integrated/1p0GPa.xy,8.342658,0.00117281,0.00117281,0.0185182,,,,raw,1,C,100.001,0,0.12534,-0.00665266,0.00117281,,,0,-0.000813478,-0.000692923,0.000470734,-0.000692923,0.00065644,-1.05558,0.0191261,1.05063e-05,0.0185182,0.0316309,1,0
1GPa,Data/Cell_29_integrated/1p0GPa.xy,8.453367,0.000366763,0.000366763,0.0953528,,,,shoulder,1,C,100,0,0.127566,-0.0545301,0.000366763,,,0,-0.000813151,0.000467214,-0.000134829,-0.000134829,0.00119132,-0.113176,0.0367044,8.45966e-05,0.0953528,0.0316309,1,0
1GPa,Data/Cell_29_integrated/1p0GPa.xy,8.484998,6.33586e-05,6.33586e-05,0.00842755,,,,raw;shoulder,2,C,200,0,0.129515,-0.0652433,6.33586e-05,,,0,-0.000476652,0.000226306,-0.000163804,-0.000163804,0.000852849,-0.192067,0.0416227,8.06488e-05,0.00842755,0.0948928,1,0
1GPa,Data/Cell_29_integrated/1p0GPa.xy,8.722230,4.84218,4.84218,0,,,,matched,1,C,104.842,0,0.133181,-0.116654,0,w3:4.84218,3,4.84218,-0.00136823,-0.00118993,2.88987e-05,-0.00118993,0.00118335,-1.00556,-3.49885e-05,-0.000481058,0,0.0158155,1,0
1GPa,Data/Cell_29_integrated/1p0GPa.xy,8.738045,2.90709,2.90709,0.0108138,,,,matched;raw,2,C,202.908,0,0.13378,-0.119955,0.000599023,w2:2.90709,2,2.90709,-0.00252724,-0.00200623,-0.000929487,-0.00200623,0.00175286,-1.14455,0.00118848,-0.000641382,0.0108138,0.0316309,0,0
1GPa,Data/Cell_29_integrated/1p0GPa.xy,9.180878,0.0015153,0.0015153,0.0448577,,,,shoulder,1,C,100.002,0,0.143978,-0.304513,0.0015153,,,0,-0.25757,-0.190215,0.211896,-0.190215,0.422777,-0.449917,3.27833,-0.000439696,0.0448577,0.0632619,1,0
1GPa,Data/Cell_29_integrated/1p0GPa.xy,9.212509,9.56326e-05,9.56326e-05,0.00813534,,,,shoulder,1,C,100,0,0.151278,-0.303381,9.56326e-05,,,0,-0.834711,-0.574824,0.498772,-0.574824,0.978431,-0.587496,9.99532,-0.000539339,0.00813534,0.0316309,1,0
1GPa,Data/Cell_29_integrated/1p0GPa.xy,9.244140,0.0076358,0.0076358,0.0109344,,,,shoulder,1,C,100.008,0,0.161252,-0.298927,0.0076358,,,0,-1.245,-0.746926,0.252503,-0.746926,1.06345,-0.70236,12.9907,0.00377384,0.0109344,0.0158155,1,0
1GPa,Data/Cell_29_integrated/1p0GPa.xy,9.497187,0.00515685,0.00515685,0.0110321,,,,shoulder,1,C,100.005,0,0.15781,-0.295084,0.00515685,,,0,-1.23801,0.267321,-0.754705,-0.754705,0.914673,-0.825109,-13.0024,0.00249855,0.0110321,0.0158155,1,0
1GPa,Data/Cell_29_integrated/1p0GPa.xy,9.560449,0.000217501,0.000217501,0.0213288,,,,shoulder,1,C,100,0,0.150052,-0.268993,0.000217501,,,0,-0.224369,0.183422,-0.166801,-0.166801,0.347474,-0.480038,-2.84513,-0.000289713,0.0213288,0.0158155,1,0
1GPa,Data/Cell_29_integrated/1p0GPa.xy,9.576265,1.88427,1.88427,0,,,,matched,1,C,101.884,0,0.149855,-0.266018,0,w2:1.88427,2,1.88427,-0.071918,0.0561189,-0.0544356,-0.0544356,0.102873,-0.529152,-0.906059,-0.000507214,0,0.0316309,1,0
1GPa,Data/Cell_29_integrated/1p0GPa.xy,9.607896,2.43716,2.43716,0,,,,matched,1,C,102.437,0,0.150266,-0.263176,0,w3:2.43716,3,2.43716,-0.00680314,0.00399082,-0.00645504,-0.00645504,0.0070174,-0.919861,-0.0833443,-0.00019889,0,0.0474464,1,0
1GPa,Data/Cell_29_integrated/1p0GPa.xy,9.924205,5.75529,5.75529,0.0282241,,,,matched;shoulder,2,C,205.755,0,0.13969,-0.201786,9.90312e-05,w8:5.75529,8,5.75529,-0.00159625,-0.000676079,0.000244454,-0.000676079,0.00207364,-0.326035,-0.0705036,-0.000106036,0.0282241,0.0474464,1,0
1GPa,Data/Cell_29_integrated/1p0GPa.xy,9.955836,3.68031e-05,3.68031e-05,0.0247927,,,,shoulder,1,C,100,0,0.137782,-0.197768,3.68031e-05,,,0,-0.00265115,-0.00105991,-0.00100437,-0.00105991,0.0018374,-0.576855,-0.0704328,-0.000138971,0.0247927,0.0316309,1,0
1GPa,Data/Cell_29_integrated/1p0GPa.xy,10.050729,0.000312731,0.000312731,0.091286,,,,shoulder,1,C,100,0,0.132807,-0.176784,0.000312731,,,0,-0.0011632,0.000211555,-0.000102855,-0.000102855,0.00134448,-0.0765018,-0.0402049,6.21852e-05,0.091286,0.110708,1,0
1GPa,Data/Cell_29_integrated/1p0GPa.xy,10.066544,6.41316e-05,6.41316e-05,0.00889071,,,,raw,1,C,100,0,0.132871,-0.172149,6.41316e-05,,,0,-0.000980817,0.000118501,-4.42252e-05,-4.42252e-05,0.00126004,-0.0350982,-0.0370925,4.23687e-05,0.00889071,0.0158155,1,0
1GPa,Data/Cell_29_integrated/1p0GPa.xy,10.161437,0.503799,0.503799,0,,,,matched,1,C,107.14,0,0.129992,-0.1376,0,w3:0.503799;w5:0.334872,3,0.503799,0.000200139,0.000459651,0.000432944,0.000432944,0.000652347,0.66367,-0.0262089,7.66984e-05,0,0.0158155,0,0
1GPa,Data/Cell_29_integrated/1p0GPa.xy,10.351223,1.97774e-05,1.97774e-05,0.00869035,,,,raw,1,C,100,0,0.125419,-0.0472702,1.97774e-05,,,0,-0.00658437,-0.00461229,-0.00173105,-0.00461229,0.00281521,-1.63835,0.042104,-0.00050635,0.00869035,0.0474464,0,0
1GPa,Data/Cell_29_integrated/1p0GPa.xy,10.398669,9.97451,9.97451,0,,,,matched,1,C,109.975,0,0.126967,-0.0150217,0,w8:9.97451,8,9.97451,-0.00915712,-0.00393411,-0.0023208,-0.00393411,0.00799131,-0.492298,0.105272,-0.000547393,0,0.0632619,0,0
1GPa,Data/Cell_29_integrated/1p0GPa.xy,10.446115,0.0239738,0.00125022,0.0523187,,,,shoulder,1,C,100.001,0,0.13497,0.0239738,0.00125022,,,0,-0.0102062,-0.00245279,0.00153206,-0.00245279,0.0119337,-0.205534,0.188317,0.000384833,0.0523187,0.0158155,1,0
1GPa,Data/Cell_29_integrated/1p0GPa.xy,10.461931,53.9871,53.9871,0,,,,matched,1,C,153.987,0,0.137081,0.0362715,0,w5:53.9871,5,53.9871,-0.0116852,-0.0041626,-0.000758572,-0.0041626,0.00987678,-0.421453,0.211032,-8.76278e-05,0,0.0474464,0,0
1GPa,Data/Cell_29_integrated/1p0GPa.xy,10.525193,50.4234,50.4234,0,,,,matched,1,C,150.423,0,0.151223,0.0830257,0,w2:50.4234,2,50.4234,-0.019856,-0.00996986,0.000463478,-0.00996986,0.0187171,-0.53266,0.418055,-0.00174036,0,0.0158155,1,0
1GPa,Data/Cell_29_integrated/1p0GPa.xy,10.604270,0.104791,0.104791,1.18612,,,,shoulder,1,C,100.105,0,0.186577,-0.0377217,0.104791,,,0,-0.186045,-0.111171,0.0478055,-0.111171,0.162766,-0.683011,2.29346,0.00313178,1.18612,0.0158155,1,0
1GPa,Data/Cell_29_integrated/1p0GPa.xy,11.173627,0.00480597,0.00480597,0.0465123,,,,shoulder,1,C,100.005,0,0.144407,-0.0925632,0.00480597,,,0,-0.138211,0.0223873,-0.0741352,-0.0741352,0.0905843,-0.818411,-1.21925,0.000119788,0.0465123,0.110708,1,0
1GPa,Data/Cell_29_integrated/1p0GPa.xy,11.410859,0.00113805,0.00113805,0.0321144,,,,shoulder,1,C,100.001,0,0.126019,-0.085293,0.00113805,,,0,-0.0222473,-0.00416634,-0.00885899,-0.00885899,0.019221,-0.460902,-0.176765,5.12648e-05,0.0321144,0.0948928,1,0
1GPa,Data/Cell_29_integrated/1p0GPa.xy,11.458305,0.000154789,0.000154789,0.00992218,,,,raw,1,C,100,0,0.123797,-0.0804584,0.000154789,,,0,-0.017358,0.00215802,-0.0124786,-0.0124786,0.0124482,-1.00244,-0.102183,-0.00108679,0.00992218,0.0474464,1,0
1GPa,Data/Cell_29_integrated/1p0GPa.xy,11.521567,0.00408351,0.00408351,0.272352,,,,shoulder,1,C,100.004,0,0.130509,-0.0629011,0.00408351,,,0,-0.000671621,0.00298338,-0.000562424,-0.000562424,0.00147703,-0.380781,0.0434845,0.00042086,0.272352,0.0316309,1,0
1GPa,Data/Cell_29_integrated/1p0GPa.xy,11.569014,4.64901e-05,4.64901e-05,0.010636,,,,shoulder,1,C,100,0,0.133916,-0.0510932,4.64901e-05,,,0,-0.00218044,-0.0012518,0.00418724,-0.0012518,0.00713962,-0.175332,0.105661,0.000285096,0.010636,0.0158155,1,0
1GPa,Data/Cell_29_integrated/1p0GPa.xy,11.584829,0.000251598,0.000251598,0.010776,,,,raw,1,C,100,0,0.13461,-0.0474132,0.000251598,,,0,-0.00466624,-0.0043743,0.00507825,-0.0043743,0.0070052,-0.624435,0.133633,0.000150346,0.010776,0.0316309,1,0
1GPa,Data/Cell_29_integrated/1p0GPa.xy,11.853692,0.0173037,0.000322412,0.0192505,,,,shoulder,1,C,100,0,0.143731,0.0173037,0.000322412,,,0,-0.0102518,-0.000535972,-0.00508666,-0.00508666,0.00786488,-0.646756,-0.0888944,-0.000240583,0.0192505,0.0158155,1,0
1GPa,Data/Cell_29_integrated/1p0GPa.xy,11.885323,2.63044,2.63044,0,,,,matched,1,C,102.63,0,0.141209,0.0209189,0,w2:2.63044;w3:1.48073,2,2.63044,-0.01046,0.00148952,-0.00674077,-0.00674077,0.00760088,-0.88684,-0.0943179,-0.000562995,0,0.0474464,1,0
1GPa,Data/Cell_29_integrated/1p0GPa.xy,12.217448,0.0123657,5.42705e-05,0.0169562,,,,shoulder,1,C,100,0,0.145752,0.0123657,5.42705e-05,,,0,-0.000792545,-0.00014222,-0.000122131,-0.00014222,0.0012335,-0.115298,0.0134278,-0.000191998,0.0169562,0.0158155,1,0
1GPa,Data/Cell_29_integrated/1p0GPa.xy,12.233263,0.00927435,0.000391296,0.0192426,,,,raw,1,C,100,0,0.146025,0.00893198,0.000391296,,,0,-0.000537476,0.000137469,-6.90117e-05,-6.90117e-05,0.000827516,-0.0833961,0.013185,-0.000246269,0.0192426,0.0632619,1,0
1GPa,Data/Cell_29_integrated/1p0GPa.xy,12.359787,0.000118047,0.000118047,0.0218475,,,,shoulder,1,C,100.383,0,0.14739,-0.00172374,0.000118047,,,0,-0.000707397,6.53051e-05,7.87477e-05,6.53051e-05,0.00170501,0.0383019,0.00910201,-0.000228597,0.0218475,0.0158155,1,0
1GPa,Data/Cell_29_integrated/1p0GPa.xy,12.502126,0.000387173,0.000387173,0.011814,,,,raw,1,C,100,0,0.1477,-0.00529013,0.000387173,,,0,-0.00175962,-0.000659534,-0.00126819,-0.00126819,0.00063012,-2.01261,0.00254654,-0.000686059,0.011814,0.0158155,0,0
1GPa,Data/Cell_29_integrated/1p0GPa.xy,12.628650,0.00140945,0.00140945,0.0257922,,,,raw;shoulder,2,C,200.001,0,0.14969,-0.00506543,0.00140945,,,0,-0.000540771,-0.000296706,0.000150957,-0.000296706,0.000446257,-0.664875,0.0127162,5.91205e-05,0.0257922,0.0316309,1,0
1GPa,Data/Cell_29_integrated/1p0GPa.xy,12.755173,0.000358312,0.000358312,0.0108543,,,,raw,1,C,100,0,0.151819,-0.00361093,0.000358312,,,0,-0.0105965,-0.00600318,0.00246426,-0.00600318,0.00937717,-0.640191,0.128785,3.38102e-05,0.0108543,0.0316309,1,0
1GPa,Data/Cell_29_integrated/1p0GPa.xy,12.976590,0.000332305,0.000332305,0.0244573,,,,shoulder,1,C,100,0,0.154305,-0.00260605,0.000332305,,,0,-0.0113783,0.00136675,-0.00479537,-0.00479537,0.00815004,-0.588386,-0.0885966,-4.70549e-05,0.0244573,0.0790773,1,0
1GPa,Data/Cell_29_integrated/1p0GPa.xy,13.103114,7.76601e-05,7.76601e-05,0.00891922,,,,raw,1,C,100,0,0.154483,-0.00568199,7.76601e-05,,,0,-0.00253481,-0.00108002,-0.00174799,-0.00174799,0.00136228,-1.28313,0.0303201,-0.000393182,0.00891922,0.0474464,0,0
1GPa,Data/Cell_29_integrated/1p0GPa.xy,13.166376,0.000965384,0.000965384,0.0622236,,,,shoulder,1,C,104.631,0,0.158272,-0.00311478,0.000965384,,,0,-3.95619e-05,0.000908034,0.000465521,0.000465521,0.00100536,0.463039,0.0431223,0.000362499,0.0622236,0.0948928,1,0
1GPa,Data/Cell_29_integrated/1p0GPa.xy,13.482685,0.000778856,0.000778856,0.0339098,,,,raw,1,C,100.001,0,0.158533,-0.00799558,0.000778856,,,0,-0.00463956,-0.000647285,-0.00238037,-0.00238037,0.00290282,-0.820018,-0.0470828,-0.000300626,0.0339098,0.0158155,0,0
1GPa,Data/Cell_29_integrated/1p0GPa.xy,13.561762,0.74108,0.74108,0,,,,matched,1,C,100.741,0,0.157686,-0.00812169,0,w3:0.74108,3,0.74108,-0.0031279,-0.000419086,0.000650615,-0.000419086,0.00200402,-0.209123,0.00282823,0.000128718,0,0.0158155,1,0
1GPa,Data/Cell_29_integrated/1p0GPa.xy,13.640840,0.000159167,0.000159167,0.010749,,,,shoulder,1,C,100,0,0.157828,-0.00859686,0.000159167,,,0,-0.0072458,-0.00396785,-0.000480431,-0.00396785,0.00507765,-0.781435,0.057067,-0.000113694,0.010749,0.0158155,1,0
1GPa,Data/Cell_29_integrated/1p0GPa.xy,13.846441,0.000270625,0.000270625,0.0232527,,,,shoulder,1,C,100,0,0.157875,-0.0101432,0.000270625,,,0,-0.0120887,-0.00501104,0.000934333,-0.00501104,0.013481,-0.371712,0.0140808,1.3708e-05,0.0232527,0.0316309,1,0
1GPa,Data/Cell_29_integrated/1p0GPa.xy,13.862256,4.371e-05,4.371e-05,0.00838657,,,,raw,1,C,100,0,0.157918,-0.0104542,4.371e-05,,,0,-0.0177925,-0.00763308,0.00354839,-0.00763308,0.0239254,-0.319037,0.0747282,-7.37139e-05,0.00838657,0.0158155,1,0
1GPa,Data/Cell_29_integrated/1p0GPa.xy,13.878072,0.774669,0.774669,0,,,,matched,1,C,100.775,0,0.157197,-0.0107299,0,w2:0.774669,2,0.774669,-0.0237112,-0.00919302,0.00635152,-0.00919302,0.0306622,-0.299816,0.142772,-0.000225386,0,0.0632619,1,0
1GPa,Data/Cell_29_integrated/1p0GPa.xy,13.925518,0.00257722,0.00257722,0.112542,,,,shoulder,1,C,100.003,0,0.158732,-0.0100278,0.00257722,,,0,-0.0281378,-0.0119784,0.00391193,-0.0119784,0.0224852,-0.532724,0.217847,0.000217728,0.112542,0.0158155,1,0
1GPa,Data/Cell_29_integrated/1p0GPa.xy,14.146934,0.00315946,0.00315946,0.108783,,,,shoulder,1,C,100.003,0,0.164658,-0.00644784,0.00315946,,,0,-0.0206014,0.0055132,-0.0100272,-0.0100272,0.0160271,-0.625643,-0.252442,0.00116049,0.108783,0.0158155,1,0
1GPa,Data/Cell_29_integrated/1p0GPa.xy,14.210196,0.000261368,0.000261368,0.019263,,,,shoulder,1,C,100,0,0.158933,-0.011507,0.000261368,,,0,-0.00959125,0.00393834,-0.00588196,-0.00588196,0.0145588,-0.404014,-0.132241,-8.08758e-06,0.019263,0.0316309,1,0
1GPa,Data/Cell_29_integrated/1p0GPa.xy,14.273458,1.03533,1.03533,0,,,,matched,1,C,101.035,0,0.157045,-0.0131365,0,w3:1.03533,3,1.03533,-0.00263606,-0.000642322,-0.000405385,-0.000642322,0.00225229,-0.285186,-0.0130636,6.47931e-05,0,0.0158155,0,0
1GPa,Data/Cell_29_integrated/1p0GPa.xy,14.368351,0.000330032,0.000330032,0.029639,,,,shoulder,1,C,100,0,0.157361,-0.0121306,0.000330032,,,0,-0.00668897,-0.00323295,0.000612023,-0.00323295,0.00537669,-0.601289,0.0653427,1.96796e-05,0.029639,0.0790773,1,0
1GPa,Data/Cell_29_integrated/1p0GPa.xy,14.573952,0.000272149,0.000272149,0.00989195,,,,raw,1,C,100,0,0.157243,-0.00933951,0.000272149,,,0,-0.0106609,-0.00435295,0.000640676,-0.00435295,0.0133542,-0.32596,-0.00767834,-0.000729043,0.00989195,0.0316309,1,0
1GPa,Data/Cell_29_integrated/1p0GPa.xy,14.637214,0.00031602,0.00031602,0.0157678,,,,raw,1,C,100,0,0.155862,-0.0110806,0.00031602,,,0,-0.0201201,-0.00592533,-0.00113141,-0.00592533,0.0173217,-0.342076,0.0823698,-0.000138472,0.0157678,0.0316309,0,0
1GPa,Data/Cell_29_integrated/1p0GPa.xy,14.985154,8.30689e-05,8.30689e-05,0.0194911,,,,shoulder,1,C,100,0,0.15686,-0.0047471,8.30689e-05,,,0,-0.000809025,0.00549522,-0.00112737,-0.00112737,0.0032845,-0.343239,-0.0427868,0.000317083,0.0194911,0.0316309,1,0
1GPa,Data/Cell_29_integrated/1p0GPa.xy,15.396356,1.1649,1.1649,0,,,,matched,1,C,101.966,0,0.147289,-0.0118278,0,w2:1.1649,2,1.1649,-0.000212655,0.000117472,0.0018329,0.000117472,0.00146556,0.080155,-0.0205161,0.000128991,0,0.0158155,0,0
1GPa,Data/Cell_29_integrated/1p0GPa.xy,15.507065,0.000322266,0.000322266,0.0224008,,,,shoulder,1,C,100,0,0.143655,-0.0133179,0.000322266,,,0,-0.0298042,-0.0150012,0.00139412,-0.0150012,0.0200431,-0.748447,0.237929,-0.000233366,0.0224008,0.0948928,1,0
1GPa,Data/Cell_29_integrated/1p0GPa.xy,15.744297,0.000275947,0.000275947,0.0182952,,,,shoulder,1,C,100,0,0.139889,-0.010568,0.000275947,,,0,-0.0260228,0.00497136,-0.0154675,-0.0154675,0.0194779,-0.794105,-0.302041,-3.04775e-06,0.0182952,0.0790773,1,0
1GPa,Data/Cell_29_integrated/1p0GPa.xy,15.823374,0.00100894,0.00100894,0.0204036,,,,raw,1,C,100.001,0,0.138349,-0.00956975,0.00100894,,,0,-0.00202467,0.00179081,-0.000852639,-0.000852639,0.00357816,-0.23829,-0.0512766,0.000228592,0.0204036,0.0158155,1,0
1GPa,Data/Cell_29_integrated/1p0GPa.xy,15.870820,2.74502,2.74502,0,,,,matched,1,C,102.745,0,0.135325,-0.00840464,0,w2:0.423593;w3:2.74502,3,2.74502,-0.00189734,-0.00115188,0.000609228,-0.00115188,0.00206642,-0.557424,-0.0105438,-0.000119906,0,0.0158155,1,0
1GPa,Data/Cell_29_integrated/1p0GPa.xy,15.918267,1.08844,1.08844,0,,,,matched,1,C,101.088,0,0.134663,-0.00783033,0,w5:1.08844,5,1.08844,-0.0035791,-0.00231461,-0.000783831,-0.00231461,0.00213181,-1.08575,0.0050456,-0.000254332,0,0.0316309,0,0
1GPa,Data/Cell_29_integrated/1p0GPa.xy,15.997344,0.265655,0.265655,0,,,,matched,1,C,100.266,0,0.136332,-0.00452006,0,w3:0.265655,3,0.265655,-0.00474052,-0.00139881,0.00254958,-0.00139881,0.00695328,-0.201172,0.0718813,-0.000471504,0,0.0316309,1,0
1GPa,Data/Cell_29_integrated/1p0GPa.xy,16.028975,3.20268,3.20268,0,,,,matched,1,C,103.203,0,0.141318,0.000142897,0,w2:3.20268,2,3.20268,-0.00545805,-0.0014395,0.00694521,-0.0014395,0.0110943,-0.12975,0.129831,0.00128727,0,0.0158155,1,0
1GPa,Data/Cell_29_integrated/1p0GPa.xy,16.345284,0.00047171,0.00047171,0.126072,,,,shoulder,1,C,100,0,0.122506,-0.00678894,0.00047171,,,0,-0.006218,0.0048148,-0.0043514,-0.0043514,0.00969398,-0.448877,-0.120427,0.000159011,0.126072,0.0158155,1,0
1GPa,Data/Cell_29_integrated/1p0GPa.xy,16.361100,0.266222,0.266222,0,,,,matched,1,C,100.266,0,0.122054,-0.0068575,0,w2:0.266222,2,0.266222,-0.00324697,0.00335617,-0.00211635,-0.00211635,0.00676373,-0.312897,-0.0832514,0.000103992,0,0.0158155,1,0
1GPa,Data/Cell_29_integrated/1p0GPa.xy,16.408546,0.000128802,0.000128802,0.0276312,,,,shoulder,1,C,100,0,0.119504,-0.00772906,0.000128802,,,0,-0.000379922,-7.97286e-05,0.000273906,-7.97286e-05,0.000438619,-0.181771,-0.038293,8.20249e-05,0.0276312,0.0316309,1,0
1GPa,Data/Cell_29_integrated/1p0GPa.xy,16.487623,0.000538983,0.000538983,0.0282002,,,,raw,1,C,100.001,0,0.117025,-0.0078544,0.000538983,,,0,-0.000732549,-1.67322e-05,-0.000353665,-0.000353665,0.000641498,-0.551311,-0.0306653,3.99835e-05,0.0282002,0.0158155,0,0
1GPa,Data/Cell_29_integrated/1p0GPa.xy,16.503439,0.000693746,0.000693746,0.0462854,,,,shoulder,1,C,102.382,0,0.11689,-0.00729638,0.000693746,,,0,-0.00028231,0.000460282,0.00014255,0.00014255,0.000598541,0.238161,-0.028704,0.000318067,0.0462854,0.0790773,1,0
1GPa,Data/Cell_29_integrated/1p0GPa.xy,16.598332,0.000704981,0.000704981,0.0163045,,,,raw;shoulder,2,C,207.412,0,0.11511,-0.00545968,0.000704981,,,0,4.55427e-05,0.000262926,0.000195247,0.000195247,0.000263427,0.741177,-0.018602,0.000295062,0.0163045,0.0158155,1,0
1GPa,Data/Cell_29_integrated/1p0GPa.xy,16.835564,0.000291966,0.000291966,0.035324,,,,shoulder,1,C,100,0,0.106666,-0.00703648,0.000291966,,,0,-0.00225472,-0.00186833,0.000178235,-0.00186833,0.00159702,-1.16989,-0.0238232,3.00231e-05,0.035324,0.0790773,1,0
1GPa,Data/Cell_29_integrated/1p0GPa.xy,16.930457,0.00054458,0.00054458,0.0339396,,,,shoulder,1,C,100.001,0,0.105174,-0.00664721,0.00054458,,,0,-0.0122007,-0.00586939,0.000856396,-0.00586939,0.00964604,-0.608476,0.097272,0.000162118,0.0339396,0.0158155,1,0
1GPa,Data/Cell_29_integrated/1p0GPa.xy,16.946272,0.000198724,0.000198724,0.0126651,,,,raw,1,C,100,0,0.105373,-0.00657021,0.000198724,,,0,-0.0123638,-0.00543833,-0.00156598,-0.00543833,0.00904169,-0.601472,0.0886807,-0.000520248,0.0126651,0.0158155,0,0
1GPa,Data/Cell_29_integrated/1p0GPa.xy,17.278397,1.36337,1.36337,0.0102231,,,,matched;raw,2,C,201.363,0,0.0985522,-0.00323572,5.11024e-05,w3:1.36337,3,1.36337,-0.000759249,-0.000258819,0.000134981,-0.000258819,0.000759996,-0.340553,-0.00895012,-9.7558e-05,0.0102231,0.0158155,1,0
1GPa,Data/Cell_29_integrated/1p0GPa.xy,17.404921,8.00621e-05,8.00621e-05,0.0253382,,,,shoulder,1,C,100,0,0.0984395,-0.002994,8.00621e-05,,,0,-0.00564577,-0.00188917,-0.000674609,-0.00188917,0.00375265,-0.503422,0.045711,-0.000307521,0.0253382,0.0790773,1,0
1GPa,Data/Cell_29_integrated/1p0GPa.xy,17.610522,0.000282928,0.000282928,0.0606575,,,,shoulder,1,C,100,0,0.0932469,-0.00469464,0.000282928,,,0,-0.00771705,-0.000436291,-0.00250548,-0.00250548,0.00675841,-0.370721,-0.0764606,-9.73008e-05,0.0606575,0.110708,1,0
1GPa,Data/Cell_29_integrated/1p0GPa.xy,17.657968,0.000103751,0.000103751,0.00855802,,,,raw,1,C,100,0,0.0921666,-0.00549141,0.000103751,,,0,-0.00799893,0.000472513,-0.0037347,-0.0037347,0.00903303,-0.413449,-0.0505229,-0.000200975,0.00855802,0.0474464,1,0
1GPa,Data/Cell_29_integrated/1p0GPa.xy,17.721230,0.000883233,0.000883233,0.0535979,,,,shoulder,1,C,100.001,0,0.0928193,-0.00319393,0.000883233,,,0,-0.0019883,0.000739456,-0.000607817,-0.000607817,0.00356789,-0.170358,0.00403758,0.000105936,0.0535979,0.0158155,1,0
1GPa,Data/Cell_29_integrated/1p0GPa.xy,17.737045,6.22795e-05,6.22795e-05,0.00866716,,,,raw,1,C,100.198,0,0.0934678,-0.00242404,6.22795e-05,,,0,-0.000870627,0.00111251,5.58502e-05,5.58502e-05,0.00282763,0.0197516,0.00358968,-3.11754e-05,0.00866716,0.0632619,0,0
1GPa,Data/Cell_29_integrated/1p0GPa.xy,17.911015,0.000110504,0.000110504,0.0118907,,,,shoulder,1,C,100,0,0.0883382,-0.00284184,0.000110504,,,0,-0.0021232,-0.000201453,-0.000794805,-0.000794805,0.00141243,-0.562723,-0.0459951,-8.91655e-05,0.0118907,0.0632619,1,0
1GPa,Data/Cell_29_integrated/1p0GPa.xy,18.005908,0.329971,0.329971,0,,,,matched,1,C,100.436,0,0.0862164,-0.00346475,0,w3:0.329971,3,0.329971,-0.00127606,9.52715e-06,0.00020658,9.52715e-06,0.000900582,0.0105789,-0.0248686,7.09116e-06,0,0.0316309,0,0
1GPa,Data/Cell_29_integrated/1p0GPa.xy,18.069170,0.000923046,0.000923046,0.20194,,,,shoulder,1,C,100.001,0,0.0844703,-0.00304581,0.000923046,,,0,-0.00428328,-0.00266065,0.00131397,-0.00266065,0.00326038,-0.816055,0.0200814,0.000146374,0.20194,0.0316309,1,0
1GPa,Data/Cell_29_integrated/1p0GPa.xy,18.575265,0.000503209,0.000503209,0.0142044,,,,raw;shoulder,2,C,200.001,0,0.0767873,-0.00155643,0.000503209,,,0,-0.000946794,-0.000337568,0.000253753,-0.000337568,0.000946537,-0.356635,-0.0269684,0.000203773,0.0142044,0.0948928,1,0
1GPa,Data/Cell_29_integrated/1p0GPa.xy,18.638527,0.000348665,0.000348665,0.0265164,,,,raw,1,C,100,0,0.0744885,-0.00239063,0.000348665,,,0,-0.00151219,-0.000477654,-0.00113946,-0.00113946,0.000953346,-1.19522,-0.0238357,-0.000285446,0.0265164,0.0474464,0,0
1GPa,Data/Cell_29_integrated/1p0GPa.xy,19.176253,0.000204925,0.000204925,0.0179444,,,,raw,1,C,100,0,0.0661434,-0.00306931,0.000204925,,,0,-0.00507677,-0.00137805,-0.000252808,-0.00137805,0.00422705,-0.326008,0.0123624,-0.00057668,0.0179444,0.0158155,0,0
1GPa,Data/Cell_29_integrated/1p0GPa.xy,19.350223,0.000519203,0.000519203,0.0224688,,,,shoulder,1,C,100.001,0,0.0621739,-0.00943648,0.000519203,,,0,-0.00536806,-0.000357703,-0.00223105,-0.00223105,0.00318372,-0.700768,-0.0582183,-0.000126652,0.0224688,0.0790773,1,0
1GPa,Data/Cell_29_integrated/1p0GPa.xy,19.445116,0.210759,0.210759,0,,,,matched,1,C,100.211,0,0.0604815,-0.0120896,0,w2:0.210759,2,0.210759,-0.00050213,0.0018414,-0.000224032,-0.000224032,0.00224508,-0.0997881,-0.0308622,0.0002541,0,0.0158155,1,0
1GPa,Data/Cell_29_integrated/1p0GPa.xy,19.919580,0.000606514,0.000606514,0.0382132,,,,shoulder,1,C,100.001,0,0.0536779,-0.0188693,0.000606514,,,0,-0.0679294,-0.0395432,0.0134665,-0.0395432,0.0539195,-0.733374,0.721768,3.31552e-05,0.0382132,0.126524,1,0
1GPa,Data/Cell_29_integrated/1p0GPa.xy,20.188443,0.00152265,0.00152265,0.0368574,,,,shoulder,1,C,100.002,0,0.052513,-0.0145308,0.00152265,,,0,-0.0646707,0.0135212,-0.0372825,-0.0372825,0.0509401,-0.73189,-0.74963,0.000523534,0.0368574,0.0948928,1,0
1GPa,Data/Cell_29_integrated/1p0GPa.xy,20.267520,0.000873089,0.000873089,0.0352038,,,,raw,1,C,100.001,0,0.0458522,-0.0183535,0.000873089,,,0,-0.00712963,0.00173109,-0.00535457,-0.00535457,0.00600541,-0.891623,-0.0876249,1.1116e-05,0.0352038,0.0158155,1,0
1GPa,Data/Cell_29_integrated/1p0GPa.xy,20.552198,0.000802837,0.000802837,0.0128002,,,,raw,1,C,103.615,0,0.0405042,-0.0133683,0.000802837,,,0,-3.03086e-05,0.000351323,0.000490753,0.000351323,0.000972013,0.361438,-0.0209678,-3.00028e-05,0.0128002,0.0158155,0,0
1GPa,Data/Cell_29_integrated/1p0GPa.xy,20.583829,1.15437e-05,1.15437e-05,0.0237856,,,,shoulder,1,C,100,0,0.0378049,-0.0128334,1.15437e-05,,,0,-0.000262881,-0.000115578,0.000372718,-0.000115578,0.000989775,-0.116772,-0.0181303,-1.70932e-05,0.0237856,0.0316309,1,0
1GPa,Data/Cell_29_integrated/1p0GPa.xy,20.615460,0.00134203,0.00134203,0.0141631,,,,raw,1,C,100.001,0,0.039147,-0.0121871,0.00134203,,,0,-0.000536319,-0.000170224,7.36647e-05,-0.000170224,0.00072957,-0.233321,-0.0202639,-2.86369e-05,0.0141631,0.0632619,1,0
1GPa,Data/Cell_29_integrated/1p0GPa.xy,20.631276,0.000122821,0.000122821,0.0597756,,,,shoulder,1,C,100,0,0.0370205,-0.0117544,0.000122821,,,0,-0.000655885,-0.000109723,7.16696e-06,-0.000109723,0.000589976,-0.185978,-0.0211601,-8.75442e-06,0.0597756,0.0158155,1,0
1GPa,Data/Cell_29_integrated/1p0GPa.xy,21.010847,6.21668e-06,6.21668e-06,0.00830128,,,,raw,1,C,100,0,0.0268996,-0.000837148,6.21668e-06,,,0,-0.0011177,-0.000305489,-0.000324815,-0.000324815,0.00106936,-0.303748,-0.0224701,-0.000275855,0.00830128,0.0474464,0,0
1GPa,Data/Cell_29_integrated/1p0GPa.xy,21.058293,0.223446,0.223446,0.0146625,,,,matched;raw,2,C,200.955,0,0.026432,0.00195912,0.000172473,w2:0.223446,2,0.223446,-0.000905047,0.000123331,0.000270661,0.000123331,0.00168563,0.073166,-0.0202927,0.000176259,0.0146625,0.0948928,0,0
1GPa,Data/Cell_29_integrated/1p0GPa.xy,21.074109,0.00269829,0.000652781,0.0776056,,,,shoulder,1,C,100.504,0,0.02623,0.00269829,0.000652781,,,0,-0.000925919,8.48104e-05,0.000234867,8.48104e-05,0.00168563,0.0503137,-0.0202607,0.000192016,0.0776056,0.0158155,1,0
1GPa,Data/Cell_29_integrated/1p0GPa.xy,21.279710,0.000467435,0.000467435,0.00912789,,,,raw;shoulder,2,C,200,0,0.0216961,-0.000460104,0.000467435,,,0,-0.00149274,-0.000575336,0.00028656,-0.000575336,0.00152281,-0.377811,-0.0179477,0.000128203,0.00912789,0.0790773,1,0
1GPa,Data/Cell_29_integrated/1p0GPa.xy,21.975590,0.000662962,0.000662962,0.0163464,,,,raw,1,C,100.001,0,0.0124095,-0.00127373,0.000662962,,,0,-0.00172145,-0.000889763,-0.000853952,-0.000889763,0.00117068,-0.760041,-0.0164148,-0.000538189,0.0163464,0.0316309,0,0
1GPa,Data/Cell_29_integrated/1p0GPa.xy,22.007221,2.50293e-05,2.50293e-05,0.00880261,,,,shoulder,1,C,100.681,0,0.0112098,-0.000598209,2.50293e-05,,,0,-0.000507686,0.000418103,7.53303e-05,7.53303e-05,0.00110622,0.0680967,-0.0151429,-0.000129301,0.00880261,0.0316309,1,0
1GPa,Data/Cell_29_integrated/1p0GPa.xy,22.133745,0.000720442,0.000720442,0.0205403,,,,raw,1,C,100.001,0,0.0103177,-0.00133592,0.000720442,,,0,-0.000888037,-0.000326839,-0.000366798,-0.000366798,0.000588173,-0.623621,-0.0142603,-0.000279807,0.0205403,0.0632619,0,0
1GPa,Data/Cell_29_integrated/1p0GPa.xy,22.165376,0.000111747,0.000111747,0.0289845,,,,shoulder,1,C,100,0,0.00951085,-0.00106492,0.000111747,,,0,-0.000840579,0.000102795,-0.000518011,-0.000518011,0.000549543,-0.942621,-0.0156983,3.55172e-05,0.0289845,0.0316309,1,0
1GPa,Data/Cell_29_integrated/1p0GPa.xy,22.212822,0.000337037,0.000337037,0.0223055,,,,raw,1,C,100,0,0.00965183,-0.000699832,0.000337037,,,0,-0.000249551,0.000532015,-0.000212166,-0.000212166,0.000868852,-0.244191,-0.0166777,-6.4071e-05,0.0223055,0.0316309,1,0
1GPa,Data/Cell_29_integrated/1p0GPa.xy,22.655655,0.0015025,0.0015025,0.0160239,,,,raw,1,C,100.002,0,0.00533154,-0.00097712,0.0015025,,,0,-0.000697611,-8.09435e-05,0.000141091,-8.09435e-05,0.00093952,-0.0861541,-0.026904,-0.000285649,0.0160239,0.0474464,1,0
1GPa,Data/Cell_29_integrated/1p0GPa.xy,22.671471,4.05597e-05,4.05597e-05,0.0128278,,,,shoulder,1,C,100,0,0.00386763,-0.00157401,4.05597e-05,,,0,-0.00146655,-0.000668406,-0.000308954,-0.000668406,0.00127161,-0.525636,-0.0257221,-0.00024509,0.0128278,0.0158155,1,0
1GPa,Data/Cell_29_integrated/1p0GPa.xy,22.766364,0.000818765,0.000818765,0.0240985,,,,raw,1,C,100.001,0,0.00246071,-0.000768248,0.000818765,,,0,-0.00267695,-0.000561282,0.00077885,-0.000561282,0.00360333,-0.155767,0.00773295,0.000483171,0.0240985,0.0158155,1,0
1GPa,Data/Cell_29_integrated/1p0GPa.xy,23.019411,0.00291113,0.00291113,0.0246517,,,,raw,1,C,100.003,0,0.00141737,0.000496394,0.00291113,,,0,-0.000765737,0.000943596,-0.000748167,-0.000748167,0.00190483,-0.392774,-0.0560117,-0.000248249,0.0246517,0.0316309,1,0
1GPa,Data/Cell_29_integrated/1p0GPa.xy,23.177566,0.00251139,0.00251139,0.0134293,,,,raw,1,C,100.003,0,-0.00266275,-0.00115475,0.00251139,,,0,-0.00157582,0.00254159,-0.00139771,-0.00139771,0.00221229,-0.631791,-0.0131631,0.000610032,0.0134293,0.0158155,1,0
1GPa,Data/Cell_29_integrated/1p0GPa.xy,23.509690,0.0029803,0.0029803,0.0171728,,,,raw,1,C,100.003,0,-0.0107748,-0.00349567,0.0029803,,,0,-0.00599878,-0.00310085,-0.0049054,-0.0049054,0.0023565,-2.08165,-0.033761,-0.00119946,0.0171728,0.0316309,0,0
1GPa,Data/Cell_29_integrated/1p0GPa.xy,23.715292,0.00590664,0.00590664,0.0277394,,,,raw,1,C,100.006,0,-0.0148096,-0.00298998,0.00590664,,,0,-0.0022116,-0.001463,0.00261961,-0.001463,0.0029053,-0.503564,-0.0389106,0.000109977,0.0277394,0.0474464,1,0
1GPa,Data/Cell_29_integrated/1p0GPa.xy,23.731107,0.000892957,0.000892957,0.0322772,,,,shoulder,1,C,100.001,0,-0.0160351,-0.00369336,0.000892957,,,0,-0.00338407,-0.00215382,0.00295723,-0.00215382,0.00181302,-1.18798,-0.0360939,0.000643105,0.0322772,0.0158155,1,0
1GPa,Data/Cell_29_integrated/1p0GPa.xy,23.778553,0.000398238,0.000398238,0.00957379,,,,raw,1,C,100,0,-0.0234013,-0.00982651,0.000398238,,,0,-0.0128,-0.00849035,-0.00638637,-0.00849035,0.00280911,-3.02243,0.00993291,-0.00361688,0.00957379,0.0474464,0,0
2.3GPa,Data/Cell_29_integrated/2p3GPa.xy,2.032287,2.99097e-05,2.99097e-05,0.00930069,,,,shoulder,1,C,100,0,-0.2305,-0.0873875,2.99097e-05,,,0,-0.00154394,0.00436942,-0.00129007,-0.00129007,0.00175173,-0.736454,0.697614,0.000657075,0.00930069,0.0474464,1,0
2.3GPa,Data/Cell_29_integrated/2p3GPa.xy,2.506751,0.0547797,0.000297216,0.00862359,,,,raw,1,C,100,0,0.0336822,0.0536627,0.000297216,,,0,-0.00360347,-0.00387424,-0.000929221,-0.00387424,0.00117161,-3.30677,0.172742,-0.000800315,0.00862359,0.0316309,0,0
2.3GPa,Data/Cell_29_integrated/2p3GPa.xy,2.838876,0.00535866,0.000209974,0.0136442,,,,shoulder,1,C,100,0,0.0448662,0.00535866,0.000209974,,,0,-0.00995988,-0.00358566,-0.00791842,-0.00791842,0.0020726,-3.82052,-0.0966787,-0.000901739,0.0136442,0.0790773,1,0
2.3GPa,Data/Cell_29_integrated/2p3GPa.xy,2.965400,0.626857,0.626857,0,,,,matched,1,C,100.627,0,0.040027,-0.0148795,0,w5:0.626857,5,0.626857,-0.00100673,-0.000151576,0.000199976,-0.000151576,0.00180211,-0.0841103,-0.0330746,-0.00102926,0,0.0316309,1,0
2.3GPa,Data/Cell_29_integrated/2p3GPa.xy,2.997031,0.00325759,0.00325759,0.0294223,,,,raw,1,C,100.003,0,0.0403023,-0.019859,0.00325759,,,0,-0.00175359,-0.00025891,-3.83378e-05,-0.00025891,0.00272792,-0.0949112,-0.031127,-0.000117682,0.0294223,0.0316309,0,0
2.3GPa,Data/Cell_29_integrated/2p3GPa.xy,3.028662,0.00142322,0.00142322,0.0560448,,,,shoulder,1,C,100.444,0,0.0360974,-0.0241729,0.00142322,,,0,-0.00174046,0.000224094,9.56961e-05,9.56961e-05,0.00216399,0.0442221,-0.0371122,0.00043569,0.0560448,0.0632619,1,0
2.3GPa,Data/Cell_29_integrated/2p3GPa.xy,3.060293,0.000555983,0.000555983,0.0175486,,,,raw,1,C,100.001,0,0.0366534,-0.0300349,0.000555983,,,0,-0.00301608,-0.000884873,-0.00232643,-0.00232643,0.0024113,-0.964802,-0.0405991,-0.000987526,0.0175486,0.0316309,0,0
2.3GPa,Data/Cell_29_integrated/2p3GPa.xy,3.265894,0.0044,0.0044,0.0517615,,,,shoulder,1,C,100.004,0,0.0377477,-0.0393006,0.0044,,,0,-0.00706612,-0.00153695,0.00581123,-0.00153695,0.0114838,-0.133836,0.09598,0.00226805,0.0517615,0.0158155,1,0
2.3GPa,Data/Cell_29_integrated/2p3GPa.xy,3.471495,0.00222895,0.00222895,0.0440181,,,,raw,1,C,100.002,0,0.0694033,-5.68191e-05,0.00222895,,,0,-0.000387928,-0.00049752,0.00294395,-0.00049752,0.00668651,-0.0744065,0.166964,-0.000498848,0.0440181,0.0158155,1,0
2.3GPa,Data/Cell_29_integrated/2p3GPa.xy,3.930143,0.0132064,0.00282638,0.0521083,,,,shoulder,1,C,102.427,0,0.086065,0.0132064,0.00282638,,,0,-0.00191584,0.00132567,0.00172228,0.00132567,0.00546779,0.24245,-0.128887,0.00110199,0.0521083,0.0158155,1,0
2.3GPa,Data/Cell_29_integrated/2p3GPa.xy,3.945959,0.320634,0.320634,0,,,,matched,1,C,100.321,0,0.0811674,0.00971113,0,w2:0.320634,2,0.320634,-0.00331616,-0.000448453,0.000897494,-0.000448453,0.00437362,-0.102536,-0.129801,0.000384322,0,0.0158155,1,0
2.3GPa,Data/Cell_29_integrated/2p3GPa.xy,3.993405,0.000731348,5.25643e-06,0.00802098,,,,shoulder,1,C,100,0,0.075751,0.000731348,5.25643e-06,,,0,-0.00598053,-0.00222135,-0.00414259,-0.00414259,0.00321985,-1.28658,-0.103997,-0.000440752,0.00802098,0.0474464,1,0
2.3GPa,Data/Cell_29_integrated/2p3GPa.xy,4.357161,0.00102018,0.00102018,0.0155379,,,,raw,1,C,100.001,0,0.0526111,-0.0304945,0.00102018,,,0,-0.00918762,-0.00353485,0.00046346,-0.00353485,0.0086268,-0.409753,0.0276805,0.000131763,0.0155379,0.0158155,1,0
2.3GPa,Data/Cell_29_integrated/2p3GPa.xy,4.388792,0.000563278,0.000563278,0.0237286,,,,raw,1,C,100.001,0,0.0521171,-0.0315487,0.000563278,,,0,-0.0117939,-0.00487427,-0.00350155,-0.00487427,0.00760532,-0.640903,0.0714788,-0.000500017,0.0237286,0.0158155,0,0
2.3GPa,Data/Cell_29_integrated/2p3GPa.xy,4.467869,0.00178687,0.00178687,0.115843,,,,shoulder,1,C,100.002,0,0.065275,-0.0172486,0.00178687,,,0,-0.000862697,0.00500528,-0.00121777,-0.00121777,0.00346419,-0.35153,0.138729,0.000941629,0.115843,0.0474464,1,0
2.3GPa,Data/Cell_29_integrated/2p3GPa.xy,4.705101,3.69065,3.69065,0,,,,matched,1,C,103.691,0,0.0926259,0.0114707,0,w5:3.69065,5,3.69065,-0.00169853,-0.000987275,-0.000678849,-0.000987275,0.00128409,-0.768849,0.0817384,-0.000791494,0,0.0158155,0,0
2.3GPa,Data/Cell_29_integrated/2p3GPa.xy,4.720917,7.42737,7.42737,0,,,,matched,1,C,107.427,0,0.0941599,0.0115661,0,w8:7.42737,8,7.42737,-0.0016649,-0.000539791,-0.0012659,-0.0012659,0.00174783,-0.72427,0.0770705,-0.00081441,0,0.0316309,0,0
2.3GPa,Data/Cell_29_integrated/2p3GPa.xy,4.879071,0.0100969,0.000385323,0.0109434,,,,raw,1,C,100,0,0.105342,0.0092989,0.000385323,,,0,-0.001343,-0.00157568,-0.000182754,-0.00157568,0.00134636,-1.17032,0.0547535,-0.000311386,0.0109434,0.0158155,0,0
2.3GPa,Data/Cell_29_integrated/2p3GPa.xy,5.147934,1.52925e-05,1.52925e-05,0.00795909,,,,raw,1,C,100,0,0.115644,-0.00588011,1.52925e-05,,,0,-0.00315497,-0.000537181,-0.0019872,-0.0019872,0.00215863,-0.920582,0.0369387,-0.000362344,0.00795909,0.0316309,0,0
2.3GPa,Data/Cell_29_integrated/2p3GPa.xy,5.179565,8.72672e-05,8.72672e-05,0.0145174,,,,shoulder,1,C,100.929,0,0.118745,-0.00448474,8.72672e-05,,,0,0.000337224,0.00309936,0.000257373,0.000257373,0.00276932,0.0929372,0.0413542,0.000242132,0.0145174,0.0316309,1,0
2.3GPa,Data/Cell_29_integrated/2p3GPa.xy,5.321904,0.254884,0.254884,0,,,,matched,1,C,100.629,0,0.125522,-0.00978281,0,w8:0.254884,8,0.254884,-0.000816358,0.00147338,0.000102806,0.000102806,0.00274888,0.0373991,0.0415681,-2.8866e-05,0,0.0158155,0,0
2.3GPa,Data/Cell_29_integrated/2p3GPa.xy,5.717291,0.000258776,0.000258776,0.0128024,,,,shoulder,1,C,100,0,0.13644,-0.0167703,0.000258776,,,0,-0.0604399,-0.0341419,0.00638226,-0.0341419,0.0415014,-0.82267,0.595561,-0.00077849,0.0128024,0.0632619,1,0
2.3GPa,Data/Cell_29_integrated/2p3GPa.xy,5.954523,5.70938e-05,5.70938e-05,0.00815614,,,,shoulder,1,C,100,0,0.14324,-0.0172365,5.70938e-05,,,0,-0.0621051,0.00632139,-0.0394571,-0.0394571,0.0366445,-1.07675,-0.526288,-0.000858689,0.00815614,0.0790773,1,0
2.3GPa,Data/Cell_29_integrated/2p3GPa.xy,6.175940,2.83162,2.83162,0,,,,matched,1,C,102.832,0,0.152444,-0.0136539,0,w5:2.83162,5,2.83162,-0.00195709,-0.00116793,-0.000933561,-0.00116793,0.00149258,-0.782489,0.0186536,-0.000582618,0,0.0316309,0,0
2.3GPa,Data/Cell_29_integrated/2p3GPa.xy,6.191755,0.000360025,0.000360025,0.0190344,,,,raw,1,C,100,0,0.152629,-0.0140014,0.000360025,,,0,-0.00222018,-0.000875669,-0.0012615,-0.0012615,0.00144247,-0.874538,0.0189806,-0.000637417,0.0190344,0.0158155,0,0
2.3GPa,Data/Cell_29_integrated/2p3GPa.xy,6.824374,0.000582398,0.000582398,0.0314832,,,,shoulder,1,C,100.001,0,0.173417,-0.0140438,0.000582398,,,0,-0.00182059,0.00176023,-0.00127048,-0.00127048,0.00231921,-0.547809,0.0458558,0.000338212,0.0314832,0.0158155,1,0
2.3GPa,Data/Cell_29_integrated/2p3GPa.xy,6.840189,0.000209945,0.000209945,0.0087051,,,,raw,1,C,100.32,0,0.175499,-0.0153054,0.000209945,,,0,-0.000143777,0.00279256,0.000132744,0.000132744,0.00414466,0.0320277,0.0441657,3.16418e-05,0.0087051,0.0632619,0,0
2.3GPa,Data/Cell_29_integrated/2p3GPa.xy,6.982528,0.000614877,0.000614877,0.0139742,,,,raw,1,C,100.001,0,0.178482,-0.0358881,0.000614877,,,0,-0.0010549,-0.000285093,0.00036567,-0.000285093,0.002743,-0.103935,0.00804549,-0.000859841,0.0139742,0.0316309,1,0
2.3GPa,Data/Cell_29_integrated/2p3GPa.xy,7.093237,0.00157014,0.00157014,0.0118025,,,,raw,1,C,100.002,0,0.181361,-0.0625083,0.00157014,,,0,-0.00174553,0.000427224,-0.00112952,-0.00112952,0.00164279,-0.687562,0.0167107,0.000176386,0.0118025,0.0790773,1,0
2.3GPa,Data/Cell_29_integrated/2p3GPa.xy,7.109052,0.000581151,0.000581151,0.0291484,,,,shoulder,1,C,100.001,0,0.179791,-0.0641511,0.000581151,,,0,-0.000470725,0.00104419,-4.10432e-05,-4.10432e-05,0.00142203,-0.0288624,0.0208847,0.000318128,0.0291484,0.0158155,1,0
2.3GPa,Data/Cell_29_integrated/2p3GPa.xy,7.219760,0.00252192,0.00252192,0.0255434,,,,raw,1,C,100.003,0,0.18462,-0.0785511,0.00252192,,,0,-0.0014308,-0.00150235,0.000426601,-0.00150235,0.000620668,-2.42053,0.044365,-8.40551e-05,0.0255434,0.0316309,1,0
2.3GPa,Data/Cell_29_integrated/2p3GPa.xy,7.456992,0.67859,0.67859,0,,,,matched,1,C,100.679,0,0.191968,-0.0959172,0,w2:0.67859,2,0.67859,-0.0527182,-0.0403979,0.0669398,-0.0403979,0.0939213,-0.430125,0.723708,0.00151113,0,0.0158155,1,0
2.3GPa,Data/Cell_29_integrated/2p3GPa.xy,7.488623,0.0122742,0.0122742,0.205426,,,,raw,1,C,100.012,0,0.194092,-0.101504,0.0122742,,,0,-0.222644,-0.157569,0.143356,-0.157569,0.25143,-0.626692,2.68568,0.000499186,0.205426,0.0158155,1,0
2.3GPa,Data/Cell_29_integrated/2p3GPa.xy,7.536070,0.00201622,0.00201622,0.0124473,,,,shoulder,1,C,100.002,0,0.188761,-0.108837,0.00201622,,,0,-0.390705,-0.221225,0.0734417,-0.221225,0.259477,-0.852582,3.67326,-0.00023893,0.0124473,0.0158155,1,0
2.3GPa,Data/Cell_29_integrated/2p3GPa.xy,7.757486,0.0132434,0.0132434,0.022941,,,,shoulder,1,C,100.013,0,0.207935,-0.099463,0.0132434,,,0,-0.418797,0.0647076,-0.251594,-0.251594,0.309336,-0.813338,-3.16411,-0.000243149,0.022941,0.0948928,1,0
2.3GPa,Data/Cell_29_integrated/2p3GPa.xy,7.915641,0.71215,0.71215,0,,,,matched,1,C,100.712,0,0.223129,-0.080407,0,w5:0.71215,5,0.71215,-0.024216,-0.00700938,0.00689631,-0.00700938,0.0401347,-0.174646,-0.0476481,-0.00991308,0,0.0474464,1,0
2.3GPa,Data/Cell_29_integrated/2p3GPa.xy,7.978903,0.00510379,0.00510379,0.0589889,,,,shoulder,1,C,100.005,0,0.212506,-0.0889904,0.00510379,,,0,-0.0450668,0.00227116,-0.0315895,-0.0315895,0.0353919,-0.892564,-0.204861,-0.000967406,0.0589889,0.0632619,1,0
2.3GPa,Data/Cell_29_integrated/2p3GPa.xy,8.168688,0.00121161,0.00121161,0.0248363,,,,shoulder,1,C,100.001,0,0.214213,-0.0727598,0.00121161,,,0,-0.0145942,0.00117657,-0.00387671,-0.00387671,0.0142899,-0.271291,-0.0804692,0.000278925,0.0248363,0.0158155,1,0
2.3GPa,Data/Cell_29_integrated/2p3GPa.xy,8.358474,53.9381,53.9381,0,,,,matched,1,C,153.938,0,0.218617,0.0367934,0,w8:53.9381,8,53.9381,-0.0024915,-0.00146429,-0.000193893,-0.00146429,0.00190064,-0.770416,0.0416402,-0.000758972,0,0.0316309,0,0
2.3GPa,Data/Cell_29_integrated/2p3GPa.xy,8.390105,0.023682,0.000179417,0.0250575,,,,shoulder,1,C,100,0,0.219457,0.023682,0.000179417,,,0,-0.00375148,-0.00178447,-0.00278657,-0.00278657,0.00132292,-2.10638,0.0411702,-0.000357417,0.0250575,0.0158155,1,0
2.3GPa,Data/Cell_29_integrated/2p3GPa.xy,8.405920,0.019115,0.00117314,0.0124002,,,,raw,1,C,100.001,0,0.221522,0.0177601,0.00117314,,,0,-0.0035858,-0.00132268,-0.00303578,-0.00303578,0.00113104,-2.68405,0.0389739,-0.000536833,0.0124002,0.0474464,0,0
2.3GPa,Data/Cell_29_integrated/2p3GPa.xy,8.453367,0.00319349,0.00100072,0.0468748,,,,shoulder,1,C,100.802,0,0.225768,0.00319349,0.00100072,,,0,0.000320133,0.00283256,0.000209681,0.000209681,0.00261813,0.0800879,0.0383992,0.000518941,0.0468748,0.0158155,1,0
2.3GPa,Data/Cell_29_integrated/2p3GPa.xy,8.595706,7.35877e-05,7.35877e-05,0.0245586,,,,shoulder,1,C,100,0,0.229426,-0.0410203,7.35877e-05,,,0,-0.0033422,-0.00269307,-0.000901229,-0.00269307,0.00115589,-2.32986,0.0523261,-0.000572494,0.0245586,0.0474464,1,0
2.3GPa,Data/Cell_29_integrated/2p3GPa.xy,8.801307,3.46206,3.46206,0,,,,matched,1,C,103.613,0,0.237764,-0.0774962,0,w3:3.46206,3,3.46206,-0.000645641,4.33724e-05,0.00154396,4.33724e-05,0.00288114,0.0150539,0.00954679,-1.77775e-05,0,0.0316309,0,0
2.3GPa,Data/Cell_29_integrated/2p3GPa.xy,8.817122,2.28355,2.28355,0,,,,matched,1,C,102.343,0,0.238813,-0.0842998,0,w2:2.28355,2,2.28355,-0.00119716,2.0937e-05,0.00187859,2.0937e-05,0.0035509,0.00589624,0.0123368,0.000309498,0,0.0158155,0,0
2.3GPa,Data/Cell_29_integrated/2p3GPa.xy,8.896200,0.000577165,0.000577165,0.0123864,,,,raw,1,C,100.001,0,0.237797,-0.159558,0.000577165,,,0,-0.00527622,-0.00359529,-0.00429913,-0.00429913,0.00123342,-3.48554,0.0368919,-0.000841949,0.0123864,0.0632619,0,0
2.3GPa,Data/Cell_29_integrated/2p3GPa.xy,9.006908,0.00155869,0.00155869,0.0259904,,,,raw,1,C,101.487,0,0.247339,-0.18325,0.00155869,,,0,-0.000138861,0.000299098,0.00268883,0.000299098,0.00201332,0.148559,0.0779107,1.46694e-05,0.0259904,0.0158155,0,0
2.3GPa,Data/Cell_29_integrated/2p3GPa.xy,9.070170,1.5737,1.5737,0,,,,matched,1,C,101.574,0,0.249785,-0.199405,0,w5:1.5737,5,1.5737,-0.00453518,-0.00263904,9.88285e-05,-0.00263904,0.0031442,-0.839335,0.108869,0.000151281,0,0.0316309,1,0
2.3GPa,Data/Cell_29_integrated/2p3GPa.xy,9.085985,0.00277301,0.00277301,0.035959,,,,shoulder,1,C,100.877,0,0.253161,-0.200965,0.00277301,,,0,-0.00326912,0.000385282,0.00165024,0.000385282,0.00440747,0.0874155,0.104,0.00153316,0.035959,0.0158155,1,0
2.3GPa,Data/Cell_29_integrated/2p3GPa.xy,9.323217,0.0019671,0.0019671,0.0232035,,,,shoulder,1,C,100.002,0,0.285455,-0.21058,0.0019671,,,0,-0.901162,-0.503862,0.110034,-0.503862,0.630527,-0.799111,8.91967,-0.000820369,0.0232035,0.110708,1,0
2.3GPa,Data/Cell_29_integrated/2p3GPa.xy,9.560449,0.00233104,0.00233104,0.00845011,,,,shoulder,1,C,100.002,0,0.303587,-0.184173,0.00233104,,,0,-0.894906,0.108307,-0.502071,-0.502071,0.624495,-0.803963,-8.95742,-0.00271228,0.00845011,0.110708,1,0
2.3GPa,Data/Cell_29_integrated/2p3GPa.xy,9.639527,0.00095162,0.00095162,0.053071,,,,shoulder,1,C,100.001,0,0.277487,-0.201533,0.00095162,,,0,-0.139493,0.101626,-0.098155,-0.098155,0.20664,-0.475004,-1.74017,-0.000211295,0.053071,0.0790773,1,0
2.3GPa,Data/Cell_29_integrated/2p3GPa.xy,9.655342,5.44104e-05,5.44104e-05,0.00810776,,,,raw,1,C,100,0,0.277541,-0.201411,5.44104e-05,,,0,-0.0584088,0.0353215,-0.0406617,-0.0406617,0.0967719,-0.420181,-0.710881,-0.000244169,0.00810776,0.0158155,1,0
2.3GPa,Data/Cell_29_integrated/2p3GPa.xy,9.734419,0.00595884,0.00595884,0.120624,,,,raw,1,C,100.006,0,0.27907,-0.191925,0.00595884,,,0,0.00159945,0.00491336,-0.000113275,-0.000113275,0.00550636,-0.0205717,-0.0514357,0.000739449,0.120624,0.0158155,1,0
2.3GPa,Data/Cell_29_integrated/2p3GPa.xy,9.908390,0.00077295,0.00077295,0.0343656,,,,shoulder,1,C,100.001,0,0.260937,-0.177687,0.00077295,,,0,-0.00450488,-0.00253943,-0.00185961,-0.00253943,0.00246199,-1.03145,-0.104826,-0.000207065,0.0343656,0.0790773,1,0
2.3GPa,Data/Cell_29_integrated/2p3GPa.xy,10.351223,0.00229106,0.00229106,0.0287288,,,,raw,1,C,100.002,0,0.237464,-0.0505266,0.00229106,,,0,-0.0096537,-0.00557039,-0.00115435,-0.00557039,0.0054354,-1.02484,0.0774534,0.000252265,0.0287288,0.0158155,0,0
2.3GPa,Data/Cell_29_integrated/2p3GPa.xy,10.446115,0.00857856,0.000730759,0.0119346,,,,raw,1,C,100.001,0,0.250903,0.00824903,0.000730759,,,0,-0.0225121,-0.00694044,0.00143342,-0.00694044,0.0220341,-0.314986,0.368807,0.000407889,0.0119346,0.0158155,1,0
2.3GPa,Data/Cell_29_integrated/2p3GPa.xy,10.525193,0.0847543,0.000331824,0.0256196,,,,shoulder,1,C,100,0,0.285199,0.0847543,0.000331824,,,0,-0.0156241,0.00217386,-0.010388,-0.010388,0.019436,-0.534474,0.504422,-0.00166434,0.0256196,0.0632619,1,0
2.3GPa,Data/Cell_29_integrated/2p3GPa.xy,10.920579,0.00817995,0.00817995,0.0247436,,,,raw;shoulder,2,C,200.008,0,0.292884,-0.00501399,0.00817995,,,0,-0.0282224,-0.0103631,0.000487746,-0.0103631,0.0338383,-0.306254,-0.0853041,0.000851549,0.0247436,0.0948928,1,0
2.3GPa,Data/Cell_29_integrated/2p3GPa.xy,10.936395,1.29747,1.29747,0,,,,matched,1,C,101.297,0,0.285313,-0.00753476,0,w2:1.29747,2,1.29747,-0.0336527,-0.00460545,0.00159711,-0.00460545,0.0386463,-0.119169,-0.0333984,0.000206139,0,0.0158155,1,0
2.3GPa,Data/Cell_29_integrated/2p3GPa.xy,10.968026,0.00053199,0.00053199,0.0174678,,,,raw,1,C,100.001,0,0.284722,-0.012364,0.00053199,,,0,-0.038005,-0.0104645,-0.00614726,-0.0104645,0.0328714,-0.318346,0.05889,-0.00116936,0.0174678,0.0316309,0,0
2.3GPa,Data/Cell_29_integrated/2p3GPa.xy,10.983841,0.000250391,0.000250391,0.00895942,,,,shoulder,1,C,100,0,0.284458,-0.0122786,0.000250391,,,0,-0.0339141,-0.0101185,-0.00550354,-0.0101185,0.027897,-0.36271,0.0852759,-0.000918972,0.00895942,0.0158155,1,0
2.3GPa,Data/Cell_29_integrated/2p3GPa.xy,11.521567,0.00667997,0.00667997,0.247561,,,,shoulder,1,C,100.007,0,0.246134,-0.0437746,0.00667997,,,0,-0.0501459,0.0131942,-0.0291206,-0.0291206,0.0429638,-0.677793,-0.438516,0.00109967,0.247561,0.110708,1,0
2.3GPa,Data/Cell_29_integrated/2p3GPa.xy,11.584829,0.00110079,0.00110079,0.0169583,,,,raw,1,C,100.001,0,0.250069,-0.0366454,0.00110079,,,0,-0.0127282,0.00894867,-0.00959596,-0.00959596,0.02086,-0.460017,-0.0608698,-0.000482437,0.0169583,0.0474464,1,0
2.3GPa,Data/Cell_29_integrated/2p3GPa.xy,11.648091,0.000957234,0.000957234,0.0163927,,,,raw,1,C,100.001,0,0.256336,-0.0264623,0.000957234,,,0,-0.00391007,-0.00229275,0.00289975,-0.00229275,0.00593029,-0.386618,0.142387,0.000233832,0.0163927,0.0158155,1,0
2.3GPa,Data/Cell_29_integrated/2p3GPa.xy,11.711353,0.000842768,0.000842768,0.0262932,,,,shoulder,1,C,100.001,0,0.262181,-0.0165663,0.000842768,,,0,-0.0175446,-0.0103607,0.00376213,-0.0103607,0.0135589,-0.764127,0.280699,0.000360331,0.0262932,0.0632619,1,0
2.3GPa,Data/Cell_29_integrated/2p3GPa.xy,11.980216,0.00203761,0.00203761,0.0258651,,,,raw,1,C,100.002,0,0.279504,-0.0016394,0.00203761,,,0,-0.0168118,0.00456116,-0.0104918,-0.0104918,0.0134819,-0.778216,-0.152004,0.000300878,0.0258651,0.0316309,1,0
2.3GPa,Data/Cell_29_integrated/2p3GPa.xy,11.996031,0.00115325,0.00115325,0.110828,,,,shoulder,1,C,100.001,0,0.279099,-0.0015363,0.00115325,,,0,-0.013211,0.00671752,-0.00835296,-0.00835296,0.0190892,-0.437575,-0.123692,0.000319265,0.110828,0.0158155,1,0
2.3GPa,Data/Cell_29_integrated/2p3GPa.xy,12.011847,0.262466,0.262466,0,,,,matched,1,C,100.262,0,0.277467,-0.00187722,0,w2:0.262466,2,0.262466,-0.00929502,0.006645,-0.00537085,-0.00537085,0.0134555,-0.399156,-0.0811142,0.000168855,0,0.0474464,1,0
2.3GPa,Data/Cell_29_integrated/2p3GPa.xy,12.043477,0.00165573,0.00165573,0.0307258,,,,raw,1,C,100.002,0,0.280351,-0.00264322,0.00165573,,,0,-0.00309946,0.0018344,-0.000959086,-0.000959086,0.00460276,-0.208372,0.00282937,0.000121273,0.0307258,0.0158155,1,0
2.3GPa,Data/Cell_29_integrated/2p3GPa.xy,12.533757,0.724765,0.724765,0,,,,matched,1,C,100.725,0,0.294848,-0.000495533,0,w3:0.529845;w5:0.724765,5,0.724765,-0.00096329,-0.00059234,-0.000275193,-0.00059234,0.00137526,-0.430711,0.0373546,-0.000431053,0,0.0158155,0,0
2.3GPa,Data/Cell_29_integrated/2p3GPa.xy,12.597019,2.30223e-05,2.30223e-05,0.00842206,,,,raw,1,C,102.254,0,0.295936,-0.00385063,2.30223e-05,,,0,-0.000248338,0.000410256,0.000394376,0.000394376,0.00174949,0.225424,0.0273927,-0.000500427,0.00842206,0.0316309,0,0
2.3GPa,Data/Cell_29_integrated/2p3GPa.xy,12.881697,0.00153334,0.00153334,0.0379075,,,,shoulder,1,C,100.002,0,0.308566,-0.00310492,0.00153334,,,0,-0.00713805,-0.00269068,-0.000363129,-0.00269068,0.00603184,-0.44608,0.121649,0.000275461,0.0379075,0.0790773,1,0
2.3GPa,Data/Cell_29_integrated/2p3GPa.xy,13.166376,0.571553,0.571553,0,,,,matched,1,C,100.572,0,0.315871,-0.00580268,0,w3:0.571553,3,0.571553,-0.00898583,-0.00190108,-0.000609598,-0.00190108,0.00530222,-0.358544,0.0537486,-9.95571e-05,0,0.0158155,0,0
2.3GPa,Data/Cell_29_integrated/2p3GPa.xy,13.198007,0.000637197,0.000637197,0.011637,,,,raw,1,C,100.001,0,0.318751,-0.00472909,0.000637197,,,0,-0.00936955,-0.00330981,0.00149544,-0.00330981,0.00963785,-0.343418,0.127119,0.000174642,0.011637,0.0158155,1,0
2.3GPa,Data/Cell_29_integrated/2p3GPa.xy,13.451054,0.00316343,0.00316343,0.0766845,,,,raw,1,C,100.003,0,0.333158,0.000498068,0.00316343,,,0,-0.0063784,0.00150154,-0.00460078,-0.00460078,0.00459336,-1.00162,-0.0765516,-0.000165865,0.0766845,0.0316309,1,0
2.3GPa,Data/Cell_29_integrated/2p3GPa.xy,13.514316,0.383301,0.383301,0,,,,matched,1,C,101.132,0,0.332409,-0.00152131,0,w3:0.383301,3,0.383301,-0.00280548,0.00290986,0.000411351,0.000411351,0.00549376,0.074876,-0.0475036,0.000279227,0,0.0158155,0,0
2.3GPa,Data/Cell_29_integrated/2p3GPa.xy,13.577578,0.000207654,0.000207654,0.029392,,,,shoulder,1,C,100,0,0.327882,-0.00685773,0.000207654,,,0,-0.00392737,-0.0032119,-0.00281713,-0.0032119,0.000834325,-3.84969,0.00357142,-0.000416764,0.029392,0.0316309,1,0
2.3GPa,Data/Cell_29_integrated/2p3GPa.xy,13.609209,0.000723932,0.000723932,0.010712,,,,raw,1,C,100.001,0,0.329638,-0.00725787,0.000723932,,,0,-0.00335738,-0.000659524,-0.00315992,-0.00315992,0.00105723,-2.98888,0.00422564,-0.000666932,0.010712,0.0632619,0,0
2.3GPa,Data/Cell_29_integrated/2p3GPa.xy,13.751548,0.00183041,0.00183041,0.0271427,,,,raw,1,C,100.002,0,0.333503,-0.00513533,0.00183041,,,0,-0.0049203,-0.00388005,0.000974513,-0.00388005,0.00312369,-1.24214,0.0577235,-4.2355e-05,0.0271427,0.0158155,1,0
2.3GPa,Data/Cell_29_integrated/2p3GPa.xy,13.972964,0.0017426,0.0017426,0.0229078,,,,raw,1,C,100.002,0,0.339484,-0.00311988,0.0017426,,,0,-0.00529717,-0.000807067,-0.000156741,-0.000807067,0.00623516,-0.129438,0.00471766,0.000302226,0.0229078,0.0158155,0,0
2.3GPa,Data/Cell_29_integrated/2p3GPa.xy,14.052042,0.000412212,0.000412212,0.00840698,,,,raw;shoulder,2,C,200,0,0.341049,-0.00318434,0.000412212,,,0,-0.00360973,-0.000106869,-0.00128389,-0.00128389,0.00357328,-0.359302,0.0439333,-0.000148464,0.00840698,0.0790773,1,0
2.3GPa,Data/Cell_29_integrated/2p3GPa.xy,14.415797,0.227596,0.227596,0,,,,matched,1,C,100.228,0,0.34876,-0.00634712,0,w2:0.227596,2,0.227596,-0.00345736,0.000955388,-0.00181941,-0.00181941,0.00331095,-0.549514,-2.59594e-05,9.61017e-06,0,0.0474464,1,0
2.3GPa,Data/Cell_29_integrated/2p3GPa.xy,14.431613,0.00115359,0.00115359,0.0808566,,,,shoulder,1,C,100.001,0,0.349367,-0.00532854,0.00115359,,,0,-0.00217767,0.00177406,-0.000252917,-0.000252917,0.00444411,-0.0569107,0.00740513,0.000451543,0.0808566,0.0158155,1,0
2.3GPa,Data/Cell_29_integrated/2p3GPa.xy,14.494875,0.000133115,0.000133115,0.00985867,,,,raw,1,C,100,0,0.350252,-0.00360439,0.000133115,,,0,-0.00105177,-0.000150145,0.000285735,-0.000150145,0.00234437,-0.0640448,0.0269133,-0.000170072,0.00985867,0.0316309,1,0
2.3GPa,Data/Cell_29_integrated/2p3GPa.xy,14.684660,0.0389217,0.00185571,0.0278047,,,,raw,1,C,100.002,0,0.354033,0.0373951,0.00185571,,,0,-0.00291177,-0.000420384,-0.00066216,-0.00066216,0.00267895,-0.247172,0.0144177,6.49145e-05,0.0278047,0.0474464,0,0
2.3GPa,Data/Cell_29_integrated/2p3GPa.xy,14.700476,0.0314437,0.00132285,0.0603958,,,,shoulder,1,C,100.001,0,0.353765,0.0314437,0.00132285,,,0,-0.00276038,0.000281413,-0.000691685,-0.000691685,0.0027818,-0.248646,0.0170109,0.000305961,0.0603958,0.0158155,1,0
2.3GPa,Data/Cell_29_integrated/2p3GPa.xy,14.747922,0.0139035,0.00027232,0.00906662,,,,raw,1,C,100,0,0.355101,0.0129568,0.00027232,,,0,-0.00562098,-0.0024726,0.000325397,-0.0024726,0.0050378,-0.49081,0.0667052,-0.000282689,0.00906662,0.0158155,1,0
2.3GPa,Data/Cell_29_integrated/2p3GPa.xy,14.763738,0.00776345,0.000456393,0.0636305,,,,shoulder,1,C,100,0,0.354828,0.00776345,0.000456393,,,0,-0.00758342,-0.00434515,0.00263304,-0.00434515,0.0112726,-0.385461,0.10753,5.85542e-05,0.0636305,0.0632619,1,0
2.3GPa,Data/Cell_29_integrated/2p3GPa.xy,14.811184,8.16171e-06,8.16171e-06,0.00841629,,,,shoulder,1,C,100,0,0.357959,-0.00764754,8.16171e-06,,,0,-0.0157304,-0.00887301,0.00291015,-0.00887301,0.0122515,-0.724239,0.2105,-0.000124642,0.00841629,0.0474464,1,0
2.3GPa,Data/Cell_29_integrated/2p3GPa.xy,15.080047,1.84716,1.84716,0,,,,matched,1,C,101.847,0,0.380556,-0.0689048,0,w2:1.84716,2,1.84716,-0.0025583,0.00696349,-0.000888066,-0.000888066,0.00823399,-0.107854,-0.164071,0.00124501,0,0.0158155,1,0
2.3GPa,Data/Cell_29_integrated/2p3GPa.xy,15.143309,0.00018619,0.00018619,0.0261359,,,,shoulder,1,C,100,0,0.371812,-0.0931465,0.00018619,,,0,-0.00142511,-0.00039028,0.0012212,-0.00039028,0.00363884,-0.107254,-0.0794022,0.00016182,0.0261359,0.0316309,1,0
2.3GPa,Data/Cell_29_integrated/2p3GPa.xy,15.617773,0.00209178,0.00209178,0.0123164,,,,shoulder,1,C,100.002,0,0.367659,-0.149048,0.00209178,,,0,-0.633005,-0.369573,0.122906,-0.369573,0.500768,-0.738013,6.36961,0.00099059,0.0123164,0.0158155,1,0
2.3GPa,Data/Cell_29_integrated/2p3GPa.xy,15.870820,0.000724718,0.000724718,0.0106087,,,,shoulder,1,C,100.001,0,0.344962,-0.150265,0.000724718,,,0,-0.599402,0.141118,-0.36929,-0.36929,0.453811,-0.813754,-6.54058,6.76632e-05,0.0106087,0.0474464,1,0
2.3GPa,Data/Cell_29_integrated/2p3GPa.xy,15.918267,0.0019209,0.0019209,0.0759649,,,,shoulder,1,C,100.002,0,0.334772,-0.153688,0.0019209,,,0,-0.217974,0.174754,-0.155402,-0.155402,0.319664,-0.486143,-2.81793,0.000165692,0.0759649,0.0632619,1,0
2.3GPa,Data/Cell_29_integrated/2p3GPa.xy,16.123868,0.000118949,0.000118949,0.0276019,,,,shoulder,1,C,102.114,0,0.312515,-0.130331,0.000118949,,,0,-2.57583e-05,0.00106293,0.000477725,0.000477725,0.00225957,0.211423,-0.0823198,-6.81779e-05,0.0276019,0.0158155,1,0
2.3GPa,Data/Cell_29_integrated/2p3GPa.xy,16.376915,9.0186e-05,9.0186e-05,0.0153877,,,,shoulder,1,C,100,0,0.28281,-0.0896821,9.0186e-05,,,0,-0.0032036,-0.00104527,-0.00213105,-0.00213105,0.00161645,-1.31835,-0.123521,-0.000354093,0.0153877,0.0632619,1,0
2.3GPa,Data/Cell_29_integrated/2p3GPa.xy,16.408546,3.21242e-06,3.21242e-06,0.00792655,,,,raw,1,C,100,0,0.281042,-0.0810559,3.21242e-06,,,0,-0.000761542,0.00145031,-0.000690437,-0.000690437,0.00219963,-0.313888,-0.116065,-0.000198553,0.00792655,0.0316309,1,0
2.3GPa,Data/Cell_29_integrated/2p3GPa.xy,16.566701,0.00176295,0.00176295,0.031622,,,,raw,1,C,100.002,0,0.266476,-0.0381835,0.00176295,,,0,-0.00104684,0.00149802,-0.000873457,-0.000873457,0.00179842,-0.48568,-0.0909342,0.000164601,0.031622,0.0158155,1,0
2.3GPa,Data/Cell_29_integrated/2p3GPa.xy,16.724855,0.0159427,0.000752257,0.032874,,,,shoulder,1,C,100.001,0,0.252137,0.0159427,0.000752257,,,0,-0.00279848,-0.00132426,-0.000489258,-0.00132426,0.00220386,-0.600884,-0.0733947,9.67088e-05,0.032874,0.0790773,1,0
2.3GPa,Data/Cell_29_integrated/2p3GPa.xy,16.898826,5.46009,5.46009,0,,,,matched,1,C,105.772,0,0.235663,0.0759406,0,w2:5.46009,2,5.46009,-0.00113496,8.50728e-05,0.000206762,8.50728e-05,0.00272998,0.0311624,-0.112244,-0.000701121,0,0.0158155,0,0
2.3GPa,Data/Cell_29_integrated/2p3GPa.xy,16.993718,0.00234821,0.00234821,0.0148826,,,,raw,1,C,100.002,0,0.227315,-0.00703583,0.00234821,,,0,-0.00681001,-0.00392449,-0.000158435,-0.00392449,0.00432628,-0.907127,-0.0630164,-0.000385853,0.0148826,0.0632619,0,0
2.3GPa,Data/Cell_29_integrated/2p3GPa.xy,17.009534,0.000720611,0.000720611,0.0366172,,,,shoulder,1,C,100.001,0,0.224653,-0.00750509,0.000720611,,,0,-0.00783834,-0.00408063,0.000366991,-0.00408063,0.00742648,-0.549471,-0.0350723,6.22319e-05,0.0366172,0.0158155,1,0
2.3GPa,Data/Cell_29_integrated/2p3GPa.xy,17.056980,0.26275,0.26275,0.0190395,,,,matched;raw,2,C,200.264,0,0.222454,-0.00664039,0.000778945,w2:0.26275,2,0.26275,-0.0107327,-0.00465563,-0.00117186,-0.00465563,0.0082132,-0.566847,0.0202691,-0.000571044,0.0190395,0.0316309,0,0
2.3GPa,Data/Cell_29_integrated/2p3GPa.xy,17.072796,0.000479099,0.000479099,0.017244,,,,shoulder,1,C,100,0,0.222003,-0.0049763,0.000479099,,,0,-0.00973995,-0.00344132,-0.00125062,-0.00344132,0.00827955,-0.415641,0.0203023,-9.19452e-05,0.017244,0.0158155,1,0
2.3GPa,Data/Cell_29_integrated/2p3GPa.xy,17.310028,0.0025225,0.0025225,0.0857881,,,,shoulder,1,C,100.003,0,0.203299,5.92221e-05,0.0025225,,,0,-0.0168228,-0.00492485,0.00130196,-0.00492485,0.0190416,-0.258636,-0.0865907,0.00029224,0.0857881,0.0158155,1,0
2.3GPa,Data/Cell_29_integrated/2p3GPa.xy,17.325843,0.611246,0.611246,0,,,,matched,1,C,100.611,0,0.201248,-0.000443282,0,w2:0.611246,2,0.611246,-0.0196269,-0.00444302,0.00188082,-0.00444302,0.024028,-0.18491,-0.0461993,0.000202269,0,0.126524,1,0
2.3GPa,Data/Cell_29_integrated/2p3GPa.xy,17.610522,0.00176906,0.00176906,0.063631,,,,shoulder,1,C,100.002,0,0.176672,-0.000798195,0.00176906,,,0,-0.0111805,0.00309973,-0.00576519,-0.00576519,0.00981776,-0.58722,-0.275047,0.000547363,0.063631,0.0158155,1,0
2.3GPa,Data/Cell_29_integrated/2p3GPa.xy,17.626337,0.228709,0.228709,0,,,,matched,1,C,100.229,0,0.172654,-0.00225393,0,w2:0.228709,2,0.228709,-0.0099492,0.0038715,-0.00553644,-0.00553644,0.0144895,-0.3821,-0.257006,0.000283217,0,0.142339,1,0
2.3GPa,Data/Cell_29_integrated/2p3GPa.xy,17.689599,0.000106913,0.000106913,0.00834685,,,,raw,1,C,100,0,0.163845,-0.00730907,0.000106913,,,0,-0.00318356,-0.00130125,-1.77044e-05,-0.00130125,0.00250827,-0.518784,-0.132821,8.04443e-05,0.00834685,0.0158155,0,0
2.3GPa,Data/Cell_29_integrated/2p3GPa.xy,17.705414,0.000849692,0.000849692,0.045733,,,,shoulder,1,C,100.001,0,0.16192,-0.00809187,0.000849692,,,0,-0.00269813,-0.000766042,-0.000403289,-0.000766042,0.00159296,-0.480893,-0.123573,0.000297916,0.045733,0.0790773,1,0
2.3GPa,Data/Cell_29_integrated/2p3GPa.xy,17.974277,0.34316,0.34316,0,,,,matched,1,C,101.723,0,0.138292,-0.013338,0,w2:0.34316,2,0.34316,-0.000472809,0.00196794,0.000273639,0.000273639,0.00198313,0.137983,-0.0622556,0.00052842,0,0.0158155,0,0
2.3GPa,Data/Cell_29_integrated/2p3GPa.xy,17.990093,0.355671,0.355671,0,,,,matched,1,C,100.356,0,0.135195,-0.0138922,0,w3:0.355671,3,0.355671,-0.000715816,0.000841675,-0.000353004,-0.000353004,0.00160953,-0.219321,-0.0548804,0.000145905,0,0.0158155,1,0
2.3GPa,Data/Cell_29_integrated/2p3GPa.xy,18.021724,0.240178,0.240178,0,,,,matched,1,C,100.24,0,0.133407,-0.0153125,0,w5:0.240178,5,0.240178,-0.00186576,-0.00098444,-0.000968795,-0.00098444,0.00100061,-0.98384,-0.0418606,-0.000795013,0,0.0316309,0,0
2.3GPa,Data/Cell_29_integrated/2p3GPa.xy,18.148247,0.00014583,0.00014583,0.013212,,,,raw,1,C,100,0,0.129286,-0.0143395,0.00014583,,,0,-0.0030145,-0.00202052,-0.00115017,-0.00202052,0.00197589,-1.02258,-0.00812451,-0.000477356,0.013212,0.0316309,0,0
2.3GPa,Data/Cell_29_integrated/2p3GPa.xy,18.195694,0.00242394,0.00242394,0.0359959,,,,raw,1,C,100.12,0,0.131492,-0.0112161,0.00242394,,,0,-0.0020169,4.01323e-05,0.000578398,4.01323e-05,0.003405,0.0117863,0.0134512,0.000538175,0.0359959,0.0158155,0,0
2.3GPa,Data/Cell_29_integrated/2p3GPa.xy,18.274771,0.000826289,0.000826289,0.00929562,,,,raw;shoulder,2,C,200.001,0,0.133658,-0.00636348,0.000826289,,,0,-0.00151355,0.000410064,-0.000687754,-0.000687754,0.00130952,-0.525194,0.0403051,0.000405416,0.00929562,0.0790773,1,0
2.3GPa,Data/Cell_29_integrated/2p3GPa.xy,18.670158,0.00655189,0.00114068,0.0125751,,,,raw;shoulder,2,C,200.001,0,0.133897,0.00537191,0.00114068,,,0,-0.00141631,-0.000839821,3.08793e-05,-0.000839821,0.000755499,-1.11161,-0.0184269,0.000320244,0.0125751,0.0790773,1,0
2.3GPa,Data/Cell_29_integrated/2p3GPa.xy,18.749235,0.00739031,0.00316718,0.0332988,,,,raw,1,C,100.003,0,0.133653,0.00612239,0.00316718,,,0,-0.000182047,0.000875474,-4.35975e-05,-4.35975e-05,0.000739588,-0.0589483,-0.0090957,0.000330691,0.0332988,0.0158155,1,0
2.3GPa,Data/Cell_29_integrated/2p3GPa.xy,18.796682,0.00873735,0.00187649,0.0185426,,,,raw,1,C,100.938,0,0.133484,0.00756796,0.00187649,,,0,-0.000146969,0.000173715,0.0010598,0.000173715,0.00185635,0.0935786,0.00461789,-2.03338e-05,0.0185426,0.0158155,0,0
2.3GPa,Data/Cell_29_integrated/2p3GPa.xy,18.812497,0.0079882,0.000282173,0.0239754,,,,shoulder,1,C,100,0,0.132089,0.0079882,0.000282173,,,0,-0.000334201,-0.000128712,0.000960234,-0.000128712,0.00149425,-0.086138,0.00576311,0.00026184,0.0239754,0.0158155,1,0
2.3GPa,Data/Cell_29_integrated/2p3GPa.xy,18.859943,0.00883354,0.000720419,0.0142616,,,,raw,1,C,100.001,0,0.131383,0.00835914,0.000720419,,,0,-0.00157077,-0.000899627,-2.03611e-05,-0.000899627,0.00124587,-0.722085,0.00300244,-0.000491636,0.0142616,0.0632619,0,0
2.3GPa,Data/Cell_29_integrated/2p3GPa.xy,19.239515,0.000731528,0.000731528,0.0104737,,,,raw,1,C,100.001,0,0.103245,-0.00209274,0.000731528,,,0,-0.00124795,-0.0010459,0.000984823,-0.0010459,0.0016329,-0.640516,-0.181392,-0.000332228,0.0104737,0.0316309,1,0
2.3GPa,Data/Cell_29_integrated/2p3GPa.xy,19.271146,0.00203144,0.00203144,0.0410643,,,,shoulder,1,C,100.002,0,0.0983279,-0.00547627,0.00203144,,,0,-0.00153268,-0.00060741,0.00211838,-0.00060741,0.00181713,-0.334269,-0.170987,0.000975377,0.0410643,0.0948928,1,0
2.3GPa,Data/Cell_29_integrated/2p3GPa.xy,19.366038,0.332325,0.332325,0.0579486,,,,matched;shoulder,2,C,200.867,0,0.0821879,-0.0150174,0.00142298,w2:0.332325,2,0.332325,-0.00443901,0.000364324,0.000297563,0.000297563,0.00557909,0.0533354,-0.10231,0.000487301,0.0579486,0.158155,1,0
2.3GPa,Data/Cell_29_integrated/2p3GPa.xy,19.460931,0.000103701,0.000103701,0.00894284,,,,raw,1,C,100,0,0.0747199,-0.0178738,0.000103701,,,0,-0.00657528,-0.00264536,-0.00559477,-0.00559477,0.00198333,-2.82089,-0.0201162,-0.000935674,0.00894284,0.0474464,0,0
2.3GPa,Data/Cell_29_integrated/2p3GPa.xy,19.508378,0.00142276,0.00142276,0.0440641,,,,shoulder,1,C,100.001,0,0.0786301,-0.0113979,0.00142276,,,0,-0.000114527,0.00328936,-0.000266973,-0.000266973,0.00260683,-0.102413,-0.00660102,0.000767684,0.0440641,0.0158155,1,0
2.3GPa,Data/Cell_29_integrated/2p3GPa.xy,19.729794,2.73056e-05,2.73056e-05,0.0116768,,,,raw,1,C,100,0,0.0726248,-0.00684065,2.73056e-05,,,0,-0.00177225,-0.00124898,-0.000814023,-0.00124898,0.00113846,-1.09707,-0.0365772,-0.000492401,0.0116768,0.0158155,0,0
2.3GPa,Data/Cell_29_integrated/2p3GPa.xy,19.761425,0.00139568,0.00139568,0.0143582,,,,raw;shoulder,2,C,203.642,0,0.0726412,-0.00549382,0.00139568,,,0,-0.00079967,0.000264771,0.000291809,0.000264771,0.000727338,0.364027,-0.0307515,0.000634876,0.0143582,0.0158155,1,0
2.3GPa,Data/Cell_29_integrated/2p3GPa.xy,19.903764,2.10815e-05,2.10815e-05,0.00805773,,,,raw,1,C,100,0,0.0702473,-0.00327329,2.10815e-05,,,0,-0.00274343,-0.00154335,-0.00239096,-0.00239096,0.00120403,-1.9858,0.00981806,-0.000723872,0.00805773,0.0632619,0,0
2.3GPa,Data/Cell_29_integrated/2p3GPa.xy,20.251704,0.00420522,0.000332251,0.0256106,,,,raw,1,C,100,0,0.0706759,0.00397986,0.000332251,,,0,-0.0011318,-9.66302e-05,-0.000149571,-0.000149571,0.00143517,-0.104218,-0.0168057,-5.51629e-05,0.0256106,0.0158155,0,0
2.3GPa,Data/Cell_29_integrated/2p3GPa.xy,20.267520,0.00398034,0.000673874,0.03585,,,,shoulder,1,C,101.368,0,0.0705859,0.00398034,0.000673874,,,0,-0.000776766,0.000254934,0.000187527,0.000187527,0.00137107,0.136774,-0.0160856,0.00023452,0.03585,0.0790773,1,0
2.3GPa,Data/Cell_29_integrated/2p3GPa.xy,20.457306,0.00154645,0.00154645,0.0168558,,,,raw,1,C,100.002,0,0.0669333,-0.0001198,0.00154645,,,0,-0.00124894,-0.000474676,-0.000197803,-0.000474676,0.00160093,-0.296499,-0.0234533,-0.000381122,0.0168558,0.0316309,0,0
2.3GPa,Data/Cell_29_integrated/2p3GPa.xy,20.647091,0.000320941,0.000320941,0.0124134,,,,raw,1,C,100,0,0.0577735,-0.00590544,0.000320941,,,0,-0.00794362,-0.00710967,-0.0021168,-0.00710967,0.00210152,-3.3831,0.00470861,-0.00143733,0.0124134,0.0316309,0,0
2.3GPa,Data/Cell_29_integrated/2p3GPa.xy,20.678722,0.000808834,0.000808834,0.0303203,,,,shoulder,1,C,100.001,0,0.0573139,-0.00458581,0.000808834,,,0,-0.00681205,-0.00358423,-0.00293706,-0.00358423,0.00325113,-1.10246,0.00244951,-0.000409297,0.0303203,0.0790773,1,0
2.3GPa,Data/Cell_29_integrated/2p3GPa.xy,20.884323,0.000193348,0.000193348,0.00924212,,,,raw,1,C,100,0,0.0570595,-0.000748394,0.000193348,,,0,-0.0032096,-7.88262e-05,-0.000426566,-0.000426566,0.00456954,-0.0933498,-0.0465945,-0.000101375,0.00924212,0.0316309,0,0
2.3GPa,Data/Cell_29_integrated/2p3GPa.xy,20.915954,0.24487,0.24487,0.011236,,,,matched;raw;shoulder,3,C,300.49,0,0.0570759,-0.000858392,0.00119991,w2:0.24487,2,0.24487,-0.00311621,0.0004417,9.23059e-05,9.23059e-05,0.00378507,0.0243868,-0.0425578,0.000373765,0.011236,0.110708,1,0
2.3GPa,Data/Cell_29_integrated/2p3GPa.xy,20.947585,0.000557188,0.000557188,0.00976553,,,,raw,1,C,100.001,0,0.0548718,-0.00242811,0.000557188,,,0,-0.00383378,-0.0013059,-0.00322215,-0.00322215,0.00223569,-1.44123,-0.0280423,-0.000466885,0.00976553,0.0316309,0,0
2.3GPa,Data/Cell_29_integrated/2p3GPa.xy,21.121555,0.418117,0.418117,0,,,,matched,1,C,100.418,0,0.0521397,-0.000706294,0,w8:0.418117,8,0.418117,-0.000860525,-0.00100616,-6.32523e-05,-0.00100616,0.000978904,-1.02784,-0.0246568,-0.000545222,0,0.0316309,0,0
2.3GPa,Data/Cell_29_integrated/2p3GPa.xy,21.169001,0.00337532,0.00337532,0.0304889,,,,raw,1,C,100.003,0,0.0521977,-0.000286077,0.00337532,,,0,-0.000390701,0.000425106,-0.000521836,-0.000521836,0.000634439,-0.822514,-0.0395504,0.000149293,0.0304889,0.0158155,1,0
2.3GPa,Data/Cell_29_integrated/2p3GPa.xy,21.295525,0.000421152,0.00034828,0.0126474,,,,raw,1,C,100,0,0.0484252,-0.00162796,0.00034828,,,0,-0.000428058,-0.000672406,0.00184482,-0.000672406,0.000974727,-0.68984,-0.0248827,0.000461553,0.0126474,0.0158155,1,0
2.3GPa,Data/Cell_29_integrated/2p3GPa.xy,21.358787,0.00154269,0.00154269,0.0365863,,,,shoulder,1,C,100.002,0,0.044492,-0.00333829,0.00154269,,,0,-0.00245604,-0.00100092,-0.000770754,-0.00100092,0.0011276,-0.88765,-0.0253135,0.000452955,0.0365863,0.0158155,1,0
2.3GPa,Data/Cell_29_integrated/2p3GPa.xy,21.485311,0.465371,0.465371,0,,,,matched,1,C,100.465,0,0.0393012,-0.00252147,0,w5:0.465371,5,0.465371,-0.000739125,-0.000226372,0.000242037,-0.000226372,0.00121471,-0.186358,-0.0144919,-0.00129074,0,0.0158155,1,0
2.3GPa,Data/Cell_29_integrated/2p3GPa.xy,21.501126,0.316705,0.316705,0.0103096,,,,matched;raw,2,C,200.317,0,0.0409209,-0.00322864,0.000491969,w8:0.316705,8,0.316705,-0.00162583,-0.0006294,-0.0012339,-0.0012339,0.00134898,-0.914689,-0.0198187,-0.00166036,0.0103096,0.0316309,0,0
2.3GPa,Data/Cell_29_integrated/2p3GPa.xy,21.722543,0.000881936,0.000881936,0.0356491,,,,shoulder,1,C,100.303,0,0.0364746,-0.000388092,0.000881936,,,0,8.22693e-05,0.00139565,3.50532e-05,3.50532e-05,0.00115952,0.0302308,-0.0180792,0.000608561,0.0356491,0.0158155,1,0
2.3GPa,Data/Cell_29_integrated/2p3GPa.xy,22.260269,0.00275749,0.00275749,0.0246949,,,,raw,1,C,100.003,0,0.0243242,-0.00146934,0.00275749,,,0,-0.00217741,-0.000292574,0.000629357,-0.000292574,0.00321949,-0.0908758,-0.0249824,0.000601577,0.0246949,0.0158155,1,0
2.3GPa,Data/Cell_29_integrated/2p3GPa.xy,22.450054,0.000450408,0.000450408,0.0101193,,,,raw,1,C,100,0,0.0105689,-0.00779182,0.000450408,,,0,-0.0111966,-0.00864428,-0.00681967,-0.00864428,0.00367097,-2.35477,-0.0222055,-0.00282543,0.0101193,0.0316309,0,0
2.3GPa,Data/Cell_29_integrated/2p3GPa.xy,22.481685,0.00119022,0.00119022,0.0227463,,,,shoulder,1,C,100.001,0,0.0115762,-0.00329538,0.00119022,,,0,-0.00549485,0.000104153,-0.00236665,-0.00236665,0.00307073,-0.77071,-0.0351105,0.000613775,0.0227463,0.0158155,1,0
2.3GPa,Data/Cell_29_integrated/2p3GPa.xy,22.497501,0.00335002,0.00335002,0.0130722,,,,raw,1,C,100.003,0,0.0167057,-0.00210893,0.00335002,,,0,-0.00306873,0.00223987,-0.00111941,-0.00111941,0.00593741,-0.188534,-0.0390581,1.76504e-05,0.0130722,0.0632619,1,0
2.3GPa,Data/Cell_29_integrated/2p3GPa.xy,22.655655,0.000511724,0.000511724,0.0337237,,,,shoulder,1,C,100.001,0,0.00592722,-0.00748166,0.000511724,,,0,-0.00725394,-0.00276066,-0.000912911,-0.00276066,0.00621275,-0.444353,-0.0417974,-0.000877177,0.0337237,0.0158155,1,0
2.3GPa,Data/Cell_29_integrated/2p3GPa.xy,22.671471,0.00188536,0.00188536,0.0231107,,,,raw,1,C,100.002,0,0.00690787,-0.00720163,0.00188536,,,0,-0.00699396,-0.00172065,-0.00283329,-0.00283329,0.00637612,-0.444359,-0.0471986,-0.000966106,0.0231107,0.0632619,0,0
2.3GPa,Data/Cell_29_integrated/2p3GPa.xy,22.971965,0.00439735,0.00133168,0.0238603,,,,raw,1,C,100.001,0,0.00512746,-0.00207741,0.00133168,,,0,-0.000307741,-0.00302867,0.0117293,-0.00302867,0.0123676,-0.244888,-0.0972541,0.00172487,0.0238603,0.0158155,1,0
2.3GPa,Data/Cell_29_integrated/2p3GPa.xy,23.035226,0.0031284,0.0031284,0.0137143,,,,raw,1,C,100.003,0,-0.0210546,-0.0205598,0.0031284,,,0,-0.0208093,-0.0123956,-0.0162462,-0.0162462,0.00615597,-2.6391,-0.107811,-0.00263154,0.0137143,0.0316309,0,0
2.3GPa,Data/Cell_29_integrated/2p3GPa.xy,23.051042,0.000261937,0.000261937,0.00899317,,,,shoulder,1,C,100,0,-0.024183,-0.0174577,0.000261937,,,0,-0.0153009,-0.00232949,-0.0122849,-0.0122849,0.00617151,-1.99058,-0.0984478,-0.000723245,0.00899317,0.0158155,1,0
2.3GPa,Data/Cell_29_integrated/2p3GPa.xy,23.066857,0.00483673,0.00483673,0.0107101,,,,raw,1,C,100.005,0,-0.0105345,-0.0134768,0.00483673,,,0,-0.00862229,0.00503319,-0.00611127,-0.00611127,0.00747013,-0.818094,-0.0819956,-0.000985181,0.0107101,0.0474464,1,0
2.3GPa,Data/Cell_29_integrated/2p3GPa.xy,23.383167,0.0202442,0.0202442,0.0580925,,,,raw,1,C,100.119,0,-0.00376629,0.00717789,0.0202442,,,0,-0.00390763,0.000124779,0.0116651,0.000124779,0.0125763,0.00992178,0.0482973,0.00344639,0.0580925,0.0158155,0,0
2.3GPa,Data/Cell_29_integrated/2p3GPa.xy,23.683661,0.00203771,0.00203771,0.0238467,,,,raw,1,C,100.002,0,-0.037856,-0.00558582,0.00203771,,,0,-0.00137966,0.0147663,-0.0005497,-0.0005497,0.0268587,-0.0204664,-0.296889,-0.00337057,0.0238467,0.0316309,1,0
2.4GPa_decomp,Data/Cell_29_integrated/decomp-2p4GPa.xy,2.032287,0.000799801,0.000799801,0.0293324,,,,shoulder,1,C,100.001,0,-0.457482,-0.112068,0.000799801,,,0,-0.00723811,0.00640578,-0.00577142,-0.00577142,0.00120068,-4.80679,0.93563,0.00120432,0.0293324,0.0790773,1,0
2.4GPa_decomp,Data/Cell_29_integrated/decomp-2p4GPa.xy,2.190442,0.00258617,0.00258617,0.0317717,,,,shoulder,1,C,100.003,0,-0.303394,-0.0351836,0.00258617,,,0,-0.00710193,-0.00789023,0.00631588,-0.00789023,0.00354029,-2.2287,1.03134,0.00180589,0.0317717,0.0474464,1,0
2.4GPa_decomp,Data/Cell_29_integrated/decomp-2p4GPa.xy,2.427674,0.0756963,0.00283908,0.0799317,,,,shoulder,1,C,100.626,0,-0.0903099,0.0756963,0.00283908,,,0,0.00583199,0.000621483,0.0092518,0.000621483,0.00997452,0.062307,0.632078,0.000938776,0.0799317,0.0790773,1,0
2.4GPa_decomp,Data/Cell_29_integrated/decomp-2p4GPa.xy,2.902138,0.00667507,0.00667507,0.0588041,,,,raw,1,C,100.007,0,-0.0118904,-0.00849673,0.00667507,,,0,-0.00546029,0.00174753,-0.00458507,-0.00458507,0.00512375,-0.894866,0.00264065,0.000489588,0.0588041,0.0158155,1,0
2.4GPa_decomp,Data/Cell_29_integrated/decomp-2p4GPa.xy,3.091924,0.00144637,0.00144637,0.0680865,,,,shoulder,1,C,100.001,0,-0.0109509,-0.0490078,0.00144637,,,0,-0.00145017,-0.00105845,0.00377575,-0.00105845,0.0058377,-0.181313,0.0247448,0.000622452,0.0680865,0.0158155,1,0
2.4GPa_decomp,Data/Cell_29_integrated/decomp-2p4GPa.xy,3.123555,0.00466776,0.00466776,0.0268642,,,,raw,1,C,100.005,0,-0.00628318,-0.058862,0.00466776,,,0,-0.00587893,-0.00394905,-0.00170391,-0.00394905,0.00159178,-2.48091,0.00992392,-0.00082892,0.0268642,0.0158155,0,0
2.4GPa_decomp,Data/Cell_29_integrated/decomp-2p4GPa.xy,3.265894,0.000171971,0.000171971,0.00993576,,,,shoulder,1,C,100,0,-0.00973729,-0.0775886,0.000171971,,,0,-0.0267384,-0.0233499,-0.011326,-0.0233499,0.00759449,-3.07458,0.244702,-0.00252599,0.00993576,0.0632619,1,0
2.4GPa_decomp,Data/Cell_29_integrated/decomp-2p4GPa.xy,3.930143,0.0091562,0.00497489,0.0149847,,,,raw,1,C,100.005,0,0.124727,0.00474355,0.00497489,,,0,-0.0352869,-0.028312,-6.09987e-05,-0.028312,0.0155001,-1.82656,0.158456,-0.00103035,0.0149847,0.0790773,0,0
2.4GPa_decomp,Data/Cell_29_integrated/decomp-2p4GPa.xy,3.945959,0.00389054,0.00371581,0.05323,,,,shoulder,1,C,100.004,0,0.119168,0.00389054,0.00371581,,,0,-0.0410948,-0.0205851,-0.00313029,-0.0205851,0.0279674,-0.736039,0.222479,-0.000661979,0.05323,0.0158155,1,0
2.4GPa_decomp,Data/Cell_29_integrated/decomp-2p4GPa.xy,3.993405,0.0107488,0.000472203,0.0252466,,,,shoulder,1,C,100,0,0.131484,0.0107488,0.000472203,,,0,-0.039777,-0.00833514,-0.0163684,-0.0163684,0.0330328,-0.495519,0.326232,-0.00257236,0.0252466,0.0474464,1,0
2.4GPa_decomp,Data/Cell_29_integrated/decomp-2p4GPa.xy,4.199006,0.00974867,0.000950521,0.0301258,,,,shoulder,1,C,100.001,0,0.142844,0.00974867,0.000950521,,,0,-0.00363849,-0.0049816,0.00759761,-0.0049816,0.0171484,-0.290499,-0.550921,-0.000736821,0.0301258,0.0790773,1,0
2.4GPa_decomp,Data/Cell_29_integrated/decomp-2p4GPa.xy,4.372976,0.00197461,0.00197461,0.0270512,,,,shoulder,1,C,100.002,0,0.0628178,-0.0758987,0.00197461,,,0,-0.0335755,-0.014683,-0.021677,-0.021677,0.0112636,-1.92453,-0.0185957,-0.00151601,0.0270512,0.0790773,1,0
2.4GPa_decomp,Data/Cell_29_integrated/decomp-2p4GPa.xy,4.720917,0.00336318,0.00336318,0.0553617,,,,shoulder,1,C,102.979,0,0.142405,-0.00260791,0.00336318,,,0,-0.00021146,0.00385113,0.0016233,0.0016233,0.005455,0.29758,0.125743,0.00170181,0.0553617,0.0158155,1,0
2.4GPa_decomp,Data/Cell_29_integrated/decomp-2p4GPa.xy,4.973964,0.0117372,0.00197221,0.0284997,,,,raw,1,C,101.165,0,0.170013,0.0103948,0.00197221,,,0,0.000730138,0.000257997,0.00224672,0.000257997,0.00221843,0.116297,0.068226,-0.00063323,0.0284997,0.0316309,0,0
2.4GPa_decomp,Data/Cell_29_integrated/decomp-2p4GPa.xy,5.005595,0.00786089,5.79271e-05,0.0133155,,,,shoulder,1,C,100,0,0.167717,0.00786089,5.79271e-05,,,0,-0.00362936,-0.00255984,0.000669575,-0.00255984,0.00350026,-0.731329,0.0748713,-0.000599215,0.0133155,0.0316309,1,0
2.4GPa_decomp,Data/Cell_29_integrated/decomp-2p4GPa.xy,5.053041,0.00755782,0.00143715,0.0397895,,,,shoulder,1,C,100.001,0,0.173204,0.00755782,0.00143715,,,0,-0.00475906,-0.000871337,0.000979902,-0.000871337,0.00586067,-0.148675,0.0946767,0.000753229,0.0397895,0.0158155,1,0
2.4GPa_decomp,Data/Cell_29_integrated/decomp-2p4GPa.xy,5.100488,0.00556715,7.86688e-05,0.00814135,,,,raw,1,C,100,0,0.175578,0.00470557,7.86688e-05,,,0,-0.00685907,-0.0030885,-0.00325395,-0.00325395,0.0036329,-0.895689,0.0999794,-0.00148828,0.00814135,0.0316309,0,0
2.4GPa_decomp,Data/Cell_29_integrated/decomp-2p4GPa.xy,5.321904,0.00455266,0.00295275,0.0188727,,,,raw,1,C,100.719,0,0.199928,0.0031717,0.00295275,,,0,-0.00181965,0.000361357,0.00111153,0.000361357,0.00504405,0.0716403,0.0557311,2.4457e-05,0.0188727,0.0316309,0,0
2.4GPa_decomp,Data/Cell_29_integrated/decomp-2p4GPa.xy,5.527505,0.00184686,0.00184686,0.038069,,,,shoulder,1,C,100.002,0,0.206446,-0.0122628,0.00184686,,,0,-0.00571424,-0.000742511,-0.00370918,-0.00370918,0.00354586,-1.04606,0.0482099,0.000211151,0.038069,0.0632619,1,0
2.4GPa_decomp,Data/Cell_29_integrated/decomp-2p4GPa.xy,5.669845,0.000627855,0.000627855,0.019328,,,,shoulder,1,C,100.001,0,0.218139,-0.0102871,0.000627855,,,0,-0.0136933,-0.0117616,-0.00505196,-0.0117616,0.00318565,-3.69206,0.197137,-0.00101664,0.019328,0.0632619,1,0
2.4GPa_decomp,Data/Cell_29_integrated/decomp-2p4GPa.xy,5.685660,0.000584528,0.000584528,0.00893641,,,,raw,1,C,100.001,0,0.222633,-0.00970866,0.000584528,,,0,-0.0154872,-0.0112644,-0.0122707,-0.0122707,0.00125297,-9.79328,0.207817,-0.00145138,0.00893641,0.0158155,0,0
2.4GPa_decomp,Data/Cell_29_integrated/decomp-2p4GPa.xy,5.954523,0.0107982,0.0107982,0.0491562,,,,raw,1,C,100.011,0,0.260712,0.00537191,0.0107982,,,0,-0.00361486,0.000921571,-0.000403865,-0.000403865,0.00489841,-0.0824481,-0.0401772,-0.000192057,0.0491562,0.0158155,1,0
2.4GPa_decomp,Data/Cell_29_integrated/decomp-2p4GPa.xy,5.970338,0.00616148,0.00381501,0.0552861,,,,shoulder,1,C,104.033,0,0.260172,0.00616148,0.00381501,,,0,-0.001124,0.00305197,0.00259382,0.00259382,0.00643687,0.402963,-0.0402507,0.00179313,0.0552861,0.0158155,1,0
2.4GPa_decomp,Data/Cell_29_integrated/decomp-2p4GPa.xy,6.160124,0.00103695,0.00103695,0.00915498,,,,raw,1,C,100.001,0,0.260287,-0.0150717,0.00103695,,,0,-0.0033801,-0.00185071,-0.0023754,-0.0023754,0.00203083,-1.16967,0.0529075,-0.00198927,0.00915498,0.0474464,0,0
2.4GPa_decomp,Data/Cell_29_integrated/decomp-2p4GPa.xy,6.476433,0.421624,0.421624,0,,,,matched,1,C,100.77,0,0.290704,-0.0071368,0,w2:0.421624,2,0.421624,-0.00565409,0.000676191,0.0002736,0.0002736,0.0078556,0.0348286,0.20473,0.000622091,0,0.0158155,0,0
2.4GPa_decomp,Data/Cell_29_integrated/decomp-2p4GPa.xy,6.492249,0.00191487,0.00191487,0.0546442,,,,shoulder,1,C,101.067,0,0.292221,-0.00488087,0.00191487,,,0,-0.00444969,0.000684633,0.00127602,0.000684633,0.00643059,0.106465,0.205729,0.000876711,0.0546442,0.0948928,1,0
2.4GPa_decomp,Data/Cell_29_integrated/decomp-2p4GPa.xy,6.666219,0.0130208,0.00155379,0.0136356,,,,raw,1,C,100.493,0,0.317642,0.0108469,0.00155379,,,0,-0.00198127,0.000472808,0.00581576,0.000472808,0.00962031,0.0491469,0.0739773,-0.00140805,0.0136356,0.0316309,0,0
2.4GPa_decomp,Data/Cell_29_integrated/decomp-2p4GPa.xy,6.697850,0.00702918,0.00106664,0.0335603,,,,shoulder,1,C,100.001,0,0.311372,0.00702918,0.00106664,,,0,-0.0116416,-0.00608978,0.00220288,-0.00608978,0.0136524,-0.446058,0.0832387,-0.00034141,0.0335603,0.0316309,1,0
2.4GPa_decomp,Data/Cell_29_integrated/decomp-2p4GPa.xy,6.713665,0.00582152,0.000371085,0.00906928,,,,raw,1,C,100,0,0.313898,0.00456052,0.000371085,,,0,-0.0164647,-0.00988157,-0.00174111,-0.00988157,0.0116276,-0.849835,0.0942086,-0.00103913,0.00906928,0.0158155,0,0
2.4GPa_decomp,Data/Cell_29_integrated/decomp-2p4GPa.xy,6.745296,0.00393156,7.39753e-05,0.024382,,,,shoulder,1,C,100,0,0.314365,0.00393156,7.39753e-05,,,0,-0.0199692,-0.00699495,-0.00771602,-0.00771602,0.0134902,-0.571973,0.132071,-0.000965158,0.024382,0.0316309,1,0
2.4GPa_decomp,Data/Cell_29_integrated/decomp-2p4GPa.xy,6.792743,0.0102982,0.00010565,0.0112752,,,,shoulder,1,C,100,0,0.326349,0.0102982,0.00010565,,,0,-0.0132816,-0.000148816,-0.0121795,-0.0121795,0.00384986,-3.16363,0.214232,-0.000960867,0.0112752,0.0790773,1,0
2.4GPa_decomp,Data/Cell_29_integrated/decomp-2p4GPa.xy,7.156498,0.000482151,0.000482151,0.0306919,,,,raw,1,C,100,0,0.335646,-0.0271429,0.000482151,,,0,-0.00776752,0.00224753,-0.00337999,-0.00337999,0.0100917,-0.334927,-0.0788733,0.00032293,0.0306919,0.0158155,1,0
2.4GPa_decomp,Data/Cell_29_integrated/decomp-2p4GPa.xy,7.219760,0.00503381,0.00503381,0.0359799,,,,raw;shoulder,2,C,200.005,0,0.335859,-0.0371178,0.00503381,,,0,-0.00371613,-0.00125438,-0.00166314,-0.00166314,0.00206095,-0.806976,0.00482871,0.000230206,0.0359799,0.0158155,1,0
2.4GPa_decomp,Data/Cell_29_integrated/decomp-2p4GPa.xy,7.251391,0.22713,0.22713,0,,,,matched,1,C,100.227,0,0.329873,-0.0414844,0,w5:0.22713,5,0.22713,-0.00506055,-0.0023971,-0.00154672,-0.0023971,0.00345306,-0.694194,0.0345847,-0.00107182,0,0.0158155,0,0
2.4GPa_decomp,Data/Cell_29_integrated/decomp-2p4GPa.xy,7.283022,0.63637,0.63637,0,,,,matched,1,C,100.636,0,0.337341,-0.0412411,0,w3:0.63637,3,0.63637,-0.00320624,-0.000319433,0.000984515,-0.000319433,0.00535029,-0.0597039,0.0610426,0.000500086,0,0.0158155,1,0
2.4GPa_decomp,Data/Cell_29_integrated/decomp-2p4GPa.xy,7.393730,0.00233061,0.00233061,0.0352251,,,,shoulder,1,C,100.002,0,0.347507,-0.0400457,0.00233061,,,0,-0.0031874,0.00259879,-0.000567689,-0.000567689,0.00620098,-0.0915482,0.139515,0.000873644,0.0352251,0.0316309,1,0
2.4GPa_decomp,Data/Cell_29_integrated/decomp-2p4GPa.xy,7.488623,0.0235602,0.0235602,0.0420779,,,,raw,1,C,100.024,0,0.37507,-0.0274428,0.0235602,,,0,-0.00759241,-0.00733134,0.00371539,-0.00733134,0.00476421,-1.53884,0.282328,0.00192087,0.0420779,0.0158155,1,0
2.4GPa_decomp,Data/Cell_29_integrated/decomp-2p4GPa.xy,7.630962,0.0133685,0.000656642,0.02542,,,,shoulder,1,C,100.001,0,0.418166,0.0133685,0.000656642,,,0,-0.00549216,-0.00395421,0.0138262,-0.00395421,0.0194359,-0.203448,0.490127,0.00117686,0.02542,0.0316309,1,0
2.4GPa_decomp,Data/Cell_29_integrated/decomp-2p4GPa.xy,7.662593,0.0144506,0.000767707,0.024228,,,,raw,1,C,100.001,0,0.423413,0.013007,0.000767707,,,0,-0.0203156,-0.0159478,0.00210277,-0.0159478,0.00941052,-1.69468,0.551535,-0.00103917,0.024228,0.0632619,1,0
2.4GPa_decomp,Data/Cell_29_integrated/decomp-2p4GPa.xy,7.947272,0.0151538,0.000544583,0.00873055,,,,raw,1,C,100.001,0,0.455138,0.0141175,0.000544583,,,0,-0.017037,-0.00730829,-0.00313898,-0.00730829,0.0124542,-0.586812,-0.348669,-0.000339286,0.00873055,0.0316309,0,0
2.4GPa_decomp,Data/Cell_29_integrated/decomp-2p4GPa.xy,8.105426,0.00292828,0.00292828,0.0509533,,,,raw,1,C,100.003,0,0.437126,-0.00630028,0.00292828,,,0,-0.00721832,0.00154288,-0.00529754,-0.00529754,0.00531492,-0.996729,0.0253068,0.000290956,0.0509533,0.0158155,1,0
2.4GPa_decomp,Data/Cell_29_integrated/decomp-2p4GPa.xy,8.311027,0.00574881,0.00574881,0.177983,,,,shoulder,1,C,100.435,0,0.444458,-0.0053376,0.00574881,,,0,0.00250823,0.000365083,0.0135272,0.000365083,0.00850217,0.0429399,-0.0366744,0.00232351,0.177983,0.0316309,1,0
2.4GPa_decomp,Data/Cell_29_integrated/decomp-2p4GPa.xy,8.405920,0.00257056,0.00257056,0.00909197,,,,raw;shoulder,2,C,200.003,0,0.436906,-0.0374193,0.00257056,,,0,-0.0218084,-0.000317253,-0.00598986,-0.00598986,0.0202559,-0.295709,0.137493,0.000881318,0.00909197,0.126524,1,0
2.4GPa_decomp,Data/Cell_29_integrated/decomp-2p4GPa.xy,8.421736,0.450161,0.450161,0,,,,matched,1,C,100.45,0,0.435696,-0.038365,0,w2:0.450161,2,0.450161,-0.0211249,0.000935674,-0.00529661,-0.00529661,0.0223152,-0.237354,0.188987,0.000408788,0,0.0158155,1,0
2.4GPa_decomp,Data/Cell_29_integrated/decomp-2p4GPa.xy,8.469182,2.30594e-05,2.30594e-05,0.00826046,,,,shoulder,1,C,100,0,0.451764,-0.0380046,2.30594e-05,,,0,-0.0184723,-0.005344,-0.00924247,-0.00924247,0.0148752,-0.621333,0.344606,-0.000924131,0.00826046,0.0474464,1,0
2.4GPa_decomp,Data/Cell_29_integrated/decomp-2p4GPa.xy,8.564075,0.0015115,0.0015115,0.0482953,,,,shoulder,1,C,100.002,0,0.499058,-0.0078892,0.0015115,,,0,0.00241469,0.00756368,-0.000459929,-0.000459929,0.00504818,-0.0911079,0.477672,0.00111294,0.0482953,0.0948928,1,0
2.4GPa_decomp,Data/Cell_29_integrated/decomp-2p4GPa.xy,8.864569,0.00285807,0.00285807,0.0334594,,,,raw,1,C,100.003,0,0.481946,-0.0871416,0.00285807,,,0,-0.0279339,9.60234e-05,-0.0122746,-0.0122746,0.0246303,-0.498352,-0.249614,0.000131333,0.0334594,0.0158155,1,0
2.4GPa_decomp,Data/Cell_29_integrated/decomp-2p4GPa.xy,8.880384,0.00276396,0.00276396,0.0350922,,,,micro;shoulder,2,C,200.003,0,0.481125,-0.0899337,0.00276396,,,0,-0.0229948,0.00453868,-0.00841843,-0.00841843,0.0231799,-0.363178,-0.199213,0.000848885,0.0350922,0.142339,1,0
2.4GPa_decomp,Data/Cell_29_integrated/decomp-2p4GPa.xy,8.896200,0.365369,0.365369,0,,,,matched,1,C,100.365,0,0.479142,-0.0938244,0,w2:0.365369,2,0.365369,-0.0192904,0.00429723,-0.00710772,-0.00710772,0.0202134,-0.351635,-0.142072,0.000433576,0,0.0158155,1,0
2.4GPa_decomp,Data/Cell_29_integrated/decomp-2p4GPa.xy,8.959462,1.1153,1.1153,0,,,,matched,1,C,101.115,0,0.478322,-0.10803,0,w5:1.1153,5,1.1153,-0.0120869,-0.00487612,-0.0062884,-0.0062884,0.00477713,-1.31635,0.0793691,-0.00191507,0,0.0316309,0,0
2.4GPa_decomp,Data/Cell_29_integrated/decomp-2p4GPa.xy,8.991093,2.47277,2.47277,0,,,,matched,1,C,103.752,0,0.490609,-0.106504,0,w2:1.95884;w3:2.47277,3,2.47277,-0.00459534,0.00246969,0.000874252,0.000874252,0.00683445,0.127919,0.135117,0.00149493,0,0.0316309,0,0
2.4GPa_decomp,Data/Cell_29_integrated/decomp-2p4GPa.xy,9.006908,0.00584026,0.00584026,0.0582507,,,,shoulder,1,C,101.779,0,0.492603,-0.107375,0.00584026,,,0,-0.00449392,0.00141074,0.00267297,0.00141074,0.00795746,0.177286,0.164268,0.00218417,0.0582507,0.0158155,1,0
2.4GPa_decomp,Data/Cell_29_integrated/decomp-2p4GPa.xy,9.022723,0.00400754,0.00400754,0.0246077,,,,micro;raw,2,C,200.004,0,0.493146,-0.110767,0.00400754,,,0,-0.00870875,-0.00264262,-0.000649864,-0.00264262,0.00610821,-0.432634,0.205945,0.000725535,0.0246077,0.0790773,0,0
2.4GPa_decomp,Data/Cell_29_integrated/decomp-2p4GPa.xy,9.085985,0.335298,0.335298,0,,,,matched,1,C,100.335,0,0.505381,-0.108405,0,w2:0.335298,2,0.335298,-0.030462,-0.0172028,0.0114872,-0.0172028,0.0293272,-0.586582,0.559907,0.00195545,0,0.0158155,1,0
2.4GPa_decomp,Data/Cell_29_integrated/decomp-2p4GPa.xy,9.101801,0.00750457,0.00750457,0.0208152,,,,raw;shoulder,2,C,200.008,0,0.518076,-0.105484,0.00750457,,,0,-0.0415682,-0.0203139,0.0123905,-0.0203139,0.0407557,-0.49843,0.714224,0.00252792,0.0208152,0.237232,1,0
2.4GPa_decomp,Data/Cell_29_integrated/decomp-2p4GPa.xy,9.180878,0.00129058,0.00129058,0.0258374,,,,shoulder,1,C,100.001,0,0.56052,-0.0697048,0.00129058,,,0,-0.119308,-0.0561684,-0.0367653,-0.0561684,0.0826874,-0.679286,1.72574,-0.0059095,0.0258374,0.0790773,1,0
2.4GPa_decomp,Data/Cell_29_integrated/decomp-2p4GPa.xy,9.513003,0.353699,0.353699,0,,,,matched,1,C,100.354,0,0.690054,0.0756826,0,w2:0.353699,2,0.353699,-0.0495014,-0.0155722,-0.00860378,-0.0155722,0.0429706,-0.362392,-1.52312,-0.00128017,0,0.158155,0,0
2.4GPa_decomp,Data/Cell_29_integrated/decomp-2p4GPa.xy,9.528818,0.053736,0.00221414,0.0616059,,,,shoulder,1,C,100.002,0,0.666401,0.053736,0.00221414,,,0,-0.0524331,-0.0141914,-0.0106216,-0.0141914,0.044493,-0.318958,-1.40831,-0.0012128,0.0616059,0.0158155,1,0
2.4GPa_decomp,Data/Cell_29_integrated/decomp-2p4GPa.xy,9.671158,0.202648,0.202648,0.054354,,,,matched;shoulder,2,C,200.204,0,0.560141,-0.0391975,0.00145308,w2:0.202648,2,0.202648,-0.0376171,-0.00378667,-0.0122554,-0.0122554,0.0319958,-0.383031,-0.256139,-0.000741272,0.054354,0.158155,1,0
2.4GPa_decomp,Data/Cell_29_integrated/decomp-2p4GPa.xy,9.750235,0.000498143,0.000498143,0.0198725,,,,shoulder,1,C,100,0,0.561637,-0.0270631,0.000498143,,,0,-0.0124705,0.00321254,-0.0077715,-0.0077715,0.0158632,-0.489906,0.0219844,-0.00129626,0.0198725,0.0790773,1,0
2.4GPa_decomp,Data/Cell_29_integrated/decomp-2p4GPa.xy,9.924205,33.0247,33.0247,0,,,,matched,1,C,139.224,0,0.560528,0.00240449,0,w8:33.0247,8,33.0247,0.0119253,0.00817031,0.0163255,0.00817031,0.0131795,0.619927,-0.287068,0.000215861,0,0.0316309,0,0
2.4GPa_decomp,Data/Cell_29_integrated/decomp-2p4GPa.xy,10.145622,0.00112751,0.00112751,0.0335911,,,,shoulder,1,C,100.001,0,0.467635,-0.119381,0.00112751,,,0,-0.0161393,-0.00377751,-0.00575879,-0.00575879,0.00916775,-0.628158,-0.271082,0.000103527,0.0335911,0.0790773,1,0
2.4GPa_decomp,Data/Cell_29_integrated/decomp-2p4GPa.xy,10.224699,0.00956588,0.00956588,0.0544776,,,,raw,1,C,100.01,0,0.462981,-0.144143,0.00956588,,,0,-0.00253593,0.00528761,-0.000854806,-0.000854806,0.00579338,-0.147549,-0.130918,0.00114933,0.0544776,0.0158155,1,0
2.4GPa_decomp,Data/Cell_29_integrated/decomp-2p4GPa.xy,10.240514,1.20821,1.20821,0.0396664,,,,matched;micro;shoulder,3,C,307.718,0,0.460685,-0.145861,0.0052572,w2:1.20821,2,1.20821,0.0012314,0.00741861,0.0040398,0.0040398,0.00621059,0.650469,-0.102736,0.00272822,0.0396664,0.110708,1,0
2.4GPa_decomp,Data/Cell_29_integrated/decomp-2p4GPa.xy,10.256330,1.3376,1.3376,0,,,,matched,1,C,109.685,0,0.459686,-0.151093,0,w3:1.3376,3,1.3376,0.000157374,0.00463929,0.00498671,0.00463929,0.00555757,0.834768,-0.0717368,0.0018139,0,0.0158155,0,0
2.4GPa_decomp,Data/Cell_29_integrated/decomp-2p4GPa.xy,10.335407,0.00306824,0.00306824,0.0351258,,,,raw;shoulder,2,C,200.003,0,0.450734,-0.173553,0.00306824,,,0,-0.0212433,-0.0131674,0.00232924,-0.0131674,0.0126237,-1.04307,0.148318,0.000338201,0.0351258,0.0158155,1,0
2.4GPa_decomp,Data/Cell_29_integrated/decomp-2p4GPa.xy,10.398669,0.000260808,0.000260808,0.0150368,,,,shoulder,1,C,100,0,0.453718,-0.17351,0.000260808,,,0,-0.0407929,-0.0186705,-0.0133147,-0.0186705,0.0245679,-0.759952,0.436669,-0.00234703,0.0150368,0.0474464,1,0
2.4GPa_decomp,Data/Cell_29_integrated/decomp-2p4GPa.xy,10.461931,0.688275,0.688275,0,,,,matched,1,C,100.688,0,0.501404,-0.141035,0,w2:0.688275,2,0.688275,-0.0528451,-0.0179941,0.00192773,-0.0179941,0.0502888,-0.357815,0.99692,-0.000319981,0,0.110708,1,0
2.4GPa_decomp,Data/Cell_29_integrated/decomp-2p4GPa.xy,10.477746,0.00262287,0.00262287,0.0495225,,,,shoulder,1,C,100.003,0,0.514049,-0.130609,0.00262287,,,0,-0.0574058,-0.0206679,0.00152212,-0.0206679,0.0565648,-0.365385,1.14397,-1.34509e-05,0.0495225,0.0158155,1,0
2.4GPa_decomp,Data/Cell_29_integrated/decomp-2p4GPa.xy,10.762425,0.0082153,0.00138816,0.0435728,,,,shoulder,1,C,100.001,0,0.733972,0.0082153,0.00138816,,,0,-0.0515199,-0.0252221,-0.00359367,-0.0252221,0.0459507,-0.548894,-0.00400692,-0.00265479,0.0435728,0.0790773,1,0
2.4GPa_decomp,Data/Cell_29_integrated/decomp-2p4GPa.xy,10.825687,0.00516288,0.000766123,0.0321327,,,,shoulder,1,C,100.001,0,0.738864,0.00516288,0.000766123,,,0,-0.0871178,-0.0303695,-0.0145024,-0.0303695,0.0642446,-0.472716,0.623099,-0.00275569,0.0321327,0.0632619,1,0
2.4GPa_decomp,Data/Cell_29_integrated/decomp-2p4GPa.xy,10.888948,0.0564683,0.000206177,0.0118029,,,,shoulder,1,C,100,0,0.795281,0.0564683,0.000206177,,,0,-0.0992105,-0.0340057,-0.0364727,-0.0364727,0.0689683,-0.528832,1.51267,-0.00476304,0.0118029,0.0632619,1,0
2.4GPa_decomp,Data/Cell_29_integrated/decomp-2p4GPa.xy,11.315966,0.000676441,0.000676441,0.015723,,,,shoulder,1,C,100.001,0,0.594665,-0.150667,0.000676441,,,0,-0.0944187,-0.0126319,-0.0437328,-0.0437328,0.0718308,-0.608832,-1.64654,-0.00319128,0.015723,0.0948928,1,0
2.4GPa_decomp,Data/Cell_29_integrated/decomp-2p4GPa.xy,11.410859,0.881197,0.881197,0.074749,,,,matched;shoulder,2,C,200.886,0,0.524172,-0.205673,0.00498844,w2:0.881197,2,0.881197,-0.0448149,-0.00405112,-0.00928887,-0.00928887,0.0409817,-0.226659,-0.465332,7.55489e-06,0.074749,0.158155,1,0
2.4GPa_decomp,Data/Cell_29_integrated/decomp-2p4GPa.xy,11.521567,0.000755731,0.000755731,0.014809,,,,shoulder,1,C,100.001,0,0.526351,-0.177108,0.000755731,,,0,-0.00697887,0.0111937,-0.00701026,-0.00701026,0.00642647,-1.09084,0.0831419,0.00125788,0.014809,0.0316309,1,0
2.4GPa_decomp,Data/Cell_29_integrated/decomp-2p4GPa.xy,11.553198,0.76087,0.76087,0,,,,matched,1,C,107.582,0,0.538377,-0.158545,0,w2:0.76087,2,0.76087,0.00384811,0.0118833,0.00205944,0.00205944,0.00301913,0.682128,0.146201,0.00104096,0,0.0158155,0,0
2.4GPa_decomp,Data/Cell_29_integrated/decomp-2p4GPa.xy,11.569014,0.686187,0.686187,0.0869962,,,,matched;shoulder,2,C,234.888,0,0.543237,-0.149477,0.00412307,w3:0.686187,3,0.686187,0.0070792,0.0116572,0.00649363,0.00649363,0.00189882,3.41981,0.169074,0.00236479,0.0869962,0.442833,1,0
2.4GPa_decomp,Data/Cell_29_integrated/decomp-2p4GPa.xy,11.584829,0.00460906,0.00460906,0.015321,,,,micro;raw,2,C,234.559,0,0.54471,-0.143475,0.00460906,,,0,0.00624758,0.00865744,0.00674085,0.00674085,0.00195078,3.45546,0.185125,0.00132546,0.015321,0.0158155,0,0
2.4GPa_decomp,Data/Cell_29_integrated/decomp-2p4GPa.xy,11.663906,0.0013752,0.0013752,0.0329429,,,,shoulder,1,C,102.904,0,0.552425,-0.107257,0.0013752,,,0,-0.000713976,0.000751179,0.00133472,0.000751179,0.00258763,0.290296,0.174174,0.000872905,0.0329429,0.0790773,1,0
2.4GPa_decomp,Data/Cell_29_integrated/decomp-2p4GPa.xy,11.711353,0.00016199,0.00016199,0.030946,,,,shoulder,1,C,100,0,0.559928,-0.0845196,0.00016199,,,0,-0.00332092,-0.000677136,-0.00214346,-0.00214346,0.00246235,-0.870494,0.177072,-0.000303864,0.030946,0.0474464,1,0
2.4GPa_decomp,Data/Cell_29_integrated/decomp-2p4GPa.xy,11.790430,0.322224,0.322224,0.0568613,,,,matched;shoulder,2,C,200.87,0,0.578044,-0.0428879,0.000706277,w2:0.301663;w3:0.322224,3,0.322224,0.000328929,0.00147322,9.79113e-05,9.79113e-05,0.00178963,0.0547102,0.194903,0.000295975,0.0568613,0.205601,1,0
2.4GPa_decomp,Data/Cell_29_integrated/decomp-2p4GPa.xy,11.901138,0.00299511,0.00123762,0.0608446,,,,shoulder,1,C,116.346,0,0.5988,0.00299511,0.00123762,,,0,0.00504785,0.00539203,0.00510342,0.00510342,0.00312229,1.63451,0.160026,0.000766777,0.0608446,0.0948928,1,0
2.4GPa_decomp,Data/Cell_29_integrated/decomp-2p4GPa.xy,11.996031,0.0411149,0.00257701,0.0113817,,,,raw;shoulder,2,C,217.911,0,0.612917,0.0400867,0.00257701,,,0,0.00633742,0.00644043,0.00728545,0.00644043,0.00359638,1.79081,0.0890997,0.000937651,0.0113817,0.0632619,1,0
2.4GPa_decomp,Data/Cell_29_integrated/decomp-2p4GPa.xy,12.059293,0.0574896,0.00237302,0.0230057,,,,micro;raw;shoulder,3,C,314.922,0,0.615089,0.0574896,0.00237302,,,0,0.00364071,0.00485032,0.00400828,0.00400828,0.0026865,1.49201,0.0487926,0.000464735,0.0230057,0.0790773,1,0
2.4GPa_decomp,Data/Cell_29_integrated/decomp-2p4GPa.xy,12.090924,0.0635116,0.000204981,0.00869578,,,,raw,1,C,106.147,0,0.614773,0.0629346,0.000204981,,,0,0.00179869,0.00146025,0.00188753,0.00146025,0.00237566,0.614671,0.0319977,-0.000321698,0.00869578,0.0316309,0,0
2.4GPa_decomp,Data/Cell_29_integrated/decomp-2p4GPa.xy,12.122555,0.0690532,0.00655822,0.278873,,,,bump,1,C,109.914,0,0.61566,0.0679934,0.00655822,,,0,0.00253594,0.00236916,0.00230585,0.00230585,0.00232748,0.990704,0.00418764,0.000224599,0.278873,0.0158155,0,0
2.4GPa_decomp,Data/Cell_29_integrated/decomp-2p4GPa.xy,12.154186,8.05433,8.05433,0,,,,matched,1,C,117.623,0,0.613938,0.0699582,0,w5:8.05433,5,8.05433,0.00204474,0.00265914,0.00319295,0.00265914,0.00277913,0.956822,-0.00491481,0.000426867,0,0.0158155,0,0
2.4GPa_decomp,Data/Cell_29_integrated/decomp-2p4GPa.xy,12.170001,0.0687845,0.000420101,0.0127104,,,,raw,1,C,101.89,0,0.614358,0.0684785,0.000420101,,,0,0.000549327,0.000476077,0.00208678,0.000476077,0.00251986,0.188929,-0.00400791,-0.00105848,0.0127104,0.0158155,0,0
2.4GPa_decomp,Data/Cell_29_integrated/decomp-2p4GPa.xy,12.185817,4.38438,4.38438,0,,,,matched,1,C,104.384,0,0.613666,0.0670619,0,w3:4.38438,3,4.38438,0.000259128,-0.000101076,0.00176227,-0.000101076,0.00235301,-0.0429561,-0.0048053,-0.00163936,0,0.0316309,1,0
2.4GPa_decomp,Data/Cell_29_integrated/decomp-2p4GPa.xy,12.217448,2.79248,2.79248,0.251086,,,,matched;micro;shoulder,3,C,343.842,0,0.618418,0.0672746,0.0133968,w2:2.79248,2,2.79248,0.00525637,0.00523697,0.00676014,0.00523697,0.00127619,4.10359,-0.00735501,0.00288112,0.251086,0.0790773,1,0
2.4GPa_decomp,Data/Cell_29_integrated/decomp-2p4GPa.xy,12.233263,0.0675037,0.0192291,0.213614,,,,raw,1,C,128.67,0,0.622326,0.0623779,0.0192291,,,0,0.0035447,0.00365637,0.00539924,0.00365637,0.00127619,2.86506,-0.00700102,0.00257148,0.213614,0.0158155,0,0
2.4GPa_decomp,Data/Cell_29_integrated/decomp-2p4GPa.xy,12.312340,0.0390842,0.0141362,0.0811807,,,,raw,1,C,112.252,0,0.617679,0.0365522,0.0141362,,,0,0.0033584,0.00519777,0.00338735,0.00338735,0.00276785,1.22382,-0.0286404,0.00220572,0.0811807,0.0158155,0,0
2.4GPa_decomp,Data/Cell_29_integrated/decomp-2p4GPa.xy,12.328156,0.905869,0.905869,0.0872071,,,,matched;micro;shoulder,3,C,317.558,0,0.616577,0.033012,0.0109313,w2:0.905869;w3:0.2942,2,0.905869,0.00610455,0.00723798,0.00622955,0.00622955,0.00374351,1.66409,-0.0248357,0.00269005,0.0872071,0.110708,1,0
2.4GPa_decomp,Data/Cell_29_integrated/decomp-2p4GPa.xy,12.391418,0.00766913,0.00262397,0.0158309,,,,raw;shoulder,2,C,200.003,0,0.613187,0.00604439,0.00262397,,,0,-0.000429991,-0.000304793,0.00393859,-0.000304793,0.00384341,-0.0793027,0.00240529,0.000599123,0.0158309,0.0632619,1,0
2.4GPa_decomp,Data/Cell_29_integrated/decomp-2p4GPa.xy,12.423049,0,0.00140098,0.0469364,,,,bump,1,C,100.001,0,0.607472,-0.00703072,0.00140098,,,0,-0.0052059,-0.00357494,-0.00213091,-0.00357494,0.00323822,-1.10398,0.00990955,-0.000657228,0.0469364,0.0316309,0,0
2.4GPa_decomp,Data/Cell_29_integrated/decomp-2p4GPa.xy,12.517941,0.685666,0.685666,0.0542794,,,,matched;micro;shoulder,3,C,309.553,0,0.616661,-0.0177652,0.0037414,w2:0.685666,2,0.685666,0.00293077,0.00562334,0.00334599,0.00334599,0.00377481,0.8864,0.0352678,0.0015502,0.0542794,0.189786,1,0
2.4GPa_decomp,Data/Cell_29_integrated/decomp-2p4GPa.xy,12.533757,0.503967,0.503967,0.0286804,,,,matched;raw,2,C,211.28,0,0.618739,-0.0206255,0.0065677,w3:0.503967,3,0.503967,0.00203572,0.00379434,0.00298418,0.00298418,0.00277101,1.07693,0.0441943,0.000938788,0.0286804,0.0158155,0,0
2.4GPa_decomp,Data/Cell_29_integrated/decomp-2p4GPa.xy,12.644465,0.00174041,0.00174041,0.00832731,,,,raw;shoulder,2,C,200.247,0,0.620467,-0.0297889,0.00174041,,,0,-0.00153316,0.00129998,7.59475e-05,7.59475e-05,0.00310167,0.024486,0.0677916,0.000604099,0.00832731,0.0948928,1,0
2.4GPa_decomp,Data/Cell_29_integrated/decomp-2p4GPa.xy,12.707727,1.95771,1.95771,0,,,,matched,1,C,123.677,0,0.624736,-0.0287079,0,w8:1.95771,8,1.95771,0.00273876,0.00338895,0.00370619,0.00338895,0.00156034,2.17194,0.0689614,0.000298622,0,0.0316309,0,0
2.4GPa_decomp,Data/Cell_29_integrated/decomp-2p4GPa.xy,12.739358,2.1359,2.1359,0.0348567,,,,matched;raw;shoulder,3,C,348.617,0,0.631868,-0.0269436,0.00276042,w2:1.07777;w3:1.63507;w5:2.1359,5,2.1359,0.00554874,0.00558422,0.0059814,0.00558422,0.00120146,4.64785,0.0679072,0.00114233,0.0348567,0.427018,1,0
2.4GPa_decomp,Data/Cell_29_integrated/decomp-2p4GPa.xy,12.755173,0.00164552,0.00164552,0.0316102,,,,micro,1,C,138.737,0,0.630605,-0.0274624,0.00164552,,,0,0.00468475,0.00462021,0.00559256,0.00462021,0.00119277,3.87351,0.0678831,0.000837467,0.0316102,0.0158155,0,0
2.4GPa_decomp,Data/Cell_29_integrated/decomp-2p4GPa.xy,12.786804,0.00232149,0.00232149,0.015288,,,,raw,1,C,100.002,0,0.631818,-0.0313017,0.00232149,,,0,-0.000771547,-0.000551712,0.00251511,-0.000551712,0.00422744,-0.130507,0.0764559,-0.000463528,0.015288,0.0316309,1,0
2.4GPa_decomp,Data/Cell_29_integrated/decomp-2p4GPa.xy,12.850066,0.000599968,0.000599968,0.0217844,,,,raw;shoulder,2,C,200.001,0,0.633697,-0.0335383,0.000599968,,,0,-0.00727076,-0.00393805,-0.000722306,-0.00393805,0.00406824,-0.967997,0.108329,9.74766e-05,0.0217844,0.110708,1,0
2.4GPa_decomp,Data/Cell_29_integrated/decomp-2p4GPa.xy,12.929144,0.00162689,0.00162689,0.037912,,,,shoulder,1,C,100.002,0,0.647121,-0.0255908,0.00162689,,,0,-0.00452851,0.00166218,-0.0014859,-0.0014859,0.0039854,-0.372836,0.181136,0.000818175,0.037912,0.0158155,1,0
2.4GPa_decomp,Data/Cell_29_integrated/decomp-2p4GPa.xy,12.944959,0.463256,0.463256,0,,,,matched,1,C,101.651,0,0.649712,-0.0229879,0,w2:0.463256,2,0.463256,-0.00466105,0.000701879,0.000567488,0.000567488,0.00477931,0.118738,0.213904,0.00076074,0,0.0948928,0,0
2.4GPa_decomp,Data/Cell_29_integrated/decomp-2p4GPa.xy,12.960775,0.558375,0.558375,0,,,,matched,1,C,100.558,0,0.65242,-0.0213802,0,w3:0.558375,3,0.558375,-0.00698762,-0.00175892,0.00144907,-0.00175892,0.00822099,-0.213955,0.255504,-0.000230837,0,0.0158155,1,0
2.4GPa_decomp,Data/Cell_29_integrated/decomp-2p4GPa.xy,13.024036,0.00300908,0.00300908,0.039119,,,,shoulder,1,C,100.003,0,0.667912,-0.0102701,0.00300908,,,0,-0.0203915,-0.0116737,0.00658115,-0.0116737,0.0164891,-0.707969,0.459318,0.00133209,0.039119,0.0632619,1,0
2.4GPa_decomp,Data/Cell_29_integrated/decomp-2p4GPa.xy,13.261268,0.0594705,0.00248111,0.0166634,,,,micro;raw,2,C,204.683,0,0.757522,0.0594705,0.00248111,,,0,0.00646711,0.006245,0.0108751,0.006245,0.0133424,0.468056,-0.0235558,-0.000615128,0.0166634,0.0316309,0,0
2.4GPa_decomp,Data/Cell_29_integrated/decomp-2p4GPa.xy,13.277084,0.0559703,0.000654719,0.0163827,,,,shoulder,1,C,103.667,0,0.754875,0.0559703,0.000654719,,,0,0.0022229,0.00329373,0.00511046,0.00329373,0.0089844,0.366605,-0.0826269,0.000634681,0.0163827,0.0158155,1,0
2.4GPa_decomp,Data/Cell_29_integrated/decomp-2p4GPa.xy,13.292899,0.0561336,0.00182981,0.0110192,,,,raw,1,C,103.817,0,0.756705,0.0545123,0.00182981,,,0,0.00190972,0.00311577,0.0028335,0.0028335,0.00742725,0.381501,-0.129104,0.000211704,0.0110192,0.0316309,0,0
2.4GPa_decomp,Data/Cell_29_integrated/decomp-2p4GPa.xy,13.356161,0.784025,0.784025,0.00943896,,,,matched;raw;shoulder,3,C,315.984,0,0.749824,0.043373,0.00100895,w2:0.784025,2,0.784025,0.00561061,0.00786088,0.00610768,0.00610768,0.00401859,1.51986,-0.182507,0.00090408,0.00943896,0.126524,1,0
2.4GPa_decomp,Data/Cell_29_integrated/decomp-2p4GPa.xy,13.371977,0.878111,0.878111,0,,,,matched,1,C,117.42,0,0.746475,0.0386139,0,w3:0.878111,3,0.878111,0.0051842,0.00616784,0.00627039,0.00616784,0.00372865,1.65418,-0.172889,0.000317612,0,0.0158155,0,0
2.4GPa_decomp,Data/Cell_29_integrated/decomp-2p4GPa.xy,13.435239,0.0199728,0.00299746,0.193981,,,,shoulder,1,C,100.003,0,0.7322,0.0199728,0.00299746,,,0,-0.000236639,-0.000840371,0.00308932,-0.000840371,0.00215998,-0.389064,-0.176601,0.000929159,0.193981,0.0632619,1,0
2.4GPa_decomp,Data/Cell_29_integrated/decomp-2p4GPa.xy,13.482685,0.0038527,8.37e-05,0.00811769,,,,raw,1,C,100,0,0.717691,0.00276007,8.37e-05,,,0,-0.00773157,-0.00649625,-0.007282,-0.007282,0.00090374,-8.05763,-0.179449,-0.0020683,0.00811769,0.0316309,0,0
2.4GPa_decomp,Data/Cell_29_integrated/decomp-2p4GPa.xy,13.514316,0.00160768,0.00160768,0.0199879,,,,micro;raw,2,C,200.002,0,0.716146,-0.000155437,0.00160768,,,0,-0.00201186,0.00202557,-0.00239626,-0.00239626,0.00126998,-1.88686,-0.178319,0.000330952,0.0199879,0.0316309,1,0
2.4GPa_decomp,Data/Cell_29_integrated/decomp-2p4GPa.xy,13.530131,0.00303939,0.00303939,0.0525397,,,,shoulder,1,C,102.492,0,0.714547,-0.00160678,0.00303939,,,0,0.00085428,0.0040425,0.000409909,0.000409909,0.00164665,0.248936,-0.172333,0.00145273,0.0525397,0.0158155,1,0
2.4GPa_decomp,Data/Cell_29_integrated/decomp-2p4GPa.xy,13.545947,0.695293,0.695293,0.00966982,,,,matched;raw,2,C,206.417,0,0.715738,-0.00430833,0.00119101,w2:0.695293,2,0.695293,0.00212429,0.0044351,0.00186324,0.00186324,0.00325705,0.572064,-0.164559,0.00114228,0.00966982,0.189786,0,0
2.4GPa_decomp,Data/Cell_29_integrated/decomp-2p4GPa.xy,13.561762,0.80714,0.80714,0,,,,matched,1,C,104.171,0,0.710393,-0.00914135,0,w3:0.80714,3,0.80714,0.000778954,0.00227926,0.00127275,0.00127275,0.00378388,0.336362,-0.155123,-3.19238e-05,0,0.0158155,0,0
2.4GPa_decomp,Data/Cell_29_integrated/decomp-2p4GPa.xy,13.609209,0.00210241,0.00210241,0.0112377,,,,raw,1,C,100.185,0,0.705127,-0.0189768,0.00210241,,,0,-0.000624322,6.6402e-05,0.00330308,6.6402e-05,0.00362747,0.0183053,-0.122381,0.000641558,0.0112377,0.0474464,0,0
2.4GPa_decomp,Data/Cell_29_integrated/decomp-2p4GPa.xy,13.625024,0.00135008,0.00135008,0.0351475,,,,shoulder,1,C,100.001,0,0.700135,-0.0226999,0.00135008,,,0,-0.00231846,-0.00137705,0.0024703,-0.00137705,0.0028431,-0.48435,-0.113032,0.000798903,0.0351475,0.0158155,1,0
2.4GPa_decomp,Data/Cell_29_integrated/decomp-2p4GPa.xy,13.672471,0.000513482,0.000513482,0.013431,,,,raw,1,C,100.001,0,0.690416,-0.0340056,0.000513482,,,0,-0.0094004,-0.0065854,-0.00529333,-0.0065854,0.00330962,-1.98978,-0.0859528,-0.00115829,0.013431,0.0474464,0,0
2.4GPa_decomp,Data/Cell_29_integrated/decomp-2p4GPa.xy,13.704101,0.000450059,0.000450059,0.00932542,,,,raw,1,C,100,0,0.690131,-0.0359236,0.000450059,,,0,-0.00852119,-0.00213491,-0.0029498,-0.0029498,0.00731358,-0.403331,-0.0507224,-0.000559737,0.00932542,0.0316309,0,0
2.4GPa_decomp,Data/Cell_29_integrated/decomp-2p4GPa.xy,13.735732,0.387687,0.387687,0.0224645,,,,matched;micro;shoulder,3,C,301.394,0,0.690085,-0.0354677,0.0022707,w2:0.387687;w3:0.210179,2,0.387687,-0.00604092,0.00109804,0.000860448,0.000860448,0.00856835,0.100422,-0.00892135,0.000789941,0.0224645,0.221417,1,0
2.4GPa_decomp,Data/Cell_29_integrated/decomp-2p4GPa.xy,13.751548,0.00473126,0.00473126,0.0292881,,,,raw,1,C,100.005,0,0.692352,-0.0368674,0.00473126,,,0,-0.00715664,-0.00102647,-0.000306543,-0.00102647,0.00799892,-0.128326,0.0132403,0.00026578,0.0292881,0.0158155,0,0
2.4GPa_decomp,Data/Cell_29_integrated/decomp-2p4GPa.xy,13.846441,0.229873,0.229873,0.0541979,,,,matched;shoulder,2,C,200.232,0,0.695535,-0.0301237,0.00191537,w2:0.229873,2,0.229873,-0.00666107,0.00016347,-0.00115503,-0.00115503,0.00680474,-0.16974,0.139222,0.000524462,0.0541979,0.110708,1,0
2.4GPa_decomp,Data/Cell_29_integrated/decomp-2p4GPa.xy,13.862256,3.72e-05,3.72e-05,0.00795402,,,,raw,1,C,100,0,0.70189,-0.0279988,3.72e-05,,,0,-0.00590239,-0.000162122,-0.00134446,-0.00134446,0.00681674,-0.197229,0.145063,6.46698e-05,0.00795402,0.0158155,0,0
2.4GPa_decomp,Data/Cell_29_integrated/decomp-2p4GPa.xy,13.988780,0.00655238,0.00655238,0.0522438,,,,raw,1,C,192.907,0,0.727934,0.000642291,0.00655238,,,0,0.00872628,0.0102415,0.0106499,0.0102415,0.00110241,9.29004,0.133332,0.00112592,0.0522438,0.0158155,0,0
2.4GPa_decomp,Data/Cell_29_integrated/decomp-2p4GPa.xy,14.052042,0.000471211,0.000471211,0.025584,,,,shoulder,1,C,101.174,0,0.72571,-0.000714112,0.000471211,,,0,-0.000402981,0.00110708,0.00154893,0.00110708,0.00943161,0.11738,0.0501283,-0.000617377,0.025584,0.0158155,1,0
2.4GPa_decomp,Data/Cell_29_integrated/decomp-2p4GPa.xy,14.178565,0.0077526,0.00382313,0.170793,,,,residual,1,C,102.228,0,0.721031,0.00264401,0.00382313,,,0,-0.00238402,0.000609844,0.000584105,0.000584105,0.00262621,0.222414,-0.0202761,-0.00254862,0.170793,0.0474464,0,0
2.4GPa_decomp,Data/Cell_29_integrated/decomp-2p4GPa.xy,14.257643,0.478482,0.478482,0.0533364,,,,matched;micro;raw;shoulder,4,C,401.138,0,0.728803,0.00723355,0.00945123,w2:0.478482,2,0.478482,-0.00179113,0.00448456,0.000418249,0.000418249,0.00643568,0.0649891,-0.0352643,0.00150709,0.0533364,0.126524,1,0
2.4GPa_decomp,Data/Cell_29_integrated/decomp-2p4GPa.xy,14.289274,0.243186,0.243186,0,,,,matched,1,C,100.243,0,0.719351,0.00621391,0,w3:0.243186,3,0.243186,-0.00331626,0.0016015,-0.00116482,-0.00116482,0.00459584,-0.25345,-0.0168232,-3.86247e-05,0,0.0316309,1,0
2.4GPa_decomp,Data/Cell_29_integrated/decomp-2p4GPa.xy,14.320905,0.00700685,0.00157886,0.0119725,,,,raw,1,C,100.002,0,0.722888,0.00464735,0.00157886,,,0,-0.00443086,-0.00162288,-0.00318136,-0.00318136,0.00157831,-2.01567,0.0167813,-0.00115001,0.0119725,0.0316309,0,0
2.4GPa_decomp,Data/Cell_29_integrated/decomp-2p4GPa.xy,14.352536,0.00693062,8.08559e-05,0.0110562,,,,shoulder,1,C,100,0,0.722092,0.00693062,8.08559e-05,,,0,-0.00249719,-0.000794487,-0.000316962,-0.000794487,0.00264501,-0.300372,0.0394645,0.00014639,0.0110562,0.0158155,1,0
2.4GPa_decomp,Data/Cell_29_integrated/decomp-2p4GPa.xy,14.368351,0.20755,0.20755,0,,,,matched,1,C,100.208,0,0.72484,0.00741101,0,w2:0.20755,2,0.20755,-0.00233195,0.000286317,-0.000123866,-0.000123866,0.00357251,-0.034672,0.0428965,6.55338e-05,0,0.0158155,1,0
2.4GPa_decomp,Data/Cell_29_integrated/decomp-2p4GPa.xy,14.384166,0.00799153,0.00122221,0.101448,,,,shoulder,1,C,100.752,0,0.725132,0.00799153,0.00122221,,,0,-0.00196978,0.000660938,0.000279093,0.000279093,0.0037173,0.0750794,0.0433943,0.000274747,0.101448,0.0158155,1,0
2.4GPa_decomp,Data/Cell_29_integrated/decomp-2p4GPa.xy,14.399982,0.00814427,0.000798428,0.0171641,,,,raw,1,C,100.943,0,0.725814,0.00785496,0.000798428,,,0,-0.00192832,0.000500023,0.000353885,0.000353885,0.0037546,0.0942537,0.0431247,0.000149978,0.0171641,0.110708,0,0
2.4GPa_decomp,Data/Cell_29_integrated/decomp-2p4GPa.xy,14.510690,1.49146,1.49146,0.145772,,,,matched;micro;raw;shoulder,4,C,495.006,0,0.737732,0.0157051,0.0184576,w2:1.20454;w3:1.49146,3,1.49146,0.0090174,0.00935051,0.00957136,0.00935051,0.00100009,9.34963,0.00906259,0.00164273,0.145772,0.0158155,1,0
2.4GPa_decomp,Data/Cell_29_integrated/decomp-2p4GPa.xy,14.573952,0.0107489,0.000822973,0.0208484,,,,raw,1,C,109.65,0,0.732105,0.00826263,0.000822973,,,0,0.00349958,0.00624791,0.0063055,0.00624791,0.00647517,0.964902,-0.0402522,-0.000333593,0.0208484,0.0316309,0,0
2.4GPa_decomp,Data/Cell_29_integrated/decomp-2p4GPa.xy,14.637214,0.00710916,0.00710916,0.0266469,,,,micro;raw,2,C,220.365,0,0.730908,0.00579832,0.00710916,,,0,0.00449932,0.00418753,0.00584081,0.00418753,0.00205694,2.0358,-0.0801258,0.0015107,0.0266469,0.0948928,0,0
2.4GPa_decomp,Data/Cell_29_integrated/decomp-2p4GPa.xy,14.653029,0.52911,0.52911,0.0561991,,,,matched;shoulder,2,C,217.098,0,0.728194,0.00481659,0.00462855,w2:0.52911,2,0.52911,0.00423655,0.00432794,0.00627855,0.00432794,0.0026128,1.65644,-0.0805052,0.00208411,0.0561991,0.0158155,1,0
2.4GPa_decomp,Data/Cell_29_integrated/decomp-2p4GPa.xy,14.732107,0.00128676,0.00128676,0.0351432,,,,shoulder,1,C,100.001,0,0.715369,-0.0082584,0.00128676,,,0,-0.00487266,-0.0033201,-0.00285994,-0.0033201,0.00146078,-2.27283,-0.0611052,0.000100028,0.0351432,0.0790773,1,0
2.4GPa_decomp,Data/Cell_29_integrated/decomp-2p4GPa.xy,14.811184,0.322719,0.322719,0.04554,,,,matched;micro;raw;shoulder,4,C,405.261,0,0.717406,-0.00733102,0.00594483,w2:0.322719,2,0.322719,0.00058934,0.00327101,0.00148722,0.00148722,0.00301496,0.493279,-0.0379403,0.00125677,0.04554,0.268863,1,0
2.4GPa_decomp,Data/Cell_29_integrated/decomp-2p4GPa.xy,14.842815,0.213174,0.213174,0,,,,matched,1,C,100.213,0,0.71098,-0.0100062,0,w5:0.213174,5,0.213174,-0.00112955,-0.000340186,0.000222174,-0.000340186,0.00219177,-0.155211,-0.0194221,-0.000659759,0,0.0316309,1,0
2.4GPa_decomp,Data/Cell_29_integrated/decomp-2p4GPa.xy,14.874446,0.555452,0.555452,0,,,,matched,1,C,100.555,0,0.71119,-0.00978799,0,w3:0.555452,3,0.555452,-0.0018598,-0.00117093,0.00098569,-0.00117093,0.00209381,-0.559233,-0.000942797,-0.000701271,0,0.0316309,1,0
2.4GPa_decomp,Data/Cell_29_integrated/decomp-2p4GPa.xy,14.906077,0.550623,0.550623,0.0475989,,,,matched;micro;raw;shoulder,4,C,401.27,0,0.715833,-0.00668979,0.00525404,w2:0.550623,2,0.550623,-0.000788176,0.000238196,0.0045587,0.000238196,0.00333703,0.0713797,0.0242866,0.00135832,0.0475989,0.0948928,1,0
2.4GPa_decomp,Data/Cell_29_integrated/decomp-2p4GPa.xy,15.016785,0.000687859,0.000361798,0.0147312,,,,shoulder,1,C,100.596,0,0.720335,0.000687859,0.000361798,,,0,-0.000207274,0.00391826,0.000339852,0.000339852,0.00570974,0.0595214,0.0519506,0.000383443,0.0147312,0.0158155,1,0
2.4GPa_decomp,Data/Cell_29_integrated/decomp-2p4GPa.xy,15.032601,0.00695852,0.0036212,0.0161413,,,,raw,1,C,106.386,0,0.723813,0.00445151,0.0036212,,,0,0.00396428,0.007217,0.00418187,0.00418187,0.00655179,0.638279,0.041801,2.16455e-05,0.0161413,0.0474464,0,0
2.4GPa_decomp,Data/Cell_29_integrated/decomp-2p4GPa.xy,15.159124,0.00874855,0.00157038,0.00888727,,,,raw;shoulder,2,C,207.593,0,0.722064,0.0073026,0.00157038,,,0,0.00354975,0.00343617,0.00622961,0.00343617,0.00452622,0.759171,-0.0571386,0.000779136,0.00888727,0.0474464,1,0
2.4GPa_decomp,Data/Cell_29_integrated/decomp-2p4GPa.xy,15.222386,0.000502969,0.000502969,0.0297255,,,,shoulder,1,C,100.001,0,0.710575,-0.00163615,0.000502969,,,0,-0.00546313,-0.00325344,-0.00269386,-0.00325344,0.00259121,-1.25557,-0.0875073,-0.000214704,0.0297255,0.0158155,1,0
2.4GPa_decomp,Data/Cell_29_integrated/decomp-2p4GPa.xy,15.238202,0.00256344,0.00256344,0.0137349,,,,raw,1,C,100.003,0,0.71265,-0.00257448,0.00256344,,,0,-0.00584793,-0.00211626,-0.00272546,-0.00272546,0.00373266,-0.730165,-0.0799408,-0.000273666,0.0137349,0.0474464,0,0
2.4GPa_decomp,Data/Cell_29_integrated/decomp-2p4GPa.xy,15.285648,0.309553,0.309553,0,,,,matched,1,C,100.31,0,0.709205,-0.00288935,0,w3:0.309553,3,0.309553,-0.00321199,0.000798324,-0.0012061,-0.0012061,0.00609686,-0.197823,-0.0419365,-0.000126606,0,0.0158155,1,0
2.4GPa_decomp,Data/Cell_29_integrated/decomp-2p4GPa.xy,15.301464,0.483467,0.483467,0.0272411,,,,matched;micro;raw,3,C,303.22,0,0.712601,-0.00132863,0.00703522,w2:0.483467,2,0.483467,-0.000983475,0.00215868,0.00124956,0.00124956,0.00457816,0.272939,-0.0314607,0.00149513,0.0272411,0.126524,0,0
2.4GPa_decomp,Data/Cell_29_integrated/decomp-2p4GPa.xy,15.317279,0.0028509,0.0028509,0.0344664,,,,shoulder,1,C,104.666,0,0.708846,-0.00174163,0.0028509,,,0,-0.00101644,0.0016046,0.00171727,0.0016046,0.00344116,0.466295,-0.0210187,0.001953,0.0344664,0.0158155,1,0
2.4GPa_decomp,Data/Cell_29_integrated/decomp-2p4GPa.xy,15.396356,0.0132592,0.0132592,0.0431722,,,,raw;shoulder,2,C,215.898,0,0.713775,-0.000920985,0.0132592,,,0,0.00306033,0.00415841,0.0037484,0.0037484,0.00235976,1.58846,-0.0163813,0.00127878,0.0431722,0.0316309,1,0
2.4GPa_decomp,Data/Cell_29_integrated/decomp-2p4GPa.xy,15.412172,0,0.00163572,0.0997369,,,,bump,1,C,117.626,0,0.71277,0.00037542,0.00163572,,,0,0.00503198,0.00583346,0.00507821,0.00507821,0.00288135,1.76244,-0.0196226,0.00120533,0.0997369,0.0158155,0,0
2.4GPa_decomp,Data/Cell_29_integrated/decomp-2p4GPa.xy,15.427987,0,0.773167,0.141356,,,,matched;micro;residual,3,C,324.882,0,0.705842,0.000812279,0.00825156,w2:0.773167,2,0.773167,0.00578271,0.00656218,0.0059037,0.0059037,0.00244957,2.4101,-0.0236899,0.000811543,0.141356,0.316309,0,0
2.4GPa_decomp,Data/Cell_29_integrated/decomp-2p4GPa.xy,15.443803,1.14865,1.14865,0,,,,matched,1,C,128.667,0,0.709491,-0.000197733,0,w3:1.03718;w5:1.14865,5,1.14865,0.00492995,0.00558849,0.00557353,0.00557353,0.00202537,2.75186,-0.0270317,-7.45071e-05,0,0.0158155,0,0
2.4GPa_decomp,Data/Cell_29_integrated/decomp-2p4GPa.xy,15.459618,0.00739944,0.00739944,0.0243001,,,,raw,1,C,120.772,0,0.713242,-0.000890348,0.00739944,,,0,0.00420085,0.00441442,0.00511268,0.00441442,0.00212592,2.07647,-0.0272632,5.3239e-05,0.0243001,0.0158155,0,0
2.4GPa_decomp,Data/Cell_29_integrated/decomp-2p4GPa.xy,15.475434,0.502578,0.502578,0.0172413,,,,matched;shoulder,2,C,212.603,0,0.706514,-0.000716158,0.000974706,w8:0.502578,8,0.502578,0.00410155,0.00445203,0.00572767,0.00445203,0.00367948,1.20996,-0.0244112,0.000900199,0.0172413,0.0474464,1,0
2.4GPa_decomp,Data/Cell_29_integrated/decomp-2p4GPa.xy,15.507065,0.00103077,0.00103077,0.0111008,,,,raw,1,C,100.001,0,0.705855,-0.00466939,0.00103077,,,0,-0.000480549,-0.0013281,0.00197524,-0.0013281,0.00418873,-0.317065,-0.0240601,-0.000810435,0.0111008,0.0316309,1,0
2.4GPa_decomp,Data/Cell_29_integrated/decomp-2p4GPa.xy,15.538696,0.00129607,0.00129607,0.0350746,,,,shoulder,1,C,100.001,0,0.702771,-0.00555249,0.00129607,,,0,-0.0020517,-0.00139989,0.000869374,-0.00139989,0.00156042,-0.897124,-0.0377263,0.000485634,0.0350746,0.0632619,1,0
2.4GPa_decomp,Data/Cell_29_integrated/decomp-2p4GPa.xy,15.586142,0.00036956,0.00036956,0.0125422,,,,raw,1,C,100,0,0.699112,-0.00850566,0.00036956,,,0,-0.00496116,-0.00257653,-0.00307217,-0.00307217,0.00272622,-1.12689,-0.0290846,-0.00123356,0.0125422,0.0474464,0,0
2.4GPa_decomp,Data/Cell_29_integrated/decomp-2p4GPa.xy,15.633588,0.596282,0.596282,0.0508712,,,,matched;micro;shoulder,3,C,307.286,0,0.703062,-0.00306374,0.00449622,w2:0.596282;w3:0.231905,2,0.596282,0.00133089,0.00362499,0.00270406,0.00270406,0.0040451,0.668479,-0.0101985,0.00159965,0.0508712,0.126524,1,0
2.4GPa_decomp,Data/Cell_29_integrated/decomp-2p4GPa.xy,15.649404,0.00662205,0.00662205,0.0501374,,,,raw,1,C,109.948,0,0.705103,-0.00275003,0.00662205,,,0,0.0019449,0.00350703,0.00436115,0.00350703,0.00352772,0.994135,-0.00751428,0.00153529,0.0501374,0.0158155,0,0
2.4GPa_decomp,Data/Cell_29_integrated/decomp-2p4GPa.xy,15.728481,0,0.00176086,0.118678,,,,bump,1,C,114.776,0,0.701688,-0.00272128,0.00176086,,,0,0.00249012,0.00441227,0.00319317,0.00319317,0.00216131,1.47743,-0.015248,0.000224334,0.118678,0.0158155,0,0
2.4GPa_decomp,Data/Cell_29_integrated/decomp-2p4GPa.xy,15.744297,0,0.728543,0.0661732,,,,matched;residual,2,C,221.024,0,0.705097,0.000395938,0.00218173,w5:0.728543,5,0.728543,0.00599411,0.00738281,0.00630726,0.00630726,0.00310803,2.02934,-0.0211878,0.0017431,0.0661732,0.0158155,0,0
2.4GPa_decomp,Data/Cell_29_integrated/decomp-2p4GPa.xy,15.760112,0.991258,0.991258,0.0584871,,,,matched;micro;raw;shoulder,4,C,439.715,0,0.706657,0.00178067,0.0100048,w2:0.991258;w3:0.888119,2,0.991258,0.0072908,0.00820083,0.0075124,0.0075124,0.00194051,3.87136,-0.0236281,0.00235147,0.0584871,0.205601,1,0
2.4GPa_decomp,Data/Cell_29_integrated/decomp-2p4GPa.xy,15.855005,0.00468583,0.00468583,0.0260707,,,,micro;raw;shoulder,3,C,302.412,0,0.699727,-0.00295193,0.00468583,,,0,-0.00182467,0.00121135,0.00221933,0.00121135,0.00503239,0.24071,-0.0022836,0.00180043,0.0260707,0.0948928,1,0
2.4GPa_decomp,Data/Cell_29_integrated/decomp-2p4GPa.xy,15.949898,0.017429,0.017429,0.0634549,,,,raw;shoulder,2,C,303.216,0,0.708061,0.00763054,0.017429,,,0,0.00914789,0.0098914,0.00904177,0.00904177,0.000876148,10.3199,-0.00472076,0.00318421,0.0634549,0.0158155,1,0
2.4GPa_decomp,Data/Cell_29_integrated/decomp-2p4GPa.xy,15.981529,0.459732,0.459732,0,,,,matched,1,C,160.599,0,0.702514,0.00676795,0,w5:0.459732,5,0.459732,0.00672186,0.00701918,0.00697881,0.00697881,0.00116044,6.01392,-0.000998983,0.000924702,0,0.0158155,0,0
2.4GPa_decomp,Data/Cell_29_integrated/decomp-2p4GPa.xy,16.044790,0.00497099,0.00278451,0.0172503,,,,raw,1,C,100.031,0,0.698108,0.00321605,0.00278451,,,0,-0.00184776,0.000575261,8.39489e-06,8.39489e-06,0.00294481,0.00285074,-0.00597304,8.10392e-06,0.0172503,0.0632619,0,0
2.4GPa_decomp,Data/Cell_29_integrated/decomp-2p4GPa.xy,16.060606,0.00384485,0.000618704,0.0389669,,,,shoulder,1,C,100.001,0,0.695751,0.00384485,0.000618704,,,0,-0.00238176,-0.000105935,-0.000713838,-0.000713838,0.00214269,-0.33315,-0.0121692,7.58102e-05,0.0389669,0.0158155,1,0
2.4GPa_decomp,Data/Cell_29_integrated/decomp-2p4GPa.xy,16.155499,0.0118764,0.00255414,0.0776032,,,,micro;raw,2,C,233.756,0,0.697785,0.0118764,0.00255414,,,0,0.00283326,0.00327747,0.00326381,0.00326381,0.000966949,3.37537,-0.0144083,0.000412523,0.0776032,0.0158155,0,0
2.4GPa_decomp,Data/Cell_29_integrated/decomp-2p4GPa.xy,16.171314,0.348901,0.348901,0,,,,bump;matched,2,C,255.273,0,0.697354,0.012601,0.000549124,w2:0.348901;w3:0.210425,2,0.348901,0.00315397,0.00348373,0.00345984,0.00345984,0.00062994,5.49232,-0.0169432,0.000428834,0,0.0948928,0,0
2.4GPa_decomp,Data/Cell_29_integrated/decomp-2p4GPa.xy,16.187130,0.0142144,0.00306625,0.0772403,,,,raw,1,C,125.903,0,0.698212,0.0132761,0.00306625,,,0,0.00327133,0.00401478,0.00331894,0.00331894,0.00128147,2.58994,-0.0219135,0.00046211,0.0772403,0.0158155,0,0
2.4GPa_decomp,Data/Cell_29_integrated/decomp-2p4GPa.xy,16.202945,0.0132319,0.00159106,0.114649,,,,shoulder,1,C,112.657,0,0.695168,0.0132319,0.00159106,,,0,0.00254497,0.00393082,0.00308075,0.00308075,0.00243434,1.26554,-0.0280082,0.000528519,0.114649,0.0158155,1,0
2.4GPa_decomp,Data/Cell_29_integrated/decomp-2p4GPa.xy,16.218761,0.0137697,0.000509823,0.00923856,,,,raw,1,C,108.161,0,0.695678,0.0128872,0.000509823,,,0,0.00169411,0.00299824,0.00266681,0.00266681,0.00326787,0.816071,-0.0351889,-9.64575e-05,0.00923856,0.0158155,0,0
2.4GPa_decomp,Data/Cell_29_integrated/decomp-2p4GPa.xy,16.282022,0.0163802,0.00564174,0.0311604,,,,micro;raw,2,C,222.836,0,0.696832,0.0163802,0.00564174,,,0,0.0060183,0.00597437,0.00582339,0.00582339,0.0025507,2.28306,-0.0807957,0.00105013,0.0311604,0.0158155,0,0
2.4GPa_decomp,Data/Cell_29_integrated/decomp-2p4GPa.xy,16.297838,1.93577,1.93577,0.0579812,,,,matched;shoulder,2,C,226.734,0,0.694327,0.0167187,0.00283823,w2:0.624203;w5:1.93577,5,1.93577,0.00717835,0.00736212,0.00708414,0.00708414,0.00285703,2.47955,-0.0934515,0.00141682,0.0579812,0.0316309,1,0
2.4GPa_decomp,Data/Cell_29_integrated/decomp-2p4GPa.xy,16.313653,0.942959,0.942959,0,,,,matched,1,C,122.14,0,0.691521,0.0156965,0,w3:0.942959,3,0.942959,0.00692123,0.00757101,0.00773279,0.00757101,0.0035718,2.11966,-0.104615,0.000626085,0,0.0158155,0,0
2.4GPa_decomp,Data/Cell_29_integrated/decomp-2p4GPa.xy,16.376915,0.0109177,0.000950104,0.0731137,,,,shoulder,1,C,108.294,0,0.683333,0.0109177,0.000950104,,,0,0.00369736,0.00399947,0.00571008,0.00399947,0.00482263,0.829313,-0.12206,0.0005622,0.0731137,0.0632619,1,0
2.4GPa_decomp,Data/Cell_29_integrated/decomp-2p4GPa.xy,16.408546,0.00720621,4.80055e-05,0.0100699,,,,shoulder,1,C,100,0,0.676576,0.00720621,4.80055e-05,,,0,0.000653809,-0.000806686,0.00278853,-0.000806686,0.00260912,-0.309179,-0.13418,0.000532717,0.0100699,0.0316309,1,0
2.4GPa_decomp,Data/Cell_29_integrated/decomp-2p4GPa.xy,16.503439,0.00537479,0.00537479,0.0315673,,,,micro;raw,2,C,201.959,0,0.666765,0.00250717,0.00537479,,,0,-0.0011343,0.00310126,0.000725402,0.000725402,0.00371301,0.195368,-0.106462,0.0014601,0.0315673,0.0158155,0,0
2.4GPa_decomp,Data/Cell_29_integrated/decomp-2p4GPa.xy,16.519254,0.641983,0.641983,0.0442205,,,,matched;shoulder,2,C,205.542,0,0.666318,0.00356527,0.00437651,w2:0.641983,2,0.641983,0.000723295,0.00438053,0.00237349,0.00237349,0.00484795,0.489587,-0.101603,0.00248742,0.0442205,0.0948928,1,0
2.4GPa_decomp,Data/Cell_29_integrated/decomp-2p4GPa.xy,16.661594,0.00302433,0.00302433,0.0156682,,,,raw,1,C,109.372,0,0.651797,-2.36716e-05,0.00302433,,,0,0.00406582,0.00410368,0.00689321,0.00410368,0.00438025,0.936859,-0.120574,9.67116e-06,0.0156682,0.0316309,0,0
2.4GPa_decomp,Data/Cell_29_integrated/decomp-2p4GPa.xy,16.677409,0.000725519,0.000725519,0.0243454,,,,shoulder,1,C,103.986,0,0.648715,-0.0019924,0.000725519,,,0,0.00174198,0.00224567,0.00585235,0.00224567,0.00563483,0.398535,-0.115965,0.00073519,0.0243454,0.0158155,1,0
2.4GPa_decomp,Data/Cell_29_integrated/decomp-2p4GPa.xy,16.740671,0.00184285,0.00184285,0.0139444,,,,raw,1,C,100.002,0,0.634178,-0.0125085,0.00184285,,,0,-0.009838,-0.00634736,-0.00646838,-0.00646838,0.00220684,-2.93106,-0.108855,-0.00134056,0.0139444,0.0632619,0,0
2.4GPa_decomp,Data/Cell_29_integrated/decomp-2p4GPa.xy,16.756486,0.000485913,0.000485913,0.0279624,,,,shoulder,1,C,100,0,0.631764,-0.0116105,0.000485913,,,0,-0.00911215,-0.00405397,-0.00632997,-0.00632997,0.00336959,-1.87856,-0.101233,-0.000466586,0.0279624,0.0158155,1,0
2.4GPa_decomp,Data/Cell_29_integrated/decomp-2p4GPa.xy,16.788117,0.000996014,0.000996014,0.0113384,,,,raw,1,C,100.001,0,0.632137,-0.010098,0.000996014,,,0,-0.00628727,0.00093004,-0.00378927,-0.00378927,0.00546984,-0.692758,-0.0776208,-0.000952499,0.0113384,0.0316309,1,0
2.4GPa_decomp,Data/Cell_29_integrated/decomp-2p4GPa.xy,16.819748,0.503503,0.503503,0.0353237,,,,matched;micro;shoulder,3,C,305.329,0,0.633336,-0.00485178,0.00321241,w2:0.503503,2,0.503503,0.00171342,0.00603684,0.0029273,0.0029273,0.00607025,0.482238,-0.072505,0.00167667,0.0353237,0.0948928,1,0
2.4GPa_decomp,Data/Cell_29_integrated/decomp-2p4GPa.xy,16.835564,0.00565341,0.00565341,0.0286687,,,,raw,1,C,105.888,0,0.635495,-0.00502022,0.00565341,,,0,0.00285012,0.0060702,0.0033758,0.0033758,0.00573906,0.588214,-0.0746096,0.00135091,0.0286687,0.0158155,0,0
2.4GPa_decomp,Data/Cell_29_integrated/decomp-2p4GPa.xy,16.867195,0,0.00548804,0.136849,,,,residual,1,C,107.871,0,0.625291,-0.00814819,0.00548804,,,0,0.00108847,0.00318697,0.00423048,0.00318697,0.00405172,0.786574,-0.0765696,-0.00198368,0.136849,0.0158155,0,0
2.4GPa_decomp,Data/Cell_29_integrated/decomp-2p4GPa.xy,16.883010,0.455862,0.455862,0,,,,matched,1,C,108.899,0,0.625398,-0.0075386,0,w8:0.455862,8,0.455862,0.00194657,0.00397346,0.00459844,0.00397346,0.00470632,0.844281,-0.0781638,-0.00239505,0,0.0158155,0,0
2.4GPa_decomp,Data/Cell_29_integrated/decomp-2p4GPa.xy,16.898826,1.79312,1.79312,0,,,,matched,1,C,116.909,0,0.628794,-0.00321773,0,w5:1.79312,5,1.79312,0.00644191,0.00783036,0.00868357,0.00783036,0.00518018,1.5116,-0.080236,-8.14938e-05,0,0.0158155,0,0
2.4GPa_decomp,Data/Cell_29_integrated/decomp-2p4GPa.xy,17.041165,0.00803901,0.00803901,0.0627765,,,,raw,1,C,101.366,0,0.614904,-0.00840232,0.00803901,,,0,-0.00182132,0.00455265,0.000871548,0.000871548,0.0064163,0.135833,-0.0734392,0.00194677,0.0627765,0.0158155,0,0
2.4GPa_decomp,Data/Cell_29_integrated/decomp-2p4GPa.xy,17.056980,0.864693,0.864693,0.053247,,,,matched;micro;shoulder,3,C,304.705,0,0.612946,-0.0071373,0.0063399,w2:0.864693,2,0.864693,-0.000281314,0.00582158,0.00234044,0.00234044,0.00610394,0.383431,-0.0699273,0.00207489,0.053247,0.110708,1,0
2.4GPa_decomp,Data/Cell_29_integrated/decomp-2p4GPa.xy,17.151873,0.718834,0.718834,0,,,,matched,1,C,109.503,0,0.614737,-0.00237271,0,w2:0.718834,2,0.718834,0.0016057,0.00345216,0.00345078,0.00345078,0.00392854,0.878386,0.00761409,0.00237349,0,0.0158155,0,0
2.4GPa_decomp,Data/Cell_29_integrated/decomp-2p4GPa.xy,17.167689,0.0105645,0.0105645,0.0477959,,,,micro;raw;shoulder,3,C,307.873,0,0.614845,-0.00113738,0.0105645,,,0,0.00176193,0.00362908,0.00451316,0.00362908,0.00461549,0.786284,0.0047228,0.00269099,0.0477959,0.0948928,1,0
2.4GPa_decomp,Data/Cell_29_integrated/decomp-2p4GPa.xy,17.215135,0.0004235,0.00318354,0.099912,,,,bump,1,C,100.003,0,0.604125,-0.00581096,0.00318354,,,0,-0.00419303,-0.00101064,-0.00282607,-0.00282607,0.00592141,-0.477264,-0.0163199,-0.00324122,0.099912,0.0474464,0,0
2.4GPa_decomp,Data/Cell_29_integrated/decomp-2p4GPa.xy,17.310028,1.27669,1.27669,0,,,,matched,1,C,119.787,0,0.611824,0.00625404,0,w8:1.27669,8,1.27669,0.00437818,0.00476088,0.00722389,0.00476088,0.00257195,1.85108,-0.0245269,0.00105506,0,0.0316309,0,0
2.4GPa_decomp,Data/Cell_29_integrated/decomp-2p4GPa.xy,17.357474,0.00443354,0.00525748,0.172136,,,,residual,1,C,100.005,0,0.598114,-0.00323528,0.00525748,,,0,-0.00773656,-0.00431217,-0.00516417,-0.00516417,0.00359912,-1.43484,-0.0311066,-0.00268936,0.172136,0.0474464,0,0
2.4GPa_decomp,Data/Cell_29_integrated/decomp-2p4GPa.xy,17.420736,0.00948744,0.00948744,0.0787407,,,,micro;raw;shoulder,3,C,309.061,0,0.60735,0.00602661,0.00948744,,,0,0.00228344,0.00637112,0.00271162,0.00271162,0.00299586,0.905122,-0.041264,0.00164331,0.0787407,0.142339,1,0
2.4GPa_decomp,Data/Cell_29_integrated/decomp-2p4GPa.xy,17.436551,1.00175,1.00175,0,,,,matched,1,C,108.272,0,0.606406,0.00573408,0,w2:0.820887;w3:1.00175,3,1.00175,0.00255494,0.00582687,0.00309746,0.00309746,0.0042605,0.727018,-0.0332478,0.000788749,0,0.0158155,0,0
2.4GPa_decomp,Data/Cell_29_integrated/decomp-2p4GPa.xy,17.468182,0.00440165,0.000295084,0.0089391,,,,raw,1,C,108.003,0,0.604508,0.00374438,0.000295084,,,0,0.00126814,0.00303785,0.00231426,0.00231426,0.00289191,0.800255,-0.0197865,0.000137846,0.0089391,0.0316309,0,0
2.4GPa_decomp,Data/Cell_29_integrated/decomp-2p4GPa.xy,17.499813,0.00337828,0.000780554,0.0388206,,,,bump,1,C,101.152,0,0.600868,0.00097785,0.000780554,,,0,-0.000892458,0.000346029,0.00069168,0.000346029,0.00300614,0.115107,-0.0183321,-0.000472089,0.0388206,0.0316309,0,0
2.4GPa_decomp,Data/Cell_29_integrated/decomp-2p4GPa.xy,17.531444,0.00113364,8.86549e-05,0.00822376,,,,raw,1,C,100,0,0.6005,0.000101239,8.86549e-05,,,0,-0.00172197,-0.000194027,-0.00125364,-0.00125364,0.00197581,-0.634496,-0.0276108,-0.00086131,0.00822376,0.0316309,0,0
2.4GPa_decomp,Data/Cell_29_integrated/decomp-2p4GPa.xy,17.578891,0.491528,0.491528,0.059895,,,,matched;micro;raw,3,C,309.53,0,0.603903,0.00291225,0.00562124,w2:0.491528;w3:0.377651,2,0.491528,0.00154334,0.00262038,0.00268581,0.00262038,0.00290083,0.903319,-0.025063,0.000681669,0.059895,0.205601,0,0
2.4GPa_decomp,Data/Cell_29_integrated/decomp-2p4GPa.xy,17.594706,0.00256039,0.00159519,0.0858896,,,,shoulder,1,C,106.32,0,0.600017,0.00256039,0.00159519,,,0,0.00128501,0.00184205,0.0029531,0.00184205,0.00291549,0.631813,-0.0171232,0.000733884,0.0858896,0.0158155,1,0
2.4GPa_decomp,Data/Cell_29_integrated/decomp-2p4GPa.xy,17.610522,0.0024076,0.0012651,0.0109413,,,,raw,1,C,100.858,0,0.601282,0.00154704,0.0012651,,,0,-7.40715e-05,0.000208945,0.00273652,0.000208945,0.00243755,0.0857193,-0.00706288,0.000531495,0.0109413,0.0158155,0,0
2.4GPa_decomp,Data/Cell_29_integrated/decomp-2p4GPa.xy,17.705414,0.00507261,0.00507261,0.0278427,,,,raw;shoulder,2,C,200.005,0,0.602342,0.000945498,0.00507261,,,0,-0.0018246,0.00161914,-0.00103232,-0.00103232,0.00340461,-0.303213,0.00273669,0.000443659,0.0278427,0.0790773,1,0
2.4GPa_decomp,Data/Cell_29_integrated/decomp-2p4GPa.xy,17.895200,0.0030812,0.0030812,0.0453547,,,,raw,1,C,102.734,0,0.594911,-0.0034001,0.0030812,,,0,-0.000639182,0.00106608,0.00178351,0.00106608,0.00390395,0.273077,-0.0706251,-0.000159894,0.0453547,0.0158155,0,0
2.4GPa_decomp,Data/Cell_29_integrated/decomp-2p4GPa.xy,17.911015,0.000411585,0.000411585,0.0235103,,,,micro,1,C,104.192,0,0.594155,-0.0032004,0.000411585,,,0,-0.000154053,0.00157865,0.00321183,0.00157865,0.0037664,0.41914,-0.0679057,0.000941164,0.0235103,0.0158155,0,0
2.4GPa_decomp,Data/Cell_29_integrated/decomp-2p4GPa.xy,17.926831,0.459078,0.459078,0.00932669,,,,matched;raw;shoulder,3,C,302.977,0,0.594902,-0.00387856,0.00208123,w2:0.459078,2,0.459078,-0.000531795,0.00129978,0.00368324,0.00129978,0.00516622,0.251592,-0.0634141,0.00114446,0.00932669,0.126524,1,0
2.4GPa_decomp,Data/Cell_29_integrated/decomp-2p4GPa.xy,18.069170,0.738081,0.738081,0.0383208,,,,matched;micro;raw;shoulder,4,C,405.271,0,0.591887,-0.00594384,0.00498876,w2:0.738081,2,0.738081,0.00156813,0.00506934,0.00187312,0.00187312,0.00413689,0.452785,0.00383243,0.00139683,0.0383208,0.268863,1,0
2.4GPa_decomp,Data/Cell_29_integrated/decomp-2p4GPa.xy,18.084986,0.766826,0.766826,0,,,,matched,1,C,104.622,0,0.589646,-0.00693462,0,w3:0.766826,3,0.766826,0.000947311,0.00355823,0.00149623,0.00149623,0.00388062,0.385565,0.00782249,0.00031244,0,0.0158155,0,0
2.4GPa_decomp,Data/Cell_29_integrated/decomp-2p4GPa.xy,18.116617,0.578491,0.578491,0,,,,matched,1,C,100.578,0,0.58885,-0.00856097,0,w5:0.578491,5,0.578491,-0.000876992,1.35867e-06,-0.000498152,-0.000498152,0.00339768,-0.146615,0.0214545,-0.00107746,0,0.0316309,1,0
2.4GPa_decomp,Data/Cell_29_integrated/decomp-2p4GPa.xy,18.164063,0.000666664,0.000666664,0.00923945,,,,bump;raw,2,C,207.063,0,0.592577,-0.00440325,0.000666664,,,0,0.00175755,0.00222057,0.00367291,0.00222057,0.00314436,0.706207,0.0336548,0.000854026,0.00923945,0.0158155,0,0
2.4GPa_decomp,Data/Cell_29_integrated/decomp-2p4GPa.xy,18.179878,0.386253,0.386253,0.0720768,,,,matched;micro;shoulder,3,C,305.221,0,0.59231,-0.00411202,0.00556808,w2:0.386253,2,0.386253,0.000723072,0.00124573,0.00371082,0.00124573,0.00257966,0.482905,0.038902,0.00120893,0.0720768,0.110708,1,0
2.4GPa_decomp,Data/Cell_29_integrated/decomp-2p4GPa.xy,18.195694,0.00902511,0.00902511,0.0742269,,,,raw,1,C,100.009,0,0.59404,-0.00453455,0.00902511,,,0,-0.00151991,-0.000900684,0.00288073,-0.000900684,0.00223203,-0.403526,0.0463629,0.00115919,0.0742269,0.0158155,1,0
2.4GPa_decomp,Data/Cell_29_integrated/decomp-2p4GPa.xy,18.227325,0.000381986,0.000381986,0.00868237,,,,raw,1,C,100,0,0.588914,-0.00917026,0.000381986,,,0,-0.00876436,-0.00735645,-0.00618342,-0.00735645,0.00203474,-3.61542,0.0548296,-0.00253834,0.00868237,0.0316309,0,0
2.4GPa_decomp,Data/Cell_29_integrated/decomp-2p4GPa.xy,18.274771,0.00254354,0.00254354,0.0350593,,,,shoulder,1,C,100.003,0,0.599879,-0.00032882,0.00254354,,,0,-0.000868668,0.00257266,-0.000398128,-0.000398128,0.00209189,-0.190319,0.0522901,0.00139442,0.0350593,0.0158155,1,0
2.4GPa_decomp,Data/Cell_29_integrated/decomp-2p4GPa.xy,18.290587,0.00544995,0.00544995,0.0271356,,,,raw,1,C,102.698,0,0.600446,0.00179557,0.00544995,,,0,0.000464656,0.00339067,0.00132762,0.00132762,0.0049308,0.269251,0.0578283,0.000652195,0.0271356,0.0474464,0,0
2.4GPa_decomp,Data/Cell_29_integrated/decomp-2p4GPa.xy,18.338033,0.9378,0.9378,0,,,,matched,1,C,110.792,0,0.605454,0.00936757,0,w3:0.9378,3,0.9378,0.00465661,0.00498368,0.00637472,0.00498368,0.00505717,0.98547,0.0776828,0.000991138,0,0.0158155,0,0
2.4GPa_decomp,Data/Cell_29_integrated/decomp-2p4GPa.xy,18.353848,1.07588,1.07588,0.0497688,,,,matched;micro;raw;shoulder,4,C,413.965,0,0.612412,0.0130572,0.0152198,w2:1.07588,2,1.07588,0.0072312,0.00682186,0.00999706,0.00682186,0.00529889,1.28741,0.0804803,0.00319762,0.0497688,0.110708,1,0
2.4GPa_decomp,Data/Cell_29_integrated/decomp-2p4GPa.xy,18.543634,0.0171688,0.00206025,0.00994268,,,,raw;shoulder,2,C,223.193,0,0.608572,0.0143052,0.00206025,,,0,0.00726412,0.0114538,0.00882942,0.00882942,0.00380727,2.31909,-0.072389,0.000633541,0.00994268,0.0474464,1,0
2.4GPa_decomp,Data/Cell_29_integrated/decomp-2p4GPa.xy,18.606896,0.00575374,0.00225533,0.0237655,,,,raw,1,C,100.002,0,0.595517,0.00503393,0.00225533,,,0,-0.0021346,-0.000772321,0.000725699,-0.000772321,0.00164486,-0.469534,-0.122152,0.000218161,0.0237655,0.0632619,1,0
2.4GPa_decomp,Data/Cell_29_integrated/decomp-2p4GPa.xy,18.622711,0.00257645,0.00127949,0.0458879,,,,shoulder,1,C,100.001,0,0.594403,0.00257645,0.00127949,,,0,-0.00384083,-0.00181287,-0.00135768,-0.00181287,0.00147655,-1.22777,-0.123108,0.00034986,0.0458879,0.0158155,1,0
2.4GPa_decomp,Data/Cell_29_integrated/decomp-2p4GPa.xy,18.670158,0.00412577,0.00412577,0.0143061,,,,raw,1,C,100.004,0,0.5883,-0.00226767,0.00412577,,,0,-0.00603119,-0.00281044,-0.00232396,-0.00281044,0.00414183,-0.678551,-0.084792,-0.001288,0.0143061,0.0316309,0,0
2.4GPa_decomp,Data/Cell_29_integrated/decomp-2p4GPa.xy,18.701789,0.301884,0.301884,0.0109523,,,,matched;micro;raw;shoulder,4,C,400.993,0,0.588972,-0.000721688,0.00577164,w2:0.301884,2,0.301884,-0.00283886,0.000416769,0.00144612,0.000416769,0.00608252,0.0685191,-0.0608283,0.00088887,0.0109523,0.126524,1,0
2.4GPa_decomp,Data/Cell_29_integrated/decomp-2p4GPa.xy,18.733420,0.000353857,0.000353857,0.00848204,,,,raw,1,C,100,0,0.584072,-0.00267359,0.000353857,,,0,-0.00335898,-0.000252817,-0.000125151,-0.000252817,0.00401695,-0.0629376,-0.0462746,0.000515622,0.00848204,0.0316309,0,0
2.4GPa_decomp,Data/Cell_29_integrated/decomp-2p4GPa.xy,18.765051,0.000979168,0.000979168,0.0103647,,,,raw,1,C,100.001,0,0.580179,-0.00675025,0.000979168,,,0,-0.0068818,-0.00429333,-0.00476954,-0.00476954,0.00326446,-1.46105,-0.0343558,-0.00228308,0.0103647,0.0632619,0,0
2.4GPa_decomp,Data/Cell_29_integrated/decomp-2p4GPa.xy,18.828312,1.12107,1.12107,0.0529481,,,,matched;micro;raw;shoulder,4,C,432.009,0,0.589138,0.00525854,0.0121104,w2:1.12107;w3:0.813404,2,1.12107,0.00778635,0.0083223,0.00868522,0.0083223,0.00269539,3.0876,-0.0259646,0.00322603,0.0529481,0.332125,1,0
2.4GPa_decomp,Data/Cell_29_integrated/decomp-2p4GPa.xy,18.859943,0.448924,0.448924,0,,,,matched,1,C,108.322,0,0.580913,-0.000553921,0,w5:0.448924,5,0.448924,0.00158848,0.00263478,0.00314622,0.00263478,0.00334664,0.787289,-0.0304882,-0.000878623,0,0.0316309,0,0
2.4GPa_decomp,Data/Cell_29_integrated/decomp-2p4GPa.xy,18.923205,0.00739243,0.00739243,0.0419757,,,,micro;raw,2,C,208.251,0,0.583785,0.00242664,0.00739243,,,0,0.00235767,0.00458419,0.00465082,0.00458419,0.00556057,0.82441,-0.0266433,0.00162218,0.0419757,0.0948928,0,0
2.4GPa_decomp,Data/Cell_29_integrated/decomp-2p4GPa.xy,18.939021,0.652257,0.652257,0.0675756,,,,matched;shoulder,2,C,207.701,0,0.580531,0.00302268,0.00390213,w2:0.652257,2,0.652257,0.00233249,0.00361882,0.00468729,0.00361882,0.00513699,0.704462,-0.0306932,0.00166843,0.0675756,0.0158155,1,0
2.4GPa_decomp,Data/Cell_29_integrated/decomp-2p4GPa.xy,19.002283,0.000700854,0.000700854,0.00917902,,,,raw,1,C,100.001,0,0.57411,-0.00368871,0.000700854,,,0,-0.00617739,-0.00333979,-0.00495497,-0.00495497,0.00198589,-2.49508,-0.0263787,-0.0022337,0.00917902,0.0474464,0,0
2.4GPa_decomp,Data/Cell_29_integrated/decomp-2p4GPa.xy,19.049729,0.00576647,0.00473984,0.054935,,,,shoulder,1,C,114.233,0,0.581356,0.00576647,0.00473984,,,0,0.00374136,0.00576914,0.00346182,0.00346182,0.00243303,1.42284,-0.0259285,0.002205,0.054935,0.0158155,1,0
2.4GPa_decomp,Data/Cell_29_integrated/decomp-2p4GPa.xy,19.065544,0.51014,0.51014,0.057286,,,,matched;micro;raw,3,C,314.145,0,0.582636,0.00660039,0.0128846,w2:0.51014,2,0.51014,0.00491909,0.00665779,0.00408977,0.00408977,0.00300239,1.36217,-0.0336141,0.00193917,0.057286,0.237232,0,0
2.4GPa_decomp,Data/Cell_29_integrated/decomp-2p4GPa.xy,19.128806,2.84151,2.84151,0.0320605,,,,matched;raw,2,C,212.451,0,0.576984,0.00403275,0.00650123,w8:2.84151,8,2.84151,0.00303178,0.00534843,0.00440418,0.00440418,0.00458604,0.960346,-0.048091,-0.00032851,0.0320605,0.0316309,0,0
2.4GPa_decomp,Data/Cell_29_integrated/decomp-2p4GPa.xy,19.144622,0.00471886,2.03523,0.217765,,,,matched;residual,2,C,212.393,0,0.57338,0.0052457,0.00789987,w5:2.03523,5,2.03523,0.00460183,0.00490583,0.00609392,0.00490583,0.00474006,1.03497,-0.0537474,0.000136265,0.217765,0.0158155,0,0
2.4GPa_decomp,Data/Cell_29_integrated/decomp-2p4GPa.xy,19.160437,1.0354,1.0354,0.0393883,,,,matched;micro,2,C,221.524,0,0.570545,0.00632407,0.00115551,w3:1.0354,3,1.0354,0.0060445,0.00493167,0.00701562,0.00493167,0.00240717,2.04874,-0.0627411,0.000847409,0.0393883,0.0948928,0,0
2.4GPa_decomp,Data/Cell_29_integrated/decomp-2p4GPa.xy,19.176253,0.966967,0.966967,0.0284291,,,,matched;raw,2,C,221.517,0,0.576047,0.00678484,0.00550179,w2:0.966967,2,0.966967,0.00671755,0.00584123,0.00803953,0.00584123,0.00284315,2.05449,-0.0748512,0.0017597,0.0284291,0.0158155,0,0
2.4GPa_decomp,Data/Cell_29_integrated/decomp-2p4GPa.xy,19.192068,0.00512408,0.00301665,0.0568348,,,,shoulder,1,C,119.614,0,0.575809,0.00512408,0.00301665,,,0,0.00519938,0.00536496,0.00727152,0.00536496,0.00273573,1.96107,-0.0860979,0.00183595,0.0568348,0.0158155,1,0
2.4GPa_decomp,Data/Cell_29_integrated/decomp-2p4GPa.xy,19.271146,0.00595779,0.00595779,0.0359106,,,,micro;raw;shoulder,3,C,307.158,0,0.564741,-0.00069839,0.00595779,,,0,0.00196691,0.00345124,0.00457294,0.00345124,0.00482537,0.715227,-0.0930959,0.00172517,0.0359106,0.142339,1,0
2.4GPa_decomp,Data/Cell_29_integrated/decomp-2p4GPa.xy,19.286961,0.74728,0.74728,0,,,,matched,1,C,107.514,0,0.563094,-0.00141553,0,w2:0.74728;w3:0.231179,2,0.74728,0.00212198,0.00297265,0.00474665,0.00297265,0.00439329,0.676635,-0.0935025,0.00152925,0,0.0158155,0,0
2.4GPa_decomp,Data/Cell_29_integrated/decomp-2p4GPa.xy,19.413485,0.829673,0.829673,0.0382023,,,,matched;micro;raw;shoulder,4,C,410.061,0,0.555471,-0.00550341,0.0104072,w2:0.829673;w3:0.226441,2,0.829673,1.03386e-05,0.00477072,0.00424467,0.00424467,0.00460335,0.922083,-0.0259719,0.0031412,0.0382023,0.110708,1,0
2.4GPa_decomp,Data/Cell_29_integrated/decomp-2p4GPa.xy,19.555824,1.29973,1.29973,0,,,,matched,1,C,114.917,0,0.554043,-0.00113941,0,w3:1.29973,3,1.29973,0.00601905,0.00792682,0.00859323,0.00792682,0.00582106,1.36175,-0.0380119,-0.000866439,0,0.0158155,0,0
2.4GPa_decomp,Data/Cell_29_integrated/decomp-2p4GPa.xy,19.571639,2.30266,2.30266,0,,,,matched,1,C,113.496,0,0.547074,-0.00205593,0,w5:2.30266;w8:1.97199,5,2.30266,0.00510497,0.00760587,0.00745848,0.00745848,0.00666331,1.11934,-0.0411882,-0.00119596,0,0.0158155,0,0
2.4GPa_decomp,Data/Cell_29_integrated/decomp-2p4GPa.xy,19.603270,0.00680363,0.00680363,0.0475474,,,,raw,1,C,110.994,0,0.553878,-0.000313184,0.00680363,,,0,0.00706571,0.00824318,0.00890201,0.00824318,0.00750236,1.09875,-0.046517,0.000697753,0.0475474,0.0158155,0,0
2.4GPa_decomp,Data/Cell_29_integrated/decomp-2p4GPa.xy,19.619086,0.495429,0.495429,0.0179088,,,,matched;micro;shoulder,3,C,309.292,0,0.55136,0.00117576,0.0037917,w2:0.495429,2,0.495429,0.00781089,0.00526562,0.0103026,0.00526562,0.00598857,0.879278,-0.0494171,0.00259574,0.0179088,0.0790773,1,0
2.4GPa_decomp,Data/Cell_29_integrated/decomp-2p4GPa.xy,19.713979,0.0057676,0.0057676,0.019596,,,,raw,1,C,100.006,0,0.542904,-0.0104578,0.0057676,,,0,-0.0062369,-0.000992268,-0.00356973,-0.00356973,0.00354692,-1.00643,-0.0426154,0.000541117,0.019596,0.0158155,0,0
2.4GPa_decomp,Data/Cell_29_integrated/decomp-2p4GPa.xy,19.729794,0.00379671,0.00379671,0.0291582,,,,micro;shoulder,2,C,200.004,0,0.539659,-0.00826662,0.00379671,,,0,-0.00341026,0.00307672,-0.00148734,-0.00148734,0.00381188,-0.390185,-0.0380956,0.00166829,0.0291582,0.0790773,1,0
2.4GPa_decomp,Data/Cell_29_integrated/decomp-2p4GPa.xy,19.745610,0.00039121,0.00039121,0.00896946,,,,raw,1,C,100,0,0.54005,-0.00858656,0.00039121,,,0,-0.00282634,0.00284712,-0.0019914,-0.0019914,0.00461475,-0.431529,-0.0350878,-0.000178247,0.00896946,0.0158155,1,0
2.4GPa_decomp,Data/Cell_29_integrated/decomp-2p4GPa.xy,19.824687,1.27448,1.27448,0,,,,bump;matched,2,C,230.226,0,0.544149,-0.001813,0.00125901,w5:1.27448,5,1.27448,0.00734693,0.0076893,0.00864221,0.0076893,0.00265602,2.89504,-0.0204045,0.00143807,0,0.0158155,0,0
2.4GPa_decomp,Data/Cell_29_integrated/decomp-2p4GPa.xy,19.840502,0,0.00373961,0.0938507,,,,residual,1,C,118.013,0,0.536702,-0.0048905,0.00373961,,,0,0.00351546,0.00377853,0.00486193,0.00377853,0.00209813,1.8009,-0.0252619,-0.000729481,0.0938507,0.0158155,0,0
2.4GPa_decomp,Data/Cell_29_integrated/decomp-2p4GPa.xy,19.887949,0.00254675,0.00254675,0.0145906,,,,micro;raw;shoulder,3,C,308.933,0,0.53824,-0.00495657,0.00254675,,,0,0.00069108,0.00259097,0.00287919,0.00259097,0.0029012,0.893069,-0.0369725,0.00117641,0.0145906,0.0790773,1,0
2.4GPa_decomp,Data/Cell_29_integrated/decomp-2p4GPa.xy,19.951211,0.00057538,0.00057538,0.00978128,,,,raw,1,C,100.001,0,0.532249,-0.00798818,0.00057538,,,0,-0.00758816,-0.00454942,-0.00031655,-0.00454942,0.00684382,-0.664748,-0.00327452,-0.000651404,0.00978128,0.0316309,0,0
2.4GPa_decomp,Data/Cell_29_integrated/decomp-2p4GPa.xy,19.982842,0.00310658,0.00310658,0.0144918,,,,micro;raw;shoulder,3,C,300.003,0,0.532927,-0.00604435,0.00310658,,,0,-0.0079684,-0.00329089,-0.00176612,-0.00329089,0.00522297,-0.630081,0.0270194,4.04679e-05,0.0144918,0.0948928,1,0
2.4GPa_decomp,Data/Cell_29_integrated/decomp-2p4GPa.xy,20.014472,0.000420406,0.000420406,0.00912422,,,,raw,1,C,100,0,0.532517,-0.00445727,0.000420406,,,0,-0.00820731,-0.0024982,-0.00623544,-0.00623544,0.0046199,-1.34969,0.0476058,-0.00105059,0.00912422,0.0316309,0,0
2.4GPa_decomp,Data/Cell_29_integrated/decomp-2p4GPa.xy,20.109365,0.663298,0.663298,0.0570203,,,,matched;shoulder,2,C,222.131,0,0.548964,0.0163657,0.00412014,w2:0.663298,2,0.663298,0.00737979,0.00864568,0.00690156,0.00690156,0.00321543,2.14639,0.071051,0.00210355,0.0570203,0.0158155,1,0
2.4GPa_decomp,Data/Cell_29_integrated/decomp-2p4GPa.xy,20.251704,4.27006,4.27006,0,,,,matched,1,C,111.531,0,0.544586,0.0196052,0,w5:4.27006,5,4.27006,0.00426208,0.00795981,0.00831803,0.00795981,0.0109627,0.726081,-0.101106,-0.00353643,0,0.0158155,0,0
2.4GPa_decomp,Data/Cell_29_integrated/decomp-2p4GPa.xy,20.441490,0.0187011,0.0187011,0.0373301,,,,micro;raw,2,C,211.265,0,0.523423,0.00586334,0.0187011,,,0,0.00432882,0.00928844,0.00479879,0.00479879,0.00426695,1.12464,-0.208947,0.00375796,0.0373301,0.0158155,0,0
2.4GPa_decomp,Data/Cell_29_integrated/decomp-2p4GPa.xy,20.457306,1.69398,1.69398,0.0541258,,,,matched;shoulder,2,C,214.723,0,0.514314,0.00534716,0.00841332,w2:1.69398,2,1.69398,0.00597506,0.0103965,0.00732309,0.00732309,0.00562444,1.30201,-0.201667,0.00390536,0.0541258,0.0790773,1,0
2.4GPa_decomp,Data/Cell_29_integrated/decomp-2p4GPa.xy,20.473121,1.29155,1.29155,0,,,,matched,1,C,108.122,0,0.507165,-0.00064664,0,w3:1.29155,3,1.29155,0.00136303,0.00455612,0.00425649,0.00425649,0.00623122,0.683091,-0.1826,0.000280641,0,0.0158155,0,0
2.4GPa_decomp,Data/Cell_29_integrated/decomp-2p4GPa.xy,20.536383,0.289569,0.289569,0.0180526,,,,matched;raw;shoulder,3,C,300.296,0,0.501318,-0.00689241,0.00604675,w2:0.289569,2,0.289569,-0.00367168,-0.00060933,0.0063036,-0.00060933,0.0086413,-0.0705137,-0.0924659,0.00190911,0.0180526,0.110708,1,0
2.4GPa_decomp,Data/Cell_29_integrated/decomp-2p4GPa.xy,20.615460,0,0.000846843,0.072935,,,,bump,1,C,100.001,0,0.482725,-0.0140746,0.000846843,,,0,-0.0111215,-0.00445943,-0.0100462,-0.0100462,0.00799842,-1.25602,-0.0733228,-0.00284192,0.072935,0.0316309,0,0
2.4GPa_decomp,Data/Cell_29_integrated/decomp-2p4GPa.xy,20.789430,0.000537636,0.000537636,0.0238736,,,,micro,1,C,100.001,0,0.47874,-0.00616319,0.000537636,,,0,-0.00302155,-0.000979093,3.65532e-05,-0.000979093,0.00387532,-0.252648,-0.129609,0.000477974,0.0238736,0.0158155,1,0
2.4GPa_decomp,Data/Cell_29_integrated/decomp-2p4GPa.xy,20.805246,0.00714987,0.00714987,0.0350451,,,,raw;shoulder,2,C,203.44,0,0.479161,-0.00514799,0.00714987,,,0,-0.0018257,0.00107557,0.00125708,0.00107557,0.00313325,0.343276,-0.135374,0.00223737,0.0350451,0.0790773,1,0
2.4GPa_decomp,Data/Cell_29_integrated/decomp-2p4GPa.xy,20.884323,0.754064,0.754064,0.0351711,,,,matched;micro;raw,3,C,306.234,0,0.472425,-0.00311878,0.00718661,w2:0.754064;w3:0.44876,2,0.754064,0.0013667,0.00398866,0.00443139,0.00398866,0.00728807,0.547286,-0.0805448,0.0024635,0.0351711,0.110708,0,0
2.4GPa_decomp,Data/Cell_29_integrated/decomp-2p4GPa.xy,20.900139,0.00555266,0.00555266,0.0480211,,,,shoulder,1,C,106.178,0,0.46898,-0.00241182,0.00555266,,,0,0.00241648,0.00367216,0.00710749,0.00367216,0.00594884,0.617291,-0.0731129,0.0030987,0.0480211,0.0158155,1,0
2.4GPa_decomp,Data/Cell_29_integrated/decomp-2p4GPa.xy,21.089924,0.00219297,0.00219297,0.0298959,,,,bump;raw,2,C,200.002,0,0.452419,-0.00341261,0.00219297,,,0,-0.00205775,0.00267645,-0.00114997,-0.00114997,0.00919819,-0.125021,-0.0887124,-0.000824995,0.0298959,0.0158155,1,0
2.4GPa_decomp,Data/Cell_29_integrated/decomp-2p4GPa.xy,21.596019,0.000522567,7.37293e-05,0.0243401,,,,shoulder,1,C,100,0,0.405267,0.000522567,7.37293e-05,,,0,-0.00308909,-2.99887e-05,-0.000653537,-0.000653537,0.0040208,-0.162539,-0.0690786,-0.000380113,0.0243401,0.0158155,1,0
2.4GPa_decomp,Data/Cell_29_integrated/decomp-2p4GPa.xy,21.611835,0.00901711,0.00901711,0.0348015,,,,raw,1,C,100.009,0,0.409804,0.000649542,0.00901711,,,0,-0.00330873,-0.000191658,-0.00139329,-0.00139329,0.00350695,-0.397293,-0.072983,-0.000383268,0.0348015,0.0632619,0,0
2.4GPa_decomp,Data/Cell_29_integrated/decomp-2p4GPa.xy,21.943959,0.00314718,0.000786002,0.00842278,,,,raw,1,C,100.001,0,0.382357,-0.000753703,0.000786002,,,0,-0.00188296,-0.00190075,0.00145375,-0.00190075,0.0024043,-0.790562,-0.134212,0.00133182,0.00842278,0.0158155,1,0
2.4GPa_decomp,Data/Cell_29_integrated/decomp-2p4GPa.xy,22.117929,0.00262103,0.00262103,0.0384875,,,,shoulder,1,C,100.003,0,0.348375,-0.0138273,0.00262103,,,0,-0.00345957,-0.00402307,0.00951241,-0.00402307,0.00482726,-0.833406,-0.0840687,0.0023536,0.0384875,0.0316309,1,0
2.4GPa_decomp,Data/Cell_29_integrated/decomp-2p4GPa.xy,22.529132,4.26885e-06,4.26885e-06,0.00791107,,,,raw,1,C,100,0,0.320308,-0.0127701,4.26885e-06,,,0,-0.0296948,-0.0110526,-0.0231338,-0.0231338,0.00865005,-2.67441,-0.0230885,-0.00393591,0.00791107,0.0474464,0,0
2.4GPa_decomp,Data/Cell_29_integrated/decomp-2p4GPa.xy,22.576578,0.0124053,0.00223184,0.0343626,,,,shoulder,1,C,100.002,0,0.335768,0.0124053,0.00223184,,,0,-0.00448181,0.0181996,-0.00447897,-0.00447897,0.015758,-0.284235,-0.060772,0.00211223,0.0343626,0.0158155,1,0
2.4GPa_decomp,Data/Cell_29_integrated/decomp-2p4GPa.xy,22.987780,6.86828e-05,6.86828e-05,0.00811469,,,,raw,1,C,100,0,0.272142,-0.0103154,6.86828e-05,,,0,-0.0193307,-0.011673,-0.0109092,-0.011673,0.00833993,-1.39965,-0.114163,-0.00314386,0.00811469,0.0158155,0,0
2.4GPa_decomp,Data/Cell_29_integrated/decomp-2p4GPa.xy,23.003596,0.000825669,0.000825669,0.0127702,,,,shoulder,1,C,100.001,0,0.269517,-0.00683941,0.000825669,,,0,-0.0152199,-0.00456605,-0.00915832,-0.00915832,0.009334,-0.981178,-0.120462,-0.000909839,0.0127702,0.0158155,1,0
2.4GPa_decomp,Data/Cell_29_integrated/decomp-2p4GPa.xy,23.019411,0.00643689,0.00643689,0.0113577,,,,raw,1,C,100.006,0,0.284272,-0.00286632,0.00643689,,,0,-0.00880121,0.00439399,-0.00604022,-0.00604022,0.0138782,-0.435231,-0.138851,-0.00157286,0.0113577,0.0316309,1,0
2.4GPa_decomp,Data/Cell_29_integrated/decomp-2p4GPa.xy,23.225012,0.0364544,0.0364544,0.0282418,,,,raw,1,C,100.036,0,0.244651,-0.0299809,0.0364544,,,0,-0.0224943,-0.0159048,-2.64311e-05,-0.0159048,0.0121989,-1.3038,-0.219803,0.00012813,0.0282418,0.0632619,0,0
2.4GPa_decomp,Data/Cell_29_integrated/decomp-2p4GPa.xy,23.240828,0.00870875,0.00870875,0.0425393,,,,shoulder,1,C,100.009,0,0.234594,-0.0314377,0.00870875,,,0,-0.0211674,-0.00832405,-0.00373646,-0.00832405,0.0127177,-0.654524,-0.215107,0.00254429,0.0425393,0.0158155,1,0
2.4GPa_decomp,Data/Cell_29_integrated/decomp-2p4GPa.xy,23.810184,0.0342985,0.0342985,0.0113126,,,,raw,1,C,100.034,0,0.199968,-0.0341315,0.0342985,,,0,0,0,0,0,0,0,0,0,0.0113126,0.0632619,0,0
3.9GPa,Data/Cell_29_integrated/3p9GPa.xy,2.142996,0.391971,0.391971,0,,,,matched,1,C,100.392,0,-0.0451966,-0.0141568,0,w3:0.391971,3,0.391971,0.000524603,-0.000120109,0.00145248,-0.000120109,0.00176601,-0.0680114,0.240475,8.39579e-05,0,0.0158155,1,0
3.9GPa,Data/Cell_29_integrated/3p9GPa.xy,2.206258,0.000316305,0.000316305,0.0287144,,,,shoulder,1,C,100,0,-0.0314142,-0.00606551,0.000316305,,,0,-0.00246484,-0.00171989,0.000335137,-0.00171989,0.00103931,-1.65483,0.250168,0.000129598,0.0287144,0.0632619,1,0
3.9GPa,Data/Cell_29_integrated/3p9GPa.xy,2.854692,0.00134173,0.000150416,0.0389475,,,,shoulder,1,C,100,0,0.0201737,0.00134173,0.000150416,,,0,-0.00248084,-0.00115605,-0.00171011,-0.00171011,0.00115879,-1.47577,-0.0357011,-0.00014284,0.0389475,0.0948928,1,0
3.9GPa,Data/Cell_29_integrated/3p9GPa.xy,3.012846,0.000142999,0.000142999,0.0154403,,,,raw,1,C,100,0,0.0171526,-0.00862701,0.000142999,,,0,-0.0012549,-0.000801053,-0.000787944,-0.000801053,0.000441016,-1.81638,-0.0153455,-0.000311181,0.0154403,0.0632619,0,0
3.9GPa,Data/Cell_29_integrated/3p9GPa.xy,3.060293,7.15872e-05,7.15872e-05,0.0123905,,,,raw,1,C,100,0,0.0167906,-0.0104749,7.15872e-05,,,0,-0.000663768,0.000330435,-0.000573424,-0.000573424,0.000547965,-1.04646,-0.0163509,-2.42776e-05,0.0123905,0.0316309,1,0
3.9GPa,Data/Cell_29_integrated/3p9GPa.xy,3.155186,0.000461098,0.000461098,0.0113979,,,,raw;shoulder,2,C,200,0,0.0166191,-0.0140879,0.000461098,,,0,-2.73632e-05,-2.90394e-05,0.000398417,-2.90394e-05,0.000273238,-0.106278,-0.00634549,0.000138825,0.0113979,0.0632619,1,0
3.9GPa,Data/Cell_29_integrated/3p9GPa.xy,3.360787,0.000167607,0.000167607,0.0173925,,,,shoulder,1,C,100,0,0.0217182,-0.00336353,0.000167607,,,0,-0.000161025,0.00210686,-0.000234235,-0.000234235,0.00168852,-0.138722,0.0611423,0.000273693,0.0173925,0.0316309,1,0
3.9GPa,Data/Cell_29_integrated/3p9GPa.xy,3.945959,0.000831865,0.000831865,0.0146763,,,,raw;shoulder,2,C,200.001,0,0.0334054,-0.00294842,0.000831865,,,0,-0.0011704,0.000390814,-2.43974e-05,-2.43974e-05,0.00117993,-0.020677,-0.0446337,0.000311628,0.0146763,0.0948928,1,0
3.9GPa,Data/Cell_29_integrated/3p9GPa.xy,4.025036,0.000366827,0.000366827,0.0380326,,,,raw,1,C,101.3,0,0.0302562,-0.00751462,0.000366827,,,0,-0.000239617,0.000502217,0.000101405,0.000101405,0.000780086,0.129992,-0.0321377,1.72167e-05,0.0380326,0.0158155,0,0
3.9GPa,Data/Cell_29_integrated/3p9GPa.xy,4.293899,1.07468e-05,1.07468e-05,0.00981089,,,,shoulder,1,C,100,0,0.0241845,-0.0179538,1.07468e-05,,,0,-0.00279687,-0.00228407,0.00318113,-0.00228407,0.00332492,-0.686955,0.0172756,2.46968e-06,0.00981089,0.0632619,1,0
3.9GPa,Data/Cell_29_integrated/3p9GPa.xy,4.657655,1.58505e-05,1.58505e-05,0.00798727,,,,shoulder,1,C,100,0,0.0357304,-0.00752639,1.58505e-05,,,0,-0.0297661,5.00896e-05,-0.0185986,-0.0185986,0.0183683,-1.01254,-0.286183,-9.47822e-05,0.00798727,0.0632619,1,0
3.9GPa,Data/Cell_29_integrated/3p9GPa.xy,4.752548,0.232827,0.232827,0,,,,matched,1,C,100.233,0,0.0374481,-0.00424401,0,w3:0.232827,3,0.232827,-0.00215796,0.00155521,-0.0013997,-0.0013997,0.00213015,-0.657089,-0.00179736,-0.000126842,0,0.0316309,1,0
3.9GPa,Data/Cell_29_integrated/3p9GPa.xy,5.005595,0.000242346,0.000242346,0.0115717,,,,raw,1,C,100,0,0.0424074,-0.00577952,0.000242346,,,0,-0.000398167,-0.000224711,-0.000204606,-0.000224711,0.000359609,-0.624876,0.014108,-0.000208178,0.0115717,0.0158155,0,0
3.9GPa,Data/Cell_29_integrated/3p9GPa.xy,5.021411,2.87661,2.87661,0,,,,matched,1,C,102.877,0,0.0421651,-0.00599027,0,w8:2.87661,8,2.87661,-0.000446292,-0.000164438,-0.000307472,-0.000307472,0.000336711,-0.913161,0.0144156,-0.000226947,0,0.0474464,0,0
3.9GPa,Data/Cell_29_integrated/3p9GPa.xy,5.116303,0.000358881,0.000358881,0.0135797,,,,raw,1,C,100,0,0.0440902,-0.00666353,0.000358881,,,0,-0.000202559,-7.72314e-05,-4.05691e-05,-7.72314e-05,0.000428123,-0.180395,0.0120608,-0.000246464,0.0135797,0.0316309,0,0
3.9GPa,Data/Cell_29_integrated/3p9GPa.xy,5.258643,0.000180744,0.000180744,0.0387071,,,,shoulder,1,C,100,0,0.0456326,-0.00718704,0.000180744,,,0,-0.000676076,-0.000356379,-0.00027241,-0.000356379,0.000438941,-0.811904,0.0149661,-8.43947e-06,0.0387071,0.0632619,1,0
3.9GPa,Data/Cell_29_integrated/3p9GPa.xy,5.432613,0.000256303,0.000256303,0.0180684,,,,raw;shoulder,2,C,207.033,0,0.0487619,-0.00512388,0.000256303,,,0,0.000185805,0.000421066,0.000421506,0.000421066,0.000598691,0.703309,0.0123406,0.000105896,0.0180684,0.0790773,1,0
3.9GPa,Data/Cell_29_integrated/3p9GPa.xy,5.495874,2.74963e-05,2.74963e-05,0.00847304,,,,raw,1,C,122.078,0,0.0496147,-0.00399902,2.74963e-05,,,0,0.000429053,0.00044509,0.000439581,0.000439581,0.000199103,2.2078,0.00983231,0.000100838,0.00847304,0.0158155,0,0
3.9GPa,Data/Cell_29_integrated/3p9GPa.xy,5.527505,0.00171383,0.00171383,0.0528669,,,,raw,1,C,117.961,0,0.0504033,-0.00353953,0.00171383,,,0,0.000380322,0.000306196,0.000486553,0.000306196,0.000170489,1.79597,0.0108865,0.000174001,0.0528669,0.0158155,0,0
3.9GPa,Data/Cell_29_integrated/3p9GPa.xy,5.574952,0.342645,0.342645,0,,,,matched,1,C,100.343,0,0.0494107,-0.00334485,0,w5:0.342645,5,0.342645,-0.000361746,-0.000164194,-0.000288737,-0.000288737,0.000329898,-0.875227,0.00838114,-0.000201645,0,0.0316309,0,0
3.9GPa,Data/Cell_29_integrated/3p9GPa.xy,5.606583,0.000573159,0.000573159,0.0230147,,,,raw;shoulder,2,C,208.037,0,0.0508036,-0.00203724,0.000573159,,,0,0.0002192,0.000389323,0.000312783,0.000312783,0.000389198,0.803658,0.00886802,0.000209341,0.0230147,0.0474464,1,0
3.9GPa,Data/Cell_29_integrated/3p9GPa.xy,5.638214,4.62655,4.62655,0,,,,matched,1,C,105.828,0,0.0503345,-0.00160953,0,w3:4.62655,3,4.62655,-3.25293e-05,6.37972e-05,0.000111057,6.37972e-05,0.000530877,0.120173,0.00961089,-0.00014113,0,0.0158155,0,0
3.9GPa,Data/Cell_29_integrated/3p9GPa.xy,5.764737,0.00818043,0.00818043,1.15802,,,,shoulder,1,C,100.008,0,0.0528049,-0.00513956,0.00818043,,,0,-0.0250293,-0.0129211,0.00496926,-0.0129211,0.017397,-0.742719,0.250507,0.000435427,1.15802,0.0158155,1,0
3.9GPa,Data/Cell_29_integrated/3p9GPa.xy,5.970338,0.000239247,0.000239247,0.0127141,,,,raw,1,C,100,0,0.0556654,-0.00607667,0.000239247,,,0,-0.0250639,0.00140004,-0.0113589,-0.0113589,0.0147041,-0.772498,-0.195809,-0.00156801,0.0127141,0.0158155,1,0
3.9GPa,Data/Cell_29_integrated/3p9GPa.xy,6.065231,0.000400093,0.000400093,0.0287093,,,,raw,1,C,100,0,0.0545684,-0.00694709,0.000400093,,,0,-0.00651776,0.00304812,-0.00424675,-0.00424675,0.00979166,-0.433711,-0.0560092,-4.09329e-05,0.0287093,0.0790773,1,0
3.9GPa,Data/Cell_29_integrated/3p9GPa.xy,6.081047,0.000198787,0.000198787,0.0435747,,,,shoulder,1,C,100,0,0.0545234,-0.00689958,0.000198787,,,0,-0.00312263,0.000813528,-0.00237261,-0.00237261,0.00252846,-0.93836,-0.0123812,-2.93423e-05,0.0435747,0.0158155,1,0
3.9GPa,Data/Cell_29_integrated/3p9GPa.xy,6.413172,0.000212948,0.000212948,0.0311204,,,,shoulder,1,C,100,0,0.0589056,-0.00432226,0.000212948,,,0,-0.000691052,0.000112409,-0.000308646,-0.000308646,0.000580843,-0.531376,0.00758591,0.000131785,0.0311204,0.0158155,1,0
3.9GPa,Data/Cell_29_integrated/3p9GPa.xy,6.428987,0.000896246,0.000896246,0.0271898,,,,raw,1,C,100.001,0,0.0590981,-0.0040382,0.000896246,,,0,-0.000514365,0.000203373,-0.000256345,-0.000256345,0.000636929,-0.40247,0.00722641,3.93878e-05,0.0271898,0.0316309,1,0
3.9GPa,Data/Cell_29_integrated/3p9GPa.xy,6.460618,1.52255e-05,1.52255e-05,0.0114982,,,,shoulder,1,C,100.527,0,0.0588287,-0.00293792,1.52255e-05,,,0,6.20692e-05,0.000539119,5.69598e-05,5.69598e-05,0.00108005,0.052738,0.00624042,1.09196e-05,0.0114982,0.0316309,1,0
3.9GPa,Data/Cell_29_integrated/3p9GPa.xy,6.761112,8.78358,8.78358,0,,,,matched,1,C,108.784,0,0.0615591,0.0660265,0,w3:8.78358,3,8.78358,-0.000190518,-0.00025945,0.0005462,-0.00025945,0.000451748,-0.574323,0.0168497,7.62956e-05,0,0.0158155,1,0
3.9GPa,Data/Cell_29_integrated/3p9GPa.xy,6.776927,11.6171,11.6171,0.0106336,,,,matched;raw,2,C,211.617,0,0.0616831,0.0608247,0.000124019,w5:11.6171,5,11.6171,-0.000806402,-0.000763568,-0.000350658,-0.000763568,0.000394357,-1.93623,0.0167173,-0.000147549,0.0106336,0.0316309,0,0
3.9GPa,Data/Cell_29_integrated/3p9GPa.xy,6.792743,18.794,18.794,0,,,,matched,1,C,118.794,0,0.0613234,0.0545725,0,w8:18.794,8,18.794,-0.00116438,-0.000981904,-0.000788718,-0.000981904,0.000257638,-3.81117,0.0165989,-0.000219743,0,0.0158155,0,0
3.9GPa,Data/Cell_29_integrated/3p9GPa.xy,7.045790,0.000272392,0.000272392,0.0276806,,,,raw,1,C,108.217,0,0.0655381,-0.0382737,0.000272392,,,0,0.000111179,0.000471698,0.000351507,0.000351507,0.000427789,0.82168,0.00102706,2.75607e-06,0.0276806,0.0474464,0,0
3.9GPa,Data/Cell_29_integrated/3p9GPa.xy,7.061606,8.57526e-05,8.57526e-05,0.0296415,,,,shoulder,1,C,100,0,0.0650105,-0.0445329,8.57526e-05,,,0,-0.000183996,-4.61665e-05,0.000219161,-4.61665e-05,0.000582588,-0.0792437,0.00121572,9.71375e-06,0.0296415,0.0158155,1,0
3.9GPa,Data/Cell_29_integrated/3p9GPa.xy,7.093237,5.33112e-05,5.33112e-05,0.00934747,,,,raw,1,C,100,0,0.0650366,-0.0572584,5.33112e-05,,,0,-0.000857723,-0.000475559,-0.000125646,-0.000475559,0.000737602,-0.644735,0.00239513,-0.00016093,0.00934747,0.0316309,0,0
3.9GPa,Data/Cell_29_integrated/3p9GPa.xy,7.156498,0.000702585,0.000702585,0.040582,,,,raw,1,C,100.001,0,0.0654464,-0.0778107,0.000702585,,,0,-0.000850731,-0.000258417,-0.000464496,-0.000464496,0.000766085,-0.606324,0.0062737,2.51717e-06,0.040582,0.0158155,0,0
3.9GPa,Data/Cell_29_integrated/3p9GPa.xy,7.346284,0.419736,0.419736,0.00820724,,,,matched;shoulder,2,C,200.42,0,0.0676002,-0.125493,3.81697e-06,w5:0.419736,5,0.419736,-0.000243531,0.00043187,-0.000529636,-0.000529636,0.00113258,-0.467636,0.0120082,-2.0928e-05,0.00820724,0.0316309,1,0
3.9GPa,Data/Cell_29_integrated/3p9GPa.xy,7.472808,0.00219014,0.00219014,0.872752,,,,shoulder,1,C,100.002,0,0.0699022,-0.148228,0.00219014,,,0,9.49235e-05,-0.00031548,0.00348932,-0.00031548,0.000943995,-0.334197,0.0188035,0.000742494,0.872752,0.0158155,1,0
3.9GPa,Data/Cell_29_integrated/3p9GPa.xy,8.311027,0.000117283,0.000117283,0.00856766,,,,raw,1,C,100,0,0.0778594,-0.0958362,0.000117283,,,0,-0.00232249,0.00209235,-0.00179329,-0.00179329,0.00306201,-0.585658,-0.0207016,8.44004e-05,0.00856766,0.0158155,1,0
3.9GPa,Data/Cell_29_integrated/3p9GPa.xy,8.326843,0.000613348,0.000613348,0.0494819,,,,shoulder,1,C,100.001,0,0.0777421,-0.0661093,0.000613348,,,0,-0.000498264,0.00165592,-0.000360414,-0.000360414,0.00153373,-0.234992,-0.00467801,0.000314715,0.0494819,0.0158155,1,0
3.9GPa,Data/Cell_29_integrated/3p9GPa.xy,8.358474,72.7421,72.7421,0,,,,matched,1,C,179.03,0,0.0779437,-0.0284894,0,w2:72.7421,2,72.7421,0.000259557,0.00038924,0.000222965,0.000222965,0.000354588,0.628798,0.00821825,-1.60751e-05,0,0.0158155,0,0
3.9GPa,Data/Cell_29_integrated/3p9GPa.xy,8.390105,94.7535,94.7535,0,,,,matched,1,C,195.228,0,0.0777981,-0.022811,0,w5:94.7535,5,94.7535,-2.54296e-05,3.025e-05,0.00021856,3.025e-05,0.000638099,0.0474064,0.0105928,-0.000100092,0,0.0158155,0,0
3.9GPa,Data/Cell_29_integrated/3p9GPa.xy,8.532444,1.19566e-05,1.19566e-05,0.0195505,,,,shoulder,1,C,100,0,0.0799781,-0.0539328,1.19566e-05,,,0,-0.000415926,0.000390544,-0.000290857,-0.000290857,0.000614269,-0.473501,0.0183525,-4.96553e-06,0.0195505,0.0632619,1,0
3.9GPa,Data/Cell_29_integrated/3p9GPa.xy,8.801307,0.000392839,0.000392839,0.013089,,,,raw,1,C,100,0,0.0839623,-0.0684447,0.000392839,,,0,-0.000656911,-0.00017661,-0.000289049,-0.000289049,0.000728646,-0.396692,0.00898816,-0.000290463,0.013089,0.0316309,0,0
3.9GPa,Data/Cell_29_integrated/3p9GPa.xy,8.912015,0.000271425,0.000271425,0.0195992,,,,raw,1,C,100,0,0.0854178,-0.0845253,0.000271425,,,0,-0.000469946,-0.000359198,0.000615353,-0.000359198,0.000656047,-0.547518,0.0148748,-5.46889e-05,0.0195992,0.0316309,1,0
3.9GPa,Data/Cell_29_integrated/3p9GPa.xy,8.927831,3.37673e-05,3.37673e-05,0.0100165,,,,shoulder,1,C,100,0,0.0846909,-0.0903235,3.37673e-05,,,0,-0.000897173,-0.000678156,0.000310409,-0.000678156,0.000557567,-1.21627,0.0155943,-2.09216e-05,0.0100165,0.0158155,1,0
3.9GPa,Data/Cell_29_integrated/3p9GPa.xy,8.943646,0.000285426,0.000285426,0.0144896,,,,raw,1,C,100,0,0.0850338,-0.092459,0.000285426,,,0,-0.00129613,-0.00095194,-0.000195425,-0.00095194,0.000549248,-1.73317,0.0150842,-0.000147546,0.0144896,0.0158155,0,0
3.9GPa,Data/Cell_29_integrated/3p9GPa.xy,8.959462,7.50086,7.50086,0,,,,matched,1,C,107.501,0,0.0847484,-0.0926124,0,w8:7.50086,8,7.50086,-0.00146884,-0.000883943,-0.000683948,-0.000883943,0.000800167,-1.1047,0.0130896,-0.000272294,0,0.0790773,0,0
3.9GPa,Data/Cell_29_integrated/3p9GPa.xy,9.101801,0.000637911,0.000637911,0.0105473,,,,raw,1,C,101.006,0,0.0884435,-0.121194,0.000637911,,,0,-6.65959e-05,0.000155696,0.00171871,0.000155696,0.00154825,0.100562,0.0146801,0.000238709,0.0105473,0.0158155,0,0
3.9GPa,Data/Cell_29_integrated/3p9GPa.xy,9.196694,0.000608935,0.000608935,0.0337197,,,,shoulder,1,C,100.001,0,0.0884711,-0.177176,0.000608935,,,0,-0.00262276,0.000551952,-0.00213996,-0.00213996,0.0013643,-1.56854,0.0317515,0.000216018,0.0337197,0.0474464,1,0
3.9GPa,Data/Cell_29_integrated/3p9GPa.xy,9.259955,3.37129,3.37129,0,,,,matched,1,C,103.371,0,0.0929925,-0.181698,0,w3:3.37129,3,3.37129,-0.00161723,-0.000193327,0.00209377,-0.000193327,0.00350979,-0.0550823,0.0775556,0.000290307,0,0.0158155,1,0
3.9GPa,Data/Cell_29_integrated/3p9GPa.xy,9.275771,2.59508,2.59508,1.16038,,,,matched;shoulder,2,C,202.599,0,0.0946244,-0.182286,0.00378531,w2:2.59508,2,2.59508,-0.00160062,-0.000227892,0.00301128,-0.000227892,0.00307853,-0.0740262,0.0879915,0.000565771,1.16038,0.0316309,1,0
3.9GPa,Data/Cell_29_integrated/3p9GPa.xy,9.291586,0.000414775,0.000414775,0.0253769,,,,raw,1,C,100,0,0.0946612,-0.183539,0.000414775,,,0,-0.0111025,-0.00781091,0.0106242,-0.00781091,0.0216145,-0.361374,0.210498,0.000346142,0.0253769,0.0158155,1,0
3.9GPa,Data/Cell_29_integrated/3p9GPa.xy,9.402295,0.00332884,0.00332884,0.0088245,,,,shoulder,1,C,100.003,0,0.112969,-0.180315,0.00332884,,,0,-0.777277,-0.430751,0.108244,-0.430751,0.527527,-0.816548,7.54996,0.000547132,0.0088245,0.0158155,1,0
3.9GPa,Data/Cell_29_integrated/3p9GPa.xy,9.655342,0.145534,0.145534,1.19354,,,,shoulder,1,C,100.146,0,0.102912,-0.181926,0.145534,,,0,-0.692459,0.154865,-0.43451,-0.43451,0.519175,-0.836923,-7.48502,0.00283472,1.19354,0.0158155,1,0
3.9GPa,Data/Cell_29_integrated/3p9GPa.xy,9.686973,0.000154871,0.000154871,0.0147905,,,,shoulder,1,C,100,0,0.0992907,-0.167133,0.000154871,,,0,-0.386857,0.239181,-0.270352,-0.270352,0.435353,-0.620995,-4.64769,-0.000186356,0.0147905,0.0316309,1,0
3.9GPa,Data/Cell_29_integrated/3p9GPa.xy,9.718604,0.00015834,0.00015834,0.0116492,,,,raw,1,C,100,0,0.0977735,-0.149494,0.00015834,,,0,-0.109418,0.0904384,-0.0816022,-0.0816022,0.180614,-0.451803,-1.39466,-0.000326703,0.0116492,0.0158155,1,0
3.9GPa,Data/Cell_29_integrated/3p9GPa.xy,9.734419,2.62892,2.62892,0,,,,matched,1,C,102.629,0,0.0974388,-0.144847,0,w2:2.62892,2,2.62892,-0.0413394,0.041362,-0.0327955,-0.0327955,0.0555285,-0.590606,-0.548605,-0.000186251,0,0.0158155,1,0
3.9GPa,Data/Cell_29_integrated/3p9GPa.xy,9.892574,0.000206563,0.000206563,0.0111532,,,,raw,1,C,100,0,0.0926932,-0.150492,0.000206563,,,0,-0.000772814,-5.1819e-05,6.44986e-05,-5.1819e-05,0.00178752,-0.0289892,-0.0418549,-0.000286241,0.0111532,0.0316309,1,0
3.9GPa,Data/Cell_29_integrated/3p9GPa.xy,9.924205,0.000948534,0.000948534,0.0428521,,,,shoulder,1,C,100.001,0,0.0907488,-0.150288,0.000948534,,,0,-0.000952762,-4.07048e-05,0.000252306,-4.07048e-05,0.000931759,-0.0436859,-0.0436407,0.00034484,0.0428521,0.0632619,1,0
3.9GPa,Data/Cell_29_integrated/3p9GPa.xy,10.003282,0.00129224,0.00129224,0.0174352,,,,raw,1,C,100.001,0,0.0891008,-0.120974,0.00129224,,,0,-0.000454964,0.000583851,-0.000206655,-0.000206655,0.000408761,-0.505562,-0.0343568,0.000176264,0.0174352,0.0158155,1,0
3.9GPa,Data/Cell_29_integrated/3p9GPa.xy,10.034913,2.02271,2.02271,0,,,,matched,1,C,104.94,0,0.0871048,-0.110617,0,w2:2.02271,2,2.02271,5.95926e-05,0.000490051,0.000268869,0.000268869,0.000921542,0.291759,-0.028984,8.61125e-05,0,0.0158155,0,0
3.9GPa,Data/Cell_29_integrated/3p9GPa.xy,10.066544,7.0417,7.0417,0.0215986,,,,matched;shoulder,2,C,208.994,0,0.0864005,-0.10882,0.000134314,w5:7.0417,5,7.0417,-0.000141828,0.000101935,0.000189953,0.000101935,0.000522147,0.195222,-0.0268247,0.000106475,0.0215986,0.0158155,1,0
3.9GPa,Data/Cell_29_integrated/3p9GPa.xy,10.082360,30.2153,30.2153,0,,,,matched,1,C,130.215,0,0.0861415,-0.110968,0,w8:30.2153,8,30.2153,-0.000401738,-0.00021491,-0.000119609,-0.00021491,0.000328521,-0.654173,-0.0254367,2.88965e-05,0,0.0158155,0,0
3.9GPa,Data/Cell_29_integrated/3p9GPa.xy,10.224699,2.35003e-05,2.35003e-05,0.00959482,,,,shoulder,1,C,100,0,0.0822696,-0.124255,2.35003e-05,,,0,-0.000930124,-0.000521944,-0.000600107,-0.000600107,0.000421489,-1.42377,-0.0148241,-9.54017e-05,0.00959482,0.0632619,1,0
3.9GPa,Data/Cell_29_integrated/3p9GPa.xy,10.287961,0.00022518,0.00022518,0.0444714,,,,raw;shoulder,2,C,200,0,0.0822608,-0.122519,0.00022518,,,0,-0.000930407,-2.99373e-05,0.000270606,-2.99373e-05,0.00145887,-0.0205209,-0.00265139,1.55937e-05,0.0444714,0.0316309,1,0
3.9GPa,Data/Cell_29_integrated/3p9GPa.xy,10.335407,0.000470265,0.000470265,0.0480794,,,,shoulder,1,C,100,0,0.0819927,-0.118867,0.000470265,,,0,-0.00191677,-0.000989933,0.000933216,-0.000989933,0.00193378,-0.511916,0.0171662,0.000264713,0.0480794,0.0158155,1,0
3.9GPa,Data/Cell_29_integrated/3p9GPa.xy,10.351223,0.000119546,0.000119546,0.00946387,,,,raw,1,C,100,0,0.0821123,-0.117706,0.000119546,,,0,-0.00285927,-0.0018171,0.000723521,-0.0018171,0.00203029,-0.894992,0.0251145,0.000133554,0.00946387,0.0158155,1,0
3.9GPa,Data/Cell_29_integrated/3p9GPa.xy,10.446115,0.262323,0.262323,0.0612083,,,,matched;shoulder,2,C,200.263,0,0.0867179,-0.0994536,0.00106388,w2:0.262323,2,0.262323,-0.00530754,-0.000396339,0.00046967,-0.000396339,0.00636314,-0.0622867,0.102,0.000301504,0.0612083,0.126524,1,0
3.9GPa,Data/Cell_29_integrated/3p9GPa.xy,10.509377,4.44084,4.44084,0,,,,matched,1,C,104.441,0,0.0927812,-0.0804115,0,w8:4.44084,8,4.44084,-0.00775617,-0.00391286,-0.00418772,-0.00418772,0.004099,-1.02164,0.160949,-0.000640418,0,0.0632619,0,0
3.9GPa,Data/Cell_29_integrated/3p9GPa.xy,10.746609,6.89661e-05,6.89661e-05,0.0121247,,,,shoulder,1,C,100,0,0.107263,-0.120793,6.89661e-05,,,0,-0.247125,-0.167746,0.0967616,-0.167746,0.214297,-0.782773,2.65037,-0.00112876,0.0121247,0.0316309,1,0
3.9GPa,Data/Cell_29_integrated/3p9GPa.xy,10.778240,0.000919169,0.000919169,0.00925849,,,,shoulder,1,C,100.001,0,0.108487,-0.139376,0.000919169,,,0,-0.297487,-0.159225,0.051972,-0.159225,0.203622,-0.781962,2.62183,-0.000338919,0.00925849,0.0158155,1,0
3.9GPa,Data/Cell_29_integrated/3p9GPa.xy,11.031288,34.2805,34.2805,0,,,,matched,1,C,134.281,0,0.211269,-0.0583413,0,w2:34.2805,2,34.2805,-0.372742,0.0507491,-0.0168815,-0.0168815,0.553692,-0.0304891,-0.133759,0.0171884,0,0.0158155,1,0
3.9GPa,Data/Cell_29_integrated/3p9GPa.xy,11.331782,0.00472207,0.00472207,0.0549348,,,,shoulder,1,C,100.005,0,0.0905232,-0.162406,0.00472207,,,0,-0.276164,0.0492634,-0.158708,-0.158708,0.223058,-0.711512,-2.76214,0.00101378,0.0549348,0.0158155,1,0
3.9GPa,Data/Cell_29_integrated/3p9GPa.xy,11.600644,0.000839025,0.000839025,0.0802056,,,,shoulder,1,C,100.001,0,0.0917439,-0.11389,0.000839025,,,0,-0.00882619,0.0024847,-0.00511287,-0.00511287,0.00741413,-0.689612,-0.0840911,0.000294787,0.0802056,0.0316309,1,0
3.9GPa,Data/Cell_29_integrated/3p9GPa.xy,11.616460,0.000113392,0.000113392,0.025459,,,,raw,1,C,100,0,0.0917833,-0.109974,0.000113392,,,0,-0.00762499,0.00380557,-0.00478781,-0.00478781,0.00765158,-0.625728,-0.079385,0.000179145,0.025459,0.0158155,1,0
3.9GPa,Data/Cell_29_integrated/3p9GPa.xy,11.632275,0.941291,0.941291,0,,,,matched,1,C,100.941,0,0.09167,-0.106198,0,w2:0.941291,2,0.941291,-0.00607965,0.00397655,-0.00410467,-0.00410467,0.00742387,-0.552901,-0.0622504,4.20243e-05,0,0.0474464,1,0
3.9GPa,Data/Cell_29_integrated/3p9GPa.xy,11.663906,0.000236148,0.000236148,0.0145344,,,,raw,1,C,100,0,0.0920623,-0.098311,0.000236148,,,0,-0.00259312,0.0011153,-0.00151457,-0.00151457,0.00375289,-0.403573,-0.0113999,-0.000133947,0.0145344,0.0158155,1,0
3.9GPa,Data/Cell_29_integrated/3p9GPa.xy,11.679722,1.02223,1.02223,0,,,,matched,1,C,101.022,0,0.0918261,-0.0940073,0,w3:1.02223,3,1.02223,-0.00137142,0.000147181,-0.000266779,-0.000266779,0.00129148,-0.206569,0.00725977,-8.9609e-05,0,0.0316309,1,0
3.9GPa,Data/Cell_29_integrated/3p9GPa.xy,12.027662,0.0202675,0.000172143,0.0245465,,,,raw,1,C,100,0,0.0974346,0.0196774,0.000172143,,,0,-0.00873378,-0.00100089,-0.00504527,-0.00504527,0.00487306,-1.03534,-0.0697147,-0.00053982,0.0245465,0.0158155,0,0
3.9GPa,Data/Cell_29_integrated/3p9GPa.xy,12.059293,1.92416,1.92416,0,,,,matched,1,C,101.924,0,0.0968614,0.0257731,0,w2:1.92416,2,1.92416,-0.00718194,0.00195069,-0.00454694,-0.00454694,0.00519281,-0.875622,-0.0776514,6.02102e-05,0,0.0158155,1,0
3.9GPa,Data/Cell_29_integrated/3p9GPa.xy,12.170001,0.0139215,0.000532277,0.0415038,,,,raw,1,C,100.001,0,0.0973818,0.0137473,0.000532277,,,0,-0.000987697,-0.000718047,-0.000302492,-0.000718047,0.000360428,-1.9922,0.00817986,-4.15904e-05,0.0415038,0.0790773,0,0
3.9GPa,Data/Cell_29_integrated/3p9GPa.xy,12.185817,0.0171558,0.00010474,0.0287299,,,,shoulder,1,C,100,0,0.0967808,0.0171558,0.00010474,,,0,-0.00102944,-0.000506543,-0.000667664,-0.000667664,0.000375379,-1.77864,0.00841524,-2.17126e-05,0.0287299,0.0158155,1,0
3.9GPa,Data/Cell_29_integrated/3p9GPa.xy,12.217448,0.0239977,0.000109238,0.0108363,,,,raw,1,C,100,0,0.0978805,0.0237008,0.000109238,,,0,-0.000864839,-1.84501e-05,-0.000711004,-0.000711004,0.000577098,-1.23203,0.00820604,-0.000218635,0.0108363,0.0474464,0,0
3.9GPa,Data/Cell_29_integrated/3p9GPa.xy,12.359787,0.0347583,9.0275e-05,0.0308988,,,,shoulder,1,C,100,0,0.0992207,0.0347583,9.0275e-05,,,0,-0.000240614,-0.000102826,2.9664e-05,-0.000102826,0.000328202,-0.313299,0.00940325,-1.10423e-05,0.0308988,0.0158155,1,0
3.9GPa,Data/Cell_29_integrated/3p9GPa.xy,12.375602,0.0282794,0.000172165,0.0116586,,,,raw,1,C,100,0,0.0995837,0.0280538,0.000172165,,,0,-0.000455145,-0.000244819,-0.000233474,-0.000244819,0.000254474,-0.962052,0.00859432,-9.59656e-05,0.0116586,0.0474464,0,0
3.9GPa,Data/Cell_29_integrated/3p9GPa.xy,12.423049,0.0102199,3.15547e-05,0.0203365,,,,shoulder,1,C,100,0,0.10001,0.0102199,3.15547e-05,,,0,-0.000236276,0.000141776,-0.000214391,-0.000214391,0.000285132,-0.7519,0.00657026,5.68431e-06,0.0203365,0.0158155,1,0
3.9GPa,Data/Cell_29_integrated/3p9GPa.xy,12.438864,0.00596195,0.000161571,0.0108486,,,,raw,1,C,100,0,0.100444,0.00567025,0.000161571,,,0,-7.72074e-05,0.000231851,-0.00012264,-0.00012264,0.000345199,-0.355272,0.00658065,-2.58704e-05,0.0108486,0.0316309,1,0
3.9GPa,Data/Cell_29_integrated/3p9GPa.xy,12.612834,0.000946678,0.000946678,0.0420646,,,,raw,1,C,100.001,0,0.101348,-0.000547118,0.000946678,,,0,-0.000531686,-0.000374953,1.97342e-05,-0.000374953,0.000216123,-1.7349,0.00560663,-1.84868e-05,0.0420646,0.0158155,1,0
3.9GPa,Data/Cell_29_integrated/3p9GPa.xy,12.770989,1.12991,1.12991,0,,,,matched,1,C,101.13,0,0.101598,-0.00211815,0,w5:1.12991,5,1.12991,-0.000176863,0.000159891,-8.13787e-07,-8.13787e-07,0.00052161,-0.00156014,0.00424726,-0.000227688,0,0.0316309,1,0
3.9GPa,Data/Cell_29_integrated/3p9GPa.xy,12.865882,6.4312e-05,6.4312e-05,0.0227331,,,,raw,1,C,100,0,0.101999,-0.00430637,6.4312e-05,,,0,-0.00121142,-0.000854153,-0.000462725,-0.000854153,0.000367569,-2.32378,0.00789739,-0.000263672,0.0227331,0.0474464,0,0
3.9GPa,Data/Cell_29_integrated/3p9GPa.xy,13.198007,0.000747215,0.000747215,0.0243385,,,,raw;shoulder,2,C,200.001,0,0.107084,-0.00729691,0.000747215,,,0,-0.00451093,0.000375323,-0.00229954,-0.00229954,0.0028016,-0.820795,-0.0324603,3.867e-05,0.0243385,0.0158155,1,0
3.9GPa,Data/Cell_29_integrated/3p9GPa.xy,13.261268,0.000321274,0.000321274,0.0100718,,,,raw,1,C,100,0,0.107537,-0.00914508,0.000321274,,,0,-0.00131927,0.00144859,-0.00135568,-0.00135568,0.00146699,-0.924118,-0.0131477,5.60482e-05,0.0100718,0.0474464,1,0
3.9GPa,Data/Cell_29_integrated/3p9GPa.xy,13.277084,0.000145347,0.000145347,0.0227908,,,,shoulder,1,C,100,0,0.107216,-0.009356,0.000145347,,,0,-0.000263818,0.0012349,-0.000242722,-0.000242722,0.00152015,-0.15967,-0.00364247,0.000152373,0.0227908,0.0158155,1,0
3.9GPa,Data/Cell_29_integrated/3p9GPa.xy,13.356161,4.13874e-05,4.13874e-05,0.00822187,,,,raw,1,C,100,0,0.10802,-0.0116597,4.13874e-05,,,0,-0.00140998,-0.0015561,0.00181596,-0.0015561,0.00170199,-0.914279,0.027178,0.000158301,0.00822187,0.0158155,1,0
3.9GPa,Data/Cell_29_integrated/3p9GPa.xy,13.451054,0.00203509,0.00203509,0.294242,,,,shoulder,1,C,100.002,0,0.109663,-0.0125116,0.00203509,,,0,-0.0284029,-0.0152472,0.00400009,-0.0152472,0.0223422,-0.682438,0.307584,0.000503968,0.294242,0.0158155,1,0
3.9GPa,Data/Cell_29_integrated/3p9GPa.xy,13.688286,0.00175131,0.00175131,0.0923781,,,,shoulder,1,C,100.002,0,0.110277,-0.0166636,0.00175131,,,0,-0.0323502,-0.000367137,-0.0135628,-0.0135628,0.0255229,-0.531398,-0.27207,0.000176215,0.0923781,0.0474464,1,0
3.9GPa,Data/Cell_29_integrated/3p9GPa.xy,14.067857,0.000132404,0.000132404,0.00965585,,,,raw,1,C,100,0,0.108678,-0.0182741,0.000132404,,,0,-0.0255249,-0.00753273,-0.00311423,-0.00753273,0.0249155,-0.302331,-0.0496742,-0.000279783,0.00965585,0.0316309,0,0
3.9GPa,Data/Cell_29_integrated/3p9GPa.xy,14.083673,0.000121926,0.000121926,0.0168696,,,,shoulder,1,C,100,0,0.108079,-0.0187456,0.000121926,,,0,-0.0302905,-0.00587651,0.000929651,-0.00587651,0.0365454,-0.1608,0.0366401,-0.000172198,0.0168696,0.0158155,1,0
3.9GPa,Data/Cell_29_integrated/3p9GPa.xy,14.099488,1.3313,1.3313,0,,,,matched,1,C,101.331,0,0.107807,-0.0187512,0,w2:1.3313,2,1.3313,-0.0338595,-0.00845701,0.00345409,-0.00845701,0.0459232,-0.184155,0.119368,-0.000294124,0,0.142339,1,0
3.9GPa,Data/Cell_29_integrated/3p9GPa.xy,14.131119,0.00492453,0.00492453,0.121594,,,,shoulder,1,C,100.005,0,0.108896,-0.0179863,0.00492453,,,0,-0.0333188,-0.0115236,0.000446477,-0.0115236,0.0324322,-0.355315,0.205558,4.73381e-05,0.121594,0.0316309,1,0
3.9GPa,Data/Cell_29_integrated/3p9GPa.xy,14.368351,0.000396744,0.000396744,0.0306445,,,,shoulder,1,C,100,0,0.109895,-0.0154272,0.000396744,,,0,-0.0264063,0.00539379,-0.014794,-0.014794,0.0226236,-0.65392,-0.281182,0.00017053,0.0306445,0.110708,1,0
3.9GPa,Data/Cell_29_integrated/3p9GPa.xy,14.415797,5.34054e-05,5.34054e-05,0.0239358,,,,shoulder,1,C,100,0,0.108483,-0.0163807,5.34054e-05,,,0,-0.0137502,0.00863124,-0.00954178,-0.00954178,0.018416,-0.518125,-0.170518,-5.91188e-05,0.0239358,0.0474464,1,0
3.9GPa,Data/Cell_29_integrated/3p9GPa.xy,14.510690,0.23322,0.23322,0,,,,matched,1,C,100.737,0,0.108141,-0.0152204,0,w3:0.23322,3,0.23322,-0.000590568,4.73376e-05,0.000159938,4.73376e-05,0.000940448,0.0503351,-0.00109506,4.91794e-05,0,0.0158155,0,0
3.9GPa,Data/Cell_29_integrated/3p9GPa.xy,14.558137,0.000196187,0.000196187,0.0300565,,,,shoulder,1,C,100,0,0.107827,-0.0143382,0.000196187,,,0,-0.00126684,-0.000878895,0.000189408,-0.000878895,0.000808293,-1.08735,0.0116158,8.52856e-05,0.0300565,0.0158155,1,0
3.9GPa,Data/Cell_29_integrated/3p9GPa.xy,14.637214,0.000550978,0.000550978,0.0338847,,,,shoulder,1,C,100.001,0,0.109371,-0.0103058,0.000550978,,,0,-0.00036055,0.000555187,-1.78054e-05,-1.78054e-05,0.0011794,-0.015097,0.0115914,0.000160638,0.0338847,0.0158155,1,0
3.9GPa,Data/Cell_29_integrated/3p9GPa.xy,14.858630,0.000256303,0.000256303,0.0154451,,,,raw,1,C,100,0,0.106841,-0.0115798,0.000256303,,,0,-0.0230633,-0.0120301,0.00368859,-0.0120301,0.0181258,-0.663702,0.193881,-8.75655e-05,0.0154451,0.0158155,1,0
3.9GPa,Data/Cell_29_integrated/3p9GPa.xy,14.874446,0.000715732,0.000715732,0.040004,,,,shoulder,1,C,100.001,0,0.106585,-0.0111274,0.000715732,,,0,-0.0240299,-0.0110238,0.00336734,-0.0110238,0.0181739,-0.606572,0.189746,0.000173891,0.040004,0.0158155,1,0
3.9GPa,Data/Cell_29_integrated/3p9GPa.xy,15.080047,0.00832746,0.00482679,0.0464746,,,,shoulder,1,C,100.261,0,0.122937,0.00832746,0.00482679,,,0,-0.0066114,0.000260272,0.00230833,0.000260272,0.0101645,0.0256059,-0.185268,0.00142679,0.0464746,0.0316309,1,0
3.9GPa,Data/Cell_29_integrated/3p9GPa.xy,15.159124,0.000119528,0.000119528,0.0242088,,,,shoulder,1,C,100,0,0.107933,-0.00664092,0.000119528,,,0,-0.0107401,-1.51205e-05,-0.00567481,-0.00567481,0.00690012,-0.822422,-0.143078,-9.13488e-05,0.0242088,0.0790773,1,0
3.9GPa,Data/Cell_29_integrated/3p9GPa.xy,15.238202,0.000141174,0.000141174,0.00900955,,,,raw,1,C,100,0,0.105231,-0.00771858,0.000141174,,,0,-0.00388711,-1.22176e-05,-0.00173141,-0.00173141,0.00237818,-0.72804,-0.0296278,-6.85543e-05,0.00900955,0.0316309,0,0
3.9GPa,Data/Cell_29_integrated/3p9GPa.xy,15.254017,0.00013285,0.00013285,0.0315937,,,,shoulder,1,C,100,0,0.104218,-0.00722751,0.00013285,,,0,-0.0040717,-0.000895569,-5.48502e-05,-0.000895569,0.00229108,-0.390893,-0.00421485,-5.34204e-05,0.0315937,0.0158155,1,0
3.9GPa,Data/Cell_29_integrated/3p9GPa.xy,15.269833,0.681709,0.681709,0,,,,matched,1,C,100.682,0,0.104563,-0.00686523,0,w3:0.681709,3,0.681709,-0.00492743,-0.00206225,0.000715928,-0.00206225,0.00643099,-0.320674,0.0220652,-0.00018627,0,0.0158155,1,0
3.9GPa,Data/Cell_29_integrated/3p9GPa.xy,15.285648,0.947232,0.947232,0,,,,matched,1,C,100.947,0,0.104617,-0.00645258,0,w2:0.947232,2,0.947232,-0.00586424,-0.00289162,0.00190608,-0.00289162,0.00891962,-0.324187,0.0432051,-0.000151734,0,0.0316309,1,0
3.9GPa,Data/Cell_29_integrated/3p9GPa.xy,15.333094,0.000999187,0.000999187,0.0521734,,,,raw,1,C,100.001,0,0.105217,-0.00530785,0.000999187,,,0,-0.00634715,-0.00259413,0.00100649,-0.00259413,0.00580132,-0.447162,0.0501142,0.000153551,0.0521734,0.0158155,1,0
3.9GPa,Data/Cell_29_integrated/3p9GPa.xy,15.554511,0.000552718,0.000552718,0.0267965,,,,raw,1,C,100.001,0,0.0998717,-0.0117804,0.000552718,,,0,-0.00751608,0.00118538,-0.00317299,-0.00317299,0.00653744,-0.485357,-0.0906064,0.000232977,0.0267965,0.0158155,1,0
3.9GPa,Data/Cell_29_integrated/3p9GPa.xy,15.570326,0.00356431,0.00356431,0.236601,,,,shoulder,1,C,100.004,0,0.0998667,-0.0118023,0.00356431,,,0,-0.00691711,0.00221983,-0.00325138,-0.00325138,0.00672651,-0.483367,-0.0895117,0.000347205,0.236601,0.0632619,1,0
3.9GPa,Data/Cell_29_integrated/3p9GPa.xy,15.681035,1.11548,1.11548,0,,,,matched,1,C,101.115,0,0.0975898,-0.0115592,0,w2:1.11548,2,1.11548,-0.00773396,-0.00439859,0.00418276,-0.00439859,0.0102095,-0.430833,0.0830992,-1.57206e-06,0,0.0158155,1,0
3.9GPa,Data/Cell_29_integrated/3p9GPa.xy,15.981529,0.000897337,0.000897337,0.0758318,,,,shoulder,1,C,100.001,0,0.0961879,-0.00520121,0.000897337,,,0,-0.0144903,0.00350249,-0.00792638,-0.00792638,0.0116936,-0.677838,-0.182167,0.000253521,0.0758318,0.0790773,1,0
3.9GPa,Data/Cell_29_integrated/3p9GPa.xy,16.550885,5.11902e-05,5.11902e-05,0.00960173,,,,raw,1,C,100,0,0.0807862,-0.00637432,5.11902e-05,,,0,-0.0138995,0.00199951,-0.00840087,-0.00840087,0.00995666,-0.843744,-0.154061,-0.000156582,0.00960173,0.0316309,1,0
3.9GPa,Data/Cell_29_integrated/3p9GPa.xy,16.582516,0.000309005,0.000309005,0.0982992,,,,shoulder,1,C,100,0,0.0802975,-0.00553189,0.000309005,,,0,-0.00909523,0.0041725,-0.00611195,-0.00611195,0.0110381,-0.553715,-0.120795,8.92239e-05,0.0982992,0.0790773,1,0
3.9GPa,Data/Cell_29_integrated/3p9GPa.xy,16.629963,7.86667e-05,7.86667e-05,0.026652,,,,shoulder,1,C,100,0,0.0795641,-0.00537785,7.86667e-05,,,0,-0.00128435,0.00170147,-0.00103892,-0.00103892,0.00259816,-0.399867,-0.0373969,7.70732e-05,0.026652,0.0316309,1,0
3.9GPa,Data/Cell_29_integrated/3p9GPa.xy,17.056980,9.03119e-05,9.03119e-05,0.0332867,,,,shoulder,1,C,100,0,0.0717278,-0.00388717,9.03119e-05,,,0,-0.000587797,-0.000591481,0.000329485,-0.000591481,0.000313636,-1.88588,-0.0159705,1.49368e-05,0.0332867,0.0632619,1,0
3.9GPa,Data/Cell_29_integrated/3p9GPa.xy,17.136058,6.24657e-05,6.24657e-05,0.0132663,,,,raw,1,C,100,0,0.0703434,-0.00482867,6.24657e-05,,,0,-0.00433291,-0.00255395,0.000628691,-0.00255395,0.00467143,-0.546717,0.0263503,-0.000204534,0.0132663,0.0474464,1,0
3.9GPa,Data/Cell_29_integrated/3p9GPa.xy,17.215135,2.19026e-05,2.19026e-05,0.0091252,,,,raw,1,C,100,0,0.0711348,-0.00277072,2.19026e-05,,,0,-0.00583189,-0.00230227,-0.00140743,-0.00230227,0.00406598,-0.566229,0.0431543,-0.000904857,0.0091252,0.0316309,0,0
3.9GPa,Data/Cell_29_integrated/3p9GPa.xy,17.420736,0.000463906,0.0001528,0.0135263,,,,shoulder,1,C,100,0,0.0679654,0.000463906,0.0001528,,,0,-0.00664777,0.000662512,-0.00421826,-0.00421826,0.00365556,-1.15393,-0.0764813,-0.000138263,0.0135263,0.0632619,1,0
3.9GPa,Data/Cell_29_integrated/3p9GPa.xy,17.483998,0.00112577,0.00112577,0.0349362,,,,raw,1,C,100.001,0,0.0678909,0.000601472,0.00112577,,,0,-0.00182968,0.00234506,-0.000794678,-0.000794678,0.0041447,-0.191734,-0.0415473,0.000213938,0.0349362,0.0158155,1,0
3.9GPa,Data/Cell_29_integrated/3p9GPa.xy,17.594706,0.000541297,0.000541297,0.0395177,,,,shoulder,1,C,100.001,0,0.065762,-0.00129713,0.000541297,,,0,-0.00454175,-0.00223214,0.000520515,-0.00223214,0.0031968,-0.698241,0.0341444,0.000124746,0.0395177,0.0948928,1,0
3.9GPa,Data/Cell_29_integrated/3p9GPa.xy,17.610522,0.000402444,0.000402444,0.0165289,,,,raw,1,C,100,0,0.0661473,-0.0015253,0.000402444,,,0,-0.00465922,-0.00152586,-0.000434447,-0.00152586,0.00376941,-0.4048,0.0349862,0.000108105,0.0165289,0.0158155,0,0
3.9GPa,Data/Cell_29_integrated/3p9GPa.xy,17.831938,0.000807256,0.000807256,0.0466853,,,,shoulder,1,C,100.001,0,0.0668179,-0.00206074,0.000807256,,,0,-0.00103189,-0.000259577,0.000998621,-0.000259577,0.00307277,-0.0844764,-0.0609599,0.0003035,0.0466853,0.0948928,1,0
3.9GPa,Data/Cell_29_integrated/3p9GPa.xy,17.926831,0.000403488,0.000403488,0.015178,,,,raw,1,C,100,0,0.0613669,-0.00737293,0.000403488,,,0,-0.00203298,0.000343326,-0.000695088,-0.000695088,0.00211897,-0.328031,-0.0373463,4.6285e-05,0.015178,0.0158155,1,0
3.9GPa,Data/Cell_29_integrated/3p9GPa.xy,17.958462,0.000404016,0.000404016,0.0114966,,,,raw,1,C,100.917,0,0.0613321,-0.00758601,0.000404016,,,0,-0.00106463,0.000658995,0.000176584,0.000176584,0.00192621,0.0916743,-0.0265656,0.000291859,0.0114966,0.0158155,0,0
3.9GPa,Data/Cell_29_integrated/3p9GPa.xy,18.084986,0.00070131,0.00070131,0.0699735,,,,raw,1,C,100.001,0,0.0597279,-0.00824835,0.00070131,,,0,-0.000364435,0.000224082,-0.00010843,-0.00010843,0.000744507,-0.14564,-0.00315694,-7.29379e-07,0.0699735,0.0316309,1,0
3.9GPa,Data/Cell_29_integrated/3p9GPa.xy,18.116617,0.000336275,0.000336275,0.0140456,,,,raw,1,C,100,0,0.0594598,-0.0082289,0.000336275,,,0,-0.000332019,2.80054e-05,-0.000171525,-0.000171525,0.000403244,-0.425363,-0.00137367,-0.000179331,0.0140456,0.0316309,1,0
3.9GPa,Data/Cell_29_integrated/3p9GPa.xy,18.274771,0.000248643,0.000248643,0.0120918,,,,raw,1,C,100,0,0.0596756,-0.0067008,0.000248643,,,0,-0.00179162,-0.00126411,0.00123014,-0.00126411,0.00239194,-0.528485,0.0186836,-3.78535e-05,0.0120918,0.0316309,1,0
3.9GPa,Data/Cell_29_integrated/3p9GPa.xy,18.322218,0.000862904,0.000862904,0.043998,,,,raw,1,C,100.001,0,0.0598761,-0.00573724,0.000862904,,,0,-0.0110248,-0.00721441,0.00617787,-0.00721441,0.0126602,-0.569851,0.130187,0.000105572,0.043998,0.0158155,1,0
3.9GPa,Data/Cell_29_integrated/3p9GPa.xy,18.622711,0.000452437,0.000452437,0.013912,,,,raw,1,C,100,0,0.0617746,-0.000513024,0.000452437,,,0,-0.0168907,0.00440889,-0.00976302,-0.00976302,0.0130594,-0.747586,-0.223584,0.00042354,0.013912,0.0158155,1,0
3.9GPa,Data/Cell_29_integrated/3p9GPa.xy,18.638527,0.000895072,0.000895072,0.0412247,,,,shoulder,1,C,100.001,0,0.0611787,-0.000786459,0.000895072,,,0,-0.0139702,0.00656517,-0.00877943,-0.00877943,0.0139953,-0.627311,-0.205185,0.000441276,0.0412247,0.0790773,1,0
3.9GPa,Data/Cell_29_integrated/3p9GPa.xy,18.701789,0.000400082,0.000400082,0.0116858,,,,raw,1,C,100,0,0.0578607,-0.00301687,0.000400082,,,0,-0.00189279,0.000904891,-0.000822874,-0.000822874,0.00255121,-0.322543,-0.0557308,6.2654e-05,0.0116858,0.0158155,1,0
3.9GPa,Data/Cell_29_integrated/3p9GPa.xy,18.780866,0.000195383,0.000195383,0.0313136,,,,shoulder,1,C,100,0,0.0544967,-0.00444028,0.000195383,,,0,-0.00103777,-0.000418669,-0.000478968,-0.000478968,0.00068342,-0.700839,-0.029878,2.5365e-05,0.0313136,0.0632619,1,0
3.9GPa,Data/Cell_29_integrated/3p9GPa.xy,18.844128,0.00047091,0.00047091,0.0404399,,,,raw,1,C,100,0,0.0533022,-0.00441313,0.00047091,,,0,-0.000267995,0.000291131,-0.000220878,-0.000220878,0.00059374,-0.37201,-0.0241523,-1.2616e-05,0.0404399,0.0316309,1,0
3.9GPa,Data/Cell_29_integrated/3p9GPa.xy,18.891574,0.657087,0.657087,0,,,,matched,1,C,103.91,0,0.0522733,-0.0044056,0,w3:0.657087,3,0.657087,3.62438e-05,0.000162569,0.000310692,0.000162569,0.000499793,0.325271,-0.0205078,-4.12458e-05,0,0.0158155,0,0
3.9GPa,Data/Cell_29_integrated/3p9GPa.xy,19.381854,0.00287752,0.000762322,0.0518862,,,,shoulder,1,C,102.803,0,0.0444348,0.00287752,0.000762322,,,0,-0.000244505,0.00035405,0.000251847,0.000251847,0.000898706,0.280232,-0.0128148,0.000323491,0.0518862,0.0158155,1,0
3.9GPa,Data/Cell_29_integrated/3p9GPa.xy,19.682348,0.000417511,0.000417511,0.0259622,,,,raw,1,C,100,0,0.0404965,-0.0126468,0.000417511,,,0,-0.00108372,-0.000255967,-0.000386378,-0.000386378,0.000756474,-0.510761,-0.015394,-8.0581e-05,0.0259622,0.0790773,0,0
3.9GPa,Data/Cell_29_integrated/3p9GPa.xy,19.698163,0.000289633,0.000289633,0.0315636,,,,shoulder,1,C,100,0,0.0403829,-0.0140908,0.000289633,,,0,-0.00121958,-0.000263147,-0.000689715,-0.000689715,0.000698673,-0.987176,-0.0155744,1.38969e-05,0.0315636,0.0158155,1,0
3.9GPa,Data/Cell_29_integrated/3p9GPa.xy,19.824687,0.241492,0.241492,0,,,,matched,1,C,108.746,0,0.0388131,-0.0201232,0,w3:0.241492,3,0.241492,0.00026805,0.000362867,0.000345907,0.000345907,0.00040673,0.850456,-0.0102847,-8.74111e-05,0,0.0158155,0,0
3.9GPa,Data/Cell_29_integrated/3p9GPa.xy,19.935395,0.000650933,0.000650933,0.0392073,,,,raw,1,C,100.001,0,0.0380095,-0.0240482,0.000650933,,,0,-0.000116856,0.000250069,-8.97882e-05,-8.97882e-05,0.000268908,-0.333898,-0.0113173,0.000116302,0.0392073,0.0158155,1,0
3.9GPa,Data/Cell_29_integrated/3p9GPa.xy,20.046103,0.000582753,0.000582753,0.0191016,,,,raw,1,C,101.078,0,0.0369803,-0.0267478,0.000582753,,,0,-0.00023808,4.82525e-05,5.56378e-05,4.82525e-05,0.000447654,0.10779,-0.00595749,3.48795e-05,0.0191016,0.0158155,0,0
3.9GPa,Data/Cell_29_integrated/3p9GPa.xy,20.061919,0.000208559,0.000208559,0.0372957,,,,shoulder,1,C,101.988,0,0.0365686,-0.0269783,0.000208559,,,0,-0.000196197,9.15106e-05,0.000148115,9.15106e-05,0.000460366,0.198777,-0.00645168,7.46396e-05,0.0372957,0.0790773,1,0
3.9GPa,Data/Cell_29_integrated/3p9GPa.xy,20.077734,2.71447e-06,2.71447e-06,0.00795673,,,,raw,1,C,100,0,0.0365713,-0.0272702,2.71447e-06,,,0,-0.000295129,-1.44751e-05,0.000106588,-1.44751e-05,0.000609232,-0.0237596,-0.0062837,-6.5878e-05,0.00795673,0.0158155,1,0
3.9GPa,Data/Cell_29_integrated/3p9GPa.xy,20.156812,0.000909706,0.000909706,0.0502284,,,,shoulder,1,C,100.001,0,0.0368986,-0.0270639,0.000909706,,,0,-0.00703615,-0.00487678,0.00697218,-0.00487678,0.0119722,-0.407342,0.0959452,0.000502185,0.0502284,0.0158155,1,0
3.9GPa,Data/Cell_29_integrated/3p9GPa.xy,20.520567,0.000406046,0.000406046,0.0543461,,,,shoulder,1,C,100,0,0.0312995,-0.0284158,0.000406046,,,0,-0.0867263,0.0335335,-0.0558412,-0.0558412,0.096394,-0.579302,-1.01394,-9.85841e-05,0.0543461,0.110708,1,0
3.9GPa,Data/Cell_29_integrated/3p9GPa.xy,20.741984,0.259776,0.259776,0,,,,matched,1,C,100.26,0,0.0259261,-0.026221,0,w5:0.259776,5,0.259776,-0.00029442,0.00017374,-4.98865e-06,-4.98865e-06,0.000885321,-0.00563484,-0.0209239,-0.000288934,0,0.0158155,1,0
3.9GPa,Data/Cell_29_integrated/3p9GPa.xy,20.884323,0.00132344,0.00132344,0.0261695,,,,raw,1,C,100.001,0,0.023745,-0.0225428,0.00132344,,,0,-0.000936411,-0.000294926,-0.00083855,-0.00083855,0.000283495,-2.95788,-0.0145714,-3.6935e-05,0.0261695,0.0316309,0,0
3.9GPa,Data/Cell_29_integrated/3p9GPa.xy,20.963400,0.000390385,0.000390385,0.106572,,,,shoulder,1,C,110.864,0,0.0225083,-0.0182765,0.000390385,,,0,0.00014591,0.000482507,0.000448759,0.000448759,0.000413078,1.08638,-0.00747905,0.000157662,0.106572,0.0158155,1,0
3.9GPa,Data/Cell_29_integrated/3p9GPa.xy,20.995031,0.000242697,0.000242697,0.0120352,,,,raw,1,C,100,0,0.0226161,-0.0171044,0.000242697,,,0,-0.000140941,-8.73409e-05,0.000160302,-8.73409e-05,0.000334347,-0.261227,-0.00649916,-6.94957e-05,0.0120352,0.0316309,1,0
3.9GPa,Data/Cell_29_integrated/3p9GPa.xy,21.010847,3.74763e-06,3.74763e-06,0.00818835,,,,shoulder,1,C,100,0,0.0221511,-0.0163444,3.74763e-06,,,0,-0.000169019,-1.59731e-05,4.40362e-05,-1.59731e-05,0.00042643,-0.0374577,-0.00777529,-6.57481e-05,0.00818835,0.0158155,1,0
3.9GPa,Data/Cell_29_integrated/3p9GPa.xy,21.216448,0.000782206,0.000782206,0.0251664,,,,raw,1,C,100.001,0,0.0192681,-0.00571383,0.000782206,,,0,-0.000953243,-0.00056471,-0.000343605,-0.00056471,0.000496097,-1.13831,-0.0182928,-0.000162077,0.0251664,0.0316309,0,0
3.9GPa,Data/Cell_29_integrated/3p9GPa.xy,21.453680,0.01128,0.00111918,0.0590484,,,,raw,1,C,100.1,0,0.0159258,0.0110857,0.00111918,,,0,-0.000385942,0.000415384,9.19513e-06,9.19513e-06,0.000925628,0.00993392,-0.00977582,0.000207543,0.0590484,0.0158155,0,0
3.9GPa,Data/Cell_29_integrated/3p9GPa.xy,21.485311,0.0138278,1.0748e-05,0.00799897,,,,raw,1,C,100,0,0.0158576,0.0134049,1.0748e-05,,,0,-0.000318215,0.000432919,-4.52676e-05,-4.52676e-05,0.00103401,-0.0437787,-0.0098932,-0.00010131,0.00799897,0.0158155,1,0
3.9GPa,Data/Cell_29_integrated/3p9GPa.xy,21.501126,3.1098,3.1098,0,,,,matched,1,C,103.11,0,0.014926,0.0142455,0,w5:3.1098,5,3.1098,-0.00039476,0.00010339,-0.000390953,-0.000390953,0.000773356,-0.505528,-0.0102665,-0.000372199,0,0.0158155,1,0
3.9GPa,Data/Cell_29_integrated/3p9GPa.xy,21.596019,0.00214733,0.000314702,0.0155023,,,,raw,1,C,100,0,0.0142224,0.00189634,0.000314702,,,0,-0.00107979,-0.000830428,-0.000596014,-0.000830428,0.000553539,-1.50021,-0.00533039,-0.000505127,0.0155023,0.0316309,0,0
3.9GPa,Data/Cell_29_integrated/3p9GPa.xy,21.643465,0.000908434,0.000438128,0.0371365,,,,raw,1,C,101.689,0,0.0145929,0.000636419,0.000438128,,,0,-0.000262692,0.00024742,9.67684e-05,9.67684e-05,0.000572938,0.168898,-0.00807527,-3.61743e-05,0.0371365,0.0158155,0,0
3.9GPa,Data/Cell_29_integrated/3p9GPa.xy,21.769989,0.00115233,0.000531805,0.0190714,,,,raw,1,C,101.695,0,0.0136087,0.000658644,0.000531805,,,0,-6.98569e-05,0.000201239,0.000117199,0.000117199,0.000691688,0.169438,-0.012884,-7.60655e-05,0.0190714,0.0158155,0,0
3.9GPa,Data/Cell_29_integrated/3p9GPa.xy,21.785805,0.000781155,0.000307841,0.0316194,,,,shoulder,1,C,103.298,0,0.013122,0.000781155,0.000307841,,,0,-4.55391e-06,0.00024952,0.000304612,0.00024952,0.000756659,0.329766,-0.0144363,0.00011173,0.0316194,0.0632619,1,0
3.9GPa,Data/Cell_29_integrated/3p9GPa.xy,22.481685,0.00106538,0.00106538,0.0159619,,,,raw,1,C,100.001,0,0.00447681,-0.00198645,0.00106538,,,0,-0.00325399,-0.00239311,-0.00216969,-0.00239311,0.000864829,-2.76715,6.35003e-05,-0.000503539,0.0159619,0.0632619,0,0
3.9GPa,Data/Cell_29_integrated/3p9GPa.xy,22.750548,0.000915769,0.000542772,0.0237495,,,,raw,1,C,100.629,0,0.00429021,0.000406648,0.000542772,,,0,7.66302e-05,0.00241826,0.000133597,0.000133597,0.00212617,0.0628343,-0.00755106,0.00047828,0.0237495,0.0158155,0,0
3.9GPa,Data/Cell_29_integrated/3p9GPa.xy,23.478060,2.08931,2.08931,0,,,,matched,1,C,102.248,0,-0.00589293,0.0024389,0,w8:2.08931,8,2.08931,-0.00113245,0.00106429,6.52202e-05,6.52202e-05,0.00411855,0.0158357,-0.0287256,-0.00205956,0,0.0316309,0,0
5GPa,Data/Cell_29_integrated/5p0GPa.xy,2.032287,6.23466e-05,6.23466e-05,0.0239278,,,,shoulder,1,C,100,0,-0.100072,-0.0388107,6.23466e-05,,,0,-0.00506938,0.00238209,-0.00437982,-0.00437982,0.000554235,-7.90244,0.267723,8.90541e-05,0.0239278,0.0790773,1,0
5GPa,Data/Cell_29_integrated/5p0GPa.xy,2.190442,0.000317026,0.000317026,0.0333989,,,,shoulder,1,C,100,0,-0.0531292,-0.0117271,0.000317026,,,0,-0.00356961,-0.00311495,0.0009781,-0.00311495,0.00167454,-1.86018,0.318446,-1.88982e-05,0.0333989,0.0632619,1,0
5GPa,Data/Cell_29_integrated/5p0GPa.xy,2.538382,0.0246985,0.00030705,0.00854536,,,,raw;shoulder,2,C,200,0,0.0197375,0.0243029,0.00030705,,,0,-0.00107754,-0.000464094,6.12307e-05,-0.000464094,0.0012158,-0.38172,0.0676272,0.000137669,0.00854536,0.0474464,1,0
5GPa,Data/Cell_29_integrated/5p0GPa.xy,2.838876,0.00231889,0.000345877,0.0295546,,,,raw,1,C,100,0,0.0206192,0.0019302,0.000345877,,,0,-0.00387068,-0.00109909,-0.00203334,-0.00203334,0.00267291,-0.760722,-0.0417339,-0.000105194,0.0295546,0.0316309,0,0
5GPa,Data/Cell_29_integrated/5p0GPa.xy,3.186816,0.000444328,0.000444328,0.0122407,,,,raw,1,C,100,0,0.016434,-0.0195236,0.000444328,,,0,-0.00178653,-0.000765754,-0.000488414,-0.000765754,0.00183918,-0.416355,-0.0019335,-0.000812347,0.0122407,0.0474464,0,0
5GPa,Data/Cell_29_integrated/5p0GPa.xy,3.297525,0.000645314,0.000645314,0.0120834,,,,raw,1,C,100.001,0,0.0161826,-0.0198869,0.000645314,,,0,-0.00821993,-0.00663905,-0.00612772,-0.00663905,0.00179142,-3.70602,0.054834,-0.00122971,0.0120834,0.0632619,0,0
5GPa,Data/Cell_29_integrated/5p0GPa.xy,3.692911,0.0113568,0.00125306,0.020424,,,,raw,1,C,100.001,0,0.042957,0.010585,0.00125306,,,0,-0.00161538,-0.00113194,-0.00108573,-0.00113194,0.000509378,-2.2222,0.0342221,-0.000389405,0.020424,0.0316309,0,0
5GPa,Data/Cell_29_integrated/5p0GPa.xy,3.977590,0.00319897,0.00113845,0.0331523,,,,raw,1,C,100.001,0,0.0376545,0.00246606,0.00113845,,,0,-0.000493505,0.00204148,-0.000172956,-0.000172956,0.00236739,-0.0730577,-0.0546692,0.000341448,0.0331523,0.0158155,1,0
5GPa,Data/Cell_29_integrated/5p0GPa.xy,3.993405,0.267729,0.267729,0,,,,matched,1,C,101.319,0,0.0361177,0.00161443,0,w2:0.267729,2,0.267729,-0.00023444,0.00185701,0.000256129,0.000256129,0.00243713,0.105095,-0.0481676,0.000150004,0,0.0158155,0,0
5GPa,Data/Cell_29_integrated/5p0GPa.xy,4.025036,0.000311817,0.000311817,0.0107477,,,,raw,1,C,101.329,0,0.0349973,-0.000363381,0.000311817,,,0,-0.000476827,0.00021234,0.000889421,0.00021234,0.00159848,0.132839,-0.0319217,4.55992e-05,0.0107477,0.0158155,0,0
5GPa,Data/Cell_29_integrated/5p0GPa.xy,4.040852,6.67095e-05,6.67095e-05,0.011587,,,,shoulder,1,C,100,0,0.034129,-0.00134971,6.67095e-05,,,0,-0.000848161,-0.000641758,0.000769799,-0.000641758,0.00121315,-0.529,-0.0257337,0.000112309,0.011587,0.0158155,1,0
5GPa,Data/Cell_29_integrated/5p0GPa.xy,4.119929,0.000144838,0.000144838,0.0176898,,,,shoulder,1,C,100,0,0.0313479,-0.00477416,0.000144838,,,0,-0.0011133,0.000322633,-0.000469874,-0.000469874,0.0014106,-0.333103,-0.0285787,-8.4551e-05,0.0176898,0.0158155,1,0
5GPa,Data/Cell_29_integrated/5p0GPa.xy,4.135744,0.000160676,0.000160676,0.0254693,,,,raw,1,C,100,0,0.031401,-0.0048242,0.000160676,,,0,-0.000332619,0.000802213,-1.60104e-05,-1.60104e-05,0.0014874,-0.010764,-0.0274327,-0.000223876,0.0254693,0.0474464,1,0
5GPa,Data/Cell_29_integrated/5p0GPa.xy,4.309715,0.3246,0.3246,0,,,,matched,1,C,100.743,0,0.0274276,-0.0105886,0,w2:0.3246,2,0.3246,-0.00102386,0.000154315,0.00238063,0.000154315,0.00368665,0.0418577,-0.015988,0.000609112,0,0.0158155,0,0
5GPa,Data/Cell_29_integrated/5p0GPa.xy,4.815809,0.00572526,0.00024157,0.0270378,,,,shoulder,1,C,100,0,0.0459539,0.00572526,0.00024157,,,0,-0.000989361,0.000461604,-0.000832205,-0.000832205,0.000509092,-1.63468,0.0232354,0.000149417,0.0270378,0.0632619,1,0
5GPa,Data/Cell_29_integrated/5p0GPa.xy,5.147934,5.31313e-05,5.31313e-05,0.00854969,,,,raw,1,C,100,0,0.0538815,-0.000943609,5.31313e-05,,,0,-0.000359667,0.000542598,-0.000123433,-0.000123433,0.000730038,-0.169077,0.0185124,-4.29251e-06,0.00854969,0.0316309,1,0
5GPa,Data/Cell_29_integrated/5p0GPa.xy,5.669845,0.0011748,0.0011748,0.0308428,,,,raw,1,C,100.001,0,0.0633862,-0.00720648,0.0011748,,,0,-0.000603553,-0.000601519,0.000404357,-0.000601519,0.000885696,-0.679148,0.0189331,-0.000105978,0.0308428,0.0158155,1,0
5GPa,Data/Cell_29_integrated/5p0GPa.xy,5.733106,0.000367675,0.000367675,0.0238001,,,,raw,1,C,100,0,0.0632926,-0.00807073,0.000367675,,,0,-0.0163765,-0.0114063,0.00774797,-0.0114063,0.0178935,-0.637456,0.197596,-0.00034758,0.0238001,0.0474464,1,0
5GPa,Data/Cell_29_integrated/5p0GPa.xy,5.780553,0.000364796,0.000364796,0.0348998,,,,shoulder,1,C,100,0,0.0656794,-0.00638391,0.000364796,,,0,-0.0296189,-0.0161218,0.00469907,-0.0161218,0.0235488,-0.684612,0.315558,1.72158e-05,0.0348998,0.0474464,1,0
5GPa,Data/Cell_29_integrated/5p0GPa.xy,6.033600,0.000157051,0.000157051,0.0103718,,,,raw,1,C,100,0,0.06831,-0.00716349,0.000157051,,,0,-0.0281487,0.00670778,-0.0175898,-0.0175898,0.0210947,-0.833849,-0.289922,-7.66185e-05,0.0103718,0.0948928,1,0
5GPa,Data/Cell_29_integrated/5p0GPa.xy,6.065231,1.76761e-05,1.76761e-05,0.0124525,,,,shoulder,1,C,100,0,0.0683638,-0.00724756,1.76761e-05,,,0,-0.0166181,0.0104239,-0.0117832,-0.0117832,0.0187691,-0.627796,-0.190568,9.1463e-06,0.0124525,0.0316309,1,0
5GPa,Data/Cell_29_integrated/5p0GPa.xy,6.096862,0.000117081,0.000117081,0.0095769,,,,raw,1,C,100,0,0.0689272,-0.00736926,0.000117081,,,0,-0.00418804,0.00407126,-0.00330443,-0.00330443,0.00665297,-0.496686,-0.0491311,-8.52975e-06,0.0095769,0.0316309,1,0
5GPa,Data/Cell_29_integrated/5p0GPa.xy,6.160124,5.35735e-05,5.35735e-05,0.0177015,,,,raw,1,C,106.048,0,0.069245,-0.00764682,5.35735e-05,,,0,0.000185554,0.00015635,0.00047985,0.00015635,0.000258502,0.604829,0.00697899,-0.000138044,0.0177015,0.0158155,0,0
5GPa,Data/Cell_29_integrated/5p0GPa.xy,6.808558,0.765961,0.765961,0,,,,matched,1,C,100.766,0,0.0776595,0.0205322,0,w5:0.765961,5,0.765961,-0.00250542,-0.00181146,0.000211243,-0.00181146,0.00324905,-0.557537,0.0276109,-0.000239215,0,0.0158155,1,0
5GPa,Data/Cell_29_integrated/5p0GPa.xy,6.856005,0.0169779,0.000379188,0.0449812,,,,shoulder,1,C,100,0,0.0788274,0.0169779,0.000379188,,,0,-0.00470659,-0.00191739,0.000709121,-0.00191739,0.00434773,-0.441009,0.0533402,0.000139974,0.0449812,0.0474464,1,0
5GPa,Data/Cell_29_integrated/5p0GPa.xy,6.871820,0.0157905,7.89085e-05,0.00877587,,,,raw,1,C,100,0,0.0795462,0.0155843,7.89085e-05,,,0,-0.00490758,-0.00177751,0.000483441,-0.00177751,0.00406613,-0.43715,0.0572755,5.36031e-05,0.00877587,0.0158155,1,0
5GPa,Data/Cell_29_integrated/5p0GPa.xy,6.919266,7.75392,7.75392,0,,,,matched,1,C,107.754,0,0.0800667,0.0109879,0,w8:7.75392,8,7.75392,-0.00428012,-0.00166968,-0.0017157,-0.0017157,0.00305092,-0.562356,0.0461258,-0.00164532,0,0.0632619,0,0
5GPa,Data/Cell_29_integrated/5p0GPa.xy,7.203945,0.00107956,0.00107956,0.0345999,,,,raw;shoulder,2,C,201.751,0,0.0832257,-0.0203119,0.00107956,,,0,-0.000810811,0.000358884,0.000264315,0.000264315,0.00151003,0.175039,0.00788088,0.000374871,0.0345999,0.0158155,1,0
5GPa,Data/Cell_29_integrated/5p0GPa.xy,7.346284,0.37621,0.37621,0,,,,matched,1,C,103.026,0,0.0853958,-0.0309242,0,w8:0.37621,8,0.37621,0.000808934,0.00123903,0.000317218,0.000317218,0.00119719,0.264969,0.0179557,-5.03627e-05,0,0.0158155,0,0
5GPa,Data/Cell_29_integrated/5p0GPa.xy,7.551885,0.00130481,0.00130481,0.0172489,,,,raw,1,C,100.001,0,0.0878953,-0.0447892,0.00130481,,,0,-0.00490115,-0.00199728,0.00144048,-0.00199728,0.0057622,-0.346618,0.0525233,0.000567482,0.0172489,0.0158155,1,0
5GPa,Data/Cell_29_integrated/5p0GPa.xy,8.073795,0.00284127,0.00284127,0.0349066,,,,shoulder,1,C,100.003,0,0.100643,-0.0458625,0.00284127,,,0,-0.169242,0.0260837,-0.111483,-0.111483,0.0937409,-1.18927,-1.57767,-0.00190422,0.0349066,0.0948928,1,0
5GPa,Data/Cell_29_integrated/5p0GPa.xy,8.247766,0.000221987,0.000221987,0.0136323,,,,raw,1,C,100,0,0.0988159,-0.0459582,0.000221987,,,0,-0.0107181,-0.00312742,-0.00457301,-0.00457301,0.00683486,-0.669072,-0.0647668,-0.00156742,0.0136323,0.0316309,0,0
5GPa,Data/Cell_29_integrated/5p0GPa.xy,8.326843,0.000834093,0.000834093,0.0419025,,,,shoulder,1,C,100.001,0,0.100127,-0.0362182,0.000834093,,,0,-0.00477072,0.00478954,-0.00368559,-0.00368559,0.00450083,-0.81887,-0.0590467,0.000420229,0.0419025,0.0158155,1,0
5GPa,Data/Cell_29_integrated/5p0GPa.xy,8.437551,29.0778,29.0778,0,,,,matched,1,C,129.078,0,0.10025,0.0159059,0,w5:29.0778,5,29.0778,-8.90001e-05,-0.00022204,0.00113176,-0.00022204,0.000731757,-0.303434,0.0118528,0.000153677,0,0.0158155,1,0
5GPa,Data/Cell_29_integrated/5p0GPa.xy,8.484998,30.0921,30.0921,0,,,,matched,1,C,130.092,0,0.0992067,0.00440806,0,w8:30.0921,8,30.0921,-0.00221759,-0.00173172,-0.00189675,-0.00189675,0.00042911,-4.42019,0.0117124,-0.00041196,0,0.0632619,0,0
5GPa,Data/Cell_29_integrated/5p0GPa.xy,8.643152,6.262e-05,6.262e-05,0.00849502,,,,raw;shoulder,2,C,200,0,0.103896,-0.0247014,6.262e-05,,,0,-0.000965476,-0.00050087,-0.000264968,-0.00050087,0.000795983,-0.629246,0.0310461,-5.85045e-05,0.00849502,0.0790773,1,0
5GPa,Data/Cell_29_integrated/5p0GPa.xy,8.690599,0.000399622,0.000399622,0.0415744,,,,shoulder,1,C,100,0,0.105261,-0.0313578,0.000399622,,,0,-0.000689598,0.000212978,-0.00024012,-0.00024012,0.000740188,-0.324403,0.0327229,0.0001605,0.0415744,0.0158155,1,0
5GPa,Data/Cell_29_integrated/5p0GPa.xy,8.706414,0.00145484,0.00145484,0.0144213,,,,raw,1,C,100.001,0,0.107027,-0.0335357,0.00145484,,,0,-0.000746599,1.57402e-05,-0.000468615,-0.000468615,0.000586212,-0.799395,0.0341672,4.04249e-07,0.0144213,0.0632619,1,0
5GPa,Data/Cell_29_integrated/5p0GPa.xy,8.975277,0.000161325,0.000161325,0.0112923,,,,raw,1,C,100,0,0.112513,-0.058949,0.000161325,,,0,-0.000832593,-0.000269202,1.37289e-05,-0.000269202,0.00197374,-0.136392,0.00334581,-0.000590005,0.0112923,0.0158155,1,0
5GPa,Data/Cell_29_integrated/5p0GPa.xy,9.180878,0.00075883,0.00075883,0.0640932,,,,shoulder,1,C,100.001,0,0.110037,-0.0999081,0.00075883,,,0,-0.00551373,-0.000725878,-0.00156353,-0.00156353,0.00366064,-0.427119,0.0244857,0.000195345,0.0640932,0.0948928,1,0
5GPa,Data/Cell_29_integrated/5p0GPa.xy,9.339033,0.964559,0.964559,0,,,,matched,1,C,100.965,0,0.125067,-0.100451,0,w2:0.964559,2,0.964559,-0.0123063,-0.00799709,0.0169018,-0.00799709,0.0233654,-0.342262,0.279445,0.000614307,0,0.0316309,1,0
5GPa,Data/Cell_29_integrated/5p0GPa.xy,9.354848,0.00196155,0.00196155,0.0987911,,,,shoulder,1,C,100.002,0,0.127315,-0.100234,0.00196155,,,0,-0.037998,-0.0277928,0.0379105,-0.0277928,0.0702408,-0.395679,0.603301,0.000816046,0.0987911,0.0158155,1,0
5GPa,Data/Cell_29_integrated/5p0GPa.xy,9.718604,0.000759152,0.000759152,0.0353733,,,,shoulder,1,C,100.001,0,0.126891,-0.0981799,0.000759152,,,0,-0.305024,0.119835,-0.20604,-0.20604,0.309338,-0.666068,-3.49899,-0.000941142,0.0353733,0.0790773,1,0
5GPa,Data/Cell_29_integrated/5p0GPa.xy,9.924205,0.747443,0.747443,0,,,,matched,1,C,100.747,0,0.114318,-0.0613823,0,w2:0.747443,2,0.747443,-0.00379758,0.000423729,-0.00145796,-0.00145796,0.00317916,-0.458597,-0.0750148,5.56902e-05,0,0.0948928,1,0
5GPa,Data/Cell_29_integrated/5p0GPa.xy,9.940020,0.00019969,0.00019969,0.0378365,,,,shoulder,1,C,100,0,0.113997,-0.0551322,0.00019969,,,0,-0.00371752,0.000591044,-0.00155422,-0.00155422,0.00370864,-0.41908,-0.0750397,7.38228e-05,0.0378365,0.0158155,1,0
5GPa,Data/Cell_29_integrated/5p0GPa.xy,10.034913,0.0354881,2.08858e-05,0.0115879,,,,shoulder,1,C,100.903,0,0.109524,0.0354881,2.08858e-05,,,0,-0.000145686,0.00038388,4.6487e-05,4.6487e-05,0.000514947,0.0902751,-0.0410491,-5.06953e-05,0.0115879,0.0158155,1,0
5GPa,Data/Cell_29_integrated/5p0GPa.xy,10.177252,0.000212378,0.000212378,0.0124314,,,,raw,1,C,100,0,0.104189,-0.0216279,0.000212378,,,0,-0.00156232,-0.00130263,-0.000151772,-0.00130263,0.00108928,-1.19586,-0.0311599,-5.20172e-05,0.0124314,0.0158155,0,0
5GPa,Data/Cell_29_integrated/5p0GPa.xy,10.193068,0.000382614,0.000382614,0.0934849,,,,shoulder,1,C,100,0,0.103817,-0.0330953,0.000382614,,,0,-0.00167437,-0.00077559,6.45342e-05,-0.00077559,0.0013635,-0.568823,-0.0277266,4.45249e-05,0.0934849,0.0948928,1,0
5GPa,Data/Cell_29_integrated/5p0GPa.xy,10.240514,6.38843e-05,6.38843e-05,0.0243747,,,,shoulder,1,C,100,0,0.102045,-0.0662634,6.38843e-05,,,0,-0.00226746,-0.000692123,-0.000379704,-0.000692123,0.00181248,-0.381865,-0.0171161,-9.22227e-06,0.0243747,0.0158155,1,0
5GPa,Data/Cell_29_integrated/5p0GPa.xy,10.256330,0.00023705,0.00023705,0.00920713,,,,raw,1,C,100,0,0.102282,-0.0765977,0.00023705,,,0,-0.00236363,-0.000858287,-0.00111487,-0.00111487,0.0014632,-0.761941,-0.0117414,-3.14114e-05,0.00920713,0.0632619,0,0
5GPa,Data/Cell_29_integrated/5p0GPa.xy,10.446115,0.000783082,0.000783082,0.0445299,,,,shoulder,1,C,100.001,0,0.107599,-0.166382,0.000783082,,,0,-0.00660794,-0.00219034,0.000418875,-0.00219034,0.00614101,-0.356674,0.117568,0.000151993,0.0445299,0.0948928,1,0
5GPa,Data/Cell_29_integrated/5p0GPa.xy,10.509377,3.92272e-05,3.92272e-05,0.00970793,,,,shoulder,1,C,100,0,0.114636,-0.182547,3.92272e-05,,,0,-0.0100154,-0.00435086,-0.00386764,-0.00435086,0.00663654,-0.655592,0.191078,-0.00047221,0.00970793,0.0632619,1,0
5GPa,Data/Cell_29_integrated/5p0GPa.xy,10.572639,5.89568,5.89568,0,,,,matched,1,C,106.718,0,0.130879,-0.184751,0,w8:5.89568,8,5.89568,0.00186274,0.00563913,0.00033616,0.00033616,0.00408633,0.0822644,0.16747,-0.000767137,0,0.0790773,0,0
5GPa,Data/Cell_29_integrated/5p0GPa.xy,10.778240,0.000268744,0.000268744,0.0417891,,,,shoulder,1,C,100,0,0.13059,-0.281515,0.000268744,,,0,-0.0944341,-0.0627779,0.0372958,-0.0627779,0.089188,-0.703882,0.903994,-0.00094122,0.0417891,0.0790773,1,0
5GPa,Data/Cell_29_integrated/5p0GPa.xy,11.315966,0.000532419,0.000532419,0.00822391,,,,shoulder,1,C,100.001,0,0.294148,-0.182038,0.000532419,,,0,-0.846426,-0.198928,-0.351554,-0.351554,0.640429,-0.548935,-9.2045,-0.0496178,0.00822391,0.0948928,1,0
5GPa,Data/Cell_29_integrated/5p0GPa.xy,11.410859,0.00507262,0.00507262,0.0523549,,,,shoulder,1,C,100.005,0,0.11757,-0.359115,0.00507262,,,0,-0.23377,0.0834253,-0.152411,-0.152411,0.21682,-0.702936,-2.47511,-0.000565869,0.0523549,0.110708,1,0
5GPa,Data/Cell_29_integrated/5p0GPa.xy,11.695537,0.879295,0.879295,0,,,,matched,1,C,100.879,0,0.119634,-0.255445,0,w2:0.879295,2,0.879295,-0.00399901,0.00309335,-0.0015548,-0.0015548,0.00792037,-0.196303,-0.0368554,6.22027e-05,0,0.0158155,1,0
5GPa,Data/Cell_29_integrated/5p0GPa.xy,11.727168,0.000194119,0.000194119,0.0248863,,,,shoulder,1,C,101.37,0,0.120655,-0.239946,0.000194119,,,0,-0.00118254,0.000571278,0.000297755,0.000297755,0.00217353,0.136992,0.00794592,0.000256321,0.0248863,0.0158155,1,0
5GPa,Data/Cell_29_integrated/5p0GPa.xy,11.806246,5.49147e-05,5.49147e-05,0.00821137,,,,raw,1,C,100,0,0.122464,-0.196729,5.49147e-05,,,0,-0.00414038,-0.00171326,0.00206073,-0.00171326,0.00547539,-0.312903,0.0679237,0.000228945,0.00821137,0.0158155,1,0
5GPa,Data/Cell_29_integrated/5p0GPa.xy,11.822061,0.00282952,0.00282952,0.257945,,,,shoulder,1,C,100.003,0,0.122409,-0.187086,0.00282952,,,0,-0.00501111,-0.00159548,0.00245037,-0.00159548,0.00707604,-0.225476,0.084161,0.000434661,0.257945,0.0632619,1,0
5GPa,Data/Cell_29_integrated/5p0GPa.xy,11.837876,0.000386289,0.000386289,0.0100704,,,,raw,1,C,100,0,0.123821,-0.177764,0.000386289,,,0,-0.00604304,-0.00230453,0.00169993,-0.00230453,0.00634451,-0.363232,0.0938646,0.000201259,0.0100704,0.0158155,1,0
5GPa,Data/Cell_29_integrated/5p0GPa.xy,12.106739,0.794074,0.794074,0,,,,matched,1,C,100.794,0,0.124666,0.00707656,0,w2:0.794074,2,0.794074,-0.0132719,-0.0021827,-0.00135352,-0.0021827,0.0133424,-0.163591,-0.0128551,-0.0002788,0,0.0316309,0,0
5GPa,Data/Cell_29_integrated/5p0GPa.xy,12.122555,0.0157506,0.00216736,0.0972635,,,,shoulder,1,C,100.002,0,0.124885,0.0157506,0.00216736,,,0,-0.0124377,-0.000982469,-0.00224586,-0.00224586,0.0134528,-0.166943,-0.00678327,9.84321e-05,0.0972635,0.0158155,1,0
5GPa,Data/Cell_29_integrated/5p0GPa.xy,12.170001,0.0393208,0.000818591,0.0413672,,,,raw,1,C,100.001,0,0.125692,0.0393295,0.000818591,,,0,-0.00690629,-0.0003677,-0.000712142,-0.000712142,0.00639755,-0.111315,0.0196795,-0.00192847,0.0413672,0.0316309,0,0
5GPa,Data/Cell_29_integrated/5p0GPa.xy,12.328156,0.116618,0.00399796,0.244877,,,,shoulder,1,C,100.004,0,0.127625,0.116618,0.00399796,,,0,-0.00489553,0.000612307,-0.000627712,-0.000627712,0.00426474,-0.147186,-0.0377681,0.000326053,0.244877,0.0158155,1,0
5GPa,Data/Cell_29_integrated/5p0GPa.xy,12.359787,20.9098,20.9098,0,,,,matched,1,C,120.91,0,0.126805,0.124619,0,w2:15.1419;w3:20.9098,3,20.9098,-0.00606841,0.000783733,-0.00264574,-0.00264574,0.00578784,-0.457121,-0.0502305,6.2402e-05,0,0.0158155,1,0
5GPa,Data/Cell_29_integrated/5p0GPa.xy,12.454680,0.0262983,0.000629834,0.106721,,,,shoulder,1,C,100.001,0,0.127885,0.0262983,0.000629834,,,0,-0.00332069,-0.000927326,0.00268228,-0.000927326,0.00632164,-0.146691,0.0512955,0.000169212,0.106721,0.0316309,1,0
5GPa,Data/Cell_29_integrated/5p0GPa.xy,12.470495,0.0206259,0.000111008,0.0107292,,,,raw,1,C,100,0,0.128196,0.0206748,0.000111008,,,0,-0.00577795,-0.00285762,0.00400162,-0.00285762,0.010551,-0.270838,0.084782,0.000114282,0.0107292,0.0158155,1,0
5GPa,Data/Cell_29_integrated/5p0GPa.xy,12.755173,0.000325421,0.000325421,0.0215901,,,,shoulder,1,C,100,0,0.130236,-0.0103046,0.000325421,,,0,-0.0132421,0.00209603,-0.00672311,-0.00672311,0.00982511,-0.684278,-0.118942,-2.42012e-05,0.0215901,0.0474464,1,0
5GPa,Data/Cell_29_integrated/5p0GPa.xy,12.770989,0.00024044,0.00024044,0.0260525,,,,raw,1,C,100,0,0.130526,-0.0120592,0.00024044,,,0,-0.0129742,0.00186183,-0.0073079,-0.0073079,0.0100228,-0.729131,-0.122254,-0.000349623,0.0260525,0.0158155,1,0
5GPa,Data/Cell_29_integrated/5p0GPa.xy,12.818435,0.00115963,0.00115963,0.0162812,,,,raw,1,C,100.001,0,0.131396,-0.0146618,0.00115963,,,0,-0.00559328,0.00283778,-0.00451678,-0.00451678,0.0062344,-0.724493,-0.048738,-6.54939e-05,0.0162812,0.0158155,1,0
5GPa,Data/Cell_29_integrated/5p0GPa.xy,12.913328,0.298434,0.298434,0,,,,matched,1,C,100.298,0,0.131526,-0.0182678,0,w5:0.298434,5,0.298434,-0.000180059,-2.18508e-05,0.000760413,-2.18508e-05,0.000905882,-0.024121,0.0192996,8.5539e-05,0,0.0158155,1,0
5GPa,Data/Cell_29_integrated/5p0GPa.xy,13.245453,0.000163402,0.000163402,0.0242073,,,,shoulder,1,C,100,0,0.139761,-0.0273372,0.000163402,,,0,-0.00390526,0.000115754,-0.00149896,-0.00149896,0.00322669,-0.464551,-0.0515111,-1.01529e-05,0.0242073,0.0632619,1,0
5GPa,Data/Cell_29_integrated/5p0GPa.xy,13.292899,2.3904e-06,2.3904e-06,0.00819099,,,,shoulder,1,C,100,0,0.13835,-0.0303315,2.3904e-06,,,0,-0.00378006,0.000755683,-0.00219946,-0.00219946,0.00496431,-0.443054,-0.0448165,-8.96829e-05,0.00819099,0.0158155,1,0
5GPa,Data/Cell_29_integrated/5p0GPa.xy,13.308715,0.000451403,0.000451403,0.0267201,,,,raw,1,C,100,0,0.138423,-0.0310675,0.000451403,,,0,-0.00304037,0.00033198,-0.00150249,-0.00150249,0.0034229,-0.438953,-0.0318792,-9.20733e-05,0.0267201,0.0316309,1,0
5GPa,Data/Cell_29_integrated/5p0GPa.xy,13.340346,0.427851,0.427851,0,,,,matched,1,C,100.428,0,0.137325,-0.0320846,0,w2:0.417319;w3:0.427851,3,0.427851,-0.00191856,-0.000190931,4.79917e-05,-0.000190931,0.00179769,-0.106209,-0.00564984,5.05806e-05,0,0.0158155,1,0
5GPa,Data/Cell_29_integrated/5p0GPa.xy,13.356161,0.00177614,0.00177614,0.0281155,,,,raw;shoulder,2,C,200.002,0,0.138128,-0.0326141,0.00177614,,,0,-0.00201768,-0.000622813,0.000299596,-0.000622813,0.00196266,-0.31733,0.00413738,7.67887e-05,0.0281155,0.205601,1,0
5GPa,Data/Cell_29_integrated/5p0GPa.xy,13.435239,0.000222173,0.000222173,0.0292702,,,,shoulder,1,C,100,0,0.138732,-0.0343098,0.000222173,,,0,-0.0265284,-0.0182813,0.0171102,-0.0182813,0.0393176,-0.464963,0.326751,-0.000110346,0.0292702,0.0790773,1,0
5GPa,Data/Cell_29_integrated/5p0GPa.xy,13.482685,8.31398e-05,8.31398e-05,0.0120818,,,,shoulder,1,C,100,0,0.141101,-0.0326279,8.31398e-05,,,0,-0.0978701,-0.062478,0.0364711,-0.062478,0.0928516,-0.67288,1.12389,-0.000292736,0.0120818,0.0474464,1,0
5GPa,Data/Cell_29_integrated/5p0GPa.xy,13.783179,0.000449091,0.000449091,0.0236673,,,,shoulder,1,C,100,0,0.141074,-0.0316322,0.000449091,,,0,-0.087258,0.034763,-0.0578766,-0.0578766,0.0943093,-0.613689,-1.00782,3.65775e-05,0.0236673,0.0790773,1,0
5GPa,Data/Cell_29_integrated/5p0GPa.xy,14.083673,0.65374,0.65374,0,,,,matched,1,C,101.302,0,0.142739,-0.0272046,0,w8:0.65374,8,0.65374,-0.00268858,0.000281719,0.00020534,0.00020534,0.00316957,0.0647849,-0.0389066,-0.00220103,0,0.0316309,0,0
5GPa,Data/Cell_29_integrated/5p0GPa.xy,14.146934,0.389829,0.389829,0,,,,matched,1,C,100.39,0,0.141798,-0.0288966,0,w2:0.389829,2,0.389829,-0.00788007,7.07583e-05,-0.000473674,-0.000473674,0.0106356,-0.0445365,-0.0427035,0.000255008,0,0.0158155,1,0
5GPa,Data/Cell_29_integrated/5p0GPa.xy,14.178565,7.04488e-05,7.04488e-05,0.00879329,,,,raw,1,C,100,0,0.139934,-0.0303061,7.04488e-05,,,0,-0.00972477,-0.00236751,-0.00152481,-0.00236751,0.00800095,-0.295904,-0.00494741,-0.000470847,0.00879329,0.0316309,0,0
5GPa,Data/Cell_29_integrated/5p0GPa.xy,14.210196,5.70738e-05,5.70738e-05,0.0104797,,,,shoulder,1,C,100,0,0.13963,-0.0297054,5.70738e-05,,,0,-0.00807712,-0.00317854,-0.00250393,-0.00317854,0.00552195,-0.575618,0.0264617,-0.000413773,0.0104797,0.0316309,1,0
5GPa,Data/Cell_29_integrated/5p0GPa.xy,14.479059,0.557738,0.557738,0,,,,matched,1,C,100.558,0,0.140404,-0.0195391,0,w2:0.557738,2,0.557738,-0.00245429,0.00146912,-0.000922419,-0.000922419,0.00476194,-0.193706,-0.0423246,-0.000163406,0,0.0316309,1,0
5GPa,Data/Cell_29_integrated/5p0GPa.xy,14.494875,0.496194,0.496194,0,,,,matched,1,C,100.496,0,0.140015,-0.0190903,0,w3:0.496194,3,0.496194,-0.0018844,0.000887953,-0.000249466,-0.000249466,0.00280861,-0.0888219,-0.030225,-6.5802e-05,0,0.0158155,1,0
5GPa,Data/Cell_29_integrated/5p0GPa.xy,14.510690,0.000963939,0.000963939,0.0162989,,,,raw,1,C,100.001,0,0.140979,-0.0185482,0.000963939,,,0,-0.00151042,-2.41424e-05,0.000319527,-2.41424e-05,0.00193817,-0.0124563,-0.016567,0.000148748,0.0162989,0.0158155,1,0
5GPa,Data/Cell_29_integrated/5p0GPa.xy,14.526506,0.000362137,0.000362137,0.0339947,,,,shoulder,1,C,100,0,0.140071,-0.0181493,0.000362137,,,0,-0.00192173,-0.00105645,0.000633667,-0.00105645,0.00130137,-0.811799,-0.00155491,0.000198731,0.0339947,0.0158155,1,0
5GPa,Data/Cell_29_integrated/5p0GPa.xy,14.906077,2.14148,2.14148,0.122551,,,,matched;shoulder,2,C,202.15,0,0.139888,-0.0157021,0.00868799,w2:2.14148;w3:0.544933,2,2.14148,-0.043174,-0.000197856,-0.00182581,-0.00182581,0.0498572,-0.0366209,-0.0570049,7.49878e-05,0.122551,0.142339,1,0
5GPa,Data/Cell_29_integrated/5p0GPa.xy,15.143309,0.00494153,0.000234217,0.0107695,,,,shoulder,1,C,100,0,0.158271,0.00494153,0.000234217,,,0,-0.00710814,-0.00258335,0.00455305,-0.00258335,0.0124077,-0.208205,-0.209875,-0.00190718,0.0107695,0.0474464,1,0
5GPa,Data/Cell_29_integrated/5p0GPa.xy,15.285648,4.76585e-05,4.76585e-05,0.0237991,,,,shoulder,1,C,100,0,0.135245,-0.0157864,4.76585e-05,,,0,-0.00512259,0.00128936,-0.00396142,-0.00396142,0.00428953,-0.923508,-0.0776175,-0.000157117,0.0237991,0.0316309,1,0
5GPa,Data/Cell_29_integrated/5p0GPa.xy,15.317279,0.000394307,0.000394307,0.0181183,,,,raw,1,C,100,0,0.13546,-0.0149353,0.000394307,,,0,-0.00301784,0.00018696,-0.000789577,-0.000789577,0.00128574,-0.614103,-0.0308901,-0.000141971,0.0181183,0.0158155,1,0
5GPa,Data/Cell_29_integrated/5p0GPa.xy,15.380541,1.91765e-05,1.91765e-05,0.0099163,,,,shoulder,1,C,100,0,0.134317,-0.0140536,1.91765e-05,,,0,-0.00593759,-0.00334924,0.0018334,-0.00334924,0.00488693,-0.685345,0.0416538,0.000200522,0.0099163,0.0316309,1,0
5GPa,Data/Cell_29_integrated/5p0GPa.xy,15.633588,5.22618e-05,5.22618e-05,0.00978463,,,,raw,1,C,100,0,0.12733,-0.015448,5.22618e-05,,,0,-0.0079108,0.000579553,-0.00414057,-0.00414057,0.00636671,-0.650346,-0.0855638,-0.000157433,0.00978463,0.0158155,1,0
5GPa,Data/Cell_29_integrated/5p0GPa.xy,15.665219,0.000561556,0.000561556,0.0116539,,,,raw,1,C,100.001,0,0.127672,-0.0145792,0.000561556,,,0,-0.00559065,0.00225943,-0.00361187,-0.00361187,0.00595616,-0.606409,-0.0684869,0.000127948,0.0116539,0.0158155,1,0
5GPa,Data/Cell_29_integrated/5p0GPa.xy,15.712666,0.848345,0.848345,0,,,,matched,1,C,100.848,0,0.126257,-0.0134724,0,w3:0.848345,3,0.848345,-0.00294997,-0.000701623,-0.000312507,-0.000701623,0.000821239,-0.854346,-0.00206123,-0.00016937,0,0.0316309,0,0
5GPa,Data/Cell_29_integrated/5p0GPa.xy,15.791743,2.72608e-05,2.72608e-05,0.0100027,,,,shoulder,1,C,100,0,0.126737,-0.00978969,2.72608e-05,,,0,-0.0158597,-0.00981426,0.00333567,-0.00981426,0.0118255,-0.829926,0.162161,-6.27498e-05,0.0100027,0.0158155,1,0
5GPa,Data/Cell_29_integrated/5p0GPa.xy,15.807558,0.000189445,0.000189445,0.0130964,,,,raw,1,C,100,0,0.127026,-0.00907228,0.000189445,,,0,-0.0174206,-0.00984486,0.00103289,-0.00984486,0.0118571,-0.83029,0.162612,-0.000165648,0.0130964,0.0632619,1,0
5GPa,Data/Cell_29_integrated/5p0GPa.xy,16.044790,3.4439e-05,3.4439e-05,0.0091973,,,,shoulder,1,C,100,0,0.123061,-0.00601604,3.4439e-05,,,0,-0.0180277,-0.00206174,-0.0129959,-0.0129959,0.00850628,-1.5278,-0.195194,-0.000861195,0.0091973,0.0790773,1,0
5GPa,Data/Cell_29_integrated/5p0GPa.xy,16.218761,1.63731,1.63731,0,,,,matched,1,C,101.637,0,0.116244,0.00565534,0,w2:1.63731,2,1.63731,-0.00371365,-0.00204258,-0.000228179,-0.00204258,0.00340458,-0.599951,-0.0223858,1.40989e-05,0,0.0158155,0,0
5GPa,Data/Cell_29_integrated/5p0GPa.xy,16.234576,0.00551214,0.000960494,0.0288257,,,,raw;shoulder,2,C,200.001,0,0.116351,0.00507863,0.000960494,,,0,-0.00364458,-0.000586045,-5.48459e-05,-0.000586045,0.00317151,-0.184784,-0.0203658,0.000206297,0.0288257,0.0316309,1,0
5GPa,Data/Cell_29_integrated/5p0GPa.xy,16.345284,0.399836,0.399836,0,,,,matched,1,C,100.4,0,0.119756,0.00283954,0,w2:0.399836,2,0.399836,-0.00503632,-0.00117052,0.00584458,-0.00117052,0.0105325,-0.111134,0.095698,0.000736356,0,0.0158155,1,0
5GPa,Data/Cell_29_integrated/5p0GPa.xy,16.661594,0.00026573,0.00026573,0.0210363,,,,raw,1,C,100,0,0.102984,-0.0128818,0.00026573,,,0,-0.00855468,0.00381435,-0.00606518,-0.00606518,0.00772654,-0.78498,-0.133382,-6.83945e-05,0.0210363,0.0316309,1,0
5GPa,Data/Cell_29_integrated/5p0GPa.xy,16.709040,0.21194,0.21194,0,,,,matched,1,C,100.212,0,0.101587,-0.0143872,0,w3:0.21194,3,0.21194,-0.00108568,0.00168803,-0.000818639,-0.000818639,0.00244251,-0.335164,-0.0537262,9.19557e-05,0,0.0158155,1,0
5GPa,Data/Cell_29_integrated/5p0GPa.xy,16.772302,0.000134721,0.000134721,0.0302644,,,,shoulder,1,C,100,0,0.0992114,-0.0178897,0.000134721,,,0,-0.000100973,-6.8611e-05,0.000214286,-6.8611e-05,0.000336753,-0.203742,-0.0328502,8.41504e-05,0.0302644,0.0632619,1,0
5GPa,Data/Cell_29_integrated/5p0GPa.xy,16.851379,0.000257801,0.000257801,0.0082113,,,,raw;shoulder,2,C,200,0,0.0967472,-0.0209748,0.000257801,,,0,-0.000758774,-0.000181799,-2.59813e-05,-0.000181799,0.000709088,-0.256383,-0.0270685,9.65484e-05,0.0082113,0.142339,1,0
5GPa,Data/Cell_29_integrated/5p0GPa.xy,16.867195,0.584697,0.584697,0,,,,matched,1,C,100.585,0,0.096146,-0.0215006,0,w8:0.584697,8,0.584697,-0.000853896,-0.000144861,-4.2132e-05,-0.000144861,0.00102678,-0.141082,-0.0247325,-3.83289e-05,0,0.0158155,0,0
5GPa,Data/Cell_29_integrated/5p0GPa.xy,16.914641,0.000340632,0.000340632,0.0322092,,,,shoulder,1,C,100,0,0.0951752,-0.0223936,0.000340632,,,0,-0.000774051,-0.000220066,-6.34345e-05,-0.000220066,0.000663851,-0.331498,-0.0189841,0.000177735,0.0322092,0.0158155,1,0
5GPa,Data/Cell_29_integrated/5p0GPa.xy,16.930457,0.00053883,0.00053883,0.023016,,,,raw,1,C,100.001,0,0.0953168,-0.0228242,0.00053883,,,0,-0.000939385,-0.000329894,-0.000698026,-0.000698026,0.000396917,-1.75862,-0.0175472,2.23309e-05,0.023016,0.0632619,0,0
5GPa,Data/Cell_29_integrated/5p0GPa.xy,17.136058,0.000190285,0.000190285,0.0100368,,,,raw,1,C,100,0,0.0919749,-0.025452,0.000190285,,,0,-0.00411565,-0.00290118,0.000545706,-0.00290118,0.00373857,-0.776012,0.0271279,-0.000185932,0.0100368,0.0158155,1,0
5GPa,Data/Cell_29_integrated/5p0GPa.xy,17.151873,0.000321765,0.000321765,0.0395171,,,,shoulder,1,C,100,0,0.0917847,-0.025518,0.000321765,,,0,-0.00943214,-0.00633063,0.00525318,-0.00633063,0.014064,-0.450131,0.0989596,1.30481e-05,0.0395171,0.0790773,1,0
5GPa,Data/Cell_29_integrated/5p0GPa.xy,17.167689,4.49074e-05,4.49074e-05,0.00917816,,,,raw,1,C,100,0,0.0920642,-0.0254633,4.49074e-05,,,0,-0.020724,-0.0141707,0.0137165,-0.0141707,0.0325878,-0.434845,0.244085,-4.26725e-06,0.00917816,0.0158155,1,0
5GPa,Data/Cell_29_integrated/5p0GPa.xy,17.246766,0.000482581,0.000482581,0.0238897,,,,shoulder,1,C,100,0,0.0967442,-0.0211075,0.000482581,,,0,-0.0810174,-0.0414756,0.0118553,-0.0414756,0.0591743,-0.700905,0.772162,5.55993e-05,0.0238897,0.110708,1,0
5GPa,Data/Cell_29_integrated/5p0GPa.xy,17.547260,0.00451556,0.00451556,0.216371,,,,shoulder,1,C,100.005,0,0.0864423,-0.024602,0.00451556,,,0,-0.0178957,0.0137873,-0.0117055,-0.0117055,0.0319668,-0.366178,-0.244184,0.000117716,0.216371,0.0158155,1,0
5GPa,Data/Cell_29_integrated/5p0GPa.xy,17.563075,1.54675,1.54675,0,,,,matched,1,C,101.547,0,0.0858075,-0.0249519,0,w2:1.54675,2,1.54675,-0.00899037,0.00526224,-0.00372038,-0.00372038,0.0132123,-0.281584,-0.108404,4.61063e-05,0,0.0158155,1,0
5GPa,Data/Cell_29_integrated/5p0GPa.xy,17.594706,2.26074e-06,2.26074e-06,0.0080522,,,,shoulder,1,C,100,0,0.0842177,-0.0255002,2.26074e-06,,,0,-0.00726991,-0.0043043,0.00310189,-0.0043043,0.00876508,-0.491073,0.0327414,2.91747e-05,0.0080522,0.0158155,1,0
5GPa,Data/Cell_29_integrated/5p0GPa.xy,18.021724,0.000862731,0.000862731,0.0527668,,,,shoulder,1,C,100.001,0,0.0791026,-0.0195888,0.000862731,,,0,-0.0061701,0.00330068,-0.00289853,-0.00289853,0.00700449,-0.41381,-0.0789827,0.000379573,0.0527668,0.0158155,1,0
5GPa,Data/Cell_29_integrated/5p0GPa.xy,18.116617,0.000402151,0.000402151,0.026527,,,,raw;shoulder,2,C,200,0,0.0784943,-0.0155352,0.000402151,,,0,-0.000927228,0.000320657,-0.000330818,-0.000330818,0.000476657,-0.694037,0.00571502,0.000186592,0.026527,0.0790773,1,0
5GPa,Data/Cell_29_integrated/5p0GPa.xy,18.432926,0.00459292,0.000457067,0.0379471,,,,shoulder,1,C,100,0,0.0778165,0.00459292,0.000457067,,,0,-0.00220016,-0.000297799,-0.000822326,-0.000822326,0.00166522,-0.493823,0.0107298,1.60089e-05,0.0379471,0.0474464,1,0
5GPa,Data/Cell_29_integrated/5p0GPa.xy,18.670158,0.000551637,0.000551637,0.0240099,,,,raw,1,C,100.001,0,0.0746785,-0.000117215,0.000551637,,,0,-0.003044,-0.00100951,-0.000411954,-0.00100951,0.00247199,-0.408378,-0.0252277,-4.03222e-05,0.0240099,0.0158155,0,0
5GPa,Data/Cell_29_integrated/5p0GPa.xy,18.701789,0.00105573,0.00105573,0.00958467,,,,raw;shoulder,2,C,200.001,0,0.0746105,0.000589899,0.00105573,,,0,-0.0021208,0.000134643,-0.000118803,-0.000118803,0.00266362,-0.044602,-0.0198657,0.00048049,0.00958467,0.0158155,1,0
5GPa,Data/Cell_29_integrated/5p0GPa.xy,18.923205,0.00299835,1.83554e-05,0.0145026,,,,shoulder,1,C,100,0,0.0692022,0.00299835,1.83554e-05,,,0,-0.000595334,0.000527336,-0.000259822,-0.000259822,0.00124341,-0.208959,-0.045434,-7.89182e-05,0.0145026,0.0316309,1,0
5GPa,Data/Cell_29_integrated/5p0GPa.xy,19.065544,0.000773978,0.000773978,0.0148697,,,,raw,1,C,100.001,0,0.0640109,-0.00251998,0.000773978,,,0,-0.00180078,-0.00109753,-0.00126419,-0.00126419,0.00062242,-2.03109,-0.0289772,-0.000152799,0.0148697,0.0316309,0,0
5GPa,Data/Cell_29_integrated/5p0GPa.xy,19.460931,0.0030942,0.000387274,0.0110286,,,,raw;shoulder,2,C,200,0,0.0571861,0.00255287,0.000387274,,,0,-0.000942824,-0.000340136,5.14822e-05,-0.000340136,0.000553031,-0.615039,-0.0065881,5.97914e-05,0.0110286,0.0790773,1,0
5GPa,Data/Cell_29_integrated/5p0GPa.xy,19.666532,0.00103884,0.00103884,0.0216537,,,,raw,1,C,100.001,0,0.0535787,-0.00542476,0.00103884,,,0,-0.000647071,-5.73785e-05,0.000270303,-5.73785e-05,0.0013176,-0.0435476,-0.028704,-0.000104474,0.0216537,0.0158155,1,0
5GPa,Data/Cell_29_integrated/5p0GPa.xy,19.682348,0.000680279,0.000680279,0.0352222,,,,shoulder,1,C,102.458,0,0.0529811,-0.00573663,0.000680279,,,0,-0.000458188,0.000357349,0.000715611,0.000357349,0.00145423,0.245731,-0.0285278,0.00040188,0.0352222,0.0790773,1,0
5GPa,Data/Cell_29_integrated/5p0GPa.xy,19.761425,0.000328574,0.000328574,0.013676,,,,raw;shoulder,2,C,200,0,0.0501817,-0.010197,0.000328574,,,0,-0.00134586,-0.000324952,-0.00048446,-0.00048446,0.00128988,-0.375585,-0.0236351,-0.000128707,0.013676,0.0632619,1,0
5GPa,Data/Cell_29_integrated/5p0GPa.xy,20.172627,0.000228752,0.000228752,0.014817,,,,raw,1,C,100,0,0.0470637,-0.0162256,0.000228752,,,0,-0.000314268,0.000536973,-2.69729e-05,-2.69729e-05,0.00114492,-0.0235588,0.00365682,-0.000106802,0.014817,0.0158155,1,0
5GPa,Data/Cell_29_integrated/5p0GPa.xy,20.188443,0.227756,0.227756,0,,,,matched,1,C,102.046,0,0.046835,-0.0161031,0,w3:0.227756,3,0.227756,-0.000346835,0.000240372,0.000163726,0.000163726,0.000900303,0.181857,0.00778148,-0.000138651,0,0.0316309,0,0
5GPa,Data/Cell_29_integrated/5p0GPa.xy,20.299151,0.000228754,0.000228754,0.0264611,,,,shoulder,1,C,100,0,0.0476259,-0.0144082,0.000228754,,,0,-0.0372107,-0.0249611,0.013657,-0.0249611,0.0359084,-0.695134,0.43112,-0.000173271,0.0264611,0.0632619,1,0
5GPa,Data/Cell_29_integrated/5p0GPa.xy,20.662907,0.00113014,0.00113014,0.0431467,,,,raw,1,C,100.001,0,0.0385755,-0.0168918,0.00113014,,,0,-0.0165415,0.00668056,-0.0111482,-0.0111482,0.0197234,-0.565227,-0.223713,-0.000175499,0.0431467,0.0158155,1,0
5GPa,Data/Cell_29_integrated/5p0GPa.xy,21.010847,0.000536649,0.000536649,0.0166987,,,,raw;shoulder,2,C,202.392,0,0.0294584,-0.0134267,0.000536649,,,0,-0.000214124,0.000175932,0.000169773,0.000169773,0.000709953,0.239132,-0.0154938,7.6673e-05,0.0166987,0.0632619,1,0
5GPa,Data/Cell_29_integrated/5p0GPa.xy,21.216448,0.000596014,0.000596014,0.0147621,,,,raw;shoulder,2,C,203.563,0,0.0247179,-0.00783597,0.000596014,,,0,-4.23758e-05,0.000393274,0.000332763,0.000332763,0.000934032,0.356265,-0.0299511,0.000197648,0.0147621,0.0632619,1,0
5GPa,Data/Cell_29_integrated/5p0GPa.xy,21.706727,0.000885404,0.00045774,0.0104527,,,,raw,1,C,100,0,0.0162725,4.19995e-06,0.00045774,,,0,-0.0024464,-0.001643,-0.00150031,-0.001643,0.00111152,-1.47816,-0.0264198,-0.000895725,0.0104527,0.0474464,0,0
5GPa,Data/Cell_29_integrated/5p0GPa.xy,21.991406,0.00114136,0.00114136,0.0218257,,,,raw,1,C,100.001,0,0.0123716,-0.00142388,0.00114136,,,0,-0.000713753,0.00106049,-0.000492554,-0.000492554,0.00151575,-0.324956,-0.0182261,2.21302e-05,0.0218257,0.0158155,1,0
5GPa,Data/Cell_29_integrated/5p0GPa.xy,22.007221,6.89309e-05,6.89309e-05,0.0235551,,,,shoulder,1,C,100.577,0,0.0112302,-0.000818361,6.89309e-05,,,0,-8.87443e-06,0.00185917,9.13704e-05,9.13704e-05,0.00158323,0.0577113,-0.0196595,0.000249548,0.0235551,0.0158155,1,0
5GPa,Data/Cell_29_integrated/5p0GPa.xy,22.544947,0.00208749,0.000439995,0.0116305,,,,raw,1,C,100,0,0.00590595,0.00170434,0.000439995,,,0,-0.00040945,0.00107869,-0.000489541,-0.000489541,0.000722434,-0.677626,-0.0112339,0.000388315,0.0116305,0.0158155,1,0
5GPa,Data/Cell_29_integrated/5p0GPa.xy,23.114304,0.000771547,0.000771547,0.011376,,,,raw,1,C,100.001,0,-0.0077813,-0.00715339,0.000771547,,,0,-0.00328648,-0.00229845,0.00285982,-0.00229845,0.00539217,-0.426256,-0.00146035,-0.000469822,0.011376,0.0316309,1,0
5GPa,Data/Cell_29_integrated/5p0GPa.xy,23.145935,0.00125742,0.00125742,0.0288009,,,,shoulder,1,C,100.001,0,-0.0115631,-0.00917942,0.00125742,,,0,-0.00658806,-0.00502801,0.000706633,-0.00502801,0.00302675,-1.66119,0.0164489,0.000665508,0.0288009,0.0790773,1,0
5GPa,Data/Cell_29_integrated/5p0GPa.xy,23.683661,0.00685153,0.00685153,0.0151573,,,,raw,1,C,100.007,0,-0.00273297,-0.0087534,0.00685153,,,0,-0.0161959,-0.0127447,-0.00274349,-0.0127447,0.00687738,-1.85314,0.0961753,-0.00231133,0.0151573,0.0632619,0,0
5GPa,Data/Cell_29_integrated/5p0GPa.xy,23.715292,0.00297219,0.00297219,0.0355291,,,,shoulder,1,C,100.003,0,-0.00508802,-0.00329646,0.00297219,,,0,-0.013922,-0.00450789,0.000533412,-0.00450789,0.0100709,-0.447615,0.130923,0.000660864,0.0355291,0.0316309,1,0
5GPa,Data/Cell_29_integrated/5p0GPa.xy,23.746922,0.00930811,0.00930811,0.0223658,,,,raw,1,C,100.009,0,0.00628396,-0.000501647,0.00930811,,,0,-0.0153128,-0.00239492,-0.00849054,-0.00849054,0.012183,-0.696916,0.175962,-0.00247107,0.0223658,0.0632619,0,0
5GPa,Data/Cell_29_integrated/5p0GPa.xy,23.794369,0.0200586,0.000558467,0.0161984,,,,shoulder,1,C,100.001,0,0.0260191,0.0200586,0.000558467,,,0,0.0213758,0.0216138,-0.0121915,-0.0121915,0.00330501,-3.6888,0.0443514,-0.0006627,0.0161984,0.0158155,1,0
5GPa,Data/Cell_29_integrated/5p0GPa.xy,23.810184,0.541629,0.541629,0.0129711,,,,matched;raw,2,C,200.554,0,0.0456122,0.0295821,0.0125455,w2:0.541629;w3:0.427714,2,0.541629,0,0,0,0,0,0,0,0,0.0129711,0.189786,0,0
6.2GPa,Data/Cell_29_integrated/6p2GPa.xy,2.142996,0.551415,0.551415,0,,,,matched,1,C,100.551,0,-0.0878628,-0.0257129,0,w3:0.551415,3,0.551415,0.000522585,-0.000571629,0.00320411,-0.000571629,0.00382164,-0.149577,0.431786,-1.77038e-05,0,0.0158155,1,0
6.2GPa,Data/Cell_29_integrated/6p2GPa.xy,2.190442,0.000439792,0.000439792,0.0332083,,,,shoulder,1,C,100,0,-0.0686287,-0.0149981,0.000439792,,,0,-0.00407779,-0.00331329,0.00195423,-0.00331329,0.00269817,-1.22798,0.449222,0.000315921,0.0332083,0.0474464,1,0
6.2GPa,Data/Cell_29_integrated/6p2GPa.xy,3.060293,0.000203151,0.000203151,0.0572596,,,,shoulder,1,C,100,0,0.0259281,-0.018149,0.000203151,,,0,-0.0011757,-0.000993606,0.000831129,-0.000993606,0.00122138,-0.813508,-0.0272878,0.000146287,0.0572596,0.0316309,1,0
6.2GPa,Data/Cell_29_integrated/6p2GPa.xy,3.139370,0.000706118,0.000706118,0.0120878,,,,raw,1,C,100.001,0,0.0243091,-0.0250579,0.000706118,,,0,-0.00153489,0.000334808,-0.00112517,-0.00112517,0.00134626,-0.835769,-0.0219886,-4.89251e-05,0.0120878,0.0632619,1,0
6.2GPa,Data/Cell_29_integrated/6p2GPa.xy,3.155186,4.59869e-05,4.59869e-05,0.0127211,,,,shoulder,1,C,100,0,0.0236131,-0.0254737,4.59869e-05,,,0,-0.000684016,0.00084076,-0.000433721,-0.000433721,0.00165645,-0.261838,-0.0176287,2.66255e-05,0.0127211,0.0158155,1,0
6.2GPa,Data/Cell_29_integrated/6p2GPa.xy,3.281709,0.000323201,0.000323201,0.0249193,,,,shoulder,1,C,100,0,0.022165,-0.0278988,0.000323201,,,0,-0.00940342,-0.00639459,-0.00253897,-0.00639459,0.00417352,-1.53218,0.0758651,-0.00044655,0.0249193,0.0632619,1,0
6.2GPa,Data/Cell_29_integrated/6p2GPa.xy,3.518941,0.006895,0.000236027,0.0216358,,,,raw,1,C,100,0,0.0514739,0.00680806,0.000236027,,,0,0.00068513,-0.000140974,0.00170378,-0.000140974,0.00131634,-0.107095,0.0679531,0.000256549,0.0216358,0.0158155,1,0
6.2GPa,Data/Cell_29_integrated/6p2GPa.xy,3.661280,0.0142899,0.000206391,0.0132084,,,,raw,1,C,100,0,0.0587268,0.0134686,0.000206391,,,0,-0.00344689,-0.00271215,-0.00182184,-0.00271215,0.00111597,-2.43031,0.071172,-0.000932155,0.0132084,0.0474464,0,0
6.2GPa,Data/Cell_29_integrated/6p2GPa.xy,4.135744,0.000370965,0.000370965,0.041766,,,,shoulder,1,C,100,0,0.0413783,-0.00901292,0.000370965,,,0,-0.0020781,-0.000457044,-0.000976794,-0.000976794,0.00112071,-0.871586,-0.0451702,1.28167e-05,0.041766,0.0158155,1,0
6.2GPa,Data/Cell_29_integrated/6p2GPa.xy,4.151560,0.000669609,0.000669609,0.0124539,,,,raw,1,C,100.001,0,0.0420479,-0.00968242,0.000669609,,,0,-0.00154477,0.000288448,-0.000601212,-0.000601212,0.00116064,-0.518002,-0.0443188,-3.04374e-05,0.0124539,0.0632619,1,0
6.2GPa,Data/Cell_29_integrated/6p2GPa.xy,4.309715,0.00025888,0.00025888,0.03304,,,,shoulder,1,C,100,0,0.0349024,-0.0181798,0.00025888,,,0,-0.00417405,-0.00428562,0.000787311,-0.00428562,0.0020815,-2.05891,-0.00739086,-0.0001355,0.03304,0.0790773,1,0
6.2GPa,Data/Cell_29_integrated/6p2GPa.xy,4.357161,2.73039e-05,2.73039e-05,0.00991396,,,,shoulder,1,C,100,0,0.032891,-0.0202614,2.73039e-05,,,0,-0.0072097,-0.00318229,-0.00235898,-0.00318229,0.00292405,-1.08832,0.0188358,-0.000314771,0.00991396,0.0474464,1,0
6.2GPa,Data/Cell_29_integrated/6p2GPa.xy,4.452054,0.00136625,0.00136625,0.0441972,,,,shoulder,1,C,100.458,0,0.0438456,-0.0111465,0.00136625,,,0,-5.5408e-06,0.0029816,6.73582e-05,6.73582e-05,0.00147493,0.0456687,0.0800244,0.000806655,0.0441972,0.0316309,1,0
6.2GPa,Data/Cell_29_integrated/6p2GPa.xy,4.910702,0.00638304,7.09344e-06,0.00858718,,,,raw,1,C,100,0,0.0665719,0.00643662,7.09344e-06,,,0,-0.00146989,-0.000354843,-0.00112324,-0.00112324,0.00100525,-1.11737,0.0314774,-0.00101183,0.00858718,0.0316309,0,0
6.2GPa,Data/Cell_29_integrated/6p2GPa.xy,5.053041,0.00262251,5.6352e-06,0.00952931,,,,shoulder,1,C,100,0,0.0716979,0.00262251,5.6352e-06,,,0,0.000186556,-6.91875e-05,0.000790675,-6.91875e-05,0.000939166,-0.0736691,0.0322245,9.15685e-05,0.00952931,0.0158155,1,0
6.2GPa,Data/Cell_29_integrated/6p2GPa.xy,5.068857,0.00216317,0.000206211,0.00929704,,,,raw,1,C,100,0,0.0728717,0.00179956,0.000206211,,,0,-0.000183521,-0.000261969,0.000477969,-0.000261969,0.000853385,-0.306976,0.0328043,8.59333e-05,0.00929704,0.0158155,1,0
6.2GPa,Data/Cell_29_integrated/6p2GPa.xy,5.100488,0.000660031,0.000660031,0.0490957,,,,raw,1,C,100.001,0,0.0729942,1.439e-05,0.000660031,,,0,-0.00131605,-0.00100651,-0.0006012,-0.00100651,0.000489523,-2.0561,0.0288806,-0.000172083,0.0490957,0.0158155,0,0
6.2GPa,Data/Cell_29_integrated/6p2GPa.xy,5.321904,6.71072e-05,6.71072e-05,0.00878625,,,,raw,1,C,100,0,0.0769486,-0.00785055,6.71072e-05,,,0,-0.00178779,-0.000737813,-0.00106288,-0.00106288,0.000805852,-1.31895,0.0117838,-0.000161045,0.00878625,0.0158155,0,0
6.2GPa,Data/Cell_29_integrated/6p2GPa.xy,5.337720,8.70259e-05,8.70259e-05,0.0113577,,,,shoulder,1,C,100,0,0.0768815,-0.00766329,8.70259e-05,,,0,-0.000793223,0.000765376,-0.000367125,-0.000367125,0.00138267,-0.265519,0.0104352,3.84271e-05,0.0113577,0.0632619,1,0
6.2GPa,Data/Cell_29_integrated/6p2GPa.xy,5.480059,4.76889e-05,4.76889e-05,0.0184211,,,,shoulder,1,C,100,0,0.078447,-0.0123531,4.76889e-05,,,0,-0.00288181,-0.00235903,-0.000244833,-0.00235903,0.000874219,-2.69844,0.0250149,-0.000291384,0.0184211,0.0158155,1,0
6.2GPa,Data/Cell_29_integrated/6p2GPa.xy,5.495874,0.000914172,0.000914172,0.0310706,,,,raw,1,C,100.001,0,0.0793127,-0.0129851,0.000914172,,,0,-0.0036219,-0.00287294,-0.00210606,-0.00287294,0.000760654,-3.77693,0.0251695,-0.000327254,0.0310706,0.0632619,0,0
6.2GPa,Data/Cell_29_integrated/6p2GPa.xy,5.669845,0.000878445,0.000878445,0.0269867,,,,raw,1,C,100.001,0,0.0865187,-0.00978248,0.000878445,,,0,-0.000156241,-0.000119878,0.000953791,-0.000119878,0.00165086,-0.0726157,0.0349396,5.24184e-06,0.0269867,0.0158155,1,0
6.2GPa,Data/Cell_29_integrated/6p2GPa.xy,6.334094,0.000650353,0.000650353,0.0162111,,,,raw,1,C,100.001,0,0.0968952,-0.0120961,0.000650353,,,0,-0.0022662,-0.0019727,-0.00138573,-0.0019727,0.000615456,-3.20526,0.0254953,-0.000516611,0.0162111,0.0474464,0,0
6.2GPa,Data/Cell_29_integrated/6p2GPa.xy,6.397356,0.000223809,0.000223809,0.027203,,,,shoulder,1,C,100.557,0,0.100034,-0.00963648,0.000223809,,,0,5.37293e-05,0.00130355,8.14144e-05,8.14144e-05,0.00146159,0.0557027,0.0242649,0.000234262,0.027203,0.0158155,1,0
6.2GPa,Data/Cell_29_integrated/6p2GPa.xy,6.618773,0.000414305,0.000414305,0.0217261,,,,raw,1,C,100,0,0.104028,-0.00634081,0.000414305,,,0,-0.00135954,-0.000866473,-0.000263824,-0.000866473,0.00110389,-0.784928,0.0207579,-0.000382824,0.0217261,0.0474464,0,0
6.2GPa,Data/Cell_29_integrated/6p2GPa.xy,6.634588,4.90768e-05,4.90768e-05,0.010731,,,,shoulder,1,C,100,0,0.10311,-0.00619144,4.90768e-05,,,0,-0.0013258,-0.000546003,-0.000405678,-0.000546003,0.00131527,-0.415126,0.019371,-0.000333747,0.010731,0.0158155,1,0
6.2GPa,Data/Cell_29_integrated/6p2GPa.xy,6.887636,0.0229797,8.79877e-05,0.0108629,,,,shoulder,1,C,100,0,0.109977,0.0229797,8.79877e-05,,,0,-0.00742355,-0.00427153,0.00202321,-0.00427153,0.00662073,-0.645175,0.102064,0.00023891,0.0108629,0.0158155,1,0
6.2GPa,Data/Cell_29_integrated/6p2GPa.xy,7.140683,0.000348221,0.000348221,0.0277555,,,,shoulder,1,C,100,0,0.114324,-0.0114522,0.000348221,,,0,-0.00790154,-0.000127756,-0.00290399,-0.00290399,0.00671726,-0.432317,-0.0814508,-2.26179e-05,0.0277555,0.0790773,1,0
6.2GPa,Data/Cell_29_integrated/6p2GPa.xy,7.203945,0.000258498,0.000258498,0.0361166,,,,shoulder,1,C,100,0,0.112023,-0.0230298,0.000258498,,,0,-0.00575394,9.49912e-05,-0.00270244,-0.00270244,0.0054435,-0.496452,-0.0295324,-7.27412e-05,0.0361166,0.0158155,1,0
6.2GPa,Data/Cell_29_integrated/6p2GPa.xy,7.219760,0.00077543,0.00077543,0.0152389,,,,raw,1,C,100.001,0,0.112696,-0.025214,0.00077543,,,0,-0.00469473,-0.000258099,-0.00268986,-0.00268986,0.00350654,-0.767098,-0.0113321,-0.000150955,0.0152389,0.17397,0,0
6.2GPa,Data/Cell_29_integrated/6p2GPa.xy,7.298838,0.000332292,0.000332292,0.0657612,,,,shoulder,1,C,100,0,0.115511,-0.0318245,0.000332292,,,0,-0.00017298,0.00122745,-0.000326331,-0.000326331,0.000392623,-0.831154,0.027023,0.000205509,0.0657612,0.0790773,1,0
6.2GPa,Data/Cell_29_integrated/6p2GPa.xy,7.567701,0.00106789,0.00106789,0.0565705,,,,shoulder,1,C,100.001,0,0.115662,-0.0577256,0.00106789,,,0,-0.00560975,0.000730441,-0.00219931,-0.00219931,0.00477748,-0.460349,0.0399982,0.000516281,0.0565705,0.0790773,1,0
6.2GPa,Data/Cell_29_integrated/6p2GPa.xy,7.646778,0.386716,0.386716,0,,,,matched,1,C,100.387,0,0.122255,-0.0571603,0,w5:0.386716,5,0.386716,-0.00242197,-0.000381958,-0.000630612,-0.000630612,0.003405,-0.185202,0.0885331,-0.000326949,0,0.0474464,0,0
6.2GPa,Data/Cell_29_integrated/6p2GPa.xy,7.884010,0.00455328,0.00455328,0.0093725,,,,shoulder,1,C,100.005,0,0.169907,-0.0152745,0.00455328,,,0,-0.191434,-0.0599369,-0.0149769,-0.0599369,0.134749,-0.444805,1.83988,-0.00756908,0.0093725,0.0948928,1,0
6.2GPa,Data/Cell_29_integrated/6p2GPa.xy,8.105426,0.00316619,0.00316619,0.014775,,,,shoulder,1,C,100.003,0,0.134297,-0.0586323,0.00316619,,,0,-0.228122,0.0403646,-0.153175,-0.153175,0.144805,-1.0578,-2.16291,-0.00173049,0.014775,0.0158155,1,0
6.2GPa,Data/Cell_29_integrated/6p2GPa.xy,8.263581,0.481405,0.481405,0,,,,matched,1,C,100.481,0,0.135953,-0.0544191,0,w5:0.481405,5,0.481405,-0.00765719,-0.00182066,-0.00123417,-0.00182066,0.00667111,-0.272918,-0.0570872,-0.0028268,0,0.0474464,0,0
6.2GPa,Data/Cell_29_integrated/6p2GPa.xy,8.311027,0.00046977,0.00046977,0.0132531,,,,raw,1,C,100,0,0.135138,-0.0548239,0.00046977,,,0,-0.0117316,-0.000260887,-0.00620063,-0.00620063,0.00816809,-0.759128,-0.0966809,9.98793e-05,0.0132531,0.0158155,0,0
6.2GPa,Data/Cell_29_integrated/6p2GPa.xy,8.342658,0.000459431,0.000459431,0.0157579,,,,raw,1,C,100,0,0.135131,-0.0507334,0.000459431,,,0,-0.00877419,0.00316621,-0.00616364,-0.00616364,0.00787452,-0.782732,-0.0789057,-5.88969e-05,0.0157579,0.0158155,1,0
6.2GPa,Data/Cell_29_integrated/6p2GPa.xy,8.469182,28.8086,28.8086,0.0100084,,,,matched;shoulder,2,C,231.523,0,0.137397,0.022663,2.02412e-05,w5:28.8086,5,28.8086,0.000135981,9.00261e-05,0.000433953,9.00261e-05,0.000331703,0.271405,0.0174836,6.49755e-05,0.0100084,0.0158155,1,0
6.2GPa,Data/Cell_29_integrated/6p2GPa.xy,8.484998,0.0193653,0.00110197,0.0259387,,,,raw,1,C,100.001,0,0.137922,0.0188085,0.00110197,,,0,-0.000195954,-0.000205191,0.000169495,-0.000205191,0.000472094,-0.434639,0.017695,-1.12213e-05,0.0259387,0.0158155,1,0
6.2GPa,Data/Cell_29_integrated/6p2GPa.xy,8.516629,29.7311,29.7311,0,,,,matched,1,C,129.731,0,0.137365,0.0096245,0,w8:29.7311,8,29.7311,-0.000583009,-0.000309075,-0.000307761,-0.000309075,0.000461456,-0.669781,0.0163555,-0.000183161,0,0.0474464,0,0
6.2GPa,Data/Cell_29_integrated/6p2GPa.xy,8.548259,0.000907566,0.000241133,0.0297432,,,,shoulder,1,C,100,0,0.138436,0.000907566,0.000241133,,,0,-0.000176888,0.000191379,-1.94303e-05,-1.94303e-05,0.000451789,-0.0430075,0.0143006,7.90689e-05,0.0297432,0.0158155,1,0
6.2GPa,Data/Cell_29_integrated/6p2GPa.xy,8.564075,0.000239293,0.000239293,0.0125818,,,,raw,1,C,100.078,0,0.138841,-0.00352507,0.000239293,,,0,-0.000142005,0.000182702,3.98816e-06,3.98816e-06,0.000512591,0.00778038,0.0144888,-3.86141e-05,0.0125818,0.0474464,0,0
6.2GPa,Data/Cell_29_integrated/6p2GPa.xy,8.674783,0.000107644,0.000107644,0.00960072,,,,raw,1,C,100,0,0.140115,-0.0320233,0.000107644,,,0,-0.00198097,-0.00188938,-0.00107854,-0.00188938,0.000214147,-8.82278,0.0290872,-0.000302393,0.00960072,0.0474464,0,0
6.2GPa,Data/Cell_29_integrated/6p2GPa.xy,9.354848,1.10215,1.10215,0,,,,matched,1,C,101.102,0,0.16628,-0.131726,0,w2:1.10215,2,1.10215,-0.00455718,-0.00150271,0.0102869,-0.00150271,0.0141767,-0.105999,0.192044,0.000990233,0,0.0158155,1,0
6.2GPa,Data/Cell_29_integrated/6p2GPa.xy,10.050729,0.00012869,0.00012869,0.0104611,,,,shoulder,1,C,100,0,0.150583,-0.0321856,0.00012869,,,0,-0.0121975,-0.000381149,-0.00641149,-0.00641149,0.00715077,-0.896615,-0.174812,-0.000422807,0.0104611,0.0316309,1,0
6.2GPa,Data/Cell_29_integrated/6p2GPa.xy,10.082360,15.3505,15.3505,0,,,,matched,1,C,115.35,0,0.146896,0.0104866,0,w2:15.3505,2,15.3505,-0.0111846,0.00184946,-0.00765207,-0.00765207,0.00877123,-0.872406,-0.172968,-0.000537545,0,0.0158155,1,0
6.2GPa,Data/Cell_29_integrated/6p2GPa.xy,10.145622,69.4433,69.4433,0,,,,matched,1,C,169.443,0,0.144024,0.00815581,0,w8:69.4433,8,69.4433,-0.00150668,0.00143352,-0.000842709,-0.000842709,0.00287815,-0.292795,-0.0780879,0.000131545,0,0.0158155,1,0
6.2GPa,Data/Cell_29_integrated/6p2GPa.xy,10.208883,0.000380087,0.000380087,0.0488119,,,,shoulder,1,C,100,0,0.140462,-0.0333778,0.000380087,,,0,-0.00151154,-0.00111508,0.000669203,-0.00111508,0.00146164,-0.762893,-0.0421841,0.000131714,0.0488119,0.0632619,1,0
6.2GPa,Data/Cell_29_integrated/6p2GPa.xy,10.430300,0.255862,0.255862,0,,,,matched,1,C,100.256,0,0.144598,-0.146965,0,w3:0.255862,3,0.255862,-0.00439217,-0.000720073,0.000343225,-0.000720073,0.00500577,-0.143849,0.11799,0.000138278,0,0.0158155,1,0
6.2GPa,Data/Cell_29_integrated/6p2GPa.xy,10.746609,0.000347355,0.000347355,0.0189197,,,,shoulder,1,C,100.414,0,0.196036,-0.176054,0.000347355,,,0,0.00404097,0.000527709,0.0150493,0.000527709,0.0127532,0.0413785,-0.0771666,0.00101395,0.0189197,0.0158155,1,0
6.2GPa,Data/Cell_29_integrated/6p2GPa.xy,11.094550,9.86949,9.86949,0,,,,matched,1,C,109.869,0,0.313376,-0.212423,0,w2:9.86949,2,9.86949,-0.866579,-0.46215,0.215708,-0.46215,0.851344,-0.542847,7.59783,0.00812672,0,0.0316309,1,0
6.2GPa,Data/Cell_29_integrated/6p2GPa.xy,11.110365,0.110715,0.110715,0.051796,,,,shoulder,1,C,100.111,0,0.415682,-0.153746,0.110715,,,0,-0.949907,-0.365402,0.176603,-0.365402,0.831457,-0.439473,8.58977,0.0390172,0.051796,0.0158155,1,0
6.2GPa,Data/Cell_29_integrated/6p2GPa.xy,11.331782,0.324556,0.0778505,0.0296338,,,,shoulder,1,C,100.078,0,0.932781,0.324556,0.0778505,,,0,-0.397912,-0.0890317,0.11738,-0.0890317,0.623757,-0.142735,-8.4524,-0.000598228,0.0296338,0.0790773,1,0
6.2GPa,Data/Cell_29_integrated/6p2GPa.xy,11.679722,0.000434438,0.000434438,0.0180524,,,,shoulder,1,C,100,0,0.161015,-0.287701,0.000434438,,,0,-0.0198347,-0.00033488,-0.0107357,-0.0107357,0.0148577,-0.722571,-0.166053,-0.000109043,0.0180524,0.0790773,1,0
6.2GPa,Data/Cell_29_integrated/6p2GPa.xy,11.837876,1.15778,1.15778,0,,,,matched,1,C,101.158,0,0.168162,-0.204446,0,w3:1.15778,3,1.15778,-0.00267174,-0.000560486,0.00441633,-0.000560486,0.00611235,-0.0916972,0.0944052,0.000388782,0,0.0158155,1,0
6.2GPa,Data/Cell_29_integrated/6p2GPa.xy,11.853692,1.16457,1.16457,0,,,,matched,1,C,101.165,0,0.169829,-0.194285,0,w2:1.16457,2,1.16457,-0.00361781,-0.000694114,0.00626149,-0.000694114,0.00773243,-0.0897665,0.120421,0.00084384,0,0.0158155,1,0
6.2GPa,Data/Cell_29_integrated/6p2GPa.xy,12.138370,0.000165233,0.000165233,0.0123442,,,,raw,1,C,100,0,0.168828,-0.00698322,0.000165233,,,0,-0.0137478,-5.15088e-05,-0.00787752,-0.00787752,0.00824232,-0.95574,-0.106661,-0.000391943,0.0123442,0.0158155,0,0
6.2GPa,Data/Cell_29_integrated/6p2GPa.xy,12.154186,0.802929,0.802929,0,,,,matched,1,C,100.803,0,0.168662,0.00215401,0,w2:0.802929;w3:0.38958,2,0.802929,-0.0122597,0.00223414,-0.00677899,-0.00677899,0.0105863,-0.640355,-0.095981,-0.000244292,0,0.0474464,1,0
6.2GPa,Data/Cell_29_integrated/6p2GPa.xy,12.185817,0.0160895,0.00113035,0.0557128,,,,shoulder,1,C,100.001,0,0.169912,0.0160895,0.00113035,,,0,-0.00650055,0.00354678,-0.00296291,-0.00296291,0.00666985,-0.444224,-0.046093,0.000409975,0.0557128,0.0158155,1,0
6.2GPa,Data/Cell_29_integrated/6p2GPa.xy,12.375602,23.2984,23.2984,0,,,,matched,1,C,123.298,0,0.172928,0.139625,0,w5:23.2984,5,23.2984,-0.00112483,0.00018454,-0.000718073,-0.000718073,0.0017984,-0.399284,0.0128453,-0.000658877,0,0.0158155,1,0
6.2GPa,Data/Cell_29_integrated/6p2GPa.xy,12.581203,0.0113735,0.000307938,0.0346006,,,,shoulder,1,C,100,0,0.176296,0.0113735,0.000307938,,,0,-0.000292002,0.000552822,-0.000147152,-0.000147152,0.000949346,-0.155003,0.0114431,0.000146909,0.0346006,0.0632619,1,0
6.2GPa,Data/Cell_29_integrated/6p2GPa.xy,12.739358,0.000416272,0.000416272,0.031659,,,,shoulder,1,C,100,0,0.179062,0.00013395,0.000416272,,,0,-0.00440479,-0.00155441,-0.00140206,-0.00155441,0.00247754,-0.627401,0.0515595,-0.000308196,0.031659,0.0790773,1,0
6.2GPa,Data/Cell_29_integrated/6p2GPa.xy,12.944959,0.000933067,0.000933067,0.0133702,,,,raw;shoulder,2,C,200.001,0,0.180387,-0.0150881,0.000933067,,,0,-0.00594094,-0.0001896,-0.0021639,-0.0021639,0.00425031,-0.509116,-0.0374867,0.000118744,0.0133702,0.0948928,1,0
6.2GPa,Data/Cell_29_integrated/6p2GPa.xy,13.008221,0.249871,0.249871,0,,,,matched,1,C,100.25,0,0.179852,-0.0186662,0,w3:0.249871,3,0.249871,-0.00638819,-0.000763945,-0.000869926,-0.000869926,0.00514711,-0.169013,0.0232535,-7.32016e-05,0,0.0158155,0,0
6.2GPa,Data/Cell_29_integrated/6p2GPa.xy,13.024036,0.369646,0.369646,0,,,,matched,1,C,100.37,0,0.181473,-0.0182585,0,w2:0.369646,2,0.369646,-0.00537115,-0.000253053,0.00145817,-0.000253053,0.00733982,-0.0344767,0.0499263,0.000717927,0,0.0158155,1,0
6.2GPa,Data/Cell_29_integrated/6p2GPa.xy,13.292899,0.00107512,0.00107512,0.0212198,,,,raw,1,C,100.001,0,0.186126,-0.0303869,0.00107512,,,0,-0.00591054,-0.000699883,-0.00346449,-0.00346449,0.0035396,-0.97878,-0.0638526,-0.000406479,0.0212198,0.0316309,0,0
6.2GPa,Data/Cell_29_integrated/6p2GPa.xy,13.356161,0.460143,0.460143,0,,,,matched,1,C,100.46,0,0.185053,-0.0335664,0,w2:0.460143,2,0.460143,-0.0035556,0.00111795,-0.000343171,-0.000343171,0.00432716,-0.0793063,-0.0311814,2.71586e-05,0,0.0316309,1,0
6.2GPa,Data/Cell_29_integrated/6p2GPa.xy,13.371977,0.426061,0.426061,0,,,,matched,1,C,100.426,0,0.184732,-0.034558,0,w3:0.426061,3,0.426061,-0.00315796,-2.11537e-05,0.000175306,-2.11537e-05,0.00285729,-0.00740342,-0.0135642,8.88823e-05,0,0.0158155,1,0
6.2GPa,Data/Cell_29_integrated/6p2GPa.xy,13.387792,8.30727e-05,8.30727e-05,0.0248086,,,,shoulder,1,C,100,0,0.184524,-0.0354665,8.30727e-05,,,0,-0.00307758,-0.00112234,0.000646101,-0.00112234,0.00249992,-0.448951,0.00280224,0.000110231,0.0248086,0.0158155,1,0
6.2GPa,Data/Cell_29_integrated/6p2GPa.xy,13.498500,0.00205943,0.00205943,0.0737454,,,,shoulder,1,C,100.002,0,0.189149,-0.0346525,0.00205943,,,0,-0.038807,-0.0243676,0.0221185,-0.0243676,0.0618008,-0.394293,0.509203,0.000407518,0.0737454,0.0790773,1,0
6.2GPa,Data/Cell_29_integrated/6p2GPa.xy,13.878072,0.000395189,0.000395189,0.0129788,,,,raw,1,C,100,0,0.188882,-0.0368092,0.000395189,,,0,-0.0310081,0.0152797,-0.0174523,-0.0174523,0.0525277,-0.332249,-0.331917,-1.54636e-05,0.0129788,0.0158155,1,0
6.2GPa,Data/Cell_29_integrated/6p2GPa.xy,13.909703,0.346865,0.346865,0,,,,matched,1,C,100.347,0,0.187521,-0.0385724,0,w3:0.346865,3,0.346865,-0.0123708,-0.000416954,-3.83513e-05,-0.000416954,0.00818059,-0.0509687,-0.0124655,0.000220836,0,0.0158155,0,0
6.2GPa,Data/Cell_29_integrated/6p2GPa.xy,14.226012,0.00226463,0.00226463,0.0764632,,,,shoulder,1,C,100.002,0,0.18673,-0.050149,0.00226463,,,0,-0.0192706,-0.00931307,-0.00523693,-0.00931307,0.0126921,-0.73377,-0.0642144,0.000441398,0.0764632,0.0158155,1,0
6.2GPa,Data/Cell_29_integrated/6p2GPa.xy,14.273458,0.000179166,0.000179166,0.0154101,,,,shoulder,1,C,100,0,0.188041,-0.0500366,0.000179166,,,0,-0.0146837,0.00184163,-0.008617,-0.008617,0.0169335,-0.508873,-0.0268195,-0.000511461,0.0154101,0.0474464,1,0
6.2GPa,Data/Cell_29_integrated/6p2GPa.xy,14.494875,0.00263978,0.00263978,0.216322,,,,shoulder,1,C,100.003,0,0.190144,-0.045063,0.00263978,,,0,-0.00497208,0.00105805,-0.00246474,-0.00246474,0.00556605,-0.442816,-0.0649032,0.0002509,0.216322,0.0158155,1,0
6.2GPa,Data/Cell_29_integrated/6p2GPa.xy,14.526506,0.509749,0.509749,0,,,,matched,1,C,100.51,0,0.188212,-0.0447982,0,w2:0.509749,2,0.509749,-0.00438878,0.00143241,-0.00121596,-0.00121596,0.00703399,-0.172869,-0.0508702,-3.32812e-05,0,0.0158155,1,0
6.2GPa,Data/Cell_29_integrated/6p2GPa.xy,14.558137,0.000187307,0.000187307,0.0282925,,,,shoulder,1,C,100,0,0.188728,-0.0441437,0.000187307,,,0,-0.0036994,-0.000477674,0.000155195,-0.000477674,0.00192564,-0.248059,-0.0088891,0.000154026,0.0282925,0.0158155,1,0
6.2GPa,Data/Cell_29_integrated/6p2GPa.xy,14.637214,0.000826164,0.000826164,0.0401338,,,,shoulder,1,C,100.001,0,0.188785,-0.0391634,0.000826164,,,0,-0.0588535,-0.039235,0.0314791,-0.039235,0.0670792,-0.584906,0.694461,0.000134125,0.0401338,0.0948928,1,0
6.2GPa,Data/Cell_29_integrated/6p2GPa.xy,14.953523,0.000230605,0.000230605,0.0101269,,,,shoulder,1,C,100,0,0.190173,-0.0363086,0.000230605,,,0,-0.114305,0.017982,-0.0598451,-0.0598451,0.104592,-0.572179,-1.04086,-0.000805226,0.0101269,0.0316309,1,0
6.2GPa,Data/Cell_29_integrated/6p2GPa.xy,14.985154,0.290819,0.290819,0,,,,matched,1,C,100.291,0,0.186893,-0.0385873,0,w2:0.290819,2,0.290819,-0.0746677,0.0177305,-0.0370006,-0.0370006,0.0813434,-0.454869,-0.522892,-0.00100533,0,0.126524,1,0
6.2GPa,Data/Cell_29_integrated/6p2GPa.xy,15.000970,0.00311767,0.00311767,0.0958571,,,,shoulder,1,C,100.003,0,0.188419,-0.037908,0.00311767,,,0,-0.0535792,0.00899292,-0.0279505,-0.0279505,0.0560221,-0.49892,-0.250019,-0.000754267,0.0958571,0.0158155,1,0
6.2GPa,Data/Cell_29_integrated/6p2GPa.xy,15.206571,2.88681,2.88681,0,,,,matched,1,C,102.887,0,0.207842,-0.0124186,0,w8:2.88681,8,2.88681,0.00248687,-0.000309132,0.00834527,-0.000309132,0.00674845,-0.0458078,-0.160039,-0.000617256,0,0.0632619,1,0
6.2GPa,Data/Cell_29_integrated/6p2GPa.xy,15.222386,1.31974e-05,1.31974e-05,0.00812714,,,,shoulder,1,C,100,0,0.199477,-0.0177962,1.31974e-05,,,0,-0.0046561,-0.00522114,0.00325101,-0.00522114,0.0122909,-0.424798,-0.190339,-0.000604059,0.00812714,0.0158155,1,0
6.2GPa,Data/Cell_29_integrated/6p2GPa.xy,15.348910,0.000140918,0.000140918,0.0453489,,,,shoulder,1,C,100,0,0.18101,-0.0312735,0.000140918,,,0,-0.00489249,0.00147848,-0.00251905,-0.00251905,0.00592485,-0.425167,-0.0926127,3.41538e-05,0.0453489,0.0316309,1,0
6.2GPa,Data/Cell_29_integrated/6p2GPa.xy,15.380541,0.588737,0.588737,0,,,,matched,1,C,100.589,0,0.17894,-0.0299288,0,w3:0.588737,3,0.588737,-0.0044893,-0.000954899,0.00032054,-0.000954899,0.00342369,-0.278909,-0.0371815,-0.000106764,0,0.17397,1,0
6.2GPa,Data/Cell_29_integrated/6p2GPa.xy,15.396356,0.541569,0.541569,0,,,,matched,1,C,100.542,0,0.178151,-0.0292221,0,w2:0.541569,2,0.541569,-0.00532349,-0.00249419,0.00175814,-0.00249419,0.00612279,-0.407361,-0.007271,6.61101e-05,0,0.0158155,1,0
6.2GPa,Data/Cell_29_integrated/6p2GPa.xy,15.412172,0.00163995,0.00163995,0.172179,,,,shoulder,1,C,100.002,0,0.177729,-0.028752,0.00163995,,,0,-0.00661379,-0.00386337,0.00253529,-0.00386337,0.00852026,-0.453433,0.0175232,0.00014604,0.172179,0.0158155,1,0
6.2GPa,Data/Cell_29_integrated/6p2GPa.xy,15.665219,0.000283386,0.000283386,0.00853827,,,,raw;shoulder,2,C,200,0,0.170895,-0.0199925,0.000283386,,,0,-0.00788329,-4.16023e-05,-0.00374567,-0.00374567,0.00555826,-0.673892,-0.0874286,2.75241e-05,0.00853827,0.0632619,1,0
6.2GPa,Data/Cell_29_integrated/6p2GPa.xy,15.760112,0.739623,0.739623,0,,,,matched,1,C,100.74,0,0.16759,-0.0135632,0,w3:0.739623,3,0.739623,-0.00247969,-9.64696e-05,0.000353062,-9.64696e-05,0.00104998,-0.0918775,-0.0139508,-0.00017002,0,0.0316309,1,0
6.2GPa,Data/Cell_29_integrated/6p2GPa.xy,15.807558,0.00395709,0.00395709,0.221992,,,,shoulder,1,C,100.004,0,0.16854,-0.00858037,0.00395709,,,0,-0.0103355,-0.0069314,0.00738496,-0.0069314,0.0129715,-0.534357,0.114723,0.00059067,0.221992,0.0158155,1,0
6.2GPa,Data/Cell_29_integrated/6p2GPa.xy,16.108052,1.26764e-05,1.26764e-05,0.00891577,,,,shoulder,1,C,100,0,0.161893,-0.00904532,1.26764e-05,,,0,-0.0211626,-0.00146237,-0.0114251,-0.0114251,0.015329,-0.745321,-0.265331,-0.000812285,0.00891577,0.0632619,1,0
6.2GPa,Data/Cell_29_integrated/6p2GPa.xy,16.171314,0.000125408,0.000125408,0.0150383,,,,shoulder,1,C,100,0,0.157678,-0.00913778,0.000125408,,,0,-0.00828572,0.00223831,-0.00477056,-0.00477056,0.00908802,-0.524928,-0.116461,3.20608e-05,0.0150383,0.0474464,1,0
6.2GPa,Data/Cell_29_integrated/6p2GPa.xy,16.218761,0.00061673,0.00061673,0.0949582,,,,shoulder,1,C,100.001,0,0.156314,-0.000951541,0.00061673,,,0,-0.00337363,7.9279e-05,-0.000245926,-0.000245926,0.00379802,-0.0647512,-0.0348169,0.000127952,0.0949582,0.0474464,1,0
6.2GPa,Data/Cell_29_integrated/6p2GPa.xy,16.266207,1.72594,1.72594,0,,,,matched,1,C,101.726,0,0.154238,0.00630559,0,w2:1.72594,2,1.72594,-0.0036214,-0.0018527,-0.00243625,-0.00243625,0.00177322,-1.37391,-0.00572855,-0.000483961,0,0.0158155,0,0
6.2GPa,Data/Cell_29_integrated/6p2GPa.xy,16.297838,2.31528,2.31528,0,,,,matched,1,C,102.315,0,0.155007,0.00697741,0,w5:2.31528,5,2.31528,-0.00216946,-0.000335264,-0.00150607,-0.00150607,0.00165494,-0.910045,-0.0013303,-0.000249254,0,0.0158155,0,0
6.2GPa,Data/Cell_29_integrated/6p2GPa.xy,16.313653,0.00751536,0.000148321,0.00869776,,,,raw,1,C,100,0,0.156492,0.00708576,0.000148321,,,0,-0.000797557,0.00102062,-0.000457928,-0.000457928,0.00183157,-0.250019,-0.000379661,9.08126e-05,0.00869776,0.0158155,1,0
6.2GPa,Data/Cell_29_integrated/6p2GPa.xy,16.756486,0.328874,0.328874,0,,,,matched,1,C,100.329,0,0.134417,-0.0215775,0,w2:0.328874,2,0.328874,-0.00535233,0.00354311,-0.00294166,-0.00294166,0.00872003,-0.337345,-0.110815,0.000160561,0,0.0158155,1,0
6.2GPa,Data/Cell_29_integrated/6p2GPa.xy,16.772302,0.276526,0.276526,0,,,,matched,1,C,100.277,0,0.132412,-0.0232444,0,w3:0.276526,3,0.276526,-0.00351881,0.00126596,-0.0016915,-0.0016915,0.00512329,-0.330158,-0.0789269,-0.000213923,0,0.0158155,1,0
6.2GPa,Data/Cell_29_integrated/6p2GPa.xy,16.819748,0.000329961,0.000329961,0.0297315,,,,shoulder,1,C,100,0,0.131101,-0.0269333,0.000329961,,,0,-0.00199016,-0.00125394,-0.000321216,-0.00125394,0.00111838,-1.12121,-0.034992,-3.895e-06,0.0297315,0.0474464,1,0
6.2GPa,Data/Cell_29_integrated/6p2GPa.xy,16.946272,1.09834,1.09834,0,,,,matched,1,C,101.098,0,0.127648,-0.0327341,0,w8:1.09834,8,1.09834,-0.00111736,-0.000140123,0.00045034,-0.000140123,0.000914557,-0.153214,-0.0194147,-0.00109701,0,0.0474464,1,0
6.2GPa,Data/Cell_29_integrated/6p2GPa.xy,17.120242,0.000963181,0.000963181,0.0149971,,,,raw;shoulder,2,C,200.158,0,0.124061,-0.0304654,0.000963181,,,0,-0.00252772,5.00927e-05,0.000261232,5.00927e-05,0.00319342,0.0156862,-0.027695,0.000226369,0.0149971,0.110708,1,0
6.2GPa,Data/Cell_29_integrated/6p2GPa.xy,17.151873,0.470134,0.470134,0,,,,matched,1,C,100.47,0,0.121749,-0.0295825,0,w2:0.470134;w3:0.465878,2,0.470134,-0.00476134,-0.00162346,-9.41148e-05,-0.00162346,0.00342866,-0.473496,-0.000514243,-0.000128706,0,0.0316309,0,0
6.2GPa,Data/Cell_29_integrated/6p2GPa.xy,17.183504,0.000306661,0.000306661,0.0104921,,,,raw,1,C,100,0,0.121989,-0.0315657,0.000306661,,,0,-0.00783234,-0.00479224,0.000693432,-0.00479224,0.00723407,-0.662454,0.0489391,-0.000464231,0.0104921,0.0316309,1,0
6.2GPa,Data/Cell_29_integrated/6p2GPa.xy,17.215135,0.000637718,0.000637718,0.0319248,,,,shoulder,1,C,100.001,0,0.122281,-0.0327894,0.000637718,,,0,-0.0203207,-0.0129152,0.00710567,-0.0129152,0.0279976,-0.461296,0.228457,0.000173487,0.0319248,0.0632619,1,0
6.2GPa,Data/Cell_29_integrated/6p2GPa.xy,17.246766,0.000181023,0.000181023,0.0105144,,,,raw,1,C,100,0,0.123545,-0.0344456,0.000181023,,,0,-0.0615771,-0.0408153,0.0257278,-0.0408153,0.0703497,-0.580177,0.719344,-0.00106929,0.0105144,0.0316309,1,0
6.2GPa,Data/Cell_29_integrated/6p2GPa.xy,17.294212,0.00117675,0.00117675,0.0254828,,,,shoulder,1,C,100.001,0,0.133208,-0.0267719,0.00117675,,,0,-0.110211,-0.0598287,0.014257,-0.0598287,0.0820879,-0.728838,1.19702,-0.000668938,0.0254828,0.126524,1,0
6.2GPa,Data/Cell_29_integrated/6p2GPa.xy,17.610522,1.56096e-05,1.56096e-05,0.0095111,,,,raw,1,C,100,0,0.114985,-0.0514855,1.56096e-05,,,0,-0.0301333,0.0173018,-0.0199219,-0.0199219,0.0466293,-0.42724,-0.339839,-0.000103831,0.0095111,0.0316309,1,0
6.2GPa,Data/Cell_29_integrated/6p2GPa.xy,17.657968,0.00142332,0.00142332,0.0268075,,,,raw,1,C,100.001,0,0.116332,-0.0509313,0.00142332,,,0,-0.012242,-0.00451771,0.00448525,-0.00451771,0.0154519,-0.292372,0.0860813,0.000166925,0.0268075,0.0158155,1,0
6.2GPa,Data/Cell_29_integrated/6p2GPa.xy,18.100801,1.18056,1.18056,0,,,,matched,1,C,101.181,0,0.106956,-0.050031,0,w3:1.18056,3,1.18056,-0.0296344,-0.00110415,-0.00651556,-0.00651556,0.027397,-0.23782,0.0483489,0.000148598,0,0.0158155,0,0
6.2GPa,Data/Cell_29_integrated/6p2GPa.xy,18.116617,6.02742e-05,6.02742e-05,0.0109359,,,,raw,1,C,100,0,0.107016,-0.0496087,6.02742e-05,,,0,-0.0330138,-0.0103892,-0.0107347,-0.0107347,0.0180606,-0.594372,0.187751,-0.00117257,0.0109359,0.0158155,0,0
6.2GPa,Data/Cell_29_integrated/6p2GPa.xy,18.179878,0.648588,0.648588,0,,,,matched,1,C,100.649,0,0.1303,-0.0195334,0,w2:0.648588,2,0.648588,-0.0443017,-0.0156866,0.0039818,-0.0156866,0.0481329,-0.325902,0.704059,0.00069318,0,0.0316309,1,0
6.2GPa,Data/Cell_29_integrated/6p2GPa.xy,18.195694,0.0119123,0.0119123,0.0458887,,,,shoulder,1,C,100.012,0,0.147667,-0.00582419,0.0119123,,,0,-0.0368444,-0.00442716,0.00984627,-0.00442716,0.0481126,-0.0920168,0.70377,0.004862,0.0458887,0.0158155,1,0
6.2GPa,Data/Cell_29_integrated/6p2GPa.xy,18.701789,0.00029219,0.00029219,0.0593258,,,,shoulder,1,C,100,0,0.0979653,-0.0218321,0.00029219,,,0,-0.00253324,-0.00173723,0.00124849,-0.00173723,0.00271407,-0.640081,-0.0140859,9.3746e-05,0.0593258,0.0790773,1,0
6.2GPa,Data/Cell_29_integrated/6p2GPa.xy,18.970652,2.5208e-05,2.5208e-05,0.0100386,,,,shoulder,1,C,100,0,0.091159,-0.00701846,2.5208e-05,,,0,-0.00434343,-0.00213449,-0.00302466,-0.00302466,0.00153772,-1.96697,-0.0651754,-0.000756938,0.0100386,0.0316309,1,0
6.2GPa,Data/Cell_29_integrated/6p2GPa.xy,19.112991,2.30837e-05,2.30837e-05,0.00805248,,,,raw,1,C,100,0,0.0860849,-0.00569475,2.30837e-05,,,0,-0.00211342,-0.00108775,-0.00167099,-0.00167099,0.000580711,-2.87748,-0.0228731,-0.000288358,0.00805248,0.0632619,0,0
6.2GPa,Data/Cell_29_integrated/6p2GPa.xy,19.366038,0.00730989,0.00184628,0.0297104,,,,raw;shoulder,2,C,203.552,0,0.0807005,0.00631692,0.00184628,,,0,-0.000449522,0.000436119,0.000251218,0.000251218,0.00070762,0.355018,-0.0330233,0.00033619,0.0297104,0.0158155,1,0
6.2GPa,Data/Cell_29_integrated/6p2GPa.xy,19.413485,1.70313,1.70313,0,,,,matched,1,C,104.606,0,0.0780055,0.00787323,0,w8:1.70313,8,1.70313,-0.000351668,0.000470343,0.000825337,0.000470343,0.00162002,0.290331,-0.0229282,1.63224e-05,0,0.0158155,0,0
6.2GPa,Data/Cell_29_integrated/6p2GPa.xy,19.445116,0.430491,0.430491,0,,,,matched,1,C,101.64,0,0.0789823,0.008866,0,w2:0.430491,2,0.430491,-0.000250026,0.000141965,0.00146903,0.000141965,0.00117342,0.120984,-0.013698,0.000613963,0,0.0158155,0,0
6.2GPa,Data/Cell_29_integrated/6p2GPa.xy,19.508378,0.00455491,0.000462396,0.0124661,,,,raw,1,C,100,0,0.0762139,0.00377826,0.000462396,,,0,-0.00165054,-0.000757321,-0.000946583,-0.000946583,0.00132287,-0.715554,-0.0189149,-0.000367058,0.0124661,0.0158155,0,0
6.2GPa,Data/Cell_29_integrated/6p2GPa.xy,19.524193,0.00311173,4.49208e-05,0.00878794,,,,shoulder,1,C,107.379,0,0.0757515,0.00311173,4.49208e-05,,,0,-9.0303e-05,0.000992932,0.000916032,0.000916032,0.00124138,0.737916,-0.0201556,3.65073e-05,0.00878794,0.0316309,1,0
6.2GPa,Data/Cell_29_integrated/6p2GPa.xy,19.650717,0.00053814,0.00053814,0.0114077,,,,raw,1,C,100.001,0,0.0723264,-0.00268365,0.00053814,,,0,-0.0017051,-0.000923474,-0.000949498,-0.000949498,0.00106898,-0.888228,-0.0293992,-0.00100478,0.0114077,0.0316309,0,0
6.2GPa,Data/Cell_29_integrated/6p2GPa.xy,19.698163,0.00103564,0.00103564,0.0396495,,,,shoulder,1,C,102.156,0,0.0717649,-0.00170492,0.00103564,,,0,-6.89968e-05,0.00140281,0.0003079,0.0003079,0.00142911,0.215448,-0.0402682,0.000599409,0.0396495,0.0158155,1,0
6.2GPa,Data/Cell_29_integrated/6p2GPa.xy,19.793056,0.00153588,0.00153588,0.0547393,,,,shoulder,1,C,100.002,0,0.0698954,-0.002571,0.00153588,,,0,-0.000278962,-5.36642e-05,0.00210992,-5.36642e-05,0.00134455,-0.0399124,-0.0142595,0.000662385,0.0547393,0.0158155,1,0
6.2GPa,Data/Cell_29_integrated/6p2GPa.xy,19.998657,0.517074,0.517074,0,,,,matched,1,C,100.517,0,0.0647174,-0.00329461,0,w8:0.517074,8,0.517074,-0.00206223,-0.00147011,-0.000336495,-0.00147011,0.00199649,-0.736346,-0.00984105,-0.000487159,0,0.0632619,0,0
6.2GPa,Data/Cell_29_integrated/6p2GPa.xy,20.362413,0.00243955,0.000537774,0.0318479,,,,shoulder,1,C,100.001,0,0.0619212,0.00243955,0.000537774,,,0,-0.00344148,0.00110169,-0.00257578,-0.00257578,0.00240819,-1.06959,0.0318854,7.16708e-05,0.0318479,0.0790773,1,0
6.2GPa,Data/Cell_29_integrated/6p2GPa.xy,20.599645,0.00426812,0.00049336,0.0235,,,,shoulder,1,C,100,0,0.0593787,0.00426812,0.00049336,,,0,-0.00125322,-0.000662683,0.00140217,-0.000662683,0.00167877,-0.394743,-0.0928307,0.000317533,0.0235,0.0790773,1,0
6.2GPa,Data/Cell_29_integrated/6p2GPa.xy,20.678722,0.00199037,0.00199037,0.0308539,,,,raw,1,C,100.002,0,0.0516618,-0.00066282,0.00199037,,,0,-0.00283751,0.000752588,-0.00138956,-0.00138956,0.00285619,-0.486508,-0.0779217,0.000300922,0.0308539,0.0158155,1,0
6.2GPa,Data/Cell_29_integrated/6p2GPa.xy,20.884323,3.97153e-05,3.97153e-05,0.00805465,,,,raw,1,C,100,0,0.0425382,-0.00412257,3.97153e-05,,,0,-0.000797665,0.000219775,-0.000985595,-0.000985595,0.000801543,-1.22962,-0.0329452,-0.000153946,0.00805465,0.0158155,1,0
6.2GPa,Data/Cell_29_integrated/6p2GPa.xy,21.105740,0.000747247,0.000747247,0.0781159,,,,shoulder,1,C,100.001,0,0.0349705,-0.00293596,0.000747247,,,0,-0.00019352,0.000850423,-0.00010459,-0.00010459,0.000923518,-0.113251,-0.0236346,0.000352453,0.0781159,0.0158155,1,0
6.2GPa,Data/Cell_29_integrated/6p2GPa.xy,21.311341,2.06592e-05,2.06592e-05,0.0080303,,,,raw,1,C,100,0,0.0296708,-0.00311688,2.06592e-05,,,0,-0.00196931,-0.00185632,9.2373e-05,-0.00185632,0.00141429,-1.31254,-0.0214747,-0.000506194,0.0080303,0.0316309,1,0
6.2GPa,Data/Cell_29_integrated/6p2GPa.xy,21.580204,1.11306,1.11306,0,,,,matched,1,C,101.113,0,0.0244211,0.00104188,0,w8:1.11306,8,1.11306,-0.00298049,-0.0010465,-0.00211128,-0.00211128,0.00180364,-1.17057,-0.0217976,-0.00100951,0,0.0316309,0,0
6.2GPa,Data/Cell_29_integrated/6p2GPa.xy,21.959775,0.00284307,0.00284307,0.0687087,,,,raw,1,C,100.276,0,0.0166929,-0.00107397,0.00284307,,,0,-0.000699744,0.00148747,6.57711e-05,6.57711e-05,0.00240408,0.0273581,-0.0289753,0.000373762,0.0687087,0.0158155,0,0
6.2GPa,Data/Cell_29_integrated/6p2GPa.xy,22.023037,1.36745e-05,1.36745e-05,0.00818329,,,,shoulder,1,C,102.719,0,0.0133782,-0.00168469,1.36745e-05,,,0,-0.000204529,0.000745041,0.00162615,0.000745041,0.00274014,0.271899,-0.019828,0.00020342,0.00818329,0.0158155,1,0
6.2GPa,Data/Cell_29_integrated/6p2GPa.xy,22.165376,0.319551,0.319551,0,,,,matched,1,C,100.32,0,0.00938332,-0.00331841,0,w5:0.319551,5,0.319551,-0.00180592,-0.00102618,2.41392e-05,-0.00102618,0.00265213,-0.386926,-0.0257468,-0.00138124,0,0.0158155,1,0
6.2GPa,Data/Cell_29_integrated/6p2GPa.xy,22.465870,0.000654842,0.000467957,0.0302156,,,,shoulder,1,C,100,0,0.00785915,0.000654842,0.000467957,,,0,-0.000398154,0.000483312,-7.85146e-05,-7.85146e-05,0.00114926,-0.0683175,0.0256703,0.00017094,0.0302156,0.0474464,1,0
6.2GPa,Data/Cell_29_integrated/6p2GPa.xy,22.481685,0.00181421,0.00033245,0.0237435,,,,raw,1,C,100,0,0.00802331,0.00138883,0.00033245,,,0,0.000193338,0.000939219,-0.000521911,-0.000521911,0.00195048,-0.267581,0.0209182,-3.42783e-05,0.0237435,0.0158155,1,0
6.2GPa,Data/Cell_29_integrated/6p2GPa.xy,22.687286,0.00499847,0.00499847,0.0479918,,,,raw,1,C,100.005,0,0.00429931,0.000466871,0.00499847,,,0,-0.00302342,-0.00100819,-0.00143095,-0.00143095,0.00230994,-0.619474,-0.0416072,0.000129859,0.0479918,0.0158155,0,0
6.2GPa,Data/Cell_29_integrated/6p2GPa.xy,22.766364,0.000893052,0.000893052,0.0203431,,,,raw;shoulder,2,C,200.001,0,0.000624864,-0.000314109,0.000893052,,,0,-0.0028071,-0.000350842,-0.00135712,-0.00135712,0.00225008,-0.603144,-0.0141942,-9.92424e-05,0.0203431,0.0474464,1,0
6.6GPa,Data/Cell_14_integrated/6p6GPa.xy,2.721717,8.68568e-05,8.68568e-05,0.00898708,,,,shoulder,1,C,100,0,-0.0381081,-0.00721571,8.68568e-05,,,0,0,0,0,0,0,0,0,0,0.00898708,0.0420701,1,0
6.6GPa,Data/Cell_14_integrated/6p6GPa.xy,2.988162,0.00158609,0.00146565,0.0169149,,,,raw;shoulder,2,C,200.001,0,-0.0157669,0.000880147,0.00146565,,,0,-0.00157063,-3.49838e-05,-0.00086125,-0.00086125,0.00121144,-0.710933,0.0425883,-0.000114934,0.0169149,0.0701169,1,0
6.6GPa,Data/Cell_14_integrated/6p6GPa.xy,3.493003,0.000178195,0.000178195,0.00803269,,,,raw,1,C,100,0,-0.00716064,-0.00194562,0.000178195,,,0,-0.000484676,0.000294098,-0.000101701,-0.000101701,0.00118769,-0.085629,0.0242295,-9.02527e-05,0.00803269,0.0420701,1,0
6.6GPa,Data/Cell_14_integrated/6p6GPa.xy,3.675307,3.03912e-05,3.03912e-05,0.00720912,,,,raw,1,C,100,0,-0.00291883,-0.000776149,3.03912e-05,,,0,-0.000674601,-0.000165116,0.000160976,-0.000165116,0.00109741,-0.150459,0.0281861,-0.000207501,0.00720912,0.0280467,1,0
6.6GPa,Data/Cell_14_integrated/6p6GPa.xy,3.857611,0.00163488,0.000137358,0.00913535,,,,raw,1,C,101.036,0,0.00173953,0.00155334,0.000137358,,,0,-0.000205063,0.000263021,0.000209885,0.000209885,0.00202625,0.103583,0.0173212,-0.000271424,0.00913535,0.0280467,0,0
6.6GPa,Data/Cell_14_integrated/6p6GPa.xy,4.053938,0.00169591,0.000449019,0.00969294,,,,raw,1,C,100,0,0.00394619,0.00130248,0.000449019,,,0,-0.000443141,0.000204688,-0.000353261,-0.000353261,0.0012744,-0.277199,-0.000513886,-3.89755e-05,0.00969294,0.0280467,1,0
6.6GPa,Data/Cell_14_integrated/6p6GPa.xy,4.362452,0.00132019,0.00132019,0.0137288,,,,raw;shoulder,2,C,200.001,0,0.00416791,-0.00306125,0.00132019,,,0,-0.00154413,-0.00118334,0.000239909,-0.00118334,0.000988437,-1.19718,0.0241155,-7.87675e-05,0.0137288,0.0560935,1,0
6.6GPa,Data/Cell_14_integrated/6p6GPa.xy,4.418546,0.000296921,0.000296921,0.0083698,,,,raw;shoulder,2,C,200,0,0.00495821,-0.00243342,0.000296921,,,0,-0.00141637,3.62565e-05,-0.00054643,-0.00054643,0.00148768,-0.367302,0.0191922,-9.81362e-05,0.0083698,0.0560935,1,0
6.6GPa,Data/Cell_14_integrated/6p6GPa.xy,4.572803,0.000131227,0.000131227,0.0192905,,,,shoulder,1,C,100,0,0.00673526,-0.00137244,0.000131227,,,0,-0.00190355,-0.000730628,-0.000977648,-0.000977648,0.00141963,-0.688665,0.0167208,-0.000239563,0.0192905,0.0280467,1,0
6.6GPa,Data/Cell_14_integrated/6p6GPa.xy,4.600850,0.000291893,0.000291893,0.0211891,,,,raw,1,C,100,0,0.00762026,-0.000967727,0.000291893,,,0,-0.00185718,-0.000471437,-0.00101852,-0.00101852,0.00125853,-0.809292,0.016158,-0.000377295,0.0211891,0.0420701,0,0
6.6GPa,Data/Cell_14_integrated/6p6GPa.xy,5.470299,0.0256802,0.000123907,0.0331296,,,,raw,1,C,100.404,0,0.0220854,0.0256346,0.000123907,,,0,-0.000424266,0.000853993,7.98072e-05,7.98072e-05,0.00197844,0.0403385,0.0158238,-0.000321815,0.0331296,0.0280467,0,0
6.6GPa,Data/Cell_14_integrated/6p6GPa.xy,5.624556,12.6053,12.6053,0,,,,matched;raw;shoulder,3,C,312.606,0,0.024796,0.0240433,0.000459439,w8:12.6053,8,12.6053,-0.00176717,-0.000721815,-0.00125923,-0.00125923,0.00096942,-1.29895,0.0199857,0.000103661,0,0.0560935,1,0
6.6GPa,Data/Cell_14_integrated/6p6GPa.xy,5.652603,5.55574,5.55574,0,,,,matched,1,C,105.556,0,0.0252926,0.0208318,0,w3:2.61132;w5:5.55574,5,5.55574,-0.001095,0.000600567,-0.00107298,-0.00107298,0.00105916,-1.01305,0.0210206,-0.000118103,0,0.0280467,1,0
6.6GPa,Data/Cell_14_integrated/6p6GPa.xy,5.778813,0.000631035,0.000631035,0.0117708,,,,raw;shoulder,2,C,200.001,0,0.0302689,-0.0194413,0.000631035,,,0,-0.00144516,-0.00090545,-0.000535059,-0.00090545,0.000709496,-1.27619,0.0412048,-4.61363e-05,0.0117708,0.0701169,1,0
6.6GPa,Data/Cell_14_integrated/6p6GPa.xy,5.919047,0.000331095,0.000331095,0,,,,raw;shoulder,2,C,200,0,0.0357043,-0.0705845,0.000331095,,,0,-0.00282843,-0.00219352,-0.00108874,-0.00219352,0.000898116,-2.44236,0.0637343,-6.49841e-05,0,0.0701169,1,0
6.6GPa,Data/Cell_14_integrated/6p6GPa.xy,6.059281,1.10872e-05,1.10872e-05,0.00765413,,,,shoulder,1,C,100,0,0.0484202,-0.107544,1.10872e-05,,,0,-0.00457345,-0.00383233,0.00104962,-0.00383233,0.00365736,-1.04784,0.142184,-0.000104671,0.00765413,0.0420701,1,0
6.6GPa,Data/Cell_14_integrated/6p6GPa.xy,6.101351,4.01313e-05,4.01313e-05,0.00846564,,,,shoulder,1,C,100,0,0.0526899,-0.11596,4.01313e-05,,,0,-0.00946098,-0.00564498,-0.000706408,-0.00564498,0.00661187,-0.853766,0.201304,-0.000283003,0.00846564,0.0701169,1,0
6.6GPa,Data/Cell_14_integrated/6p6GPa.xy,6.171467,0.00075476,0.00075476,0.03599,,,,shoulder,1,C,100.001,0,0.0704588,-0.118511,0.00075476,,,0,-0.019354,-0.00821778,0.00130272,-0.00821778,0.0168279,-0.488342,0.407935,-4.14038e-05,0.03599,0.0981636,1,0
6.6GPa,Data/Cell_14_integrated/6p6GPa.xy,6.269631,0.000817679,0.000817679,0.0331505,,,,shoulder,1,C,100.001,0,0.122538,-0.0877547,0.000817679,,,0,-0.0537435,-0.0228062,-0.0041782,-0.0228062,0.0466533,-0.488845,1.09958,-0.00114993,0.0331505,0.16828,1,0
6.6GPa,Data/Cell_14_integrated/6p6GPa.xy,6.844589,0.000194764,0.000194764,0.0097543,,,,shoulder,1,C,100,0,0.117713,-0.105615,0.000194764,,,0,-0.0743468,0.00659747,-0.0408264,-0.0408264,0.0672914,-0.606711,-1.1635,-0.00147752,0.0097543,0.0560935,1,0
6.6GPa,Data/Cell_14_integrated/6p6GPa.xy,6.900683,0.000417649,0.000417649,0.0245873,,,,shoulder,1,C,100,0,0.0938191,-0.120588,0.000417649,,,0,-0.0309259,0.00294363,-0.0160102,-0.0160102,0.0308598,-0.518806,-0.523129,-0.000316142,0.0245873,0.154257,1,0
6.6GPa,Data/Cell_14_integrated/6p6GPa.xy,6.970800,0.000383403,0.000383403,0.02226,,,,shoulder,1,C,100,0,0.0782784,-0.121082,0.000383403,,,0,-0.0104984,0.000199767,-0.00715635,-0.00715635,0.00760197,-0.941381,-0.194542,-0.000207317,0.02226,0.0701169,1,0
6.6GPa,Data/Cell_14_integrated/6p6GPa.xy,7.111034,0.000153374,0.000153374,0.0324693,,,,shoulder,1,C,100,0,0.0674382,-0.0951742,0.000153374,,,0,-0.00320024,-0.00266353,-0.00120523,-0.00266353,0.00137878,-1.9318,-0.047668,-0.000148306,0.0324693,0.0560935,1,0
6.6GPa,Data/Cell_14_integrated/6p6GPa.xy,7.559782,27.0293,27.0293,0,,,,matched;raw;shoulder,3,C,327.03,0,0.0686963,0.0254618,0.000829661,w8:27.0293,8,27.0293,-0.0015933,0.000301399,-0.0007406,-0.0007406,0.00122233,-0.605892,0.0472639,0.000177332,0,0.0841402,1,0
6.6GPa,Data/Cell_14_integrated/6p6GPa.xy,7.784156,0.00956177,0.000389906,0,,,,raw;shoulder,2,C,200,0,0.0747383,0.00970789,0.000389906,,,0,-0.00327504,-0.00194418,-0.00088916,-0.00194418,0.000795977,-2.4425,0.0208002,3.28119e-05,0,0.0841402,1,0
6.6GPa,Data/Cell_14_integrated/6p6GPa.xy,7.910366,0.0111539,0.000169571,0.013012,,,,raw,1,C,100,0,0.0820493,0.0108518,0.000169571,,,0,-0.00202301,-0.00099767,-0.00134935,-0.00134935,0.00127873,-1.05522,0.0764828,-0.000199471,0.013012,0.0280467,0,0
6.6GPa,Data/Cell_14_integrated/6p6GPa.xy,8.331067,0.000361537,0.000361537,0,,,,raw;shoulder,2,C,200,0,0.071003,-0.00903157,0.000361537,,,0,-0.0038971,-0.00259194,-0.00191522,-0.00259194,0.00114316,-2.26735,-0.0510805,-9.509e-05,0,0.0841402,1,0
6.6GPa,Data/Cell_14_integrated/6p6GPa.xy,8.457278,1.82378,1.82378,0,,,,matched,1,C,101.824,0,0.069029,-0.0211626,0,w5:1.82378,5,1.82378,-0.00266903,-0.00165487,-0.00130332,-0.00165487,0.000993394,-1.66587,0.0102473,-0.000427576,0,0.0280467,0,0
6.6GPa,Data/Cell_14_integrated/6p6GPa.xy,8.485324,0.00033105,0.00033105,0.00954284,,,,raw,1,C,100,0,0.0701461,-0.0251433,0.00033105,,,0,-0.0025695,-0.00161628,-0.000937323,-0.00161628,0.00186806,-0.865214,0.0228621,-0.000125421,0.00954284,0.0280467,0,0
6.6GPa,Data/Cell_14_integrated/6p6GPa.xy,8.527394,0.000497503,0.000497503,0.0675771,,,,shoulder,1,C,100.143,0,0.0717719,-0.0312049,0.000497503,,,0,-0.00218384,3.85673e-05,0.000124792,3.85673e-05,0.00270134,0.0142771,0.0398932,0.000132525,0.0675771,0.0701169,1,0
6.6GPa,Data/Cell_14_integrated/6p6GPa.xy,8.555441,0.000102045,0.000102045,0.0197556,,,,raw,1,C,100,0,0.0722234,-0.0359314,0.000102045,,,0,-0.00289177,-0.000917967,-0.000970415,-0.000970415,0.00242672,-0.399887,0.0524078,-0.000119822,0.0197556,0.0280467,0,0
6.6GPa,Data/Cell_14_integrated/6p6GPa.xy,8.639581,0.216626,0.216626,0.0459471,,,,matched;shoulder,2,C,200.727,0,0.0796152,-0.0454913,0.000706188,w2:0.216626,2,0.216626,-0.00222578,0.000139166,0.00036442,0.000139166,0.00273051,0.0509669,0.0987279,0.000278611,0.0459471,0.210351,1,0
6.6GPa,Data/Cell_14_integrated/6p6GPa.xy,8.709698,0.00057826,0.00057826,0.0287044,,,,shoulder,1,C,100.001,0,0.0868721,-0.0513407,0.00057826,,,0,-0.00509227,-0.00268182,-7.86932e-05,-0.00268182,0.00372892,-0.719193,0.157703,0.000168798,0.0287044,0.0701169,1,0
6.6GPa,Data/Cell_14_integrated/6p6GPa.xy,8.779815,0.000849107,0.000849107,0.0392233,,,,shoulder,1,C,100.001,0,0.0993577,-0.0493394,0.000849107,,,0,-0.00858053,-0.00317209,-0.000880604,-0.00317209,0.00738264,-0.429669,0.251103,9.13805e-05,0.0392233,0.140234,1,0
6.6GPa,Data/Cell_14_integrated/6p6GPa.xy,8.849932,0.000465365,0.000465365,0.0261414,,,,shoulder,1,C,100,0,0.119097,-0.033297,0.000465365,,,0,-0.0138286,-0.00598263,-0.00146786,-0.00598263,0.0111377,-0.53715,0.402478,-0.000126452,0.0261414,0.0701169,1,0
6.6GPa,Data/Cell_14_integrated/6p6GPa.xy,8.948096,0.0309125,0.000333326,0.0329271,,,,shoulder,1,C,100,0,0.171187,0.0309125,0.000333326,,,0,-0.00806063,0.00132552,-0.00499689,-0.00499689,0.00670382,-0.745379,0.585908,-9.09214e-05,0.0329271,0.0981636,1,0
6.6GPa,Data/Cell_14_integrated/6p6GPa.xy,9.593171,0.00126116,0.00126116,0.0448259,,,,shoulder,1,C,100.001,0,0.176009,-0.0834375,0.00126116,,,0,-0.0458966,0.00260488,-0.0193019,-0.0193019,0.0436106,-0.442598,-0.638938,-0.000521556,0.0448259,0.0701169,1,0
6.6GPa,Data/Cell_14_integrated/6p6GPa.xy,10.238246,8.32102e-05,8.32102e-05,0.00939077,,,,shoulder,1,C,100,0,0.210666,-0.371411,8.32102e-05,,,0,-0.0851782,-0.0013688,-0.0396579,-0.0396579,0.0719517,-0.551173,-1.15379,-0.0022707,0.00939077,0.0701169,1,0
6.6GPa,Data/Cell_14_integrated/6p6GPa.xy,10.308363,9.06705,9.06705,0,,,,matched,1,C,109.067,0,0.183341,-0.441865,0,w5:9.06705,5,9.06705,-0.0456392,-0.00494994,-0.0176526,-0.0176526,0.0362879,-0.486459,-0.214797,-0.00135549,0,0.252421,0,0
6.6GPa,Data/Cell_14_integrated/6p6GPa.xy,10.336410,8.62748,8.62748,0,,,,matched,1,C,108.627,0,0.183999,-0.454536,0,w2:4.42566;w3:8.62748,3,8.62748,-0.0415801,-0.0082517,-0.00858228,-0.00858228,0.0342569,-0.250527,0.0766762,-0.00103315,0,0.0280467,0,0
6.6GPa,Data/Cell_14_integrated/6p6GPa.xy,10.364456,0.00641839,0.00641839,0.238611,,,,shoulder,1,C,100.006,0,0.188945,-0.460641,0.00641839,,,0,-0.0490591,-0.0179303,0.0017018,-0.0179303,0.0411242,-0.436005,0.419553,-0.000786716,0.238611,0.0280467,1,0
6.6GPa,Data/Cell_14_integrated/6p6GPa.xy,10.560784,9.64729,9.64729,0.0364504,,,,matched;shoulder,2,C,209.699,0,0.851248,0.171009,0.0514733,w2:9.64729,2,9.64729,-0.392354,-0.0349941,-0.00506287,-0.0349941,0.473359,-0.0739272,9.27977,0.0156801,0.0364504,0.112187,1,0
6.6GPa,Data/Cell_14_integrated/6p6GPa.xy,10.939415,36.3207,36.3207,0,,,,matched,1,C,136.321,0,0.187799,-0.453442,0,w5:36.3207,5,36.3207,-0.0723654,0.0057752,-0.0357587,-0.0357587,0.0563118,-0.635012,-0.93908,-0.00181998,0,0.0280467,1,0
6.6GPa,Data/Cell_14_integrated/6p6GPa.xy,10.995508,66.0738,66.0738,0,,,,matched,1,C,166.074,0,0.171171,-0.456371,0,w2:66.0738,2,66.0738,-0.247463,-0.155434,0.142843,-0.155434,0.360625,-0.431013,2.46939,-0.000725415,0,0.0280467,1,0
6.6GPa,Data/Cell_14_integrated/6p6GPa.xy,11.346093,5.39147,5.39147,0,,,,matched,1,C,105.391,0,0.182841,-0.312364,0,w3:5.39147,3,5.39147,-0.102438,-0.0159879,-0.0244034,-0.0244034,0.0530708,-0.459827,0.614987,-0.00256245,0,0.0420701,0,0
6.6GPa,Data/Cell_14_integrated/6p6GPa.xy,11.388163,4.68766e-05,4.68766e-05,0.00844805,,,,shoulder,1,C,100,0,0.221057,-0.23643,4.68766e-05,,,0,-0.103209,-0.0472582,-0.0180296,-0.0472582,0.0793344,-0.595684,1.63488,-0.00389859,0.00844805,0.0420701,1,0
6.6GPa,Data/Cell_14_integrated/6p6GPa.xy,11.710700,3.75375,3.75375,0,,,,matched,1,C,103.754,0,0.276322,0.0922971,0,w2:3.75375,2,3.75375,-0.120421,-0.0352864,-0.047451,-0.047451,0.0856064,-0.554293,-2.3859,-0.00479331,0,0.12621,0,0
6.6GPa,Data/Cell_14_integrated/6p6GPa.xy,11.780817,0.000210157,0.000210157,0.0223512,,,,shoulder,1,C,100,0,0.173662,-0.0725029,0.000210157,,,0,-0.0744858,-0.000125017,-0.0367198,-0.0367198,0.0623738,-0.588705,-1.3025,-0.00196726,0.0223512,0.0701169,1,0
6.6GPa,Data/Cell_14_integrated/6p6GPa.xy,11.878981,0.000538437,0.000538437,0.032181,,,,shoulder,1,C,100.001,0,0.126245,-0.112096,0.000538437,,,0,-0.0182663,0.00239463,-0.00932382,-0.00932382,0.016626,-0.560799,-0.40053,1.16137e-05,0.032181,0.154257,1,0
6.6GPa,Data/Cell_14_integrated/6p6GPa.xy,11.949098,0.000478672,0.000478672,0.0360294,,,,shoulder,1,C,100,0,0.110523,-0.105582,0.000478672,,,0,-0.00751534,-0.00100647,-0.00311473,-0.00311473,0.00534581,-0.582648,-0.189242,-3.67792e-05,0.0360294,0.0701169,1,0
6.6GPa,Data/Cell_14_integrated/6p6GPa.xy,12.033238,0.000554323,0.000554323,0.0389091,,,,shoulder,1,C,100.001,0,0.10144,-0.0809834,0.000554323,,,0,-0.00446215,5.5132e-05,-0.000636567,-0.000636567,0.00480355,-0.13252,-0.0852562,0.000180765,0.0389091,0.0560935,1,0
6.6GPa,Data/Cell_14_integrated/6p6GPa.xy,12.089331,0.0004573,0.0004573,0.00923558,,,,raw;shoulder,2,C,200,0,0.0976032,-0.0590851,0.0004573,,,0,-0.00395652,-0.00144072,-0.00388484,-0.00388484,0.00192879,-2.01413,-0.0482236,-0.000331196,0.00923558,0.0560935,1,0
6.6GPa,Data/Cell_14_integrated/6p6GPa.xy,12.243589,0.000258059,0.000258059,0.0113649,,,,raw;shoulder,2,C,200,0,0.0954211,-0.0517444,0.000258059,,,0,-0.00263931,-0.00170063,-0.00203657,-0.00203657,0.000645425,-3.15539,0.0074848,-8.85689e-05,0.0113649,0.0701169,1,0
6.6GPa,Data/Cell_14_integrated/6p6GPa.xy,12.510033,23.2652,23.2652,0,,,,matched,1,C,123.265,0,0.0982211,0.0184873,0,w8:23.2652,8,23.2652,-0.00228903,-0.00159093,-0.00150417,-0.00159093,0.00080255,-1.98235,0.00975807,-0.000717584,0,0.0420701,0,0
6.6GPa,Data/Cell_14_integrated/6p6GPa.xy,12.636243,0.014447,7.90632e-05,0.0229847,,,,shoulder,1,C,100,0,0.10246,0.014447,7.90632e-05,,,0,-0.00113017,-0.000346548,-0.000502519,-0.000502519,0.000838411,-0.599371,0.0297097,-4.4681e-05,0.0229847,0.0701169,1,0
6.6GPa,Data/Cell_14_integrated/6p6GPa.xy,13.014874,2.07301e-05,2.07301e-05,0.00789165,,,,shoulder,1,C,100,0,0.109593,-0.0149657,2.07301e-05,,,0,-0.0573216,0.0128496,-0.032046,-0.032046,0.0463136,-0.691935,-0.605806,7.25116e-05,0.00789165,0.0420701,1,0
6.6GPa,Data/Cell_14_integrated/6p6GPa.xy,13.968464,0.000187434,0.000187434,0.00931767,,,,raw,1,C,100,0,0.0849669,-0.00475302,0.000187434,,,0,-0.00204845,-0.00111068,-0.000521041,-0.00111068,0.00172237,-0.644852,-0.0219736,-0.000527997,0.00931767,0.0280467,0,0
6.6GPa,Data/Cell_14_integrated/6p6GPa.xy,14.052604,0.000267736,0.000267736,0.0183353,,,,raw,1,C,100,0,0.0829405,-0.00572406,0.000267736,,,0,-0.00408066,-0.00276891,-0.00347057,-0.00347057,0.00157311,-2.20618,0.00691519,-0.000508317,0.0183353,0.0560935,0,0
6.6GPa,Data/Cell_14_integrated/6p6GPa.xy,14.164791,2.85472,2.85472,0,,,,matched,1,C,102.855,0,0.0862852,0.00248247,0,w5:2.85472,5,2.85472,-0.000187221,0.000629894,-6.1885e-05,-6.1885e-05,0.000814817,-0.0759495,0.0277854,-0.00064903,0,0.0280467,1,0
6.6GPa,Data/Cell_14_integrated/6p6GPa.xy,14.431235,0.0016798,0.000524897,0.0184461,,,,raw,1,C,100.008,0,0.0958104,0.00138109,0.000524897,,,0,0.000267811,0.000635903,5.03984e-07,5.03984e-07,0.000690354,0.000730036,0.0304455,-0.000224957,0.0184461,0.0420701,0,0
6.6GPa,Data/Cell_14_integrated/6p6GPa.xy,14.753773,0.000172914,0.000172914,0.0313865,,,,shoulder,1,C,100,0,0.0867853,-0.0149764,0.000172914,,,0,-0.00167627,-0.00108367,-0.000598069,-0.00108367,0.00052688,-2.05676,-0.0553832,8.65589e-06,0.0313865,0.0701169,1,0
6.6GPa,Data/Cell_14_integrated/6p6GPa.xy,14.823889,0.000326335,0.000326335,0.103474,,,,shoulder,1,C,100,0,0.0836639,-0.0181534,0.000326335,,,0,-0.00217312,-0.000613908,0.000124073,-0.000613908,0.00229224,-0.26782,-0.0287701,1.66e-05,0.103474,0.140234,1,0
6.6GPa,Data/Cell_14_integrated/6p6GPa.xy,14.865960,4.2773e-05,4.2773e-05,0.0234456,,,,shoulder,1,C,100,0,0.0822204,-0.0194324,4.2773e-05,,,0,-0.00409308,-0.00228095,0.00102018,-0.00228095,0.00362605,-0.629045,0.00870277,1.05109e-05,0.0234456,0.0420701,1,0
6.6GPa,Data/Cell_14_integrated/6p6GPa.xy,14.964123,0.000348278,0.000348278,0.027164,,,,shoulder,1,C,100,0,0.0848518,-0.015607,0.000348278,,,0,-0.0286391,-0.015515,0.00285366,-0.015515,0.0272848,-0.56863,0.349619,-0.000277125,0.027164,0.16828,1,0
6.6GPa,Data/Cell_14_integrated/6p6GPa.xy,15.216544,0.0171682,0.000333498,0.020942,,,,shoulder,1,C,100,0,0.1103,0.0171682,0.000333498,,,0,-0.0179792,-0.0108517,-6.38407e-05,-0.0108517,0.0214266,-0.506458,-0.44738,-0.00170277,0.020942,0.0841402,1,0
6.6GPa,Data/Cell_14_integrated/6p6GPa.xy,15.300684,0.000591784,0.000591784,0.0391057,,,,shoulder,1,C,100.001,0,0.0806228,-0.00863361,0.000591784,,,0,-0.0184119,0.00220228,-0.00960057,-0.00960057,0.016048,-0.598242,-0.320137,2.05887e-05,0.0391057,0.0981636,1,0
6.6GPa,Data/Cell_14_integrated/6p6GPa.xy,15.398848,0.292343,0.292343,0.0523361,,,,matched;shoulder,2,C,200.293,0,0.0703293,-0.0148725,0.00100994,w2:0.292343,2,0.292343,-0.0036934,0.000370318,-0.000487767,-0.000487767,0.00342165,-0.142553,-0.0789484,0.000301933,0.0523361,0.0981636,1,0
6.6GPa,Data/Cell_14_integrated/6p6GPa.xy,15.553105,0.000192474,0.000192474,0.0094918,,,,raw,1,C,100,0,0.0651094,-0.0162446,0.000192474,,,0,-0.00134656,-0.000435524,-0.00108673,-0.00108673,0.000482614,-2.25175,-0.0110428,-0.000354946,0.0094918,0.0280467,0,0
6.6GPa,Data/Cell_14_integrated/6p6GPa.xy,15.581152,0.00035277,0.00035277,0.0236513,,,,raw;shoulder,2,C,200,0,0.0656955,-0.0151101,0.00035277,,,0,-0.000147545,0.00039771,-4.32886e-05,-4.32886e-05,0.000710109,-0.0609604,-0.00687028,9.98761e-05,0.0236513,0.0420701,1,0
6.6GPa,Data/Cell_14_integrated/6p6GPa.xy,15.693339,0.845983,0.845983,0,,,,matched,1,C,100.846,0,0.0645568,-0.0144699,0,w8:0.845983,8,0.845983,-0.000676362,-0.000358756,0.000220843,-0.000358756,0.00070631,-0.507929,-0.00434913,-0.00028309,0,0.0420701,1,0
6.6GPa,Data/Cell_14_integrated/6p6GPa.xy,16.029900,0.000776592,0.000776592,0.0135909,,,,raw;shoulder,2,C,200.001,0,0.0641597,-0.00362222,0.000776592,,,0,-0.00241833,-0.00193351,-0.00106033,-0.00193351,0.000722751,-2.67521,0.0262351,-6.84624e-05,0.0135909,0.0701169,1,0
6.6GPa,Data/Cell_14_integrated/6p6GPa.xy,16.212204,0.00771171,0.000208114,0.0331858,,,,shoulder,1,C,100,0,0.0758409,0.00771171,0.000208114,,,0,-0.00311029,0.00018132,-0.00202138,-0.00202138,0.00149391,-1.35308,0.112466,4.08726e-06,0.0331858,0.0981636,1,0
6.6GPa,Data/Cell_14_integrated/6p6GPa.xy,16.520718,0.00511711,0.000889964,0.0371361,,,,shoulder,1,C,100.001,0,0.0749908,0.00511711,0.000889964,,,0,-0.00188371,-0.000895616,0.00162564,-0.000895616,0.00336288,-0.266324,-0.14383,0.000446062,0.0371361,0.112187,1,0
6.6GPa,Data/Cell_14_integrated/6p6GPa.xy,16.618881,0.000373254,0.000373254,0.0641147,,,,shoulder,1,C,100,0,0.0618938,-0.00607815,0.000373254,,,0,-0.00354547,0.000750409,-0.00168947,-0.00168947,0.00305904,-0.552287,-0.0911413,0.000161916,0.0641147,0.0981636,1,0
6.6GPa,Data/Cell_14_integrated/6p6GPa.xy,16.660952,2.07261e-05,2.07261e-05,0.00877302,,,,shoulder,1,C,100,0,0.0593152,-0.00761593,2.07261e-05,,,0,-0.00223337,0.000132425,-0.000811347,-0.000811347,0.00278036,-0.291814,-0.0633483,1.84799e-05,0.00877302,0.0420701,1,0
6.6GPa,Data/Cell_14_integrated/6p6GPa.xy,16.731068,0.000187777,0.000187777,0.0432101,,,,shoulder,1,C,100,0,0.056385,-0.00900253,0.000187777,,,0,-0.00170844,-0.000610059,-0.000363645,-0.000610059,0.00118435,-0.5151,-0.0300194,1.19418e-05,0.0432101,0.0841402,1,0
6.6GPa,Data/Cell_14_integrated/6p6GPa.xy,16.787162,9.19427e-05,9.19427e-05,0.00950026,,,,raw,1,C,100,0,0.0550948,-0.00916037,9.19427e-05,,,0,-0.00138914,-0.000214999,-0.00133798,-0.00133798,0.000613372,-2.18135,-0.0197037,-0.000131669,0.00950026,0.0280467,0,0
6.6GPa,Data/Cell_14_integrated/6p6GPa.xy,16.815209,0.000111368,0.000111368,0.0105134,,,,raw;shoulder,2,C,200,0,0.0550587,-0.0085527,0.000111368,,,0,-0.000343694,0.000463949,-0.000465725,-0.000465725,0.000726238,-0.641284,-0.0174367,-9.54455e-06,0.0105134,0.0280467,1,0
6.6GPa,Data/Cell_14_integrated/6p6GPa.xy,16.899349,0.580484,0.580484,0,,,,matched,1,C,100.58,0,0.0542117,-0.00764101,0,w2:0.580484,2,0.580484,-0.00039631,-0.000585739,0.00122732,-0.000585739,0.000913662,-0.641089,0.000975272,5.0545e-06,0,0.0280467,1,0
6.6GPa,Data/Cell_14_integrated/6p6GPa.xy,17.011536,0.000630782,0.000630782,0.0329172,,,,shoulder,1,C,100.001,0,0.055141,-0.00473515,0.000630782,,,0,-0.00280147,0.000924753,-0.000875394,-0.000875394,0.00383473,-0.228281,0.0291128,6.06738e-06,0.0329172,0.0841402,1,0
6.6GPa,Data/Cell_14_integrated/6p6GPa.xy,17.221887,0.000296988,0.000296988,0.0551207,,,,shoulder,1,C,100,0,0.0528584,-0.000949428,0.000296988,,,0,-0.00259383,5.84057e-05,-0.000665485,-0.000665485,0.00267055,-0.249194,-0.0559995,5.01645e-05,0.0551207,0.0841402,1,0
6.6GPa,Data/Cell_14_integrated/6p6GPa.xy,17.277980,0.000239652,0.000239652,0.0103904,,,,raw,1,C,100,0,0.0507455,-0.0019494,0.000239652,,,0,-0.00219441,-0.000572916,-0.00113736,-0.00113736,0.00133023,-0.855011,-0.0339221,-0.000223894,0.0103904,0.0280467,0,0
6.6GPa,Data/Cell_14_integrated/6p6GPa.xy,17.306027,0.000491612,0.000491612,0.0182957,,,,raw;shoulder,2,C,200,0,0.050415,-0.0013056,0.000491612,,,0,-0.00107265,0.000275596,-0.000236447,-0.000236447,0.000894287,-0.264397,-0.0232704,0.000171151,0.0182957,0.0841402,1,0
6.6GPa,Data/Cell_14_integrated/6p6GPa.xy,17.474307,0.707066,0.707066,0.0188435,,,,matched;raw,2,C,203.673,0,0.0497776,0.000357748,0.00017551,w5:0.707066,5,0.707066,4.90767e-05,0.000387931,0.000122044,0.000122044,0.00041157,0.296532,0.00177047,3.3451e-05,0.0188435,0.0280467,0,0
6.6GPa,Data/Cell_14_integrated/6p6GPa.xy,17.572471,0.001207,0.000578652,0.0149387,,,,raw;shoulder,2,C,200.001,0,0.0500686,0.000546265,0.000578652,,,0,-0.00318795,-0.00284593,0.000409806,-0.00284593,0.00222044,-1.2817,0.0358984,-0.000150961,0.0149387,0.0701169,1,0
6.6GPa,Data/Cell_14_integrated/6p6GPa.xy,17.866962,0.000900568,0.000900568,0.0348752,,,,shoulder,1,C,100.001,0,0.0496746,-0.000355044,0.000900568,,,0,-0.00231488,-0.000296458,0.000874199,-0.000296458,0.00273668,-0.108328,-0.083144,0.00048764,0.0348752,0.0981636,1,0
6.6GPa,Data/Cell_14_integrated/6p6GPa.xy,18.007195,0.000130414,0.000130414,0.0110155,,,,raw;shoulder,2,C,200,0,0.0422713,-0.00656057,0.000130414,,,0,-0.00102975,3.2702e-05,-0.000339772,-0.000339772,0.00136566,-0.248796,-0.024765,-6.03808e-06,0.0110155,0.0420701,1,0
6.6GPa,Data/Cell_14_integrated/6p6GPa.xy,18.399850,0.00034695,0.00034695,0.0113233,,,,raw,1,C,100,0,0.0467631,4.48244e-05,0.00034695,,,0,-0.00472318,-0.00233088,0.00130261,-0.00233088,0.00532508,-0.437718,0.106451,6.16016e-05,0.0113233,0.0280467,1,0
6.6GPa,Data/Cell_14_integrated/6p6GPa.xy,18.694341,3.79786e-05,2.21779e-05,0.0204601,,,,shoulder,1,C,100,0,0.043095,3.79786e-05,2.21779e-05,,,0,-0.00626497,0.000468792,-0.00441436,-0.00441436,0.00373183,-1.1829,-0.113357,-0.000103012,0.0204601,0.0560935,1,0
6.6GPa,Data/Cell_14_integrated/6p6GPa.xy,18.806528,0.234107,0.234107,0,,,,matched,1,C,100.234,0,0.0365065,-0.00512784,0,w5:0.234107,5,0.234107,-0.00247147,-0.00210062,-0.000735312,-0.00210062,0.000529795,-3.96497,-0.0342362,-0.000643685,0,0.0560935,0,0
6.6GPa,Data/Cell_14_integrated/6p6GPa.xy,19.227229,0.000622944,0.000622944,0.0112317,,,,raw;shoulder,2,C,201.843,0,0.0348074,-0.00100955,0.000622944,,,0,-0.000106907,8.52756e-05,0.000338957,8.52756e-05,0.000462792,0.184263,-0.0221003,2.14261e-05,0.0112317,0.0560935,1,0
6.6GPa,Data/Cell_14_integrated/6p6GPa.xy,19.283323,0.000348393,0.000348393,0.00909808,,,,raw;shoulder,2,C,200,0,0.0330658,-0.0013401,0.000348393,,,0,-0.000355326,-0.000152541,0.000162434,-0.000152541,0.000263815,-0.578209,-0.0233023,-8.63156e-05,0.00909808,0.0560935,1,0
6.6GPa,Data/Cell_14_integrated/6p6GPa.xy,19.311369,0.00048387,0.00048387,0.0134084,,,,raw,1,C,100,0,0.0323789,-0.00132517,0.00048387,,,0,-0.000364641,-0.000154969,0.000244058,-0.000154969,0.000197451,-0.784846,-0.0218342,6.08321e-05,0.0134084,0.0280467,1,0
6.6GPa,Data/Cell_14_integrated/6p6GPa.xy,20.152772,0.000791403,0.000791403,0.0112384,,,,raw;shoulder,2,C,200.001,0,0.0252007,-0.000420683,0.000791403,,,0,-0.0010617,-0.000958682,-0.000662149,-0.000958682,0.00035642,-2.68975,-0.0123645,4.55398e-06,0.0112384,0.0560935,1,0
6.6GPa,Data/Cell_14_integrated/6p6GPa.xy,20.587496,1.11107,1.11107,0,,,,matched,1,C,101.111,0,0.0219597,-0.00057425,0,w8:1.11107,8,1.11107,-0.0014858,-0.000547971,-0.00096336,-0.00096336,0.001043,-0.923646,-0.0012548,-0.000632586,0,0.0280467,0,0
6.6GPa,Data/Cell_14_integrated/6p6GPa.xy,20.783824,0.000265122,0.000265122,0.00849308,,,,raw,1,C,100,0,0.0219467,-0.00073008,0.000265122,,,0,-0.000986551,-0.00057143,4.69978e-05,-0.00057143,0.00104152,-0.548648,-0.00941361,-0.000204022,0.00849308,0.0420701,1,0
6.6GPa,Data/Cell_14_integrated/6p6GPa.xy,21.288665,0.000954645,0.000954645,0.0135559,,,,raw,1,C,100.001,0,0.0195277,-0.00195403,0.000954645,,,0,-0.00220909,-0.00146968,-0.000548001,-0.00146968,0.00156682,-0.937996,0.00535204,-0.000506262,0.0135559,0.0420701,0,0
6.6GPa,Data/Cell_14_integrated/6p6GPa.xy,21.316712,0.000726894,0.000726894,0.0124313,,,,raw,1,C,100.001,0,0.0192317,-0.00193105,0.000726894,,,0,-0.00252467,-0.000923319,-0.00150896,-0.00150896,0.0012483,-1.20882,0.00989501,-0.000221904,0.0124313,0.0280467,0,0
6.6GPa,Data/Cell_14_integrated/6p6GPa.xy,21.358782,0.000130464,0.000130464,0.0232222,,,,shoulder,1,C,100,0,0.0204063,-0.000122077,0.000130464,,,0,-0.00076804,0.00104377,-0.000414681,-0.000414681,0.00212742,-0.194922,0.00696282,9.72998e-05,0.0232222,0.0280467,1,0
6.6GPa,Data/Cell_14_integrated/6p6GPa.xy,21.625226,0.000755167,0.000755167,0.0177853,,,,raw,1,C,100.001,0,0.0192938,-0.00141889,0.000755167,,,0,-0.000553141,-0.000316517,0.00132598,-0.000316517,0.00161345,-0.196174,-0.0163611,5.37096e-06,0.0177853,0.0560935,1,0
6.6GPa,Data/Cell_14_integrated/6p6GPa.xy,21.653273,0.000537822,0.000537822,0.0361117,,,,shoulder,1,C,100.001,0,0.0172074,-0.00233394,0.000537822,,,0,-0.00153044,-0.00097709,0.000912108,-0.00097709,0.00120753,-0.809167,-0.0102184,0.000319828,0.0361117,0.0280467,1,0
6.6GPa,Data/Cell_14_integrated/6p6GPa.xy,21.933740,0.000311779,0.000311779,0.00922557,,,,raw;shoulder,2,C,200,0,0.0182732,-0.0021812,0.000311779,,,0,-0.00328676,-0.00306894,-0.00260464,-0.00306894,0.00047484,-6.46309,0.0146262,-0.000313558,0.00922557,0.0841402,1,0
6.6GPa,Data/Cell_14_integrated/6p6GPa.xy,22.270301,0.00129043,0.00018962,0.0220636,,,,shoulder,1,C,100,0,0.0186961,0.00129043,0.00018962,,,0,-0.000501478,-0.000104149,0.0022698,-0.000104149,0.00309766,-0.0336217,0.0172813,0.000428916,0.0220636,0.0420701,1,0
6.6GPa,Data/Cell_14_integrated/6p6GPa.xy,22.705026,5.67958e-05,5.67958e-05,0.00729083,,,,raw,1,C,101.468,0,0.0151898,-0.00397591,5.67958e-05,,,0,-0.000645189,0.000285778,0.000459722,0.000285778,0.00194726,0.146759,-0.00277113,-2.74888e-05,0.00729083,0.0420701,0,0
6.6GPa,Data/Cell_14_integrated/6p6GPa.xy,22.775143,0.000774675,0.000774675,0.00867653,,,,raw,1,C,101.137,0,0.0156117,-0.00422586,0.000774675,,,0,-0.000622366,0.000238564,0.00148401,0.000238564,0.00209911,0.11365,-0.01273,8.49916e-05,0.00867653,0.0280467,0,0
6.6GPa,Data/Cell_14_integrated/6p6GPa.xy,22.943423,0.00188516,0.00188516,0.0115371,,,,raw,1,C,100.002,0,0.00662598,-0.0138708,0.00188516,,,0,-0.0140022,-0.0133449,-0.0111325,-0.0133449,0.00245502,-5.43575,0.0393186,-0.00250901,0.0115371,0.0560935,0,0
6.6GPa,Data/Cell_14_integrated/6p6GPa.xy,23.265961,1.16184,1.16184,0,,,,matched,1,C,101.162,0,0.0198556,0.00313202,0,w3:1.16184,3,1.16184,-0.00307902,-0.00175847,0.000427021,-0.00175847,0.00801494,-0.219399,-0.0471463,-0.00127379,0,0.0280467,1,0
6.6GPa,Data/Cell_14_integrated/6p6GPa.xy,23.532405,0.00420444,0.00420444,0.0233434,,,,raw;shoulder,2,C,200.004,0,0.0160776,-0.00675626,0.00420444,,,0,-0.00522473,-0.00347244,-0.000414871,-0.00347244,0.00598436,-0.580252,-0.0601472,-0.000503035,0.0233434,0.0560935,1,0
6.6GPa,Data/Cell_14_integrated/6p6GPa.xy,23.644592,0.204403,0.204403,0,,,,matched;shoulder,2,C,200.208,0,0.00934093,-0.00929042,0.00353091,w3:0.204403,3,0.204403,-0.00819147,-0.00340489,-0.00143513,-0.00340489,0.00740217,-0.459986,0.0544857,-0.0003584,0,0.0280467,1,0
6.6GPa,Data/Cell_14_integrated/6p6GPa.xy,23.728732,0.00493648,0.00493648,0.0125351,,,,raw,1,C,100.005,0,0.0201738,-0.00334915,0.00493648,,,0,-0.00203918,0.000381456,-0.00418904,-0.00418904,0.00395059,-1.06036,0.0670085,-0.00443872,0.0125351,0.0280467,1,0
7.4GPa,Data/Cell_29_integrated/7p4GPa.xy,2.190442,0.00101045,0.00101045,0.0404433,,,,shoulder,1,C,100.001,0,-0.0689306,-0.00795503,0.00101045,,,0,-0.000332202,-0.000256102,0.0023947,-0.000256102,0.00186921,-0.137011,0.369667,0.000653639,0.0404433,0.0474464,1,0
7.4GPa,Data/Cell_29_integrated/7p4GPa.xy,2.823061,0.00273764,0.000777251,0.0114456,,,,raw,1,C,100.001,0,0.0159922,0.00180703,0.000777251,,,0,-0.00458792,-0.00291568,-0.00152894,-0.00291568,0.00217321,-1.34165,-0.0589106,-5.67075e-05,0.0114456,0.0158155,0,0
7.4GPa,Data/Cell_29_integrated/7p4GPa.xy,2.838876,0.000909791,0.000909791,0.03259,,,,shoulder,1,C,100.001,0,0.0142549,0.000235362,0.000909791,,,0,-0.00407653,-0.000325194,-0.00179096,-0.00179096,0.00194368,-0.921431,-0.0552253,0.000367984,0.03259,0.0790773,1,0
7.4GPa,Data/Cell_29_integrated/7p4GPa.xy,2.917954,0.00251884,0.00251884,0.0379785,,,,raw,1,C,100.003,0,0.0147803,-0.00691585,0.00251884,,,0,-0.000321559,0.0013721,-0.000352723,-0.000352723,0.00119251,-0.295782,-0.0233519,0.000286974,0.0379785,0.0158155,1,0
7.4GPa,Data/Cell_29_integrated/7p4GPa.xy,2.981215,0.000644822,0.000644822,0.0166302,,,,raw,1,C,101.593,0,0.0130436,-0.0126813,0.000644822,,,0,-4.66362e-05,0.000108845,7.60446e-05,7.60446e-05,0.00047763,0.159212,-0.0117252,-0.000156106,0.0166302,0.0316309,0,0
7.4GPa,Data/Cell_29_integrated/7p4GPa.xy,3.012846,0.587262,0.587262,0.0456426,,,,matched;shoulder,2,C,205.547,0,0.0123904,-0.0149652,0.000359207,w5:0.587262,5,0.587262,0.000190059,0.000236425,0.00041963,0.000236425,0.000476703,0.495958,-0.0112886,0.000152276,0.0456426,0.0632619,1,0
7.4GPa,Data/Cell_29_integrated/7p4GPa.xy,3.155186,7.61381e-05,7.61381e-05,0.00872076,,,,raw,1,C,100,0,0.0107057,-0.0251109,7.61381e-05,,,0,-0.000117497,-0.00014468,0.000251337,-0.00014468,0.000452132,-0.319994,-0.0112404,-0.000115652,0.00872076,0.0316309,1,0
7.4GPa,Data/Cell_29_integrated/7p4GPa.xy,3.202632,0.000205619,0.000205619,0.0373905,,,,shoulder,1,C,100,0,0.00938945,-0.027517,0.000205619,,,0,-0.00156183,-0.00126759,0.000849652,-0.00126759,0.00122623,-1.03373,0.003926,8.99673e-05,0.0373905,0.0158155,1,0
7.4GPa,Data/Cell_29_integrated/7p4GPa.xy,3.218447,0.000628614,0.000628614,0.0122445,,,,raw,1,C,100.001,0,0.0100181,-0.0279146,0.000628614,,,0,-0.00249372,-0.00165625,0.00100768,-0.00165625,0.00197964,-0.836641,0.0132199,1.49856e-05,0.0122445,0.0948928,1,0
7.4GPa,Data/Cell_29_integrated/7p4GPa.xy,3.265894,0.000162411,0.000162411,0.0255301,,,,shoulder,1,C,100,0,0.00860135,-0.028594,0.000162411,,,0,-0.00576862,-0.00334099,0.000263466,-0.00334099,0.00422347,-0.791054,0.0454398,-7.69437e-05,0.0255301,0.0158155,1,0
7.4GPa,Data/Cell_29_integrated/7p4GPa.xy,3.281709,0.000419621,0.000419621,0.0251137,,,,raw,1,C,100,0,0.00982893,-0.0282699,0.000419621,,,0,-0.00654075,-0.00340002,-0.000957068,-0.00340002,0.00410492,-0.828278,0.0571846,-0.00011093,0.0251137,0.0632619,0,0
7.4GPa,Data/Cell_29_integrated/7p4GPa.xy,3.376602,0.000538976,0.000538976,0.027947,,,,shoulder,1,C,100.001,0,0.0210969,-0.0157656,0.000538976,,,0,0.000266266,0.00364041,-0.000232534,-0.000232534,0.00306463,-0.0758766,0.102646,0.000581921,0.027947,0.0632619,1,0
7.4GPa,Data/Cell_29_integrated/7p4GPa.xy,3.677096,0.00673743,0.00225095,0.0318999,,,,shoulder,1,C,100.002,0,0.0431384,0.00673743,0.00225095,,,0,-0.0337689,-0.0188417,0.00729294,-0.0188417,0.0225597,-0.835194,0.377128,0.00088348,0.0318999,0.0158155,1,0
7.4GPa,Data/Cell_29_integrated/7p4GPa.xy,3.914328,3.73621e-05,3.73621e-05,0.00854779,,,,shoulder,1,C,100,0,0.0357452,-0.00327902,3.73621e-05,,,0,-0.0376866,0.004138,-0.022148,-0.022148,0.0289487,-0.765077,-0.407773,-0.000301764,0.00854779,0.0316309,1,0
7.4GPa,Data/Cell_29_integrated/7p4GPa.xy,3.945959,0.000667722,0.000667722,0.0162199,,,,raw,1,C,100.001,0,0.0346155,-0.00530253,0.000667722,,,0,-0.0275949,0.01081,-0.0191207,-0.0191207,0.0303535,-0.629931,-0.347133,-0.000279095,0.0162199,0.0632619,1,0
7.4GPa,Data/Cell_29_integrated/7p4GPa.xy,4.151560,0.000434745,0.000434745,0.0140906,,,,raw,1,C,100,0,0.0270521,-0.0146316,0.000434745,,,0,-0.00115637,-0.000524115,-0.000783852,-0.000783852,0.000882389,-0.888328,-0.0330223,-0.000798277,0.0140906,0.0316309,0,0
7.4GPa,Data/Cell_29_integrated/7p4GPa.xy,4.278084,8.55458e-05,8.55458e-05,0.0123401,,,,shoulder,1,C,100,0,0.0230938,-0.0187248,8.55458e-05,,,0,-0.0014674,-0.00105452,0.000549823,-0.00105452,0.00138248,-0.762776,-0.0258438,-5.0313e-05,0.0123401,0.0632619,1,0
7.4GPa,Data/Cell_29_integrated/7p4GPa.xy,4.357161,0.0019997,0.0019997,0.0570177,,,,raw,1,C,100.002,0,0.0221494,-0.0203664,0.0019997,,,0,-0.00464798,-0.00120085,5.75613e-05,-0.00120085,0.00516602,-0.232451,0.0135197,0.000181092,0.0570177,0.0158155,1,0
7.4GPa,Data/Cell_29_integrated/7p4GPa.xy,4.388792,0.000412875,0.000412875,0.0148412,,,,raw,1,C,100,0,0.0215644,-0.0204934,0.000412875,,,0,-0.00555758,-0.00172782,-0.00288011,-0.00288011,0.00263639,-1.09245,0.0335886,-0.000175818,0.0148412,0.0158155,0,0
7.4GPa,Data/Cell_29_integrated/7p4GPa.xy,4.926518,3.15952,3.15952,0.0302272,,,,matched;raw,2,C,203.16,0,0.0503385,0.00985247,0.000458195,w3:3.15952,3,3.15952,-0.000379494,-0.000396858,6.76727e-05,-0.000396858,0.000290365,-1.36675,0.0269547,-0.000273854,0.0302272,0.0158155,1,0
7.4GPa,Data/Cell_29_integrated/7p4GPa.xy,4.958149,0.20096,0.20096,0,,,,matched,1,C,100.201,0,0.0504262,0.00946624,0,w2:0.20096,2,0.20096,-0.000202355,-9.56773e-06,0.000233055,-9.56773e-06,0.00050391,-0.0189869,0.0249486,-1.23186e-05,0,0.0316309,1,0
7.4GPa,Data/Cell_29_integrated/7p4GPa.xy,5.448428,0.447319,0.447319,0,,,,matched,1,C,100.447,0,0.0597949,-0.00487435,0,w8:0.447319,8,0.447319,-0.00132163,-0.000702625,-0.000869222,-0.000869222,0.00077663,-1.11922,0.021136,-0.000582644,0,0.0474464,0,0
7.4GPa,Data/Cell_29_integrated/7p4GPa.xy,5.748922,0.211402,0.211402,0,,,,matched,1,C,100.211,0,0.066043,-0.00569354,0,w2:0.211402,2,0.211402,-0.00270129,-0.000810697,0.00369803,-0.000810697,0.00657857,-0.123233,0.0579899,0.000309968,0,0.0158155,1,0
7.4GPa,Data/Cell_29_integrated/7p4GPa.xy,5.780553,0.00116636,0.00116636,0.0419415,,,,raw,1,C,100.001,0,0.0665794,-0.00587045,0.00116636,,,0,-0.01165,-0.00807454,0.00870828,-0.00807454,0.0159096,-0.507525,0.167932,0.000135569,0.0419415,0.0158155,1,0
7.4GPa,Data/Cell_29_integrated/7p4GPa.xy,5.827999,0.000334502,0.000334502,0.0134506,,,,shoulder,1,C,100,0,0.0663662,-0.0062763,0.000334502,,,0,-0.0227375,-0.0138527,0.00422621,-0.0138527,0.0140934,-0.982925,0.235437,0.000127333,0.0134506,0.0158155,1,0
7.4GPa,Data/Cell_29_integrated/7p4GPa.xy,6.413172,0.000377318,0.000377318,0.0165382,,,,raw,1,C,100,0,0.0764583,-0.00700019,0.000377318,,,0,-0.00108047,-0.000861537,0.000308926,-0.000861537,0.000611323,-1.4093,0.0161242,7.64166e-05,0.0165382,0.0158155,1,0
7.4GPa,Data/Cell_29_integrated/7p4GPa.xy,6.634588,0.000186129,0.000186129,0.0134349,,,,raw,1,C,100,0,0.0797612,-0.00541864,0.000186129,,,0,-0.00180262,-0.00151413,-0.00149947,-0.00151413,0.000350504,-4.31984,0.021032,-0.000555914,0.0134349,0.0474464,0,0
7.4GPa,Data/Cell_29_integrated/7p4GPa.xy,6.682034,0.000378857,0.000378857,0.0479964,,,,shoulder,1,C,100,0,0.0824356,-0.00345187,0.000378857,,,0,-5.41628e-05,0.000582343,-0.000223601,-0.000223601,0.000529636,-0.422178,0.01946,0.000210184,0.0479964,0.0158155,1,0
7.4GPa,Data/Cell_29_integrated/7p4GPa.xy,6.856005,4.26314,4.26314,0,,,,matched,1,C,104.263,0,0.0836162,0.0415217,0,w3:4.26314;w5:1.62882,3,4.26314,-0.00345528,-0.00335598,0.00191977,-0.00335598,0.00379797,-0.883625,0.0432875,-0.00023733,0,0.0158155,1,0
7.4GPa,Data/Cell_29_integrated/7p4GPa.xy,6.903451,0.0343684,0.000830276,0.0156051,,,,raw,1,C,100.001,0,0.0851317,0.0338151,0.000830276,,,0,-0.013418,-0.00838041,0.00556362,-0.00838041,0.0127903,-0.655217,0.155034,8.27892e-05,0.0156051,0.0316309,1,0
7.4GPa,Data/Cell_29_integrated/7p4GPa.xy,6.919266,0.0301628,0.000430593,0.0416334,,,,shoulder,1,C,100,0,0.0843014,0.0301628,0.000430593,,,0,-0.016114,-0.0093148,0.00350971,-0.0093148,0.0125415,-0.742715,0.172414,0.000193263,0.0416334,0.0158155,1,0
7.4GPa,Data/Cell_29_integrated/7p4GPa.xy,7.188129,0.000449089,0.000449089,0.00982539,,,,raw,1,C,100,0,0.0881087,-0.0274456,0.000449089,,,0,-0.015307,0.00422624,-0.00938124,-0.00938124,0.0119089,-0.787754,-0.150107,9.8802e-05,0.00982539,0.0158155,1,0
7.4GPa,Data/Cell_29_integrated/7p4GPa.xy,7.203945,0.000711865,0.000711865,0.0360117,,,,shoulder,1,C,100.001,0,0.0876596,-0.0300669,0.000711865,,,0,-0.0118795,0.00628043,-0.00740015,-0.00740015,0.0142148,-0.520596,-0.124793,0.000460327,0.0360117,0.0158155,1,0
7.4GPa,Data/Cell_29_integrated/7p4GPa.xy,7.267207,0.000142566,0.000142566,0.0121099,,,,raw,1,C,100,0,0.0882963,-0.041767,0.000142566,,,0,-0.00132973,0.000440551,-0.00135096,-0.00135096,0.000659064,-2.04981,0.00685231,-0.000168234,0.0121099,0.0474464,1,0
7.4GPa,Data/Cell_29_integrated/7p4GPa.xy,7.441177,1.0007,1.0007,0,,,,matched,1,C,101.001,0,0.0910443,-0.0662884,0,w8:1.0007,8,1.0007,-0.000121722,-0.000138837,0.00103001,-0.000138837,0.000951889,-0.145854,0.0171607,-5.4501e-05,0,0.0158155,1,0
7.4GPa,Data/Cell_29_integrated/7p4GPa.xy,7.472808,0.00202812,0.00202812,0.0607468,,,,shoulder,1,C,100.002,0,0.0919578,-0.069941,0.00202812,,,0,-0.000824091,-0.000503883,0.00151589,-0.000503883,0.000812395,-0.620243,0.0245754,0.000768598,0.0607468,0.0158155,1,0
7.4GPa,Data/Cell_29_integrated/7p4GPa.xy,7.488623,0.00440839,0.00440839,0.173603,,,,raw,1,C,100.004,0,0.0921063,-0.0735448,0.00440839,,,0,-0.00318266,-0.00256962,-0.00134922,-0.00256962,0.00131063,-1.9606,0.0296865,-0.000394569,0.173603,0.0316309,0,0
7.4GPa,Data/Cell_29_integrated/7p4GPa.xy,7.789117,2.25305,2.25305,0,,,,matched,1,C,102.253,0,0.114793,-0.076066,0,w2:2.25305,2,2.25305,-0.0191632,-0.0111569,0.037921,-0.0111569,0.050953,-0.218964,0.414089,0.00194346,0,0.0158155,1,0
7.4GPa,Data/Cell_29_integrated/7p4GPa.xy,7.868194,0.00146171,0.00146171,0.0102797,,,,shoulder,1,C,100.001,0,0.1073,-0.0883031,0.00146171,,,0,-0.34014,-0.213445,0.0692055,-0.213445,0.23636,-0.903051,3.49936,-0.000446622,0.0102797,0.0158155,1,0
7.4GPa,Data/Cell_29_integrated/7p4GPa.xy,8.137057,0.000164718,0.000164718,0.00817949,,,,shoulder,1,C,100,0,0.108936,-0.087792,0.000164718,,,0,-0.317579,0.0792164,-0.213204,-0.213204,0.252305,-0.845023,-3.31697,-0.00279499,0.00817949,0.0790773,1,0
7.4GPa,Data/Cell_29_integrated/7p4GPa.xy,8.627337,0.000704556,0.000704556,0.0491924,,,,shoulder,1,C,100.916,0,0.111879,-0.0371296,0.000704556,,,0,-0.00124977,0.000173676,0.00030341,0.000173676,0.00189815,0.0914973,0.0213714,0.000323315,0.0491924,0.0158155,1,0
7.4GPa,Data/Cell_29_integrated/7p4GPa.xy,8.722230,0.000483601,0.000483601,0.0403815,,,,shoulder,1,C,100,0,0.115461,-0.0445926,0.000483601,,,0,-0.000931725,0.00027196,-0.000304293,-0.000304293,0.00101618,-0.299448,0.0444363,0.00020987,0.0403815,0.0158155,1,0
7.4GPa,Data/Cell_29_integrated/7p4GPa.xy,8.738045,0.000869721,0.000869721,0.0170339,,,,raw,1,C,100.001,0,0.116215,-0.0451658,0.000869721,,,0,-0.000447334,0.000457191,-0.000213333,-0.000213333,0.00132074,-0.161526,0.042818,-5.076e-06,0.0170339,0.0948928,1,0
7.4GPa,Data/Cell_29_integrated/7p4GPa.xy,8.991093,0.000572882,0.000572882,0.0423207,,,,shoulder,1,C,100.001,0,0.119164,-0.0473736,0.000572882,,,0,-0.00131926,0.000988383,-0.000770785,-0.000770785,0.00219307,-0.351463,0.00156451,0.000244267,0.0423207,0.0158155,1,0
7.4GPa,Data/Cell_29_integrated/7p4GPa.xy,9.006908,0.000551091,0.000551091,0.0114876,,,,raw,1,C,100.131,0,0.120382,-0.0466702,0.000551091,,,0,-0.00104204,0.000877941,3.12743e-05,3.12743e-05,0.00238976,0.0130867,0.00774547,7.79112e-05,0.0114876,0.0790773,0,0
7.4GPa,Data/Cell_29_integrated/7p4GPa.xy,9.165063,4.17119,4.17119,0,,,,matched,1,C,104.171,0,0.12582,-0.0415202,0,w5:4.17119,5,4.17119,-0.00588682,-0.0003805,-0.000710145,-0.000710145,0.00563485,-0.126027,0.0732439,-0.00346196,0,0.0158155,0,0
7.4GPa,Data/Cell_29_integrated/7p4GPa.xy,9.813497,0.00282447,0.00282447,0.0598361,,,,shoulder,1,C,100.003,0,0.140221,-0.0888258,0.00282447,,,0,-0.113274,0.0775542,-0.0775091,-0.0775091,0.177958,-0.435546,-1.47475,0.00112718,0.0598361,0.0158155,1,0
7.4GPa,Data/Cell_29_integrated/7p4GPa.xy,9.845128,2.28257,2.28257,0,,,,matched,1,C,102.283,0,0.135169,-0.0843748,0,w2:2.28257,2,2.28257,-0.0258998,0.014865,-0.013023,-0.013023,0.0435422,-0.29909,-0.317387,-1.25688e-05,0,0.0316309,1,0
7.4GPa,Data/Cell_29_integrated/7p4GPa.xy,9.876759,2.86731,2.86731,0,,,,matched,1,C,102.867,0,0.130487,-0.0837272,0,w3:2.86731,3,2.86731,-0.0124102,-0.00644325,-0.00118848,-0.00644325,0.00725589,-0.888003,-0.0311634,-0.000943621,0,0.0790773,0,0
7.4GPa,Data/Cell_29_integrated/7p4GPa.xy,9.908390,0.000617912,0.000617912,0.0305342,,,,shoulder,1,C,100.001,0,0.129285,-0.084054,0.000617912,,,0,-0.0115867,-0.00596341,-0.00331375,-0.00596341,0.00428336,-1.39223,0.0209091,-0.000325709,0.0305342,0.0316309,1,0
7.4GPa,Data/Cell_29_integrated/7p4GPa.xy,10.129806,15.4041,15.4041,0,,,,matched,1,C,115.404,0,0.129457,0.0411969,0,w2:15.4041,2,15.4041,-0.00161024,-0.000393481,-0.000634685,-0.000634685,0.00190901,-0.332468,-0.117877,-0.000573656,0,0.0158155,0,0
7.4GPa,Data/Cell_29_integrated/7p4GPa.xy,10.177252,68.2926,68.2926,0,,,,matched,1,C,168.293,0,0.124707,0.0329341,0,w8:68.2926,8,68.2926,-0.0021659,0.000871847,-0.0010181,-0.0010181,0.00315526,-0.322667,-0.135097,0.000280334,0,0.0158155,1,0
7.4GPa,Data/Cell_29_integrated/7p4GPa.xy,10.240514,0.00104885,0.00104885,0.0435477,,,,shoulder,1,C,100.001,0,0.117834,-0.0072722,0.00104885,,,0,-0.00204869,-0.00101409,0.000561062,-0.00101409,0.00167593,-0.60509,-0.0926865,0.000437969,0.0435477,0.0632619,1,0
7.4GPa,Data/Cell_29_integrated/7p4GPa.xy,10.319592,0.00110653,0.00110653,0.0134252,,,,raw,1,C,100.001,0,0.110799,-0.0594798,0.00110653,,,0,-0.00684517,-0.00353164,-0.000602306,-0.00353164,0.00529377,-0.667131,-0.028364,-0.000184791,0.0134252,0.110708,0,0
7.4GPa,Data/Cell_29_integrated/7p4GPa.xy,10.335407,0.000922299,0.000922299,0.0354385,,,,shoulder,1,C,100.001,0,0.109213,-0.0680256,0.000922299,,,0,-0.00700512,-0.00249499,-0.00134269,-0.00249499,0.00468915,-0.532078,-0.0123319,0.000212135,0.0354385,0.0158155,1,0
7.4GPa,Data/Cell_29_integrated/7p4GPa.xy,10.430300,0.322945,0.322945,0.0785839,,,,matched;shoulder,2,C,200.324,0,0.115512,-0.106973,0.00139144,w2:0.308337;w3:0.322945,3,0.322945,-0.00500997,0.000381837,-0.000301149,-0.000301149,0.00494975,-0.0608411,0.095027,0.00034026,0.0785839,0.189786,1,0
7.4GPa,Data/Cell_29_integrated/7p4GPa.xy,10.493562,0.000294096,0.000294096,0.0176154,,,,shoulder,1,C,100,0,0.120717,-0.125838,0.000294096,,,0,-0.0116967,-0.00702907,0.00168031,-0.00702907,0.0094749,-0.741862,0.219218,-6.3616e-05,0.0176154,0.0632619,1,0
7.4GPa,Data/Cell_29_integrated/7p4GPa.xy,11.141996,0.0328974,0.0328974,0.0544792,,,,shoulder,1,C,100.033,0,0.15731,-0.298123,0.0328974,,,0,-0.939329,-0.538988,0.184022,-0.538988,0.889911,-0.605664,7.48529,-0.00642639,0.0544792,0.110708,1,0
7.4GPa,Data/Cell_29_integrated/7p4GPa.xy,11.489936,0.00147249,0.00147249,0.0149121,,,,raw,1,C,100.001,0,0.136826,-0.305729,0.00147249,,,0,-0.226659,0.0697031,-0.146927,-0.146927,0.23343,-0.629429,-2.42411,-0.00285938,0.0149121,0.0158155,1,0
7.4GPa,Data/Cell_29_integrated/7p4GPa.xy,11.505752,0.00199207,0.00199207,0.0322364,,,,shoulder,1,C,100.002,0,0.135164,-0.303627,0.00199207,,,0,-0.13774,0.0436961,-0.0961019,-0.0961019,0.116397,-0.825637,-1.39344,-0.00143529,0.0322364,0.0948928,1,0
7.4GPa,Data/Cell_29_integrated/7p4GPa.xy,11.758799,5.18357e-05,5.18357e-05,0.00965226,,,,raw,1,C,100,0,0.132309,-0.228886,5.18357e-05,,,0,-0.00893009,0.00222464,-0.00412088,-0.00412088,0.00998768,-0.412596,-0.0592155,9.28609e-05,0.00965226,0.0158155,1,0
7.4GPa,Data/Cell_29_integrated/7p4GPa.xy,11.774615,0.000631826,0.000631826,0.072493,,,,shoulder,1,C,100.001,0,0.132257,-0.222268,0.000631826,,,0,-0.0069435,0.00201031,-0.00290797,-0.00290797,0.00794859,-0.365847,-0.0344408,0.000104308,0.072493,0.110708,1,0
7.4GPa,Data/Cell_29_integrated/7p4GPa.xy,11.806246,0.000343571,0.000343571,0.0154225,,,,raw,1,C,100,0,0.133073,-0.209215,0.000343571,,,0,-0.00406146,8.07788e-05,-0.00292807,-0.00292807,0.00319498,-0.916458,0.00945891,-0.000193635,0.0154225,0.0316309,1,0
7.4GPa,Data/Cell_29_integrated/7p4GPa.xy,11.901138,0.761418,0.761418,0,,,,matched,1,C,101.277,0,0.139061,-0.162122,0,w2:0.761418,2,0.761418,-0.000814388,0.000266301,0.00369532,0.000266301,0.00516337,0.051575,0.0748708,0.000471267,0,0.0158155,0,0
7.4GPa,Data/Cell_29_integrated/7p4GPa.xy,11.916954,0.00256205,0.00256205,0.239573,,,,shoulder,1,C,100.003,0,0.139846,-0.154113,0.00256205,,,0,-0.0016593,-0.000751122,0.00351047,-0.000751122,0.00426841,-0.175973,0.0833088,0.000514743,0.239573,0.0158155,1,0
7.4GPa,Data/Cell_29_integrated/7p4GPa.xy,11.948585,0.00138959,0.00138959,0.05067,,,,raw,1,C,100.001,0,0.140019,-0.138944,0.00138959,,,0,-0.00450974,-0.00353797,0.00170599,-0.00353797,0.00226573,-1.56151,0.0842847,-5.33784e-05,0.05067,0.0158155,1,0
7.4GPa,Data/Cell_29_integrated/7p4GPa.xy,12.170001,0.00134066,0.00134066,0.0778188,,,,raw,1,C,100.001,0,0.141048,-0.0103684,0.00134066,,,0,-0.00642409,-0.00180824,-0.00355891,-0.00355891,0.0038115,-0.933729,-0.0576161,-0.000784597,0.0778188,0.0316309,0,0
7.4GPa,Data/Cell_29_integrated/7p4GPa.xy,12.233263,0.0169027,0.00018352,0.00891739,,,,raw,1,C,100,0,0.140982,0.0162649,0.00018352,,,0,-0.00341515,0.000864224,-0.00193667,-0.00193667,0.00445319,-0.434894,-0.0313109,-8.37452e-05,0.00891739,0.0316309,1,0
7.4GPa,Data/Cell_29_integrated/7p4GPa.xy,12.565388,0.00836592,5.11966e-05,0.00826439,,,,raw,1,C,100,0,0.144528,0.0079133,5.11966e-05,,,0,-0.000949988,0.000239262,-0.000864289,-0.000864289,0.000414213,-2.08658,0.00524891,-4.46673e-06,0.00826439,0.0158155,1,0
7.4GPa,Data/Cell_29_integrated/7p4GPa.xy,12.581203,0.00557721,6.70364e-05,0.0211235,,,,shoulder,1,C,100,0,0.144476,0.00557721,6.70364e-05,,,0,-0.000319305,0.000735204,-0.000339493,-0.000339493,0.000487653,-0.696175,0.00588571,0.000139176,0.0211235,0.0474464,1,0
7.4GPa,Data/Cell_29_integrated/7p4GPa.xy,12.691912,0.000437501,0.000227757,0.0107256,,,,raw,1,C,100,0,0.145852,0.000179542,0.000227757,,,0,-0.000124286,-0.000113194,0.000378176,-0.000113194,0.000779605,-0.145193,0.0103796,-0.000125594,0.0107256,0.0316309,1,0
7.4GPa,Data/Cell_29_integrated/7p4GPa.xy,12.881697,0.000414145,0.000414145,0.0369787,,,,shoulder,1,C,100,0,0.148098,-0.00407484,0.000414145,,,0,-0.00142283,0.00026618,-0.000224531,-0.000224531,0.00181913,-0.123427,0.0277242,0.000107323,0.0369787,0.0632619,1,0
7.4GPa,Data/Cell_29_integrated/7p4GPa.xy,12.897513,0.000180431,0.000180431,0.00886827,,,,raw,1,C,100,0,0.149583,-0.00380002,0.000180431,,,0,-0.000842627,0.000611755,-0.000140354,-0.000140354,0.00212621,-0.0660113,0.0245117,-3.67837e-05,0.00886827,0.0158155,1,0
7.4GPa,Data/Cell_29_integrated/7p4GPa.xy,13.498500,0.00312759,0.000250018,0.0141957,,,,raw;shoulder,2,C,200,0,0.15341,0.0028118,0.000250018,,,0,-0.0069412,-0.00163808,-0.00226776,-0.00226776,0.00556391,-0.407584,0.00561649,-0.000193183,0.0141957,0.110708,1,0
7.4GPa,Data/Cell_29_integrated/7p4GPa.xy,13.577578,0.00118436,0.00118436,0.140452,,,,shoulder,1,C,100.001,0,0.157285,-0.00617109,0.00118436,,,0,-0.0221339,-0.0122194,0.00644984,-0.0122194,0.0232665,-0.525193,0.271947,9.56217e-05,0.140452,0.0790773,1,0
7.4GPa,Data/Cell_29_integrated/7p4GPa.xy,13.893887,0.000232338,0.000232338,0.0352919,,,,shoulder,1,C,100,0,0.158309,-0.0457057,0.000232338,,,0,-0.0183843,0.00470737,-0.0109028,-0.0109028,0.0170825,-0.638244,-0.215355,-0.000171729,0.0352919,0.0474464,1,0
7.4GPa,Data/Cell_29_integrated/7p4GPa.xy,13.941333,0.772087,0.772087,0,,,,matched,1,C,100.772,0,0.156345,-0.0520004,0,w3:0.772087,3,0.772087,-0.00940331,-0.00101266,-0.00154391,-0.00154391,0.0052158,-0.296007,-0.0267776,-0.000387951,0,0.0158155,0,0
7.4GPa,Data/Cell_29_integrated/7p4GPa.xy,13.957149,0.807308,0.807308,0,,,,matched,1,C,100.807,0,0.156096,-0.053153,0,w2:0.807308,2,0.807308,-0.00922612,-0.00280521,0.000922524,-0.00280521,0.00944866,-0.29689,0.0243621,1.32315e-05,0,0.0158155,1,0
7.4GPa,Data/Cell_29_integrated/7p4GPa.xy,14.273458,0.369189,0.369189,0,,,,matched,1,C,100.369,0,0.15709,-0.0730605,0,w3:0.369189,3,0.369189,-0.0137746,0.000368062,-0.00321863,-0.00321863,0.0181007,-0.177818,-0.0432372,-5.12693e-07,0,0.0158155,1,0
7.4GPa,Data/Cell_29_integrated/7p4GPa.xy,14.336720,0.000169527,0.000169527,0.0261872,,,,shoulder,1,C,100,0,0.158194,-0.0738921,0.000169527,,,0,-0.0607382,-0.0407628,0.0324683,-0.0407628,0.0916199,-0.444912,0.719872,-0.000719026,0.0261872,0.0632619,1,0
7.4GPa,Data/Cell_29_integrated/7p4GPa.xy,14.399982,0.00582448,0.00582448,0.203201,,,,shoulder,1,C,100.006,0,0.17402,-0.0596171,0.00582448,,,0,-0.211994,-0.121078,0.0381388,-0.121078,0.161458,-0.749906,2.32274,0.00130556,0.203201,0.126524,1,0
7.4GPa,Data/Cell_29_integrated/7p4GPa.xy,14.732107,0.00203988,0.00203988,0.0691801,,,,shoulder,1,C,100.002,0,0.160109,-0.0675115,0.00203988,,,0,-0.056205,0.0161829,-0.0324177,-0.0324177,0.0669033,-0.484546,-0.458677,-0.000420106,0.0691801,0.126524,1,0
7.4GPa,Data/Cell_29_integrated/7p4GPa.xy,14.969339,0.000611433,0.000611433,0.0426816,,,,shoulder,1,C,100.001,0,0.160692,-0.0521255,0.000611433,,,0,-0.0114402,-0.0025812,-0.00212881,-0.0025812,0.0107682,-0.239706,-0.066494,-0.000223994,0.0426816,0.0790773,1,0
7.4GPa,Data/Cell_29_integrated/7p4GPa.xy,15.364725,0.000740114,0.000740114,0.0162998,,,,raw,1,C,100.001,0,0.152938,-0.0195783,0.000740114,,,0,-0.00543863,0.00115537,-0.00414303,-0.00414303,0.00318336,-1.30146,-0.10182,-0.000113874,0.0162998,0.0632619,1,0
7.4GPa,Data/Cell_29_integrated/7p4GPa.xy,15.696850,0.3021,0.3021,0,,,,matched,1,C,100.302,0,0.145301,0.0200311,0,w2:0.3021,2,0.3021,-0.00427329,0.00201317,-0.0026716,-0.0026716,0.00197049,-1.3558,-0.0574625,0.00014141,0,0.0158155,1,0
7.4GPa,Data/Cell_29_integrated/7p4GPa.xy,15.760112,0.000532984,0.000532984,0.0147068,,,,raw,1,C,100.001,0,0.144522,-0.00250008,0.000532984,,,0,-0.00188593,0.00248153,-0.000757595,-0.000757595,0.00433243,-0.174866,-0.0555539,5.46697e-05,0.0147068,0.0316309,1,0
7.4GPa,Data/Cell_29_integrated/7p4GPa.xy,15.791743,8.60492e-05,8.60492e-05,0.0176113,,,,shoulder,1,C,101.223,0,0.142965,-0.00732195,8.60492e-05,,,0,-0.000677299,0.000128434,0.00048062,0.000128434,0.00105021,0.122294,-0.0258819,0.000140719,0.0176113,0.0790773,1,0
7.4GPa,Data/Cell_29_integrated/7p4GPa.xy,15.823374,0.000423881,0.000423881,0.0104594,,,,raw,1,C,100,0,0.142115,-0.00970882,0.000423881,,,0,-0.00252312,-0.00253657,0.000760142,-0.00253657,0.00168081,-1.50914,0.000469017,-0.000276813,0.0104594,0.0316309,1,0
7.4GPa,Data/Cell_29_integrated/7p4GPa.xy,15.855005,0.257977,0.257977,0,,,,matched,1,C,100.258,0,0.140419,-0.00990017,0,w3:0.257977,3,0.257977,-0.00635577,-0.00437809,0.0020158,-0.00437809,0.00571699,-0.765803,0.0419099,-6.28541e-05,0,0.0158155,1,0
7.4GPa,Data/Cell_29_integrated/7p4GPa.xy,16.218761,0.000172762,0.000172762,0.00968423,,,,raw,1,C,100,0,0.13373,-0.00757229,0.000172762,,,0,-0.0084177,0.00329333,-0.00548073,-0.00548073,0.00894773,-0.612527,-0.138034,8.86456e-06,0.00968423,0.0790773,1,0
7.4GPa,Data/Cell_29_integrated/7p4GPa.xy,16.234576,0.000164968,0.000164968,0.0260163,,,,shoulder,1,C,100,0,0.132961,-0.00695457,0.000164968,,,0,-0.00580403,0.00301434,-0.00371755,-0.00371755,0.00679946,-0.546741,-0.108801,8.6345e-05,0.0260163,0.0158155,1,0
7.4GPa,Data/Cell_29_integrated/7p4GPa.xy,16.313653,1.66669,1.66669,0,,,,matched,1,C,101.667,0,0.129157,0.000484743,0,w3:1.66669,3,1.66669,-0.00289745,-0.00177315,0.00046484,-0.00177315,0.00269774,-0.657274,-0.0150983,-7.37023e-05,0,0.0158155,1,0
7.4GPa,Data/Cell_29_integrated/7p4GPa.xy,16.329469,1.23915,1.23915,0,,,,matched,1,C,101.239,0,0.127584,-0.000222905,0,w5:1.23915,5,1.23915,-0.00397893,-0.0025509,0.000453427,-0.0025509,0.00348089,-0.73283,-0.00390821,-0.000261777,0,0.0158155,1,0
7.4GPa,Data/Cell_29_integrated/7p4GPa.xy,16.361100,0.000659272,0.000659272,0.0245249,,,,raw,1,C,100.001,0,0.128145,-0.0012081,0.000659272,,,0,-0.00507268,-0.00276166,0.000111162,-0.00276166,0.00362468,-0.761906,0.0127188,-0.00010727,0.0245249,0.0316309,1,0
7.4GPa,Data/Cell_29_integrated/7p4GPa.xy,16.376915,0.000351437,0.000351437,0.0267058,,,,shoulder,1,C,100,0,0.12785,-0.00147115,0.000351437,,,0,-0.00533466,-0.00232837,-0.00106668,-0.00232837,0.00255428,-0.911556,0.0204029,4.27327e-05,0.0267058,0.0158155,1,0
7.4GPa,Data/Cell_29_integrated/7p4GPa.xy,16.471808,0.435518,0.435518,0,,,,matched,1,C,100.436,0,0.137465,0.00524981,0,w2:0.435518,2,0.435518,-0.00739183,-0.000568905,0.00493184,-0.000568905,0.0116792,-0.0487109,0.167087,0.00142596,0,0.0158155,1,0
7.4GPa,Data/Cell_29_integrated/7p4GPa.xy,16.883010,0.00443402,0.00443402,0.656998,,,,shoulder,1,C,100.004,0,0.111581,-0.0181693,0.00443402,,,0,-8.89714e-05,-4.09464e-05,0.00165404,-4.09464e-05,0.000812317,-0.0504069,-0.0279389,0.000442276,0.656998,0.0158155,1,0
7.4GPa,Data/Cell_29_integrated/7p4GPa.xy,17.009534,1.15823,1.15823,0,,,,matched,1,C,102.221,0,0.109446,-0.0213458,0,w8:1.15823,8,1.15823,0.000356986,0.00169366,0.000211357,0.000211357,0.00198892,0.106268,-0.0138322,6.88632e-05,0,0.0158155,0,0
7.4GPa,Data/Cell_29_integrated/7p4GPa.xy,17.341659,0.000197283,0.000197283,0.0166254,,,,shoulder,1,C,100,0,0.107229,-0.0200397,0.000197283,,,0,-0.0758624,-0.042556,0.0116233,-0.042556,0.0573103,-0.742555,0.770599,-0.000514434,0.0166254,0.110708,1,0
7.4GPa,Data/Cell_29_integrated/7p4GPa.xy,17.626337,0.000329051,0.000329051,0.0309839,,,,shoulder,1,C,100,0,0.0995347,-0.0332656,0.000329051,,,0,-0.0492066,0.020703,-0.0314655,-0.0314655,0.0570967,-0.551091,-0.552258,-0.000485129,0.0309839,0.0790773,1,0
7.4GPa,Data/Cell_29_integrated/7p4GPa.xy,17.737045,1.34977,1.34977,0,,,,matched,1,C,101.35,0,0.101375,-0.0317886,0,w3:1.34977,3,1.34977,-0.00654811,-0.00159824,0.00186562,-0.00159824,0.00919913,-0.173738,0.082412,-0.000114079,0,0.0316309,1,0
7.4GPa,Data/Cell_29_integrated/7p4GPa.xy,17.752861,1.23121,1.23121,0,,,,matched,1,C,101.231,0,0.102505,-0.0308366,0,w2:1.23121,2,1.23121,-0.00772272,-0.00332492,0.00282682,-0.00332492,0.012342,-0.269399,0.115508,0.00012212,0,0.0158155,1,0
7.4GPa,Data/Cell_29_integrated/7p4GPa.xy,17.768676,0.00397381,0.00397381,0.249746,,,,shoulder,1,C,100.004,0,0.104102,-0.0299543,0.00397381,,,0,-0.00895913,-0.00462562,0.00336977,-0.00462562,0.00909748,-0.508451,0.140563,0.000484798,0.249746,0.0158155,1,0
7.4GPa,Data/Cell_29_integrated/7p4GPa.xy,18.100801,5.20785e-05,5.20785e-05,0.0235713,,,,shoulder,1,C,100,0,0.0964653,-0.0354882,5.20785e-05,,,0,-0.0202715,-0.00865058,-0.00739275,-0.00865058,0.0133044,-0.650206,-0.189095,-0.0005024,0.0235713,0.0474464,1,0
7.4GPa,Data/Cell_29_integrated/7p4GPa.xy,18.148247,0.879149,0.879149,0,,,,matched,1,C,100.879,0,0.0929023,-0.0373223,0,w2:0.879149;w3:0.444888,2,0.879149,-0.0233589,-0.00321076,-0.00271566,-0.00321076,0.0182703,-0.175737,-0.028839,-0.000421906,0,0.158155,0,0
7.4GPa,Data/Cell_29_integrated/7p4GPa.xy,18.164063,5.23327e-05,5.23327e-05,0.0104931,,,,raw,1,C,100,0,0.0930624,-0.0368472,5.23327e-05,,,0,-0.0262367,-0.00773003,0.00120431,-0.00773003,0.0231128,-0.334449,0.0777465,-0.000372094,0.0104931,0.0158155,1,0
7.4GPa,Data/Cell_29_integrated/7p4GPa.xy,18.179878,0.00364225,0.00364225,0.149344,,,,shoulder,1,C,100.004,0,0.09301,-0.0360358,0.00364225,,,0,-0.0316449,-0.0138022,0.00355349,-0.0138022,0.0269167,-0.512773,0.211588,-0.00032745,0.149344,0.0316309,1,0
7.4GPa,Data/Cell_29_integrated/7p4GPa.xy,18.638527,0.000850105,0.000850105,0.0236111,,,,raw,1,C,105.197,0,0.0921078,-0.00865615,0.000850105,,,0,0.000116365,0.000291573,0.000451244,0.000291573,0.000561132,0.519614,-0.0440765,-0.000128444,0.0236111,0.0158155,0,0
7.4GPa,Data/Cell_29_integrated/7p4GPa.xy,18.780866,0.000389704,0.000389704,0.0274861,,,,raw;shoulder,2,C,200,0,0.0855681,-0.0171284,0.000389704,,,0,-0.00280586,-0.00104674,-5.57216e-05,-0.00104674,0.00175872,-0.595174,-0.0140675,7.6864e-05,0.0274861,0.110708,1,0
7.4GPa,Data/Cell_29_integrated/7p4GPa.xy,19.033914,0.00107603,0.00107603,0.0655295,,,,shoulder,1,C,100.465,0,0.0818367,-0.00520025,0.00107603,,,0,-0.000168576,7.33929e-05,0.00147527,7.33929e-05,0.00158314,0.0463589,-0.0416823,0.000467961,0.0655295,0.0474464,1,0
7.4GPa,Data/Cell_29_integrated/7p4GPa.xy,19.128806,0.00285153,0.00285153,0.0491118,,,,raw,1,C,100.003,0,0.0786008,-0.00475387,0.00285153,,,0,-0.00102116,0.000946916,-0.000804952,-0.000804952,0.000663346,-1.21347,-0.0282741,0.00023461,0.0491118,0.0158155,1,0
7.4GPa,Data/Cell_29_integrated/7p4GPa.xy,19.492562,2.22893,2.22893,0,,,,matched,1,C,102.229,0,0.0701071,0.00697789,0,w5:2.04481;w8:2.22893,8,2.22893,-0.00126653,-0.00123509,0.000233488,-0.00123509,0.000754449,-1.63707,-0.01382,-0.000180558,0,0.0316309,1,0
7.4GPa,Data/Cell_29_integrated/7p4GPa.xy,19.808871,0.000432775,0.000432775,0.0117768,,,,raw;shoulder,2,C,200,0,0.0630799,-0.00276543,0.000432775,,,0,-0.00185532,-0.000925831,0.000317377,-0.000925831,0.00137388,-0.673882,-0.0169542,-0.000195152,0.0117768,0.0632619,1,0
7.4GPa,Data/Cell_29_integrated/7p4GPa.xy,20.568014,0.000636276,0.000131577,0.00852809,,,,raw,1,C,100,0,0.0513909,-0.000234512,0.000131577,,,0,-0.00105759,-2.30842e-05,-0.000959413,-0.000959413,0.00120722,-0.794729,-0.00814154,-0.000183236,0.00852809,0.0316309,0,0
7.4GPa,Data/Cell_29_integrated/7p4GPa.xy,20.852692,6.89642e-06,6.89642e-06,0.00856051,,,,shoulder,1,C,100,0,0.0438701,-0.000586625,6.89642e-06,,,0,-0.000778954,0.000194226,-0.000366748,-0.000366748,0.00115825,-0.316639,-0.0285588,-0.000187898,0.00856051,0.0632619,1,0
7.4GPa,Data/Cell_29_integrated/7p4GPa.xy,21.010847,0.00187358,0.00187358,0.0216864,,,,raw;shoulder,2,C,200.002,0,0.0411657,-0.00116273,0.00187358,,,0,-0.00121539,-0.00043303,1.23638e-05,-0.00043303,0.0011425,-0.379019,-0.0230083,6.99359e-05,0.0216864,0.0790773,1,0
7.4GPa,Data/Cell_29_integrated/7p4GPa.xy,21.279710,0.00187691,0.00187691,0.0637501,,,,raw,1,C,100.002,0,0.0335354,-0.00185583,0.00187691,,,0,-0.00156914,-0.000743164,-0.000347374,-0.000743164,0.00128442,-0.578599,-0.0171655,0.000139961,0.0637501,0.0158155,0,0
7.4GPa,Data/Cell_29_integrated/7p4GPa.xy,21.311341,9.23101e-06,9.23101e-06,0.00798941,,,,raw,1,C,102.539,0,0.0334188,-0.00126601,9.23101e-06,,,0,-0.000774736,0.000435621,0.000415473,0.000415473,0.00163648,0.253881,-0.0138593,0.000421704,0.00798941,0.0158155,0,0
7.4GPa,Data/Cell_29_integrated/7p4GPa.xy,21.564388,0.00030141,0.00030141,0.0141827,,,,raw,1,C,100,0,0.0270969,-0.00262729,0.00030141,,,0,-0.00255063,-0.00184202,-0.00131183,-0.00184202,0.00132101,-1.3944,-0.0265367,-0.000533257,0.0141827,0.0474464,0,0
7.4GPa,Data/Cell_29_integrated/7p4GPa.xy,21.659281,0.0034606,0.0034606,0.0450992,,,,raw,1,C,100.813,0,0.0281568,-0.000415592,0.0034606,,,0,4.39696e-05,0.00182717,7.58523e-05,7.58523e-05,0.000936916,0.0809594,-0.0155112,0.000363527,0.0450992,0.0158155,0,0
7.4GPa,Data/Cell_29_integrated/7p4GPa.xy,21.880697,0.00188125,0.000618602,0.00922459,,,,raw,1,C,100.77,0,0.0254869,0.000624743,0.000618602,,,0,-0.000185093,2.56348e-05,0.000599383,2.56348e-05,0.000333368,0.0768961,-0.0122567,6.97017e-05,0.00922459,0.0158155,0,0
7.4GPa,Data/Cell_29_integrated/7p4GPa.xy,22.054668,0.00181777,0.00138146,0.0302969,,,,raw,1,C,103.652,0,0.0222836,0.000918018,0.00138146,,,0,7.76542e-07,0.000262474,0.00039691,0.000262474,0.000718908,0.3651,-0.019716,6.42749e-05,0.0302969,0.0158155,0,0
7.4GPa,Data/Cell_29_integrated/7p4GPa.xy,22.102114,0.00152122,0.00152122,0.0155283,,,,raw,1,C,100.002,0,0.0211264,0.000460337,0.00152122,,,0,-0.00067229,-0.000269139,-5.4044e-05,-0.000269139,0.00076273,-0.352863,-0.0219564,-0.000166847,0.0155283,0.0316309,0,0
7.4GPa,Data/Cell_29_integrated/7p4GPa.xy,22.133745,0.000219016,0.000219016,0.0210332,,,,shoulder,1,C,101.831,0,0.0190946,0.000213613,0.000219016,,,0,-0.000389827,0.000118495,0.00017735,0.000118495,0.000647389,0.183035,-0.0223287,5.2169e-05,0.0210332,0.0316309,1,0
7.4GPa,Data/Cell_29_integrated/7p4GPa.xy,22.165376,0.000229989,0.000193585,0.00978214,,,,raw,1,C,101.85,0,0.0190801,-0.000180224,0.000193585,,,0,-0.00024404,9.37481e-05,7.80632e-05,7.80632e-05,0.000422096,0.184941,-0.0226496,-0.000256328,0.00978214,0.0474464,0,0
7.4GPa,Data/Cell_29_integrated/7p4GPa.xy,22.323531,0.000154051,0.000154051,0.0190739,,,,shoulder,1,C,102.167,0,0.0152694,-0.000453211,0.000154051,,,0,-0.00075157,0.00049669,0.000306936,0.000306936,0.00141656,0.216676,-0.0265648,-0.000151851,0.0190739,0.0474464,1,0
7.4GPa,Data/Cell_29_integrated/7p4GPa.xy,22.481685,0.000118104,0.000118104,0.0091614,,,,raw,1,C,100,0,0.0100427,-0.00257666,0.000118104,,,0,-0.003855,-0.00185225,-0.00305292,-0.00305292,0.0013109,-2.32886,-0.0225853,-0.00076816,0.0091614,0.0474464,0,0
7.4GPa,Data/Cell_29_integrated/7p4GPa.xy,22.845441,0.000191647,0.000191647,0.0110155,,,,shoulder,1,C,100,0,0.00108924,-0.00291084,0.000191647,,,0,-0.00231452,-0.0012285,0.00222128,-0.0012285,0.00436505,-0.28144,-0.0365699,0.000144909,0.0110155,0.0316309,1,0
7.4GPa,Data/Cell_29_integrated/7p4GPa.xy,22.877072,0.000127832,0.000127832,0.00830203,,,,raw,1,C,100,0,-0.000195467,-0.00710712,0.000127832,,,0,-0.00770635,-0.00484005,-0.0048582,-0.0048582,0.00255291,-1.90301,-0.0369981,-0.00107238,0.00830203,0.0316309,0,0
7.4GPa,Data/Cell_29_integrated/7p4GPa.xy,22.892887,7.9806e-05,7.9806e-05,0.0111854,,,,shoulder,1,C,100,0,-0.00275915,-0.00746376,7.9806e-05,,,0,-0.00847712,-0.00489162,-0.00588979,-0.00588979,0.00357249,-1.64865,-0.0325512,-0.000992577,0.0111854,0.0158155,1,0
7.4GPa,Data/Cell_29_integrated/7p4GPa.xy,23.098488,0.816859,0.816859,0,,,,matched,1,C,100.817,0,-0.00274372,-0.00221206,0,w8:0.816859,8,0.816859,-0.0022534,-0.00132323,0.000133625,-0.00132323,0.00358324,-0.369281,-0.00982126,-0.00174386,0,0.0316309,1,0
7.4GPa,Data/Cell_29_integrated/7p4GPa.xy,23.509690,0.000201414,0.000201414,0.00958448,,,,raw,1,C,100,0,-0.00813831,-0.00187951,0.000201414,,,0,-0.00625075,-0.00338501,-0.00401184,-0.00401184,0.00262388,-1.52897,-0.00277133,-0.00182052,0.00958448,0.0158155,0,0
8.5GPa,Data/Cell_29_integrated/8p5GPa.xy,2.032287,1.69861e-05,1.69861e-05,0.009975,,,,shoulder,1,C,100,0,-0.109335,-0.0354778,1.69861e-05,,,0,-0.00276192,0.00242302,-0.00248454,-0.00248454,0.000220082,-11.2891,0.281817,0.000243173,0.009975,0.0474464,1,0
8.5GPa,Data/Cell_29_integrated/8p5GPa.xy,2.158811,0.766299,0.766299,0,,,,matched,1,C,100.766,0,-0.0701821,-0.0139533,0,w2:0.766299,2,0.766299,0.000689691,-1.88805e-05,0.00369811,-1.88805e-05,0.00275432,-0.00685488,0.30432,0.000317715,0,0.0158155,1,0
8.5GPa,Data/Cell_29_integrated/8p5GPa.xy,2.174627,0.00055963,0.00055963,0.0389817,,,,shoulder,1,C,100.001,0,-0.0661907,-0.0116266,0.00055963,,,0,-0.000633935,-0.000966138,0.00376798,-0.000966138,0.00186505,-0.518021,0.31054,0.000470157,0.0389817,0.0158155,1,0
8.5GPa,Data/Cell_29_integrated/8p5GPa.xy,2.459305,0.0260037,2.69553e-05,0.0114182,,,,shoulder,1,C,100,0,0.0053022,0.0260037,2.69553e-05,,,0,0.00157119,-6.99215e-06,0.00228925,-6.99215e-06,0.00187108,-0.00373696,0.10515,9.70431e-05,0.0114182,0.0316309,1,0
8.5GPa,Data/Cell_29_integrated/8p5GPa.xy,2.490936,0.0254123,0.000482131,0.0962947,,,,shoulder,1,C,100.616,0,0.00703165,0.0254123,0.000482131,,,0,-2.52324e-05,5.48362e-05,0.000644816,5.48362e-05,0.000890859,0.0615543,0.0874215,0.000119778,0.0962947,0.0790773,1,0
8.5GPa,Data/Cell_29_integrated/8p5GPa.xy,2.807245,0.00673949,0.00105739,0.0121291,,,,raw,1,C,100.001,0,0.015968,0.00543706,0.00105739,,,0,-0.00300109,-0.00241482,-0.00101602,-0.00241482,0.00150525,-1.60426,-0.0306697,-0.000627297,0.0121291,0.0632619,0,0
8.5GPa,Data/Cell_29_integrated/8p5GPa.xy,2.838876,0.00244658,3.63441e-05,0.023869,,,,shoulder,1,C,100,0,0.0133047,0.00244658,3.63441e-05,,,0,-0.00259423,-0.00126696,-0.0013953,-0.0013953,0.00170865,-0.81661,-0.0358836,-0.000386062,0.023869,0.0316309,1,0
8.5GPa,Data/Cell_29_integrated/8p5GPa.xy,3.012846,0.00172721,0.00172721,0.0316287,,,,raw,1,C,100.002,0,0.0102429,-0.0127494,0.00172721,,,0,-0.0017965,-0.000153052,-0.000678144,-0.000678144,0.00140542,-0.482521,-0.0281628,3.76923e-05,0.0316287,0.0158155,0,0
8.5GPa,Data/Cell_29_integrated/8p5GPa.xy,3.044477,0.215857,0.215857,0,,,,matched,1,C,100.216,0,0.00893097,-0.0146864,0,w2:0.215857,2,0.215857,-0.00136425,0.000334613,-0.000557023,-0.000557023,0.00140004,-0.397862,-0.0261959,0.000126734,0,0.0158155,1,0
8.5GPa,Data/Cell_29_integrated/8p5GPa.xy,3.091924,0.000410462,0.000410462,0.0407029,,,,raw;shoulder,2,C,200,0,0.00847595,-0.0178449,0.000410462,,,0,-0.000976577,0.000209398,-0.000583272,-0.000583272,0.000911785,-0.639703,-0.0150952,6.27898e-05,0.0407029,0.0632619,1,0
8.5GPa,Data/Cell_29_integrated/8p5GPa.xy,3.250078,0.00066109,0.00066109,0.0482949,,,,shoulder,1,C,100.001,0,0.00832689,-0.0221916,0.00066109,,,0,-0.00309677,-0.00168134,0.00107931,-0.00168134,0.00335645,-0.500926,0.0371994,0.00027314,0.0482949,0.0158155,1,0
8.5GPa,Data/Cell_29_integrated/8p5GPa.xy,3.503126,0.000296695,0.000296695,0.0265804,,,,shoulder,1,C,100,0,0.0265116,-0.00140074,0.000296695,,,0,-0.000742729,0.000158793,-2.87424e-05,-2.87424e-05,0.00167419,-0.017168,0.0638047,-5.16116e-05,0.0265804,0.0474464,1,0
8.5GPa,Data/Cell_29_integrated/8p5GPa.xy,3.661280,0.00645045,1.77052e-05,0.010625,,,,raw,1,C,100,0,0.0343801,0.00632061,1.77052e-05,,,0,-0.0163415,-0.0132718,0.0068278,-0.0132718,0.0119722,-1.10854,0.220775,-0.000540439,0.010625,0.0316309,1,0
8.5GPa,Data/Cell_29_integrated/8p5GPa.xy,3.692911,0.00822187,0.000606464,0.0282106,,,,shoulder,1,C,100.001,0,0.0362378,0.00822187,0.000606464,,,0,-0.0197726,-0.011086,0.00337661,-0.011086,0.0114214,-0.970637,0.223582,6.60249e-05,0.0282106,0.0948928,1,0
8.5GPa,Data/Cell_29_integrated/8p5GPa.xy,3.914328,0.0012769,0.00046155,0.0104804,,,,shoulder,1,C,100,0,0.0316036,0.0012769,0.00046155,,,0,-0.0213022,0.00220146,-0.0108456,-0.0108456,0.0164574,-0.659009,-0.238632,0.000129445,0.0104804,0.0632619,1,0
8.5GPa,Data/Cell_29_integrated/8p5GPa.xy,4.214822,0.623943,0.623943,0,,,,matched,1,C,100.624,0,0.0195324,-0.0135364,0,w8:0.623943,8,0.623943,-0.00101494,-0.000544648,-0.00016724,-0.000544648,0.000938596,-0.580278,-0.0252723,-0.000721763,0,0.0158155,0,0
8.5GPa,Data/Cell_29_integrated/8p5GPa.xy,4.230637,1.34161,1.34161,0,,,,matched,1,C,101.342,0,0.0179818,-0.0140243,0,w5:1.34161,5,1.34161,-0.000856954,-0.000154661,-0.000333486,-0.000333486,0.000857818,-0.388761,-0.0258919,-0.000859563,0,0.0474464,0,0
8.5GPa,Data/Cell_29_integrated/8p5GPa.xy,4.357161,1.21165e-05,1.21165e-05,0.00801743,,,,raw,1,C,100,0,0.0161714,-0.017618,1.21165e-05,,,0,-0.00550699,-0.00476426,0.000396044,-0.00476426,0.00273999,-1.73879,0.0192635,-0.000146855,0.00801743,0.0158155,1,0
8.5GPa,Data/Cell_29_integrated/8p5GPa.xy,4.372976,0.000432161,0.000432161,0.0315423,,,,shoulder,1,C,100,0,0.015298,-0.0177336,0.000432161,,,0,-0.0062205,-0.00373604,-0.000672861,-0.00373604,0.00200266,-1.86553,0.0270212,-5.88383e-05,0.0315423,0.0158155,1,0
8.5GPa,Data/Cell_29_integrated/8p5GPa.xy,4.388792,0.000785528,0.000785528,0.0304016,,,,raw,1,C,100.001,0,0.0160835,-0.0181432,0.000785528,,,0,-0.00720196,-0.00329258,-0.00342207,-0.00342207,0.00137897,-2.48162,0.0331187,-0.000454424,0.0304016,0.0948928,0,0
8.5GPa,Data/Cell_29_integrated/8p5GPa.xy,4.879071,0.00679164,0.000268244,0.00948532,,,,raw,1,C,100,0,0.0407989,0.00623911,0.000268244,,,0,-0.000645479,-7.66897e-05,-0.000458656,-0.000458656,0.000199317,-2.30112,0.0219046,-2.9565e-05,0.00948532,0.0790773,0,0
8.5GPa,Data/Cell_29_integrated/8p5GPa.xy,4.894887,0.00642961,8.05142e-05,0.0342488,,,,shoulder,1,C,100,0,0.0405307,0.00642961,8.05142e-05,,,0,-0.000333857,0.000256597,-0.000231771,-0.000231771,0.000307459,-0.753825,0.0219595,2.32623e-05,0.0342488,0.0158155,1,0
8.5GPa,Data/Cell_29_integrated/8p5GPa.xy,5.021411,0.00360719,0.000169555,0.009343,,,,raw,1,C,100,0,0.0442704,0.00331737,0.000169555,,,0,-5.15195e-06,-0.000143775,0.00100361,-0.000143775,0.00052658,-0.273036,0.0258883,5.02182e-05,0.009343,0.0316309,1,0
8.5GPa,Data/Cell_29_integrated/8p5GPa.xy,5.037226,0.00233625,8.78465e-05,0.0283303,,,,shoulder,1,C,100,0,0.0441008,0.00233625,8.78465e-05,,,0,-0.000352762,-0.000391169,0.000764784,-0.000391169,0.000429138,-0.911521,0.0259544,0.000122392,0.0283303,0.0158155,1,0
8.5GPa,Data/Cell_29_integrated/8p5GPa.xy,5.258643,0.000786089,0.000786089,0.0130582,,,,raw,1,C,102.633,0,0.0499613,-0.00114097,0.000786089,,,0,-9.85577e-05,0.000424058,0.000130521,0.000130521,0.000495813,0.263246,0.0185116,0.000172181,0.0130582,0.0790773,0,0
8.5GPa,Data/Cell_29_integrated/8p5GPa.xy,5.274458,0.000463384,0.000463384,0.0371129,,,,shoulder,1,C,101.562,0,0.0491753,-0.00132395,0.000463384,,,0,-0.000158403,0.00043,7.06046e-05,7.06046e-05,0.000452106,0.156168,0.0170611,0.000212818,0.0371129,0.0158155,1,0
8.5GPa,Data/Cell_29_integrated/8p5GPa.xy,5.337720,0.000433263,0.000433263,0.0559797,,,,shoulder,1,C,107.29,0,0.0506873,-0.00192563,0.000433263,,,0,4.71635e-05,0.000456736,0.000274909,0.000274909,0.000377146,0.728917,0.0191592,0.000192833,0.0559797,0.0158155,1,0
8.5GPa,Data/Cell_29_integrated/8p5GPa.xy,5.353535,0.000665166,0.000665166,0.0133339,,,,raw,1,C,111.779,0,0.0516566,-0.00203669,0.000665166,,,0,0.000232143,0.000399575,0.000434056,0.000399575,0.000339236,1.17787,0.0199896,0.000152375,0.0133339,0.0948928,0,0
8.5GPa,Data/Cell_29_integrated/8p5GPa.xy,5.385166,1.99468e-05,1.99468e-05,0.0082491,,,,raw,1,C,101.735,0,0.0514535,-0.00274127,1.99468e-05,,,0,-6.42161e-05,0.000101921,0.000268545,0.000101921,0.000587349,0.173526,0.0185387,-0.000133336,0.0082491,0.0316309,0,0
8.5GPa,Data/Cell_29_integrated/8p5GPa.xy,5.559136,3.53954e-05,3.53954e-05,0.00878964,,,,raw,1,C,102.29,0,0.0540083,-0.00402068,3.53954e-05,,,0,-0.000188434,0.00020294,0.00042985,0.00020294,0.000886127,0.229019,0.0113059,0.00015201,0.00878964,0.0158155,0,0
8.5GPa,Data/Cell_29_integrated/8p5GPa.xy,5.590767,0.000608128,0.000608128,0.0445471,,,,raw,1,C,100.001,0,0.0542118,-0.00437394,0.000608128,,,0,-0.000619043,-0.000260841,0.000182413,-0.000260841,0.000622378,-0.419104,0.0116056,3.34248e-05,0.0445471,0.0158155,1,0
8.5GPa,Data/Cell_29_integrated/8p5GPa.xy,5.638214,0.000118409,0.000118409,0.0244629,,,,raw,1,C,100,0,0.0542256,-0.00494721,0.000118409,,,0,-0.0012223,-0.000714591,-0.00116856,-0.00116856,0.000330702,-3.53358,0.0146926,-0.000285327,0.0244629,0.0474464,0,0
8.5GPa,Data/Cell_29_integrated/8p5GPa.xy,5.827999,0.000343919,0.000343919,0.019223,,,,shoulder,1,C,100,0,0.0590326,-0.00288871,0.000343919,,,0,-0.015098,-0.00873915,0.00332069,-0.00873915,0.0130223,-0.671091,0.17896,0.000226953,0.019223,0.0158155,1,0
8.5GPa,Data/Cell_29_integrated/8p5GPa.xy,6.349910,0.000393499,0.000393499,0.0164596,,,,raw,1,C,100,0,0.0643144,-0.00665469,0.000393499,,,0,-0.0007735,-0.000238856,-0.000183288,-0.000238856,0.000612284,-0.390106,0.0102554,-0.000267974,0.0164596,0.0158155,0,0
8.5GPa,Data/Cell_29_integrated/8p5GPa.xy,6.365725,1.46234,1.46234,0,,,,matched,1,C,101.462,0,0.0639526,-0.0068991,0,w8:1.46234,8,1.46234,-0.00106656,-0.000369577,-0.00031193,-0.000369577,0.000854451,-0.432532,0.0108471,-0.000199706,0,0.0632619,0,0
8.5GPa,Data/Cell_29_integrated/8p5GPa.xy,6.413172,0.000320557,0.000320557,0.0127138,,,,raw,1,C,100.179,0,0.0654798,-0.00663004,0.000320557,,,0,-0.000937675,0.000199383,2.52896e-05,2.52896e-05,0.0014138,0.0178877,0.0136024,0.00011079,0.0127138,0.0158155,0,0
8.5GPa,Data/Cell_29_integrated/8p5GPa.xy,6.460618,0.00043206,0.00043206,0.0151089,,,,raw,1,C,100,0,0.0656337,-0.00712819,0.00043206,,,0,-0.00140837,-0.000699628,-0.000951864,-0.000951864,0.000804893,-1.18259,0.0194982,-0.000287821,0.0151089,0.0316309,0,0
8.5GPa,Data/Cell_29_integrated/8p5GPa.xy,6.840189,0.0931236,0.001323,0.0415885,,,,raw,1,C,100.001,0,0.0731712,0.0927073,0.001323,,,0,-0.000210144,-0.000192997,0.00182625,-0.000192997,0.00126005,-0.153167,0.00853922,0.000290178,0.0415885,0.0158155,1,0
8.5GPa,Data/Cell_29_integrated/8p5GPa.xy,6.871820,12.6764,12.6764,0,,,,matched,1,C,112.676,0,0.072555,0.10706,0,w3:12.6764,3,12.6764,-0.00491394,-0.00324733,0.00449256,-0.00324733,0.00786231,-0.413024,0.0596575,0.000109338,0,0.0158155,1,0
8.5GPa,Data/Cell_29_integrated/8p5GPa.xy,6.887636,17.3283,17.3283,0,,,,matched,1,C,117.328,0,0.0715359,0.102471,0,w5:17.3283,5,17.3283,-0.00893468,-0.00643321,0.00516723,-0.00643321,0.010607,-0.606506,0.0967053,-0.000185121,0,0.0316309,1,0
8.5GPa,Data/Cell_29_integrated/8p5GPa.xy,6.919266,0.0863252,0.000258167,0.0157679,,,,shoulder,1,C,100,0,0.0715848,0.0863252,0.000258167,,,0,-0.015739,-0.0104601,0.00309046,-0.0104601,0.0107406,-0.97389,0.156286,4.5592e-06,0.0157679,0.0158155,1,0
8.5GPa,Data/Cell_29_integrated/8p5GPa.xy,6.950897,27.6946,27.6946,0,,,,matched,1,C,127.695,0,0.0715133,0.0684197,0,w8:27.6946,8,27.6946,-0.0189839,-0.00991974,-0.0031146,-0.00991974,0.0113118,-0.876937,0.158132,-0.000942744,0,0.0158155,0,0
8.5GPa,Data/Cell_29_integrated/8p5GPa.xy,7.172314,0.000654893,0.000654893,0.0386629,,,,shoulder,1,C,100.001,0,0.0776712,-0.0388385,0.000654893,,,0,-0.0153139,0.00121604,-0.00633593,-0.00633593,0.0132097,-0.479642,-0.14333,8.55799e-05,0.0386629,0.110708,1,0
8.5GPa,Data/Cell_29_integrated/8p5GPa.xy,7.283022,0.000161222,0.000161222,0.026547,,,,shoulder,1,C,100,0,0.0772281,-0.0864338,0.000161222,,,0,-0.000777071,0.00151664,-0.000615543,-0.000615543,0.00128591,-0.478683,0.00605216,0.000150547,0.026547,0.0158155,1,0
8.5GPa,Data/Cell_29_integrated/8p5GPa.xy,7.298838,0.000295567,0.000295567,0.00988411,,,,raw,1,C,100.145,0,0.0784107,-0.0921022,0.000295567,,,0,0.00010491,0.00154004,2.49389e-05,2.49389e-05,0.00172735,0.0144376,0.0121934,7.6281e-05,0.00988411,0.0474464,0,0
8.5GPa,Data/Cell_29_integrated/8p5GPa.xy,7.662593,0.000103081,0.000103081,0.0107496,,,,raw,1,C,101.339,0,0.0816974,-0.195326,0.000103081,,,0,0.000341609,0.000359597,0.00259666,0.000359597,0.00268637,0.13386,0.055275,7.81033e-05,0.0107496,0.0158155,0,0
8.5GPa,Data/Cell_29_integrated/8p5GPa.xy,7.694224,0.000182505,0.000182505,0.0137687,,,,raw,1,C,100,0,0.0818405,-0.200919,0.000182505,,,0,-0.00171816,-0.00148229,0.00107191,-0.00148229,0.00178735,-0.829321,0.0578792,-7.97905e-06,0.0137687,0.0158155,1,0
8.5GPa,Data/Cell_29_integrated/8p5GPa.xy,7.773302,0.233656,0.233656,0,,,,matched,1,C,100.234,0,0.0859226,-0.208609,0,w3:0.233656,3,0.233656,-0.000142123,0.00189844,-0.00212883,-0.00212883,0.00279924,-0.760502,0.0430394,-0.00039433,0,0.0158155,1,0
8.5GPa,Data/Cell_29_integrated/8p5GPa.xy,7.899825,0.0105608,0.0105608,0.0134681,,,,shoulder,1,C,100.011,0,0.102068,-0.213027,0.0105608,,,0,-0.879733,-0.493311,0.123731,-0.493311,0.589302,-0.837111,8.48352,0.00573891,0.0134681,0.0158155,1,0
8.5GPa,Data/Cell_29_integrated/8p5GPa.xy,8.152873,0.000402136,0.000402136,0.00821905,,,,shoulder,1,C,100,0,0.0982826,-0.212264,0.000402136,,,0,-0.78836,0.171268,-0.50765,-0.50765,0.610742,-0.831202,-8.35068,-0.00358822,0.00821905,0.0790773,1,0
8.5GPa,Data/Cell_29_integrated/8p5GPa.xy,8.374289,0.000390603,0.000390603,0.0361362,,,,shoulder,1,C,100,0,0.0924598,-0.191231,0.000390603,,,0,-0.00770033,0.00229794,-0.00570826,-0.00570826,0.00521957,-1.09363,-0.0748308,0.000176321,0.0361362,0.0158155,1,0
8.5GPa,Data/Cell_29_integrated/8p5GPa.xy,8.390105,0.000647294,0.000647294,0.0179048,,,,raw,1,C,100.001,0,0.0929718,-0.186712,0.000647294,,,0,-0.00576965,0.00325919,-0.00538284,-0.00538284,0.00405229,-1.32834,-0.0617917,7.87966e-05,0.0179048,0.0632619,1,0
8.5GPa,Data/Cell_29_integrated/8p5GPa.xy,8.500813,3.08136,3.08136,0,,,,matched,1,C,103.081,0,0.0927244,-0.126178,0,w3:3.08136,3,3.08136,-0.000797118,-0.000839642,0.000551293,-0.000839642,0.000686614,-1.22287,0.011409,-0.00019164,0,0.0158155,1,0
8.5GPa,Data/Cell_29_integrated/8p5GPa.xy,8.516629,5.22211,5.22211,0,,,,matched,1,C,105.222,0,0.0925876,-0.12362,0,w5:5.22211,5,5.22211,-0.00183259,-0.00157957,-0.000956218,-0.00157957,0.000457275,-3.4543,0.0108353,-0.000451556,0,0.0316309,0,0
8.5GPa,Data/Cell_29_integrated/8p5GPa.xy,8.564075,5.32212,5.32212,0,,,,matched,1,C,105.322,0,0.0931734,-0.118946,0,w8:5.32212,8,5.32212,-0.00141151,-0.000106695,-0.00142026,-0.00142026,0.00055196,-2.57312,0.00992676,-0.000198353,0,0.0474464,0,0
8.5GPa,Data/Cell_29_integrated/8p5GPa.xy,8.769676,0.000290593,0.000290593,0.0359243,,,,shoulder,1,C,100,0,0.0978984,-0.0881123,0.000290593,,,0,-0.00275117,-0.000792454,-0.000890416,-0.000890416,0.00227176,-0.39195,0.0403142,-9.6354e-05,0.0359243,0.0632619,1,0
8.5GPa,Data/Cell_29_integrated/8p5GPa.xy,9.006908,0.000586235,0.000586235,0.042559,,,,shoulder,1,C,100.001,0,0.1018,-0.0156614,0.000586235,,,0,-0.00150075,0.00115613,-0.000783085,-0.000783085,0.00240774,-0.325236,-0.0165529,0.000223806,0.042559,0.0790773,1,0
8.5GPa,Data/Cell_29_integrated/8p5GPa.xy,9.022723,0.000213947,0.000213947,0.0145695,,,,raw,1,C,100,0,0.102054,-0.00951357,0.000213947,,,0,-0.00090186,0.00147894,-0.000288887,-0.000288887,0.0028757,-0.100458,-0.0147426,2.58576e-05,0.0145695,0.0158155,1,0
8.5GPa,Data/Cell_29_integrated/8p5GPa.xy,9.133432,59.5463,59.5463,0,,,,matched,1,C,159.546,0,0.0989883,0.0345983,0,w5:59.5463,5,59.5463,-0.00414572,-0.00438556,-0.000191851,-0.00438556,0.00116502,-3.76435,0.0278635,-0.000808963,0,0.0316309,0,0
8.5GPa,Data/Cell_29_integrated/8p5GPa.xy,9.180878,0.0356476,0.00110757,0.0376307,,,,shoulder,1,C,100.001,0,0.101158,0.0356476,0.00110757,,,0,-0.00544784,-0.00251829,-0.00142555,-0.00251829,0.00141505,-1.77965,0.0432813,0.00023317,0.0376307,0.0158155,1,0
8.5GPa,Data/Cell_29_integrated/8p5GPa.xy,9.402295,3.76979,3.76979,0,,,,matched,1,C,103.77,0,0.116298,-0.0732956,0,w3:3.76979,3,3.76979,-0.00750906,-0.00448154,-0.000361402,-0.00448154,0.00574264,-0.780397,0.112735,-0.000863172,0,0.0158155,0,0
8.5GPa,Data/Cell_29_integrated/8p5GPa.xy,9.449741,3.49131,3.49131,0,,,,matched,1,C,103.491,0,0.125398,-0.0661913,0,w2:3.49131,2,3.49131,-0.0685477,-0.045426,0.0567798,-0.045426,0.114377,-0.397161,0.954743,0.001071,0,0.0158155,1,0
8.5GPa,Data/Cell_29_integrated/8p5GPa.xy,9.813497,0.000810913,0.000810913,0.04843,,,,shoulder,1,C,100.001,0,0.120293,-0.0711752,0.000810913,,,0,-0.159829,0.0673146,-0.106768,-0.106768,0.150371,-0.710029,-1.94403,0.000342829,0.04843,0.0948928,1,0
8.5GPa,Data/Cell_29_integrated/8p5GPa.xy,9.955836,0.813333,0.813333,0.00904355,,,,matched;raw;shoulder,3,C,300.814,0,0.10907,-0.0671753,0.000575691,w5:0.813333,5,0.813333,-0.00239761,0.000202184,-0.000163806,-0.000163806,0.00278473,-0.0588229,-0.0457625,0.000145625,0.00904355,0.0316309,1,0
8.5GPa,Data/Cell_29_integrated/8p5GPa.xy,10.066544,0.0016506,0.0016506,0.0340396,,,,raw,1,C,100.002,0,0.107417,-0.0611664,0.0016506,,,0,-0.000881618,0.000383989,-1.46182e-05,-1.46182e-05,0.00144059,-0.0101473,-0.00929515,0.000155397,0.0340396,0.0158155,1,0
8.5GPa,Data/Cell_29_integrated/8p5GPa.xy,10.319592,0.000476248,0.000476248,0.0426814,,,,shoulder,1,C,100,0,0.097622,-0.0374578,0.000476248,,,0,-0.00457798,-0.00192007,0.000586537,-0.00192007,0.00355786,-0.539671,-0.019951,0.000139246,0.0426814,0.110708,1,0
8.5GPa,Data/Cell_29_integrated/8p5GPa.xy,10.446115,0.595132,0.595132,0,,,,matched,1,C,101.288,0,0.101865,-0.076265,0,w2:0.58687;w3:0.595132,3,0.595132,-0.00298229,0.000326421,0.00189816,0.000326421,0.00471415,0.0692429,0.0877078,0.000498446,0,0.0158155,0,0
8.5GPa,Data/Cell_29_integrated/8p5GPa.xy,10.493562,8.99175e-05,8.99175e-05,0.0117633,,,,shoulder,1,C,100,0,0.104435,-0.0877478,8.99175e-05,,,0,-0.00987292,-0.00732109,0.00159571,-0.00732109,0.00811871,-0.901755,0.171325,-0.000293502,0.0117633,0.0474464,1,0
8.5GPa,Data/Cell_29_integrated/8p5GPa.xy,10.794056,0.471769,0.471769,0,,,,matched,1,C,100.472,0,0.116863,-0.131477,0,w2:0.471769,2,0.471769,-0.0256005,-0.0142747,-0.00741775,-0.0142747,0.0138082,-1.03378,-0.0838566,-0.00149165,0,0.110708,0,0
8.5GPa,Data/Cell_29_integrated/8p5GPa.xy,10.825687,0.00102685,0.00102685,0.0520931,,,,shoulder,1,C,100.001,0,0.116442,-0.149532,0.00102685,,,0,-0.0259593,-0.00407533,-0.0150646,-0.0150646,0.0166065,-0.907154,-0.0265154,-0.00103422,0.0520931,0.0316309,1,0
8.5GPa,Data/Cell_29_integrated/8p5GPa.xy,10.904764,0.540889,0.540889,0,,,,matched,1,C,100.541,0,0.140348,-0.174334,0,w2:0.540889,2,0.540889,-0.057324,-0.0279121,0.0273051,-0.0279121,0.0778461,-0.358555,0.832154,0.00259159,0,0.0158155,1,0
8.5GPa,Data/Cell_29_integrated/8p5GPa.xy,11.189442,0.0164802,0.0164802,0.0371862,,,,shoulder,1,C,100.016,0,0.16916,-0.192508,0.0164802,,,0,-0.835484,-0.397655,-0.0432661,-0.397655,0.613266,-0.648422,6.65142,-0.00589723,0.0371862,0.126524,1,0
8.5GPa,Data/Cell_29_integrated/8p5GPa.xy,12.201632,0.000418322,0.000418322,0.0110319,,,,raw,1,C,100,0,0.120505,-0.00235122,0.000418322,,,0,-0.00458586,-0.00121677,-0.00171763,-0.00171763,0.00358717,-0.478824,-0.0299501,-0.000235655,0.0110319,0.0158155,0,0
8.5GPa,Data/Cell_29_integrated/8p5GPa.xy,12.217448,0.365958,0.365958,0.0181912,,,,matched;shoulder,2,C,200.366,0,0.119447,0.00349769,9.65177e-05,w2:0.365958,2,0.365958,-0.00506092,-0.00100189,-0.00242485,-0.00242485,0.00376508,-0.644037,-0.0301934,-0.000146787,0.0181912,0.0948928,1,0
8.5GPa,Data/Cell_29_integrated/8p5GPa.xy,12.233263,0.00881256,0.00022358,0.0134686,,,,raw,1,C,100,0,0.11967,0.00868916,0.00022358,,,0,-0.00511533,-1.51576e-05,-0.00265555,-0.00265555,0.00411187,-0.645824,-0.0252753,-0.000226269,0.0134686,0.0158155,0,0
8.5GPa,Data/Cell_29_integrated/8p5GPa.xy,12.296525,0.029521,0.000535934,0.0525589,,,,shoulder,1,C,100.001,0,0.120899,0.029521,0.000535934,,,0,-0.00259226,3.66184e-05,-0.000576288,-0.000576288,0.00264257,-0.218078,0.0201442,0.000136664,0.0525589,0.0790773,1,0
8.5GPa,Data/Cell_29_integrated/8p5GPa.xy,12.581203,0.000641844,0.000641844,0.0492853,,,,shoulder,1,C,100.001,0,0.123292,-0.00128299,0.000641844,,,0,-0.00156213,0.00106332,-0.000814478,-0.000814478,0.00191881,-0.424471,-0.00502541,0.000269819,0.0492853,0.0158155,1,0
8.5GPa,Data/Cell_29_integrated/8p5GPa.xy,12.960775,0.000436781,0.000436781,0.036085,,,,shoulder,1,C,100,0,0.128578,-0.00386255,0.000436781,,,0,-0.0045498,-0.00230332,-0.000131511,-0.00230332,0.0034244,-0.67262,0.0515946,4.51524e-05,0.036085,0.0790773,1,0
8.5GPa,Data/Cell_29_integrated/8p5GPa.xy,13.482685,12.9746,12.9746,0,,,,matched,1,C,112.975,0,0.135949,0.0278725,0,w8:12.9746,8,12.9746,-0.00212693,-0.000250387,0.000848891,-0.000250387,0.00385315,-0.0649824,-0.0149186,-0.000701172,0,0.0316309,1,0
8.5GPa,Data/Cell_29_integrated/8p5GPa.xy,13.514316,0.021027,0.000103647,0.0248885,,,,shoulder,1,C,100,0,0.133935,0.021027,0.000103647,,,0,-0.00470351,-0.00150712,-0.00156839,-0.00156839,0.00350865,-0.447006,-0.0207943,-0.000288617,0.0248885,0.0316309,1,0
8.5GPa,Data/Cell_29_integrated/8p5GPa.xy,13.625024,0.00307274,0.000335283,0.0508499,,,,shoulder,1,C,100,0,0.136636,0.00307274,0.000335283,,,0,-0.000274501,0.00114836,-0.000141902,-0.000141902,0.000902984,-0.157148,0.0196453,0.000187597,0.0508499,0.0948928,1,0
8.5GPa,Data/Cell_29_integrated/8p5GPa.xy,13.862256,0.000757161,0.000757161,0.0263843,,,,raw;shoulder,2,C,200.266,0,0.137416,-0.0326957,0.000757161,,,0,-0.000334473,0.000256369,2.27182e-05,2.27182e-05,0.000855168,0.0265658,-0.0177506,6.83537e-05,0.0263843,0.0632619,1,0
8.5GPa,Data/Cell_29_integrated/8p5GPa.xy,14.004595,0.000215133,0.000215133,0.0163646,,,,shoulder,1,C,100,0,0.134702,-0.0504588,0.000215133,,,0,-0.00989559,-0.00564859,-0.00072198,-0.00564859,0.00602937,-0.936845,0.0874359,-0.000224261,0.0163646,0.0790773,1,0
8.5GPa,Data/Cell_29_integrated/8p5GPa.xy,14.273458,0.00040972,0.00040972,0.0109247,,,,raw,1,C,100,0,0.138619,-0.0678711,0.00040972,,,0,-0.0102652,-0.00489927,-0.00287229,-0.00489927,0.00716458,-0.683818,-0.0750455,-0.000433337,0.0109247,0.0158155,0,0
8.5GPa,Data/Cell_29_integrated/8p5GPa.xy,14.289274,0.00137011,0.00137011,0.0954794,,,,shoulder,1,C,100.001,0,0.137545,-0.0694997,0.00137011,,,0,-0.0111448,-0.00233926,-0.00216786,-0.00233926,0.0102235,-0.228812,-0.0535764,-2.63859e-05,0.0954794,0.0158155,1,0
8.5GPa,Data/Cell_29_integrated/8p5GPa.xy,14.305089,0.421751,0.421751,0,,,,matched,1,C,100.422,0,0.136777,-0.070651,0,w2:0.421751,2,0.421751,-0.0113455,-0.00130964,-0.000902766,-0.00130964,0.0123139,-0.106355,-0.0259355,-4.83921e-05,0,0.158155,0,0
8.5GPa,Data/Cell_29_integrated/8p5GPa.xy,14.320905,0.000126315,0.000126315,0.0145186,,,,raw,1,C,100,0,0.136904,-0.0720935,0.000126315,,,0,-0.012996,-0.00270879,0.000292826,-0.00270879,0.0124898,-0.21688,0.0195757,-0.000130091,0.0145186,0.0158155,1,0
8.5GPa,Data/Cell_29_integrated/8p5GPa.xy,14.431613,0.00136617,0.00136617,0.0143345,,,,shoulder,1,C,100.001,0,0.151521,-0.0638272,0.00136617,,,0,-0.149009,-0.0895875,0.026481,-0.0895875,0.124794,-0.717885,1.75633,-0.000195342,0.0143345,0.0790773,1,0
8.5GPa,Data/Cell_29_integrated/8p5GPa.xy,14.510690,0.0732048,0.0116399,0.0210716,,,,shoulder,1,C,100.012,0,0.296325,0.0732048,0.0116399,,,0,-0.106496,0.0148345,-0.0399096,-0.0399096,0.140058,-0.284951,1.97455,-0.0100447,0.0210716,0.0790773,1,0
8.5GPa,Data/Cell_29_integrated/8p5GPa.xy,14.779553,0.000162142,0.000162142,0.00993624,,,,shoulder,1,C,100,0,0.138141,-0.074765,0.000162142,,,0,-0.100931,0.0493049,-0.0685187,-0.0685187,0.114356,-0.599169,-1.17036,-0.000302253,0.00993624,0.126524,1,0
8.5GPa,Data/Cell_29_integrated/8p5GPa.xy,14.842815,3.74418e-05,3.74418e-05,0.011337,,,,shoulder,1,C,100,0,0.138232,-0.0709652,3.74418e-05,,,0,-0.00746056,0.00524782,-0.00748563,-0.00748563,0.00824501,-0.907898,-0.0914936,-9.93885e-05,0.011337,0.0632619,1,0
8.5GPa,Data/Cell_29_integrated/8p5GPa.xy,14.985154,7.70916e-05,7.70916e-05,0.016082,,,,shoulder,1,C,100,0,0.137006,-0.0609737,7.70916e-05,,,0,-0.00392253,-0.00381115,0.000675454,-0.00381115,0.00159015,-2.39673,0.0193266,-0.000125543,0.016082,0.0790773,1,0
8.5GPa,Data/Cell_29_integrated/8p5GPa.xy,15.412172,0.000655044,0.000655044,0.0480369,,,,shoulder,1,C,100.001,0,0.132237,-0.0194899,0.000655044,,,0,-0.00243703,0.000175219,-0.000660246,-0.000660246,0.00179562,-0.367698,-0.0772148,0.000201261,0.0480369,0.0948928,1,0
8.5GPa,Data/Cell_29_integrated/8p5GPa.xy,15.475434,4.34074e-05,4.34074e-05,0.00921054,,,,raw,1,C,100,0,0.128146,-0.0122458,4.34074e-05,,,0,-0.0019118,-0.000530783,-0.000842965,-0.000842965,0.00106051,-0.794865,-0.0525975,-0.00022697,0.00921054,0.0316309,0,0
8.5GPa,Data/Cell_29_integrated/8p5GPa.xy,15.507065,0.00094236,0.00094236,0.00964245,,,,raw;shoulder,2,C,202.407,0,0.128274,-0.00732489,0.00094236,,,0,-0.000736164,0.000269148,0.000371743,0.000269148,0.00111869,0.240591,-0.0413286,0.000330697,0.00964245,0.189786,1,0
8.5GPa,Data/Cell_29_integrated/8p5GPa.xy,15.570326,0.000909251,0.000271985,0.0107492,,,,raw,1,C,100,0,0.124926,0.000517177,0.000271985,,,0,-0.00180904,-0.00112995,-0.000648854,-0.00112995,0.00109464,-1.03225,-0.0246545,-0.00023938,0.0107492,0.0316309,0,0
8.5GPa,Data/Cell_29_integrated/8p5GPa.xy,15.601957,0.00618733,0.000484448,0.0155897,,,,raw;shoulder,2,C,200.193,0,0.124653,0.00595814,0.000484448,,,0,-0.00108325,1.66493e-05,1.08245e-05,1.08245e-05,0.000562719,0.019236,-0.0180551,0.000185401,0.0155897,0.0948928,1,0
8.5GPa,Data/Cell_29_integrated/8p5GPa.xy,15.681035,9.15655,9.15655,0,,,,matched,1,C,109.157,0,0.123754,0.0189649,0,w8:9.15655,8,9.15655,-8.63198e-05,0.000505223,-9.54638e-05,-9.54638e-05,0.000536339,-0.177991,-0.00929433,5.23696e-05,0,0.0158155,1,0
8.5GPa,Data/Cell_29_integrated/8p5GPa.xy,15.839189,0.00129174,0.00129174,0.0329673,,,,raw,1,C,100.001,0,0.123338,-0.00416163,0.00129174,,,0,-0.00036338,-1.1731e-05,0.00132338,-1.1731e-05,0.00158879,-0.0073836,-0.000897245,0.000124272,0.0329673,0.0158155,1,0
8.5GPa,Data/Cell_29_integrated/8p5GPa.xy,15.886636,0.000919673,0.000919673,0.0225848,,,,raw,1,C,100.001,0,0.122674,-0.00773856,0.000919673,,,0,-0.00720753,-0.00531372,0.0053802,-0.00531372,0.00940205,-0.565167,0.0794685,0.00013912,0.0225848,0.0158155,1,0
8.5GPa,Data/Cell_29_integrated/8p5GPa.xy,16.250391,2.20513e-06,2.20513e-06,0.00805741,,,,shoulder,1,C,100,0,0.111879,-0.00982505,2.20513e-06,,,0,-0.0130864,0.00191823,-0.00760702,-0.00760702,0.0103151,-0.737464,-0.175996,-0.000196805,0.00805741,0.0790773,1,0
8.5GPa,Data/Cell_29_integrated/8p5GPa.xy,16.329469,0.000328115,0.000328115,0.0455158,,,,shoulder,1,C,100,0,0.108826,-0.0102566,0.000328115,,,0,-0.00279834,0.000317081,-0.00111259,-0.00111259,0.00270346,-0.411542,-0.0411426,6.85654e-05,0.0455158,0.0474464,1,0
8.5GPa,Data/Cell_29_integrated/8p5GPa.xy,16.376915,1.08259,1.08259,0,,,,matched,1,C,101.083,0,0.107174,-0.0102117,0,w5:1.08259,5,1.08259,-0.00202389,-0.000665556,-0.000957431,-0.000957431,0.00133285,-0.718334,-0.0153104,-0.00025955,0,0.0158155,0,0
8.5GPa,Data/Cell_29_integrated/8p5GPa.xy,16.392731,1.66967,1.66967,0,,,,matched,1,C,101.67,0,0.107294,-0.00984579,0,w3:1.66967,3,1.66967,-0.00189093,-0.000672251,-0.000518764,-0.000672251,0.00120779,-0.556595,-0.00845665,-9.3847e-05,0,0.0158155,0,0
8.5GPa,Data/Cell_29_integrated/8p5GPa.xy,16.424362,1.16763,1.16763,0,,,,matched,1,C,101.168,0,0.107586,-0.00912922,0,w2:1.16763,2,1.16763,-0.00292642,-0.00119326,0.000684925,-0.00119326,0.00376802,-0.316681,0.0187108,4.59345e-05,0,0.0158155,1,0
8.5GPa,Data/Cell_29_integrated/8p5GPa.xy,16.471808,3.60466e-06,3.60466e-06,0.00794484,,,,raw,1,C,100,0,0.107966,-0.00816355,3.60466e-06,,,0,-0.00871701,-0.00540615,0.0029243,-0.00540615,0.0102892,-0.525418,0.0945583,-4.38697e-05,0.00794484,0.0158155,1,0
8.5GPa,Data/Cell_29_integrated/8p5GPa.xy,16.487623,0.00222466,0.00222466,0.306614,,,,shoulder,1,C,100.002,0,0.107962,-0.007545,0.00222466,,,0,-0.0107088,-0.00630589,0.00232385,-0.00630589,0.00883202,-0.71398,0.116994,0.000124052,0.306614,0.0632619,1,0
8.5GPa,Data/Cell_29_integrated/8p5GPa.xy,16.867195,0.316974,0.316974,0,,,,matched,1,C,100.317,0,0.0958001,-0.00568159,0,w2:0.316974,2,0.316974,-0.00139068,0.00210909,-0.000707297,-0.000707297,0.00344349,-0.205401,-0.0534732,0.000183999,0,0.0158155,1,0
8.5GPa,Data/Cell_29_integrated/8p5GPa.xy,16.883010,0.486271,0.486271,0,,,,matched,1,C,101.205,0,0.095132,-0.00595908,0,w3:0.486271,3,0.486271,-0.000548471,0.00139646,0.000135493,0.000135493,0.00188391,0.0719208,-0.0401224,0.000110198,0,0.0316309,0,0
8.5GPa,Data/Cell_29_integrated/8p5GPa.xy,16.993718,0.000914266,0.000914266,0.0157428,,,,raw;shoulder,2,C,200.001,0,0.0922225,-0.00791135,0.000914266,,,0,-0.00277499,-0.00107346,-0.000896127,-0.00107346,0.00164411,-0.652912,-0.00337579,-1.2247e-05,0.0157428,0.110708,1,0
8.5GPa,Data/Cell_29_integrated/8p5GPa.xy,17.199319,0.000478709,0.000478709,0.0408556,,,,shoulder,1,C,100,0,0.0900637,-0.00108453,0.000478709,,,0,-0.000436466,-0.000165748,0.000521249,-0.000165748,0.00153189,-0.108198,-0.0293909,8.13274e-05,0.0408556,0.0158155,1,0
8.5GPa,Data/Cell_29_integrated/8p5GPa.xy,17.230950,0.278419,0.278419,0,,,,matched,1,C,100.278,0,0.0880295,-0.000671422,0,w2:0.278419,2,0.278419,-0.0020426,-0.000950575,-0.000491265,-0.000950575,0.00160642,-0.591733,-0.0310433,-0.000251794,0,0.0158155,0,0
8.5GPa,Data/Cell_29_integrated/8p5GPa.xy,17.262581,0.000242699,0.000242699,0.0465752,,,,shoulder,1,C,100,0,0.0876456,-0.00129745,0.000242699,,,0,-0.00267378,-0.000978659,-0.000328918,-0.000978659,0.00187556,-0.521794,-0.02104,-9.09568e-06,0.0465752,0.0316309,1,0
8.5GPa,Data/Cell_29_integrated/8p5GPa.xy,17.341659,0.000134222,0.000134222,0.0250435,,,,shoulder,1,C,100,0,0.0869077,-0.00479826,0.000134222,,,0,-0.00575997,-0.00288193,-0.00011829,-0.00288193,0.00415734,-0.693215,0.0419206,-2.63893e-05,0.0250435,0.0158155,1,0
8.5GPa,Data/Cell_29_integrated/8p5GPa.xy,17.357474,0.000370977,0.000370977,0.030415,,,,raw,1,C,100,0,0.0870356,-0.00528465,0.000370977,,,0,-0.00669223,-0.00330332,-0.0015655,-0.00330332,0.00492,-0.671407,0.0546032,-0.000326164,0.030415,0.0632619,0,0
8.5GPa,Data/Cell_29_integrated/8p5GPa.xy,17.420736,0.000396344,0.000396344,0.0343553,,,,shoulder,1,C,100,0,0.0929831,-0.00121055,0.000396344,,,0,-0.00121157,0.0018527,-0.000959747,-0.000959747,0.0045216,-0.212258,0.0484693,-0.000141132,0.0343553,0.0632619,1,0
8.5GPa,Data/Cell_29_integrated/8p5GPa.xy,17.705414,0.813667,0.813667,0,,,,matched,1,C,100.814,0,0.0823927,-0.0145909,0,w2:0.630921;w3:0.813667,3,0.813667,-0.00279651,0.000135018,-0.000135606,-0.000135606,0.00151585,-0.0894588,-0.0236714,7.26877e-05,0,0.0158155,1,0
8.5GPa,Data/Cell_29_integrated/8p5GPa.xy,17.752861,0.000544258,0.000544258,0.0211124,,,,raw,1,C,100.001,0,0.0812776,-0.0159777,0.000544258,,,0,-0.00890186,-0.00620113,0.00398188,-0.00620113,0.0102087,-0.607433,0.079758,-6.90082e-05,0.0211124,0.0474464,1,0
8.5GPa,Data/Cell_29_integrated/8p5GPa.xy,17.768676,0.000249274,0.000249274,0.0290386,,,,shoulder,1,C,100,0,0.0809516,-0.016248,0.000249274,,,0,-0.0131519,-0.00876702,0.00522621,-0.00876702,0.0115783,-0.757194,0.130463,7.70944e-05,0.0290386,0.0158155,1,0
8.5GPa,Data/Cell_29_integrated/8p5GPa.xy,18.179878,2.48693,2.48693,0,,,,matched,1,C,102.487,0,0.0725485,-0.0273984,0,w3:2.48693,3,2.48693,-0.0115218,-0.00405261,-0.000859857,-0.00405261,0.00690114,-0.587238,0.0156265,-0.000638647,0,0.0474464,0,0
8.5GPa,Data/Cell_29_integrated/8p5GPa.xy,18.211509,1.88163,1.88163,0,,,,matched,1,C,101.882,0,0.074232,-0.0253196,0,w2:1.88163,2,1.88163,-0.0195815,-0.010857,0.00944691,-0.010857,0.0242597,-0.44753,0.2017,0.000308976,0,0.0158155,1,0
8.5GPa,Data/Cell_29_integrated/8p5GPa.xy,18.243140,0.000292568,0.000292568,0.0272572,,,,raw,1,C,100,0,0.074821,-0.0244039,0.000292568,,,0,-0.035877,-0.0210042,0.00924414,-0.0210042,0.0349767,-0.600519,0.389299,7.2046e-05,0.0272572,0.0158155,1,0
8.5GPa,Data/Cell_29_integrated/8p5GPa.xy,18.622711,0.00205422,0.00205422,0.0511366,,,,raw,1,C,100.002,0,0.0784482,-0.00998999,0.00205422,,,0,-0.00308005,0.00580843,-0.00368737,-0.00368737,0.00268775,-1.37191,-0.101337,0.000356809,0.0511366,0.0158155,1,0
8.5GPa,Data/Cell_29_integrated/8p5GPa.xy,18.717604,0.237242,0.237242,0,,,,matched,1,C,101.266,0,0.0726057,-0.0120191,0,w5:0.237242,5,0.237242,-1.99166e-05,0.000213075,0.0014242,0.000213075,0.00207094,0.102888,-0.0407633,-2.81608e-05,0,0.0474464,0,0
8.5GPa,Data/Cell_29_integrated/8p5GPa.xy,18.733420,0.000116411,0.000116411,0.0166405,,,,shoulder,1,C,100,0,0.0717192,-0.0126457,0.000116411,,,0,-0.000960618,-0.000670187,0.000928771,-0.000670187,0.00210613,-0.318207,-0.0402328,5.95041e-05,0.0166405,0.0158155,1,0
8.5GPa,Data/Cell_29_integrated/8p5GPa.xy,18.796682,4.59973e-05,4.59973e-05,0.00894388,,,,raw,1,C,100,0,0.0678385,-0.0138106,4.59973e-05,,,0,-0.00364207,-0.00161512,-0.00210719,-0.00210719,0.00190406,-1.10668,-0.0322613,-0.0004936,0.00894388,0.0316309,0,0
8.5GPa,Data/Cell_29_integrated/8p5GPa.xy,18.844128,0.00133993,0.00133993,0.0215201,,,,raw,1,C,100.001,0,0.0688274,-0.010852,0.00133993,,,0,-0.000998994,0.00089653,-0.000560459,-0.000560459,0.0013554,-0.4135,-0.0218896,0.000174074,0.0215201,0.0158155,1,0
8.5GPa,Data/Cell_29_integrated/8p5GPa.xy,19.081360,0.000636734,0.000636734,0.0152271,,,,raw;shoulder,2,C,200.001,0,0.0603537,-0.00457296,0.000636734,,,0,-0.00160049,-3.91661e-05,-0.000498517,-0.000498517,0.000718922,-0.693422,-0.0406761,0.000260087,0.0152271,0.0790773,1,0
8.5GPa,Data/Cell_29_integrated/8p5GPa.xy,19.176253,0.00104709,0.00104709,0.0402226,,,,raw;shoulder,2,C,203.738,0,0.0583564,-0.00518119,0.00104709,,,0,-0.000294465,0.00023804,0.000159527,0.000159527,0.000426902,0.373685,-0.017918,0.000291266,0.0402226,0.0158155,1,0
8.5GPa,Data/Cell_29_integrated/8p5GPa.xy,19.334407,0.00111676,0.00111676,0.0210785,,,,raw,1,C,100.001,0,0.056491,-0.00156974,0.00111676,,,0,-0.000172897,-0.000181923,0.000580303,-0.000181923,0.000799268,-0.227612,-0.00928973,3.05174e-05,0.0210785,0.0632619,1,0
8.5GPa,Data/Cell_29_integrated/8p5GPa.xy,19.350223,9.00132e-05,9.00132e-05,0.0392519,,,,shoulder,1,C,100,0,0.0552363,-0.00105049,9.00132e-05,,,0,-0.000355604,-0.00027954,0.000492782,-0.00027954,0.00069337,-0.403161,-0.00835775,5.5411e-05,0.0392519,0.0158155,1,0
8.5GPa,Data/Cell_29_integrated/8p5GPa.xy,19.397669,0.000958223,0.00075757,0.0320621,,,,raw;shoulder,2,C,200.001,0,0.0548355,0.000541179,0.00075757,,,0,-0.000655153,-0.000258377,-6.87356e-05,-0.000258377,0.000435958,-0.592664,-0.0129918,-2.32143e-05,0.0320621,0.0790773,1,0
8.5GPa,Data/Cell_29_integrated/8p5GPa.xy,19.808871,0.000100007,0.000100007,0.00897635,,,,raw,1,C,100,0,0.0455394,-0.00389066,0.000100007,,,0,-0.00191881,-0.000660884,-0.0015647,-0.0015647,0.000570305,-2.74362,-0.0163719,-0.000216293,0.00897635,0.0316309,0,0
8.5GPa,Data/Cell_29_integrated/8p5GPa.xy,19.840502,0.000663717,0.000663717,0.0864467,,,,shoulder,1,C,100.251,0,0.0463062,-0.00275541,0.000663717,,,0,-0.00070186,0.000830325,4.10714e-05,4.10714e-05,0.00164259,0.0250041,-0.00896485,0.00022809,0.0864467,0.0158155,1,0
8.5GPa,Data/Cell_29_integrated/8p5GPa.xy,19.935395,0.416926,0.416926,0,,,,matched,1,C,101.582,0,0.0447405,-0.00252585,0,w5:0.416926,5,0.416926,-0.000229654,9.94274e-05,0.000371828,9.94274e-05,0.00085324,0.116529,-0.00439182,-0.000262845,0,0.0158155,0,0
8.5GPa,Data/Cell_29_integrated/8p5GPa.xy,20.093550,0.000574939,0.000574939,0.0296839,,,,shoulder,1,C,100.001,0,0.0443833,-0.000888627,0.000574939,,,0,-0.00643625,-0.00263287,-0.00255218,-0.00263287,0.00282703,-0.931317,0.0417843,-0.000349937,0.0296839,0.0948928,1,0
8.5GPa,Data/Cell_29_integrated/8p5GPa.xy,20.473121,0.000146337,0.000146337,0.0113446,,,,raw,1,C,100,0,0.03642,-0.00246441,0.000146337,,,0,-0.00210418,-0.00134965,-0.00178147,-0.00178147,0.000449274,-3.96521,-0.0271293,-0.000354576,0.0113446,0.0316309,0,0
8.5GPa,Data/Cell_29_integrated/8p5GPa.xy,20.504752,0.00153397,0.00153397,0.0453553,,,,raw,1,C,100.002,0,0.0376173,-0.000878864,0.00153397,,,0,-0.000200979,0.00115897,-9.6011e-05,-9.6011e-05,0.00134823,-0.0712126,-0.0228008,0.00024998,0.0453553,0.0158155,1,0
8.5GPa,Data/Cell_29_integrated/8p5GPa.xy,20.852692,0.000445003,0.000445003,0.0757332,,,,shoulder,1,C,100,0,0.0291165,-0.00186023,0.000445003,,,0,-0.000898315,0.00056743,-0.000786949,-0.000786949,0.00134767,-0.58393,-0.0222482,0.000105431,0.0757332,0.0158155,1,0
8.5GPa,Data/Cell_29_integrated/8p5GPa.xy,20.868508,0.00115825,0.00115825,0.0128995,,,,raw,1,C,100.001,0,0.0301194,-0.00178009,0.00115825,,,0,-0.000598807,0.000540507,-0.000518456,-0.000518456,0.00129163,-0.401398,-0.0204704,-0.000140789,0.0128995,0.0316309,1,0
8.5GPa,Data/Cell_29_integrated/8p5GPa.xy,21.058293,0.000351197,0.000351197,0.0385147,,,,raw,1,C,100,0,0.0253674,-0.00132916,0.000351197,,,0,-0.000796863,-0.000456918,-3.61694e-05,-0.000456918,0.000514305,-0.888417,-0.0212071,-9.38398e-06,0.0385147,0.0474464,0,0
8.5GPa,Data/Cell_29_integrated/8p5GPa.xy,21.074109,0.000216765,0.000216765,0.0270116,,,,shoulder,1,C,100,0,0.0252619,-0.00121545,0.000216765,,,0,-0.000821695,-0.000297143,-0.000286393,-0.000297143,0.000558779,-0.531771,-0.0204952,8.64596e-05,0.0270116,0.0158155,1,0
8.5GPa,Data/Cell_29_integrated/8p5GPa.xy,21.137371,0.000520768,0.000520768,0.0247108,,,,raw,1,C,100.001,0,0.024115,-0.000363093,0.000520768,,,0,-9.05986e-05,0.000379984,-0.000336299,-0.000336299,0.000427757,-0.78619,-0.0176265,5.0913e-05,0.0247108,0.0158155,1,0
8.5GPa,Data/Cell_29_integrated/8p5GPa.xy,21.311341,0.000477512,0.000477512,0.00993858,,,,raw,1,C,100,0,0.0198363,-0.00137835,0.000477512,,,0,-0.00253637,-0.0024191,-0.000970098,-0.0024191,0.000583913,-4.1429,-0.015437,-0.00018362,0.00993858,0.0632619,0,0
8.5GPa,Data/Cell_29_integrated/8p5GPa.xy,21.596019,6.50505e-05,6.50505e-05,0.022739,,,,raw,1,C,100,0,0.0156133,-0.000772159,6.50505e-05,,,0,-0.00073047,-0.000207,-0.000110596,-0.000207,0.00116005,-0.178441,-0.0222313,-0.000377752,0.022739,0.0632619,0,0
8.5GPa,Data/Cell_29_integrated/8p5GPa.xy,21.817436,0.000123179,0.000123179,0.0106749,,,,raw,1,C,101.142,0,0.0128222,-0.000541304,0.000123179,,,0,-0.000341655,0.00092865,0.000291801,0.000291801,0.0025557,0.114176,-0.0121074,-0.00056294,0.0106749,0.0316309,0,0
8.5GPa,Data/Cell_29_integrated/8p5GPa.xy,22.165376,0.00107469,0.00107469,0.0364992,,,,shoulder,1,C,100.001,0,0.00961783,-0.000685922,0.00107469,,,0,-0.000889213,-0.00114421,0.00267876,-0.00114421,0.00126995,-0.900987,-0.00616911,0.000793381,0.0364992,0.0158155,1,0
8.5GPa,Data/Cell_29_integrated/8p5GPa.xy,22.260269,0.00055138,0.00055138,0.0252181,,,,shoulder,1,C,102.265,0,0.00726557,-0.000337029,0.00055138,,,0,-0.000430787,0.00245073,0.000893306,0.000893306,0.00394459,0.226463,-0.00730122,0.000260702,0.0252181,0.0632619,1,0
8.5GPa,Data/Cell_29_integrated/8p5GPa.xy,22.402608,0.000799508,0.000799508,0.0142802,,,,raw,1,C,100.001,0,0.00506252,-0.00207672,0.000799508,,,0,-0.00387296,-0.00183375,-0.0008499,-0.00183375,0.00298613,-0.614089,-0.0108162,-0.000642021,0.0142802,0.0316309,0,0
8.5GPa,Data/Cell_29_integrated/8p5GPa.xy,22.465870,1.87957e-05,1.87957e-05,0.00831497,,,,raw,1,C,100,0,0.00466831,-0.00141567,1.87957e-05,,,0,-0.00233866,0.000569216,-0.00145545,-0.00145545,0.00362046,-0.402008,-0.0217819,-0.000594583,0.00831497,0.0316309,1,0
8.5GPa,Data/Cell_29_integrated/8p5GPa.xy,22.624024,0.00115931,0.00115931,0.0291849,,,,raw,1,C,100.001,0,0.00318952,-0.000452379,0.00115931,,,0,-0.00204998,-0.000267063,-0.000323566,-0.000323566,0.00223477,-0.144787,-0.0103559,-4.06051e-05,0.0291849,0.0158155,0,0
8.5GPa,Data/Cell_29_integrated/8p5GPa.xy,22.655655,0.274136,0.274136,0.0222055,,,,matched;raw,2,C,200.666,0,0.00421492,-0.000368048,0.00249721,w2:0.274136,2,0.274136,-0.00188741,0.000118682,0.000223352,0.000118682,0.00304701,0.0389503,-0.00866159,3.4272e-05,0.0222055,0.0158155,0,0
8.5GPa,Data/Cell_29_integrated/8p5GPa.xy,22.703102,0.000946739,0.000946739,0.0258879,,,,raw,1,C,100.001,0,0.00265355,-0.000920209,0.000946739,,,0,-0.00278406,-0.00122615,-0.00185497,-0.00185497,0.00135737,-1.36659,0.00405697,-0.000173455,0.0258879,0.0158155,0,0
8.5GPa,Data/Cell_29_integrated/8p5GPa.xy,23.398982,2.36485,2.36485,0,,,,matched,1,C,102.365,0,-0.0103917,-0.00241631,0,w8:2.36485,8,2.36485,-0.00492712,-0.00322368,-0.00124588,-0.00322368,0.00490003,-0.65789,-0.0164969,-0.00255761,0,0.0316309,0,0
8.5GPa,Data/Cell_29_integrated/8p5GPa.xy,23.604583,0.00466639,0.00466639,0.0258622,,,,raw,1,C,100.005,0,-0.00891439,-0.00555459,0.00466639,,,0,-0.00552388,-0.0020798,0.000345388,-0.0020798,0.00696563,-0.29858,-0.0351053,-0.000633735,0.0258622,0.0316309,1,0
8.5GPa,Data/Cell_29_integrated/8p5GPa.xy,23.652030,0.338952,0.338952,0,,,,matched,1,C,100.339,0,-0.0162708,-0.00542409,0,w2:0.338952,2,0.338952,-0.00698729,-0.00369329,0.00192092,-0.00369329,0.00873582,-0.422775,0.0426579,-9.92526e-05,0,0.0158155,1,0
8.5GPa,Data/Cell_29_integrated/8p5GPa.xy,23.683661,0.00686059,0.00686059,0.166282,,,,shoulder,1,C,100.007,0,-0.0073943,-0.00401275,0.00686059,,,0,-0.0048977,-0.000624295,0.00588077,-0.000624295,0.00543945,-0.114772,0.0259931,0.0023047,0.166282,0.0158155,1,0
9.8GPa,Data/Cell_29_integrated/9p8GPa.xy,2.174627,0.305794,0.305794,0,,,,matched,1,C,100.419,0,-0.0725508,-0.0110495,0,w2:0.305794;w3:0.246447,2,0.305794,-0.000217923,1.74849e-05,0.00130117,1.74849e-05,0.00153849,0.011365,0.360237,0.000221957,0,0.0158155,0,0
9.8GPa,Data/Cell_29_integrated/9p8GPa.xy,2.237888,0.00130619,0.000519168,0.0292255,,,,shoulder,1,C,100.001,0,-0.050191,0.00130619,0.000519168,,,0,-0.00121677,-0.000512674,0.000955171,-0.000512674,0.0009351,-0.548256,0.357857,0.000323772,0.0292255,0.0632619,1,0
9.8GPa,Data/Cell_29_integrated/9p8GPa.xy,2.506751,0.0268218,0.00108581,0.0718418,,,,shoulder,1,C,100.001,0,0.00926139,0.0268218,0.00108581,,,0,-0.000815561,0.00114151,-1.12409e-05,-1.12409e-05,0.00172551,-0.00651454,0.109146,0.000477037,0.0718418,0.0948928,1,0
9.8GPa,Data/Cell_29_integrated/9p8GPa.xy,2.838876,0.000997777,0.000918699,0.0237346,,,,raw;shoulder,2,C,200.001,0,0.0172763,9.92626e-05,0.000918699,,,0,-0.00489527,-0.00073866,-0.00370153,-0.00370153,0.00209627,-1.76577,-0.0596731,-0.00011748,0.0237346,0.0632619,1,0
9.8GPa,Data/Cell_29_integrated/9p8GPa.xy,2.917954,0.000896742,0.000896742,0.0501636,,,,shoulder,1,C,105.168,0,0.0165043,-0.00601578,0.000896742,,,0,-5.88665e-06,0.00156558,0.000819135,0.000819135,0.00158528,0.516712,-0.0210526,0.000488395,0.0501636,0.0158155,1,0
9.8GPa,Data/Cell_29_integrated/9p8GPa.xy,2.997031,0.000199659,0.000199659,0.0127346,,,,raw,1,C,100,0,0.0145175,-0.013767,0.000199659,,,0,-0.000433016,0.000239081,-0.000785407,-0.000785407,0.000716727,-1.09582,-0.0139088,-0.000161614,0.0127346,0.0316309,1,0
9.8GPa,Data/Cell_29_integrated/9p8GPa.xy,3.202632,6.8456e-05,6.8456e-05,0.010442,,,,shoulder,1,C,100,0,0.00791502,-0.0307085,6.8456e-05,,,0,-0.0048004,-0.00340344,-0.000813011,-0.00340344,0.00320381,-1.06231,0.00236972,-0.00022665,0.010442,0.0316309,1,0
9.8GPa,Data/Cell_29_integrated/9p8GPa.xy,3.234263,0.000158248,0.000158248,0.0157567,,,,raw,1,C,100,0,0.00871728,-0.0310517,0.000158248,,,0,-0.0061322,-0.00227286,-0.000116208,-0.00227286,0.00558711,-0.406805,0.0294455,-0.000235779,0.0157567,0.0316309,0,0
9.8GPa,Data/Cell_29_integrated/9p8GPa.xy,3.265894,0.000605826,0.000605826,0.0452452,,,,shoulder,1,C,100.001,0,0.00964346,-0.0302307,0.000605826,,,0,-0.00670504,-0.00206136,-0.000450459,-0.00206136,0.00515059,-0.400218,0.0546856,9.10749e-05,0.0452452,0.110708,1,0
9.8GPa,Data/Cell_29_integrated/9p8GPa.xy,3.281709,0.000297806,0.000297806,0.0109765,,,,raw,1,C,100,0,0.0104109,-0.0300372,0.000297806,,,0,-0.00720669,-0.00241443,-0.00322871,-0.00322871,0.00384902,-0.838838,0.065682,-0.000230606,0.0109765,0.0158155,0,0
9.8GPa,Data/Cell_29_integrated/9p8GPa.xy,3.455679,2.17617,2.17617,0,,,,matched,1,C,103.454,0,0.0283322,-0.00974181,0,w5:2.17617,5,2.17617,6.92796e-05,0.00132172,0.000437746,0.000437746,0.00342492,0.127812,0.0948131,-0.000646249,0,0.0158155,0,0
9.8GPa,Data/Cell_29_integrated/9p8GPa.xy,3.692911,0.0061939,0.00142562,0.0539024,,,,shoulder,1,C,100.001,0,0.0458911,0.0061939,0.00142562,,,0,-0.0385376,-0.0205916,0.00835293,-0.0205916,0.0265957,-0.774243,0.419344,0.000779374,0.0539024,0.0158155,1,0
9.8GPa,Data/Cell_29_integrated/9p8GPa.xy,4.183191,0.000982794,0.000982794,0.018234,,,,raw,1,C,100.001,0,0.0287794,-0.0166057,0.000982794,,,0,-0.00123346,0.000530553,-0.00067449,-0.00067449,0.00139816,-0.48241,-0.0344255,0.000164719,0.018234,0.0474464,1,0
9.8GPa,Data/Cell_29_integrated/9p8GPa.xy,4.199006,0.000199465,0.000199465,0.0253024,,,,shoulder,1,C,100,0,0.0282048,-0.0163559,0.000199465,,,0,-0.000123956,0.00130119,-6.53643e-05,-6.53643e-05,0.00186097,-0.0351237,-0.0334252,0.000207415,0.0253024,0.0158155,1,0
9.8GPa,Data/Cell_29_integrated/9p8GPa.xy,4.357161,0.0024543,0.0024543,0.0369682,,,,raw,1,C,100.002,0,0.0242172,-0.0212236,0.0024543,,,0,-0.00496776,-0.00223875,0.000180665,-0.00223875,0.00250775,-0.892729,0.0127431,0.000373122,0.0369682,0.0158155,1,0
9.8GPa,Data/Cell_29_integrated/9p8GPa.xy,4.768363,0.00490635,0.000578946,0.0710073,,,,shoulder,1,C,101.639,0,0.0449237,0.00490635,0.000578946,,,0,-0.000485827,0.000533227,0.000171418,0.000171418,0.00104628,0.163835,0.0309017,0.000251597,0.0710073,0.0948928,1,0
9.8GPa,Data/Cell_29_integrated/9p8GPa.xy,4.815809,0.0073155,3.60749e-05,0.00932526,,,,raw,1,C,100,0,0.0465049,0.007341,3.60749e-05,,,0,-0.000635814,-2.09246e-05,0.000367273,-2.09246e-05,0.00128825,-0.0162426,0.0360006,4.15039e-05,0.00932526,0.0474464,1,0
9.8GPa,Data/Cell_29_integrated/9p8GPa.xy,5.053041,0.00275473,0.000185028,0.0278566,,,,shoulder,1,C,100,0,0.0533836,0.00275473,0.000185028,,,0,-0.000567629,0.000592691,-0.000477761,-0.000477761,0.000491871,-0.971312,0.0208264,0.00014995,0.0278566,0.0632619,1,0
9.8GPa,Data/Cell_29_integrated/9p8GPa.xy,5.179565,0.000819837,0.000819837,0.0187149,,,,raw,1,C,100.001,0,0.0568806,0.000359023,0.000819837,,,0,-0.000239829,-0.000192087,8.14574e-05,-0.000192087,0.000491883,-0.390512,0.0263874,-0.000122739,0.0187149,0.0474464,1,0
9.8GPa,Data/Cell_29_integrated/9p8GPa.xy,5.242827,0.000401846,0.000401846,0.011117,,,,raw;shoulder,2,C,203.008,0,0.0586273,-0.000379374,0.000401846,,,0,7.39867e-05,0.000335075,0.000165469,0.000165469,0.000550258,0.300711,0.022735,3.34324e-05,0.011117,0.0474464,1,0
9.8GPa,Data/Cell_29_integrated/9p8GPa.xy,5.464244,0.000125678,0.000125678,0.0225409,,,,shoulder,1,C,100,0,0.0625874,-0.00401876,0.000125678,,,0,-0.000301408,-4.5643e-05,0.000241252,-4.5643e-05,0.000879985,-0.0518679,0.0143874,-6.45088e-06,0.0225409,0.0158155,1,0
9.8GPa,Data/Cell_29_integrated/9p8GPa.xy,5.480059,0.00124667,0.00124667,0.0284863,,,,raw,1,C,100.001,0,0.0628192,-0.00448376,0.00124667,,,0,-0.000598629,-0.000211422,1.12319e-05,-0.000211422,0.000849844,-0.248777,0.015608,-0.00012317,0.0284863,0.0632619,1,0
9.8GPa,Data/Cell_29_integrated/9p8GPa.xy,5.574952,0.00011968,0.00011968,0.00880282,,,,raw,1,C,100.654,0,0.0643143,-0.00473565,0.00011968,,,0,-0.000185152,4.19587e-05,0.000593073,4.19587e-05,0.000641559,0.0654011,0.0169055,-8.12228e-05,0.00880282,0.0158155,0,0
9.8GPa,Data/Cell_29_integrated/9p8GPa.xy,6.112678,0.000239186,0.000239186,0.01145,,,,raw,1,C,100,0,0.0736923,-0.00439805,0.000239186,,,0,-0.014669,0.00360366,-0.00950144,-0.00950144,0.0119942,-0.79217,-0.130818,-0.000107587,0.01145,0.110708,1,0
9.8GPa,Data/Cell_29_integrated/9p8GPa.xy,6.128493,0.000179679,0.000179679,0.0252156,,,,shoulder,1,C,100,0,0.0734532,-0.00420019,0.000179679,,,0,-0.0112363,0.00489109,-0.00818253,-0.00818253,0.0095487,-0.856926,-0.104958,5.34272e-05,0.0252156,0.0158155,1,0
9.8GPa,Data/Cell_29_integrated/9p8GPa.xy,6.381541,0.000192597,0.000192597,0.00953634,,,,raw,1,C,100,0,0.0773144,-0.00537409,0.000192597,,,0,-0.000903984,-3.11573e-05,-0.000300367,-0.000300367,0.00119604,-0.251134,0.0119485,-4.87251e-06,0.00953634,0.0158155,0,0
9.8GPa,Data/Cell_29_integrated/9p8GPa.xy,6.397356,1.17065,1.17065,0,,,,matched,1,C,101.171,0,0.0763792,-0.00623739,0,w8:1.17065,8,1.17065,-0.00170429,-0.000906633,-0.00114828,-0.00114828,0.00112226,-1.02318,0.0132912,-0.000664275,0,0.0316309,0,0
9.8GPa,Data/Cell_29_integrated/9p8GPa.xy,6.523880,0.000784756,0.000784756,0.0178728,,,,raw,1,C,100.001,0,0.0796363,-0.00532164,0.000784756,,,0,-0.00102631,-0.000541252,-0.000725548,-0.000725548,0.000401393,-1.80757,0.0173519,-0.000508743,0.0178728,0.0316309,0,0
9.8GPa,Data/Cell_29_integrated/9p8GPa.xy,6.555511,0.000102082,0.000102082,0.0140041,,,,shoulder,1,C,100.057,0,0.0800935,-0.00438705,0.000102082,,,0,-0.000425233,0.000416175,4.4859e-06,4.4859e-06,0.000793416,0.0056539,0.0187421,7.77366e-05,0.0140041,0.0474464,1,0
9.8GPa,Data/Cell_29_integrated/9p8GPa.xy,6.571326,0.000992104,0.000992104,0.0137506,,,,raw,1,C,100.001,0,0.081601,-0.0042071,0.000992104,,,0,-0.000451607,0.000305287,-0.000197292,-0.000197292,0.000834208,-0.236502,0.0182056,-2.43457e-05,0.0137506,0.0158155,1,0
9.8GPa,Data/Cell_29_integrated/9p8GPa.xy,6.602957,0.000531016,0.000531016,0.116021,,,,shoulder,1,C,101.373,0,0.0806089,-0.00345335,0.000531016,,,0,-0.000110413,0.000537021,0.00013444,0.00013444,0.000979402,0.137267,0.0170945,0.00012265,0.116021,0.0316309,1,0
9.8GPa,Data/Cell_29_integrated/9p8GPa.xy,6.634588,0.00130164,0.00130164,0.0398765,,,,raw;shoulder,2,C,203.327,0,0.0823729,-0.00304428,0.00130164,,,0,-0.000181825,0.000179914,0.000174958,0.000174958,0.000526012,0.332612,0.0206428,0.000109026,0.0398765,0.0790773,1,0
9.8GPa,Data/Cell_29_integrated/9p8GPa.xy,6.729481,0.00118983,0.00118983,0.0277747,,,,raw,1,C,100.001,0,0.0847884,-0.000853609,0.00118983,,,0,-0.00013616,-1.98082e-05,0.000451606,-1.98082e-05,0.000527813,-0.0375287,0.025773,0.00010661,0.0277747,0.0158155,1,0
9.8GPa,Data/Cell_29_integrated/9p8GPa.xy,6.903451,14.5132,14.5132,0,,,,matched,1,C,114.513,0,0.0859346,0.102626,0,w5:14.5132,5,14.5132,-0.00303921,-0.00357596,0.00152951,-0.00357596,0.000642089,-5.56925,0.0385004,-0.000431461,0,0.0158155,1,0
9.8GPa,Data/Cell_29_integrated/9p8GPa.xy,6.919266,0.0968878,0.000551167,0.0428151,,,,raw,1,C,100.001,0,0.0864858,0.0964919,0.000551167,,,0,-0.00479106,-0.00517306,0.000947773,-0.00517306,0.00220087,-2.35046,0.0492798,-0.000258602,0.0428151,0.0158155,1,0
9.8GPa,Data/Cell_29_integrated/9p8GPa.xy,6.950897,20.876,20.876,0,,,,matched,1,C,120.876,0,0.086303,0.0805489,0,w8:20.876,8,20.876,-0.00749945,-0.00466621,-0.00127706,-0.00466621,0.00349941,-1.33343,0.063935,-0.000306018,0,0.0158155,0,0
9.8GPa,Data/Cell_29_integrated/9p8GPa.xy,6.998344,0.0583424,0.000105199,0.0136544,,,,shoulder,1,C,100,0,0.0896801,0.0583424,0.000105199,,,0,-0.00479092,-1.73258e-05,-0.00259615,-0.00259615,0.00533307,-0.486802,0.055124,-0.000717641,0.0136544,0.0474464,1,0
9.8GPa,Data/Cell_29_integrated/9p8GPa.xy,7.156498,0.000301833,0.000301833,0.00949548,,,,raw,1,C,100,0,0.0938662,-0.0171366,0.000301833,,,0,-0.00233886,-0.000942901,0.000374888,-0.000942901,0.00349751,-0.269592,-0.0279873,-0.00119681,0.00949548,0.0632619,1,0
9.8GPa,Data/Cell_29_integrated/9p8GPa.xy,7.567701,0.00164815,0.00164815,0.0435976,,,,shoulder,1,C,100.002,0,0.0959288,-0.16658,0.00164815,,,0,-0.000762657,0.00215424,-0.000618364,-0.000618364,0.00094675,-0.653143,0.0218762,0.000892026,0.0435976,0.0158155,1,0
9.8GPa,Data/Cell_29_integrated/9p8GPa.xy,7.646778,0.000492129,0.000492129,0.0330524,,,,raw,1,C,100,0,0.0995222,-0.181727,0.000492129,,,0,-0.000298578,-8.53718e-05,0.00271838,-8.53718e-05,0.0025108,-0.0340018,0.0613539,0.000365722,0.0330524,0.0158155,1,0
9.8GPa,Data/Cell_29_integrated/9p8GPa.xy,7.899825,0.00016329,0.00016329,0.00804614,,,,shoulder,1,C,100,0,0.120572,-0.199002,0.00016329,,,0,-0.73092,-0.463367,0.168418,-0.463367,0.548835,-0.844274,7.88484,-0.000409307,0.00804614,0.0158155,1,0
9.8GPa,Data/Cell_29_integrated/9p8GPa.xy,8.374289,0.000194271,0.000194271,0.0157493,,,,raw,1,C,100,0,0.110391,-0.191009,0.000194271,,,0,-0.00724547,-0.00147609,-0.00365595,-0.00365595,0.00448004,-0.816052,-0.0456199,-0.000304147,0.0157493,0.0316309,0,0
9.8GPa,Data/Cell_29_integrated/9p8GPa.xy,8.421736,0.00187666,0.00187666,0.0254645,,,,raw,1,C,100.002,0,0.112393,-0.177829,0.00187666,,,0,-0.00360311,0.0020686,-0.00364816,-0.00364816,0.00276137,-1.32114,-0.0253292,3.42047e-05,0.0254645,0.0158155,1,0
9.8GPa,Data/Cell_29_integrated/9p8GPa.xy,8.548259,3.9515,3.9515,0.0127358,,,,matched;raw,2,C,203.952,0,0.112679,-0.115183,0.000285461,w5:3.9515,5,3.9515,-0.000416876,-5.66108e-05,0.000271772,-5.66108e-05,0.0010641,-0.0532006,0.0102463,-0.000411147,0.0127358,0.0158155,1,0
9.8GPa,Data/Cell_29_integrated/9p8GPa.xy,8.595706,4.39062,4.39062,0,,,,matched,1,C,104.391,0,0.112637,-0.110764,0,w8:4.39062,8,4.39062,-0.00135032,-0.000600321,-0.000807785,-0.000807785,0.000743968,-1.08578,0.0104522,-7.03785e-05,0,0.0158155,0,0
9.8GPa,Data/Cell_29_integrated/9p8GPa.xy,8.706414,0.000923372,0.000923372,0.0146206,,,,raw,1,C,100.001,0,0.115716,-0.0993633,0.000923372,,,0,-0.00173335,-0.000788219,-0.000108231,-0.000788219,0.00153286,-0.514215,0.037747,-2.60489e-05,0.0146206,0.0158155,0,0
9.8GPa,Data/Cell_29_integrated/9p8GPa.xy,9.117616,53.6602,53.6602,0,,,,matched,1,C,153.66,0,0.122249,0.0135985,0,w8:53.6602,8,53.6602,-0.00158546,-0.00132119,-0.000101925,-0.00132119,0.00157932,-0.836559,0.00405168,-0.000641032,0,0.0158155,0,0
9.8GPa,Data/Cell_29_integrated/9p8GPa.xy,9.149247,46.1454,46.1454,0,,,,matched,1,C,146.145,0,0.119992,0.0245874,0,w5:46.1454,5,46.1454,-0.00397355,-0.0030926,-0.00158179,-0.0030926,0.00292173,-1.05848,0.014125,-0.00100676,0,0.0316309,0,0
9.8GPa,Data/Cell_29_integrated/9p8GPa.xy,9.196694,23.8197,23.8197,0,,,,matched,1,C,123.82,0,0.123185,0.0309461,0,w2:23.8197,2,23.8197,-0.00459321,-0.00086047,0.00094806,-0.00086047,0.00551987,-0.155886,0.0440294,0.000334879,0,0.0158155,1,0
9.8GPa,Data/Cell_29_integrated/9p8GPa.xy,9.259955,0.000518625,0.000518625,0.0317709,,,,shoulder,1,C,100.001,0,0.125777,-0.0555473,0.000518625,,,0,-0.00611659,-0.0025202,-0.003218,-0.003218,0.00341356,-0.942712,0.0823406,-0.000242503,0.0317709,0.0632619,1,0
9.8GPa,Data/Cell_29_integrated/9p8GPa.xy,9.465557,0.2073,0.2073,0,,,,matched,1,C,100.207,0,0.146735,-0.0723557,0,w2:0.2073,2,0.2073,-0.0591588,-0.0418369,0.0421594,-0.0418369,0.0800771,-0.522457,0.794136,0.000510572,0,0.0316309,1,0
9.8GPa,Data/Cell_29_integrated/9p8GPa.xy,9.481372,0.00214377,0.00214377,0.0479352,,,,shoulder,1,C,100.002,0,0.149026,-0.0710945,0.00214377,,,0,-0.101986,-0.0688503,0.0655783,-0.0688503,0.114042,-0.603727,1.28925,0.00103751,0.0479352,0.0158155,1,0
9.8GPa,Data/Cell_29_integrated/9p8GPa.xy,9.908390,0.0011919,0.0011919,0.0530369,,,,shoulder,1,C,100.001,0,0.132382,-0.073389,0.0011919,,,0,-0.0264523,0.00722247,-0.0172039,-0.0172039,0.0323097,-0.532469,-0.34015,-0.000202048,0.0530369,0.0474464,1,0
9.8GPa,Data/Cell_29_integrated/9p8GPa.xy,10.034913,0.000186809,0.000186809,0.0112465,,,,raw,1,C,100,0,0.127833,-0.0726281,0.000186809,,,0,-0.00110334,-0.000201847,-0.000755949,-0.000755949,0.000654801,-1.15447,-0.02821,-0.000361244,0.0112465,0.0474464,0,0
9.8GPa,Data/Cell_29_integrated/9p8GPa.xy,10.319592,0.000421182,0.000421182,0.0121695,,,,raw,1,C,100,0,0.120861,-0.00814671,0.000421182,,,0,-0.00158141,-0.00181784,0.00186512,-0.00181784,0.000876228,-2.07462,-0.0161767,8.30963e-05,0.0121695,0.0474464,1,0
9.8GPa,Data/Cell_29_integrated/9p8GPa.xy,10.461931,0.371133,0.371133,0,,,,matched,1,C,100.452,0,0.122922,-0.0844465,0,w3:0.371133,3,0.371133,-0.00410569,3.15158e-05,0.000274958,3.15158e-05,0.00388189,0.00811866,0.0855738,7.77306e-05,0,0.189786,0,0
9.8GPa,Data/Cell_29_integrated/9p8GPa.xy,10.477746,0.380085,0.380085,0,,,,matched,1,C,100.38,0,0.125079,-0.0902442,0,w2:0.380085,2,0.380085,-0.00479133,-0.00113536,0.00175864,-0.00113536,0.006668,-0.17027,0.112445,0.000179757,0,0.0158155,1,0
9.8GPa,Data/Cell_29_integrated/9p8GPa.xy,10.493562,0.00117313,0.00117313,0.117807,,,,shoulder,1,C,100.001,0,0.125491,-0.0962912,0.00117313,,,0,-0.00650761,-0.00320744,0.0026921,-0.00320744,0.00798484,-0.401691,0.141808,0.000214209,0.117807,0.0158155,1,0
9.8GPa,Data/Cell_29_integrated/9p8GPa.xy,10.809871,0.000829218,0.000829218,0.0129771,,,,raw,1,C,100.001,0,0.141053,-0.189073,0.000829218,,,0,-0.0143759,-0.00296436,-0.00664326,-0.00664326,0.00887954,-0.748154,-0.0969177,-0.000610185,0.0129771,0.0158155,0,0
9.8GPa,Data/Cell_29_integrated/9p8GPa.xy,10.825687,1.07438,1.07438,0,,,,matched,1,C,101.074,0,0.13976,-0.196981,0,w2:1.07438;w3:0.485477,2,1.07438,-0.0157252,-0.00151446,-0.00423312,-0.00423312,0.00906411,-0.467019,-0.043621,-0.000201518,0,0.0790773,0,0
9.8GPa,Data/Cell_29_integrated/9p8GPa.xy,10.841502,0.000163074,0.000163074,0.0218244,,,,shoulder,1,C,100,0,0.140122,-0.206975,0.000163074,,,0,-0.0195356,-0.00442573,0.00121039,-0.00442573,0.0182733,-0.242197,0.0548456,-0.000108856,0.0218244,0.0158155,1,0
9.8GPa,Data/Cell_29_integrated/9p8GPa.xy,10.873133,0.000200583,0.000200583,0.00977894,,,,raw,1,C,100,0,0.141554,-0.231119,0.000200583,,,0,-0.039371,-0.0216553,0.0181291,-0.0216553,0.0466389,-0.464318,0.389798,-2.21133e-05,0.00977894,0.0158155,1,0
9.8GPa,Data/Cell_29_integrated/9p8GPa.xy,10.888948,0.00233816,0.00233816,0.111561,,,,shoulder,1,C,100.002,0,0.141354,-0.242921,0.00233816,,,0,-0.0550362,-0.0332799,0.0220733,-0.0332799,0.0611389,-0.544332,0.600147,0.000442368,0.111561,0.0158155,1,0
9.8GPa,Data/Cell_29_integrated/9p8GPa.xy,10.920579,0.00124813,0.00124813,0.0210202,,,,raw,1,C,100.001,0,0.143417,-0.262971,0.00124813,,,0,-0.0906859,-0.0543083,0.0105418,-0.0543083,0.0598108,-0.908001,0.945872,-0.00100308,0.0210202,0.0158155,1,0
9.8GPa,Data/Cell_29_integrated/9p8GPa.xy,11.205258,0.0160505,0.0160505,0.0497012,,,,shoulder,1,C,100.016,0,0.248095,-0.227429,0.0160505,,,0,-1.01403,-0.540698,0.173876,-0.540698,0.847083,-0.638306,9.56749,-0.00229558,0.0497012,0.126524,1,0
9.8GPa,Data/Cell_29_integrated/9p8GPa.xy,11.474121,0.00697755,0.00697755,0.0390143,,,,shoulder,1,C,100.007,0,0.249504,-0.220826,0.00697755,,,0,-0.879638,0.19996,-0.516287,-0.516287,0.68762,-0.750832,-10.306,-0.000279556,0.0390143,0.142339,1,0
9.8GPa,Data/Cell_29_integrated/9p8GPa.xy,11.569014,0.00130072,0.00130072,0.0308046,,,,shoulder,1,C,100.001,0,0.144077,-0.306229,0.00130072,,,0,-0.0757279,-0.00112862,-0.0544258,-0.0544258,0.0305833,-1.77959,-0.627526,-0.00317431,0.0308046,0.0948928,1,0
9.8GPa,Data/Cell_29_integrated/9p8GPa.xy,11.822061,0.346882,0.346882,0,,,,matched,1,C,100.347,0,0.1372,-0.233642,0,w2:0.346882,2,0.346882,-0.0091162,0.00329678,-0.00303589,-0.00303589,0.0138145,-0.219761,-0.0698294,0.000404857,0,0.0158155,1,0
9.8GPa,Data/Cell_29_integrated/9p8GPa.xy,11.869507,9.93151e-05,9.93151e-05,0.0150234,,,,raw,1,C,100,0,0.136311,-0.215794,9.93151e-05,,,0,-0.00464655,-0.000884513,-0.00335558,-0.00335558,0.00316574,-1.05997,0.00784532,-0.000557225,0.0150234,0.0474464,0,0
9.8GPa,Data/Cell_29_integrated/9p8GPa.xy,12.217448,0.00040535,0.00040535,0.0316542,,,,raw,1,C,100,0,0.141783,-0.0172491,0.00040535,,,0,-0.00441042,-0.00176935,-0.00156837,-0.00176935,0.00301423,-0.587001,-0.024703,-0.000427704,0.0316542,0.0316309,0,0
9.8GPa,Data/Cell_29_integrated/9p8GPa.xy,12.280709,0.0154318,0.000375814,0.0114623,,,,raw,1,C,100,0,0.142013,0.0149728,0.000375814,,,0,-0.00336537,0.000216321,-0.00242057,-0.00242057,0.00312378,-0.774884,-0.00640675,-0.000293093,0.0114623,0.0316309,1,0
9.8GPa,Data/Cell_29_integrated/9p8GPa.xy,12.660281,0.000978504,0.000978504,0.0204129,,,,raw,1,C,100.001,0,0.147422,0.000159422,0.000978504,,,0,-0.00014183,-0.000153619,0.000609713,-0.000153619,0.00111156,-0.138201,0.0110329,3.64909e-05,0.0204129,0.0158155,1,0
9.8GPa,Data/Cell_29_integrated/9p8GPa.xy,12.723543,0.000599901,0.000599901,0.0135177,,,,raw,1,C,100.001,0,0.147213,-0.00340521,0.000599901,,,0,-0.00138609,-0.00102467,-0.000907629,-0.00102467,0.000307334,-3.33406,0.0126706,-0.000307383,0.0135177,0.0316309,0,0
9.8GPa,Data/Cell_29_integrated/9p8GPa.xy,12.850066,1.10041,1.10041,0.0151682,,,,matched;raw,2,C,202.558,0,0.149735,-0.00415953,0.000523392,w5:1.10041,5,1.10041,-0.00024231,0.000192085,0.000323849,0.000192085,0.00131846,0.145689,0.0150959,-0.000358564,0.0151682,0.0316309,0,0
9.8GPa,Data/Cell_29_integrated/9p8GPa.xy,13.024036,0.000440285,0.000440285,0.0348038,,,,shoulder,1,C,100,0,0.151825,-0.00523541,0.000440285,,,0,-0.00764409,-0.00395353,-0.000582304,-0.00395353,0.00346804,-1.13999,0.0854363,-0.00012,0.0348038,0.0948928,1,0
9.8GPa,Data/Cell_29_integrated/9p8GPa.xy,13.277084,0.00897456,0.00105317,0.0545311,,,,shoulder,1,C,100.134,0,0.170445,0.00897456,0.00105317,,,0,0.00185435,7.30103e-05,0.00584356,7.30103e-05,0.00551128,0.0132474,-0.0375611,0.00070665,0.0545311,0.0158155,1,0
9.8GPa,Data/Cell_29_integrated/9p8GPa.xy,13.356161,0.000252926,0.000252926,0.0096706,,,,raw,1,C,100,0,0.161136,-0.00132107,0.000252926,,,0,-0.00766308,-0.0056672,-0.00422039,-0.0056672,0.00253768,-2.23322,-0.0340262,-0.000849784,0.0096706,0.0790773,0,0
9.8GPa,Data/Cell_29_integrated/9p8GPa.xy,13.514316,5.38928e-05,5.38928e-05,0.00921444,,,,shoulder,1,C,100,0,0.158989,-0.000319746,5.38928e-05,,,0,-0.00623169,-0.00292247,-0.00349949,-0.00349949,0.00290186,-1.20595,0.00813228,-0.00100011,0.00921444,0.0474464,1,0
9.8GPa,Data/Cell_29_integrated/9p8GPa.xy,13.925518,0.000611469,0.000611469,0.0357699,,,,shoulder,1,C,100.001,0,0.161739,-0.0124914,0.000611469,,,0,-0.00269211,-0.000958058,0.000231416,-0.000958058,0.00254843,-0.37594,-0.0546386,0.000150344,0.0357699,0.0790773,1,0
9.8GPa,Data/Cell_29_integrated/9p8GPa.xy,14.004595,0.00143644,0.00143644,0.0303548,,,,raw,1,C,100.001,0,0.158945,-0.0173717,0.00143644,,,0,-0.00618396,-0.00226093,0.000216633,-0.00226093,0.00635924,-0.355535,0.00959685,6.33368e-05,0.0303548,0.0158155,1,0
9.8GPa,Data/Cell_29_integrated/9p8GPa.xy,14.305089,8.92998e-05,8.92998e-05,0.0109379,,,,shoulder,1,C,100,0,0.15968,-0.0177996,8.92998e-05,,,0,-0.00941113,-0.0051029,-0.0018245,-0.0051029,0.00634851,-0.803794,-0.0524718,-0.000627877,0.0109379,0.0632619,1,0
9.8GPa,Data/Cell_29_integrated/9p8GPa.xy,14.368351,0.000686093,0.000686093,0.043948,,,,shoulder,1,C,100.001,0,0.158925,-0.0204029,0.000686093,,,0,-0.0122463,-0.00255348,-0.00327858,-0.00327858,0.00922627,-0.355353,0.0321112,-0.000170413,0.043948,0.0790773,1,0
9.8GPa,Data/Cell_29_integrated/9p8GPa.xy,14.447428,0.00135037,0.00135037,0.0347125,,,,shoulder,1,C,100.001,0,0.167869,-0.0126884,0.00135037,,,0,-0.033078,-0.0171092,0.00663517,-0.0171092,0.0329303,-0.519559,0.440592,0.000412687,0.0347125,0.142339,1,0
9.8GPa,Data/Cell_29_integrated/9p8GPa.xy,14.732107,0.000337816,0.000337816,0.025566,,,,shoulder,1,C,100,0,0.174921,-0.00700641,0.000337816,,,0,-0.0362319,-0.000232442,-0.0174614,-0.0174614,0.0301106,-0.579909,-0.491921,-0.00081952,0.025566,0.0790773,1,0
9.8GPa,Data/Cell_29_integrated/9p8GPa.xy,14.811184,0.000417236,0.000417236,0.0307504,,,,shoulder,1,C,100,0,0.161357,-0.0185098,0.000417236,,,0,-0.0127314,0.00120512,-0.00621583,-0.00621583,0.0101846,-0.610317,-0.142354,-4.95234e-05,0.0307504,0.142339,1,0
9.8GPa,Data/Cell_29_integrated/9p8GPa.xy,15.032601,0.000936275,0.000936275,0.0170235,,,,raw,1,C,100.001,0,0.161051,-0.013933,0.000936275,,,0,-0.0015957,-0.000965435,-0.000602141,-0.000965435,0.000555923,-1.73663,0.00787909,-0.00020342,0.0170235,0.0474464,0,0
9.8GPa,Data/Cell_29_integrated/9p8GPa.xy,15.048416,5.68781e-05,5.68781e-05,0.0136913,,,,shoulder,1,C,100,0,0.160239,-0.0137113,5.68781e-05,,,0,-0.00185153,-0.00105973,-0.00133329,-0.00133329,0.000510016,-2.61421,0.00809663,-0.00015904,0.0136913,0.0158155,1,0
9.8GPa,Data/Cell_29_integrated/9p8GPa.xy,15.111678,0.000705186,0.000705186,0.0452031,,,,shoulder,1,C,103.675,0,0.162619,-0.0106793,0.000705186,,,0,-0.00070577,0.000689622,0.000367999,0.000367999,0.00100146,0.36746,0.0201417,0.000368504,0.0452031,0.126524,1,0
9.8GPa,Data/Cell_29_integrated/9p8GPa.xy,15.143309,0.000486811,0.000486811,0.039777,,,,raw,1,C,100,0,0.162847,-0.00975535,0.000486811,,,0,-0.00292017,-0.00140407,0.00171791,-0.00140407,0.00505912,-0.277532,0.0534002,-3.0177e-05,0.039777,0.0316309,1,0
9.8GPa,Data/Cell_29_integrated/9p8GPa.xy,15.190755,0.00028781,0.00028781,0.0288802,,,,shoulder,1,C,100,0,0.163753,-0.00758733,0.00028781,,,0,-0.00938101,-0.00637171,0.00253562,-0.00637171,0.00838945,-0.75949,0.1246,4.45413e-05,0.0288802,0.0474464,1,0
9.8GPa,Data/Cell_29_integrated/9p8GPa.xy,15.206571,6.10258e-06,6.10258e-06,0.00796938,,,,raw,1,C,100,0,0.164535,-0.00665856,6.10258e-06,,,0,-0.0105333,-0.0061902,0.00133366,-0.0061902,0.00889395,-0.696001,0.130224,-5.12338e-05,0.00796938,0.0158155,1,0
9.8GPa,Data/Cell_29_integrated/9p8GPa.xy,15.522880,1.5447e-05,1.5447e-05,0.0124122,,,,shoulder,1,C,100,0,0.147195,-0.0100208,1.5447e-05,,,0,-0.0064209,0.00135471,-0.00372064,-0.00372064,0.00700303,-0.53129,-0.0950893,-0.000115482,0.0124122,0.0632619,1,0
9.8GPa,Data/Cell_29_integrated/9p8GPa.xy,15.586142,0.000174171,0.000174171,0.0402722,,,,shoulder,1,C,100,0,0.145192,-0.00841932,0.000174171,,,0,-0.00208807,-8.97104e-05,-0.000919867,-0.000919867,0.00162536,-0.565945,-0.0282541,-1.63317e-06,0.0402722,0.0790773,1,0
9.8GPa,Data/Cell_29_integrated/9p8GPa.xy,15.918267,0.000656288,0.000656288,0.0144943,,,,raw,1,C,100.001,0,0.142742,-0.00905954,0.000656288,,,0,-0.00843584,-0.00527688,0.00170661,-0.00527688,0.00707906,-0.745421,0.0851299,-5.93955e-05,0.0144943,0.0790773,1,0
9.8GPa,Data/Cell_29_integrated/9p8GPa.xy,15.934082,0.00040328,0.00040328,0.0365635,,,,shoulder,1,C,100,0,0.142085,-0.00841135,0.00040328,,,0,-0.0106317,-0.00595091,0.00176817,-0.00595091,0.00932621,-0.638084,0.113306,5.72994e-05,0.0365635,0.0158155,1,0
9.8GPa,Data/Cell_29_integrated/9p8GPa.xy,16.250391,0.000597579,0.000597579,0.041328,,,,shoulder,1,C,100.001,0,0.134707,-0.00689005,0.000597579,,,0,-0.0136499,-0.000813619,-0.00697547,-0.00697547,0.0107882,-0.646585,-0.190909,-0.000325175,0.041328,0.0790773,1,0
9.8GPa,Data/Cell_29_integrated/9p8GPa.xy,16.361100,0.943358,0.943358,0,,,,matched,1,C,100.943,0,0.128968,-0.00754976,0,w3:0.943358,3,0.943358,-0.00137988,0.000916404,-0.000340351,-0.000340351,0.00238698,-0.142587,-0.0419426,0.000138987,0,0.0158155,1,0
9.8GPa,Data/Cell_29_integrated/9p8GPa.xy,16.408546,0.710983,0.710983,0,,,,matched,1,C,100.711,0,0.126627,-0.00790445,0,w5:0.710983,5,0.710983,-0.00213223,-0.00141056,-0.000105483,-0.00141056,0.00145948,-0.966483,-0.0152446,-0.000169754,0,0.0158155,0,0
9.8GPa,Data/Cell_29_integrated/9p8GPa.xy,16.440177,0.000781131,0.000781131,0.042679,,,,shoulder,1,C,100.001,0,0.126959,-0.00701407,0.000781131,,,0,-0.0024875,-0.000927323,0.000328415,-0.000927323,0.00161121,-0.575545,-0.000549712,0.00027735,0.042679,0.0158155,1,0
9.8GPa,Data/Cell_29_integrated/9p8GPa.xy,16.519254,0.000804574,0.000804574,0.0530624,,,,shoulder,1,C,100.001,0,0.127969,-0.00447601,0.000804574,,,0,-0.00680823,-0.00274585,0.000839767,-0.00274585,0.00740845,-0.370638,0.0787848,0.000165323,0.0530624,0.0948928,1,0
9.8GPa,Data/Cell_29_integrated/9p8GPa.xy,16.835564,0.00114218,0.00114218,0.0470606,,,,shoulder,1,C,100.001,0,0.116978,-0.00345159,0.00114218,,,0,-0.0105025,0.000583477,-0.00441465,-0.00441465,0.0084239,-0.524062,-0.180471,0.000156099,0.0470606,0.0790773,1,0
9.8GPa,Data/Cell_29_integrated/9p8GPa.xy,16.993718,0.000333846,0.000333846,0.0109848,,,,raw;shoulder,2,C,200,0,0.107458,-0.00928132,0.000333846,,,0,-0.00260439,-0.00129378,-0.000973649,-0.00129378,0.00105567,-1.22555,-0.0166944,-0.00016166,0.0109848,0.0632619,1,0
9.8GPa,Data/Cell_29_integrated/9p8GPa.xy,17.357474,1.5518e-06,1.5518e-06,0.00795316,,,,raw,1,C,100,0,0.102676,-0.00441587,1.5518e-06,,,0,-0.00718338,-0.00419726,-0.00140268,-0.00419726,0.00323087,-1.29911,0.00903557,-0.000433968,0.00795316,0.0158155,0,0
9.8GPa,Data/Cell_29_integrated/9p8GPa.xy,17.373290,0.000452661,0.000452661,0.0414211,,,,shoulder,1,C,100,0,0.102406,-0.0044598,0.000452661,,,0,-0.00708344,-0.00231295,-0.00291639,-0.00291639,0.00321106,-0.908233,0.0115583,-0.000214885,0.0414211,0.110708,1,0
9.8GPa,Data/Cell_29_integrated/9p8GPa.xy,17.705414,0.000618888,0.000618888,0.013187,,,,raw,1,C,100.001,0,0.0999793,-0.0131627,0.000618888,,,0,-0.00295366,-0.00110735,-0.000637758,-0.00110735,0.00217967,-0.508033,-0.0557855,0.000183772,0.013187,0.0158155,0,0
9.8GPa,Data/Cell_29_integrated/9p8GPa.xy,17.721230,0.000719956,0.000719956,0.0384288,,,,shoulder,1,C,100.001,0,0.0990523,-0.0139097,0.000719956,,,0,-0.00316618,-1.83345e-05,-0.00094191,-0.00094191,0.00281142,-0.335029,-0.04984,0.00023511,0.0384288,0.0632619,1,0
9.8GPa,Data/Cell_29_integrated/9p8GPa.xy,17.800307,0.00111163,0.00111163,0.0580904,,,,shoulder,1,C,100.001,0,0.0964276,-0.0168421,0.00111163,,,0,-0.0115111,-0.00651401,0.00428658,-0.00651401,0.0106502,-0.611631,0.0968295,0.000241926,0.0580904,0.0158155,1,0
9.8GPa,Data/Cell_29_integrated/9p8GPa.xy,18.148247,0.00067917,0.00067917,0.0344725,,,,shoulder,1,C,100.001,0,0.094325,-0.0229563,0.00067917,,,0,-0.021438,0.0034626,-0.0116814,-0.0116814,0.0209806,-0.556772,-0.251439,1.35369e-05,0.0344725,0.0632619,1,0
9.8GPa,Data/Cell_29_integrated/9p8GPa.xy,18.211509,2.11155,2.11155,0,,,,matched,1,C,102.112,0,0.0906343,-0.0252963,0,w3:2.11155,3,2.11155,-0.00898431,-0.00120372,-0.00188422,-0.00188422,0.00517242,-0.364281,-0.0215636,-0.000199146,0,0.0158155,0,0
9.8GPa,Data/Cell_29_integrated/9p8GPa.xy,18.290587,0.000218426,0.000218426,0.0147445,,,,shoulder,1,C,100,0,0.0930765,-0.0225679,0.000218426,,,0,-0.0305656,-0.0184323,0.00556714,-0.0184323,0.0251867,-0.731828,0.330634,-0.00023452,0.0147445,0.0474464,1,0
9.8GPa,Data/Cell_29_integrated/9p8GPa.xy,18.575265,0.000153229,0.000153229,0.0338043,,,,shoulder,1,C,100,0,0.10824,-0.000176948,0.000153229,,,0,-0.0285188,-0.00805656,-0.010707,-0.010707,0.0227696,-0.470235,-0.441665,-0.000933219,0.0338043,0.110708,1,0
9.8GPa,Data/Cell_29_integrated/9p8GPa.xy,18.685973,4.54206e-05,4.54206e-05,0.00844436,,,,raw,1,C,100,0,0.0902334,-0.0141258,4.54206e-05,,,0,-0.00645219,0.00173383,-0.00183948,-0.00183948,0.00653477,-0.281492,-0.118076,0.000421073,0.00844436,0.0158155,1,0
9.8GPa,Data/Cell_29_integrated/9p8GPa.xy,18.701789,0.00126205,0.00126205,0.0543864,,,,shoulder,1,C,100.001,0,0.0895641,-0.0145111,0.00126205,,,0,-0.00486562,0.00147474,-0.00101494,-0.00101494,0.00562604,-0.180401,-0.0912133,0.000488046,0.0543864,0.0790773,1,0
9.8GPa,Data/Cell_29_integrated/9p8GPa.xy,18.780866,0.00122716,0.00122716,0.0311458,,,,raw;shoulder,2,C,200.001,0,0.0854728,-0.0153896,0.00122716,,,0,-0.0030458,-0.000634954,-0.00147682,-0.00147682,0.00166043,-0.88942,-0.0199184,0.000137012,0.0311458,0.0158155,1,0
9.8GPa,Data/Cell_29_integrated/9p8GPa.xy,19.065544,0.000958865,0.000958865,0.066085,,,,shoulder,1,C,102.643,0,0.0793303,-0.0044307,0.000958865,,,0,-0.000171228,0.00124918,0.000370967,0.000370967,0.00140431,0.264162,-0.0382658,0.000380151,0.066085,0.0158155,1,0
9.8GPa,Data/Cell_29_integrated/9p8GPa.xy,19.081360,0.892107,0.892107,0,,,,matched,1,C,103.137,0,0.0783368,-0.00409433,0,w8:0.892107,8,0.892107,-0.000374097,0.000867319,0.000305362,0.000305362,0.00136045,0.224456,-0.0353486,0.000114804,0,0.0316309,0,0
9.8GPa,Data/Cell_29_integrated/9p8GPa.xy,19.112991,0.377196,0.377196,0,,,,matched,1,C,100.377,0,0.077019,-0.00356496,0,w3:0.377196,3,0.377196,-0.000938831,-0.000317751,-0.000120755,-0.000317751,0.000706992,-0.44944,-0.0257824,-0.000130214,0,0.0316309,0,0
9.8GPa,Data/Cell_29_integrated/9p8GPa.xy,19.144622,0.292431,0.292431,0,,,,matched,1,C,100.292,0,0.0760297,-0.00315566,0,w5:0.292431,5,0.292431,-0.00099711,-0.000639367,-0.000216276,-0.000639367,0.000695805,-0.918886,-0.0218767,-0.000227895,0,0.0158155,0,0
9.8GPa,Data/Cell_29_integrated/9p8GPa.xy,19.524193,0.00360273,0.000179712,0.00919533,,,,raw,1,C,100,0,0.0680771,0.00313425,0.000179712,,,0,-0.000474368,0.0004166,-0.000477909,-0.000477909,0.00100356,-0.476215,-0.0123296,-0.000240577,0.00919533,0.0316309,1,0
9.8GPa,Data/Cell_29_integrated/9p8GPa.xy,19.840502,5.39816e-05,5.39816e-05,0.00887545,,,,raw,1,C,100,0,0.0595652,-0.00432498,5.39816e-05,,,0,-0.00145374,-0.000778902,-0.000894097,-0.000894097,0.000863875,-1.03498,-0.0158817,-0.000481928,0.00887545,0.0316309,0,0
9.8GPa,Data/Cell_29_integrated/9p8GPa.xy,19.935395,0.231079,0.231079,0,,,,matched,1,C,100.231,0,0.058916,-0.00354036,0,w5:0.231079,5,0.231079,-0.000724452,-0.000326871,-1.69108e-05,-0.000326871,0.000944538,-0.346065,-0.0110981,-0.000232143,0,0.0316309,0,0
9.8GPa,Data/Cell_29_integrated/9p8GPa.xy,20.394044,0.270455,0.270455,0.0510895,,,,matched;shoulder,2,C,200.271,0,0.0542227,0.0114077,0.000909963,w2:0.270455,2,0.270455,-0.00493218,-0.00104389,-0.000697516,-0.00104389,0.00325876,-0.320334,-0.0816765,0.000165583,0.0510895,0.0316309,1,0
9.8GPa,Data/Cell_29_integrated/9p8GPa.xy,20.726168,0.00421611,0.00421611,0.135978,,,,raw,1,C,100.004,0,0.0467497,-0.00520297,0.00421611,,,0,-0.000449341,0.00174998,-0.0010045,-0.0010045,0.000741833,-1.35408,-0.0217738,0.000381888,0.135978,0.0158155,1,0
9.8GPa,Data/Cell_29_integrated/9p8GPa.xy,20.963400,0.00156611,0.00156611,0.0241577,,,,raw;shoulder,2,C,200.002,0,0.0390702,-0.0200792,0.00156611,,,0,-0.00125889,0.00042782,-0.00097232,-0.00097232,0.000875982,-1.10998,-0.035409,0.000262811,0.0241577,0.0158155,1,0
9.8GPa,Data/Cell_29_integrated/9p8GPa.xy,21.279710,0.00261837,0.00261837,0.0428307,,,,raw,1,C,100.003,0,0.0310908,-0.0302466,0.00261837,,,0,-0.000324182,0.000484721,-0.000396074,-0.000396074,0.000988883,-0.400526,-0.0287775,0.00022379,0.0428307,0.0158155,1,0
9.8GPa,Data/Cell_29_integrated/9p8GPa.xy,21.327156,0.243796,0.243796,0,,,,matched,1,C,100.244,0,0.0288419,-0.0305909,0,w2:0.243796,2,0.243796,-0.0145732,-0.00973975,0.013266,-0.00973975,0.0260011,-0.374589,0.164089,-0.000190589,0,0.0316309,1,0
9.8GPa,Data/Cell_29_integrated/9p8GPa.xy,21.358787,0.0013905,0.0013905,0.0179001,,,,raw,1,C,100.001,0,0.0302324,-0.0304994,0.0013905,,,0,-0.0437793,-0.0306932,0.0262637,-0.0306932,0.0478992,-0.640788,0.50617,0.000285719,0.0179001,0.0316309,1,0
9.8GPa,Data/Cell_29_integrated/9p8GPa.xy,21.374603,0.000602397,0.000602397,0.0473667,,,,shoulder,1,C,100.001,0,0.0290001,-0.0310701,0.000602397,,,0,-0.0605299,-0.0403455,0.0254383,-0.0403455,0.0568632,-0.709519,0.666661,0.000411808,0.0473667,0.0158155,1,0
9.8GPa,Data/Cell_29_integrated/9p8GPa.xy,21.643465,0.00290542,0.00290542,0.0106178,,,,raw,1,C,100.003,0,0.0529309,-0.00706598,0.00290542,,,0,-0.0931525,-0.0168794,-0.0858453,-0.0858453,0.0172942,-4.96383,-0.708327,-0.0182961,0.0106178,0.0474464,0,0
9.8GPa,Data/Cell_29_integrated/9p8GPa.xy,21.849067,0.00286851,0.00286851,0.0567994,,,,shoulder,1,C,100.003,0,0.0223694,-0.0292348,0.00286851,,,0,-0.0238694,0.0034322,-0.0142285,-0.0142285,0.0149845,-0.949552,-0.266879,0.00138623,0.0567994,0.0158155,1,0
9.8GPa,Data/Cell_29_integrated/9p8GPa.xy,21.896513,0.204055,0.204055,0,,,,matched,1,C,100.204,0,0.0200582,-0.0283371,0,w2:0.204055,2,0.204055,-0.0101276,0.00575838,-0.00558004,-0.00558004,0.0148236,-0.376428,-0.126217,-0.000151699,0,0.0316309,1,0
9.8GPa,Data/Cell_29_integrated/9p8GPa.xy,21.912328,0.000234217,0.000234217,0.0124872,,,,raw,1,C,100,0,0.0202924,-0.0280872,0.000234217,,,0,-0.00679194,0.00433992,-0.00341091,-0.00341091,0.0107188,-0.318219,-0.0827983,-7.54839e-05,0.0124872,0.0158155,1,0
9.8GPa,Data/Cell_29_integrated/9p8GPa.xy,21.928144,0.000267799,0.000267799,0.0188941,,,,shoulder,1,C,100,0,0.019888,-0.0276563,0.000267799,,,0,-0.0039497,0.00232275,-0.00207873,-0.00207873,0.00562356,-0.369647,-0.0464454,0.000116099,0.0188941,0.0316309,1,0
9.8GPa,Data/Cell_29_integrated/9p8GPa.xy,22.228638,1.39139e-05,1.39139e-05,0.00796348,,,,raw,1,C,100,0,0.0134091,-0.0182042,1.39139e-05,,,0,-0.00281833,-0.00163374,-0.00143326,-0.00163374,0.00169883,-0.961683,-0.0227944,-0.000795099,0.00796348,0.0632619,0,0
9.8GPa,Data/Cell_29_integrated/9p8GPa.xy,22.703102,4.08552,4.08552,0,,,,matched,1,C,104.086,0,0.00685647,0.011882,0,w8:4.08552,8,4.08552,-0.00226144,0.000819063,-0.00214973,-0.00214973,0.00172613,-1.2454,-0.0230075,-0.000259719,0,0.0316309,1,0
9.8GPa,Data/Cell_29_integrated/9p8GPa.xy,22.908703,0.0129183,0.00336827,0.0239176,,,,raw,1,C,100.003,0,0.00037951,0.0109855,0.00336827,,,0,-0.00314641,-0.00217614,-0.00169775,-0.00217614,0.00110579,-1.96796,-0.0381409,-0.000693706,0.0239176,0.0316309,0,0
9.8GPa,Data/Cell_29_integrated/9p8GPa.xy,22.956149,0.0117437,7.03714e-05,0.00838969,,,,raw,1,C,100,0,-0.00160841,0.011131,7.03714e-05,,,0,-0.00320796,-0.000631495,-0.0003055,-0.000631495,0.00416613,-0.151578,-0.0193056,-0.000175077,0.00838969,0.0158155,0,0
9.8GPa,Data/Cell_29_integrated/9p8GPa.xy,23.810184,0.000126648,0.000126648,0.00944771,,,,shoulder,1,C,100,0,-0.022429,-0.0345846,0.000126648,,,0,0,0,0,0,0,0,0,0,0.00944771,0.0316309,1,0
